appt_id,patient_id,doctor_id,appt_date,appt_time,complaint,status,fee_idr,payment_method
APT00001,PAT01079,DOC17,2023-10-26,15:00,Demam pada anak,completed,90000,Asuransi
APT00002,PAT01779,DOC18,03/05/2023,15:00,Sakit tenggorokan,completed,275000,BPJS
APT00003,PAT00871,DOC10,2024-07-28,14:00,Kontrol rutin,completed,225000,BPJS
APT00004,PAT01370,DOC20,2023-09-28,14:00,Konsultasi kehamilan,completed,150000,Tunai
APT00005,PAT00510,DOC25,18/10/2022,16:00,Gigi berlubang,cancelled,350000,BPJS
APT00006,PAT00430,DOC19,2022-05-10,08:00,Kontrol rutin,rescheduled,75000,Tunai
APT00007,PAT00716,DOC17,28-06-2024,14:00,Sakit pinggang,cancelled,90000,BPJS
APT00008,PAT00492,DOC25,18-01-2024,15:00,Vaksin flu,cancelled,350000,Asuransi
APT00009,PAT00038,DOC22,2023-11-30,09:00,Mual muntah,completed,175000,BPJS
APT00010,PAT01409,DOC18,26-08-2023,09:00,Pendarahan gusi,completed,275000,Tunai
APT00011,PAT01720,DOC14,21/03/2023,13:00,Sakit gigi,completed,175000,Tunai
APT00012,PAT00985,DOC22,2024-07-27,08:00,Sakit tenggorokan,completed,175000,BPJS
APT00013,PAT00538,DOC22,2023-01-07,10:00,Demam pada anak,completed,175000,BPJS
APT00014,PAT00691,DOC11,19-05-2024,08:00,Sakit pinggang,no_show,200000,BPJS
APT00015,PAT01209,DOC02,2024-10-23,08:00,Sariawan parah,cancelled,275000,Transfer
APT00016,PAT01881,DOC18,06/02/2024,15:00,Kontrol diabetes,completed,275000,BPJS
APT00017,PAT00486,DOC17,2024-12-10,15:00,Diare,completed,90000,BPJS
APT00018,PAT00774,DOC04,2024-07-23,11:00,Demam dan batuk,completed,225000,BPJS
APT00019,PAT01635,DOC25,2023-04-27,11:00,Susah tidur,completed,350000,Tunai
APT00020,PAT01582,DOC22,30/09/2021,08:00,Sakit kepala,completed,175000,Transfer
APT00021,PAT00163,DOC10,30/03/2023,13:00,Tekanan darah tinggi,completed,225000,Transfer
APT00022,PAT00630,DOC20,31-01-2025,11:00,Sakit kepala,completed,150000,BPJS
APT00023,PAT01417,DOC23,10/05/2023,09:00,Asma kambuh,cancelled,100000,Transfer
APT00024,PAT01160,DOC21,2024-01-13,13:00,Sesak napas,completed,100000,Transfer
APT00025,PAT01546,DOC13,13/01/2024,16:00,USG kehamilan,cancelled,75000,BPJS
APT00026,PAT01420,DOC07,2024-04-18,09:00,Susah tidur,no_show,100000,Transfer
APT00027,PAT01636,DOC13,2024-02-06,10:00,Sakit pinggang,cancelled,75000,Tunai
APT00028,PAT00927,DOC25,2023-09-21,14:00,Gigi berlubang,completed,350000,BPJS
APT00029,PAT00340,DOC05,2024-09-11,08:00,Diare,completed,275000,Tunai
APT00030,PAT01837,DOC10,24/06/2022,13:00,Mual muntah,completed,225000,BPJS
APT00031,PAT00925,DOC04,2022-08-23,13:00,Pilek dan flu,completed,225000,BPJS
APT00032,PAT01063,DOC19,29/08/2021,12:00,Sakit tenggorokan,completed,75000,Tunai
APT00033,PAT01743,DOC21,23/03/2023,16:00,Demam dan batuk,no_show,100000,BPJS
APT00034,PAT00143,DOC14,2023-09-29,14:00,Kontrol rutin,no_show,175000,Tunai
APT00035,PAT01641,DOC04,2024-04-16,11:00,Pendarahan gusi,completed,225000,Tunai
APT00036,PAT01000,DOC17,01/12/2024,12:00,Sesak napas,completed,90000,Tunai
APT00037,PAT01301,DOC20,17/11/2021,16:00,Mual muntah,completed,150000,BPJS
APT00038,PAT00853,DOC03,2024-10-29,10:00,Vaksin flu,completed,250000,Asuransi
APT00039,PAT01253,DOC11,25-01-2025,12:00,Cek kesehatan umum,completed,200000,BPJS
APT00040,PAT00319,DOC01,06/02/2024,10:00,Nyeri sendi,completed,225000,Tunai
APT00041,PAT00306,DOC09,18/11/2023,16:00,Kontrol diabetes,completed,350000,BPJS
APT00042,PAT01484,DOC03,14/10/2022,15:00,Mata merah,completed,250000,Transfer
APT00043,PAT00158,DOC10,2023-09-02,08:00,Gatal pada kulit,completed,225000,BPJS
APT00044,PAT01716,DOC04,11-06-2022,10:00,Mual muntah,completed,225000,Transfer
APT00045,PAT01293,DOC19,24-12-2023,12:00,Demam tinggi,completed,75000,Asuransi
APT00046,PAT01562,DOC08,2024-12-20,14:00,Demam dan batuk,completed,175000,BPJS
APT00047,PAT00175,DOC01,15/04/2023,15:00,Pilek dan flu,completed,225000,Tunai
APT00048,PAT01163,DOC24,2022-02-16,09:00,Pendarahan gusi,completed,60000,Transfer
APT00049,PAT00257,DOC24,2024-01-13,14:00,Konsultasi KB,no_show,60000,BPJS
APT00050,PAT01820,DOC10,15/11/2024,14:00,Bisul,completed,225000,Tunai
APT00051,PAT01371,DOC25,2024-04-08,12:00,Nyeri perut,completed,350000,Asuransi
APT00052,PAT00452,DOC09,21/08/2022,12:00,Pilek dan flu,completed,350000,BPJS
APT00053,PAT01548,DOC03,2024-04-22,09:00,Demam tinggi,completed,250000,Tunai
APT00054,PAT01298,DOC04,2024-09-09,08:00,Sakit pinggang,completed,225000,BPJS
APT00055,PAT01429,DOC23,12-03-2024,10:00,Batuk berdahak,cancelled,100000,Asuransi
APT00056,PAT00912,DOC19,2024-09-25,08:00,Cek kesehatan umum,completed,75000,Transfer
APT00057,PAT00923,DOC02,09-06-2024,13:00,Cek mata kabur,completed,275000,BPJS
APT00058,PAT01173,DOC24,23-04-2023,08:00,Mual muntah,completed,60000,BPJS
APT00059,PAT00205,DOC10,08/12/2024,15:00,Susah tidur,completed,225000,Tunai
APT00060,PAT00142,DOC01,2022-09-25,09:00,Nyeri sendi,completed,225000,Transfer
APT00061,PAT01563,DOC13,2023-11-07,13:00,Vaksin flu,completed,75000,BPJS
APT00062,PAT01939,DOC25,09/04/2022,15:00,Batuk berdahak,completed,350000,Transfer
APT00063,PAT01229,DOC09,24/10/2024,08:00,Luka pada kaki,completed,350000,Transfer
APT00064,PAT00056,DOC08,18/04/2024,15:00,Nyeri sendi,no_show,175000,BPJS
APT00065,PAT01267,DOC21,02-09-2024,16:00,Asma kambuh,completed,100000,Tunai
APT00066,PAT01238,DOC08,19-10-2022,09:00,Gatal pada kulit,completed,175000,BPJS
APT00067,PAT01532,DOC20,20-04-2024,09:00,Cek gula darah,completed,150000,BPJS
APT00068,PAT01974,DOC10,20/02/2024,08:00,Mual muntah,completed,225000,Tunai
APT00069,PAT00460,DOC06,22-10-2023,15:00,Telinga sakit,completed,60000,BPJS
APT00070,PAT01926,DOC03,20-05-2024,13:00,Tidak nafsu makan,completed,250000,Transfer
APT00071,PAT00495,DOC03,2021-08-14,09:00,Sakit kepala,cancelled,250000,Tunai
APT00072,PAT01235,DOC13,2024-07-23,12:00,Cek mata kabur,completed,75000,BPJS
APT00073,PAT00340,DOC11,30-08-2024,14:00,Kontrol rutin,completed,200000,Transfer
APT00074,PAT01907,DOC10,2023-02-19,08:00,Sesak napas,completed,225000,BPJS
APT00075,PAT00596,DOC17,07/08/2024,15:00,Konsultasi KB,completed,90000,BPJS
APT00076,PAT01796,DOC18,2024-01-14,16:00,Pendarahan gusi,completed,275000,BPJS
APT00077,PAT01042,DOC09,30/08/2024,09:00,Luka pada kaki,completed,350000,BPJS
APT00078,PAT01840,DOC21,2023-12-23,14:00,Sakit tenggorokan,completed,100000,Asuransi
APT00079,PAT00110,DOC15,06-03-2024,08:00,Nyeri perut,completed,150000,BPJS
APT00080,PAT00996,DOC25,15/11/2023,15:00,Batuk berdahak,completed,350000,Transfer
APT00081,PAT01859,DOC10,2022-11-21,11:00,Kontrol rutin,no_show,225000,BPJS
APT00082,PAT01081,DOC04,2022-01-13,09:00,Asma kambuh,completed,225000,Tunai
APT00083,PAT01176,DOC23,19/03/2024,08:00,Kontrol rutin,completed,100000,Transfer
APT00084,PAT01262,DOC01,05-05-2023,09:00,Sesak napas,completed,225000,BPJS
APT00085,PAT00602,DOC03,11/03/2024,13:00,Pendarahan gusi,no_show,250000,BPJS
APT00086,PAT00917,DOC09,2023-06-10,11:00,Gatal pada kulit,completed,350000,Asuransi
APT00087,PAT00621,DOC22,13/09/2024,14:00,Sakit pinggang,completed,175000,BPJS
APT00088,PAT01926,DOC06,22/08/2024,09:00,Vaksin flu,completed,60000,Tunai
APT00089,PAT01677,DOC07,2022-11-03,13:00,Mata merah,no_show,100000,BPJS
APT00090,PAT01795,DOC25,2022-01-18,12:00,USG kehamilan,completed,350000,Transfer
APT00091,PAT01196,DOC06,22-08-2024,14:00,Telinga sakit,completed,60000,BPJS
APT00092,PAT01474,DOC13,21-10-2024,09:00,USG kehamilan,completed,75000,BPJS
APT00093,PAT01327,DOC15,07-01-2024,09:00,Luka pada kaki,completed,150000,BPJS
APT00094,PAT01970,DOC19,2024-10-30,12:00,Alergi kulit,completed,75000,BPJS
APT00095,PAT00560,DOC17,2024-03-11,10:00,Imunisasi anak,completed,90000,Tunai
APT00096,PAT01685,DOC12,2024-04-10,13:00,Mata merah,completed,350000,Transfer
APT00097,PAT00315,DOC16,08-10-2024,14:00,Bisul,completed,225000,BPJS
APT00098,PAT01360,DOC03,2023-01-27,09:00,Mata merah,cancelled,250000,Asuransi
APT00099,PAT01181,DOC07,26/12/2023,15:00,Konsultasi KB,completed,100000,Transfer
APT00100,PAT00902,DOC02,10/02/2024,08:00,Demam pada anak,completed,275000,BPJS
APT00101,PAT01146,DOC21,2024-03-01,15:00,Gatal pada kulit,rescheduled,100000,Transfer
APT00102,PAT00948,DOC20,14-07-2022,09:00,Demam tinggi,completed,150000,BPJS
APT00103,PAT00280,DOC11,19-06-2022,14:00,Pendarahan gusi,rescheduled,200000,Asuransi
APT00104,PAT01255,DOC07,2024-08-12,12:00,Kontrol diabetes,completed,100000,BPJS
APT00105,PAT00821,DOC07,18/01/2025,16:00,Konsultasi KB,cancelled,100000,Tunai
APT00106,PAT00032,DOC04,01/06/2024,13:00,Demam pada anak,completed,225000,BPJS
APT00107,PAT00011,DOC08,2024-10-16,11:00,Nyeri sendi,cancelled,175000,BPJS
APT00108,PAT00974,DOC23,19/01/2024,16:00,Kontrol diabetes,completed,100000,BPJS
APT00109,PAT01954,DOC24,2025-01-03,10:00,Demam pada anak,completed,60000,BPJS
APT00110,PAT00259,DOC20,04-10-2024,08:00,Sakit pinggang,no_show,150000,Tunai
APT00111,PAT01273,DOC06,12/11/2023,08:00,Demam dan batuk,rescheduled,60000,BPJS
APT00112,PAT01366,DOC03,14-01-2022,08:00,Pilek dan flu,cancelled,250000,Transfer
APT00113,PAT00869,DOC03,2024-07-17,09:00,Pendarahan gusi,completed,250000,BPJS
APT00114,PAT00395,DOC18,2023-09-22,12:00,USG kehamilan,completed,275000,Asuransi
APT00115,PAT00168,DOC05,2021-11-27,11:00,Demam dan batuk,completed,275000,BPJS
APT00116,PAT01378,DOC24,2024-06-20,16:00,Diare,completed,60000,Tunai
APT00117,PAT01088,DOC10,29/04/2024,08:00,Bisul,completed,225000,BPJS
APT00118,PAT00980,DOC05,27/09/2023,11:00,Nyeri perut,completed,275000,Asuransi
APT00119,PAT00541,DOC22,09-08-2023,16:00,Demam tinggi,completed,175000,BPJS
APT00120,PAT01385,DOC15,11-09-2024,14:00,Demam pada anak,completed,150000,BPJS
APT00121,PAT01485,DOC14,29-11-2021,10:00,Diare,completed,175000,BPJS
APT00122,PAT01582,DOC17,2024-06-25,10:00,Diare,completed,90000,Asuransi
APT00123,PAT00842,DOC07,23/10/2023,16:00,Kontrol diabetes,completed,100000,BPJS
APT00124,PAT00249,DOC16,2023-08-18,09:00,Gatal pada kulit,completed,225000,Tunai
APT00125,PAT00319,DOC07,2024-06-22,12:00,Demam tinggi,completed,100000,BPJS
APT00126,PAT01245,DOC08,24/03/2024,16:00,Imunisasi anak,completed,175000,Transfer
APT00127,PAT01870,DOC21,2024-10-22,09:00,Cek mata kabur,completed,100000,BPJS
APT00128,PAT00890,DOC09,2021-09-04,11:00,Pusing dan mual,rescheduled,350000,BPJS
APT00129,PAT01601,DOC19,13-10-2024,09:00,Sariawan parah,completed,75000,BPJS
APT00130,PAT01349,DOC06,19/05/2023,10:00,Sembelit,rescheduled,60000,Tunai
APT00131,PAT01814,DOC21,2024-03-18,15:00,Sakit tenggorokan,completed,100000,BPJS
APT00132,PAT00780,DOC20,13/05/2024,15:00,Pendarahan gusi,completed,150000,BPJS
APT00133,PAT01240,DOC20,10/12/2024,13:00,Tekanan darah tinggi,completed,150000,BPJS
APT00134,PAT00642,DOC06,2024-11-11,14:00,Nyeri sendi,completed,60000,BPJS
APT00135,PAT00618,DOC22,2024-10-25,12:00,Mata merah,completed,175000,BPJS
APT00136,PAT01571,DOC23,08/01/2025,14:00,Kelelahan,completed,100000,BPJS
APT00137,PAT01787,DOC04,2024-02-11,12:00,Gatal pada kulit,rescheduled,225000,BPJS
APT00138,PAT00095,DOC14,2022-11-27,08:00,Konsultasi KB,completed,175000,Asuransi
APT00139,PAT00051,DOC11,02/01/2024,15:00,Vaksin flu,completed,200000,Tunai
APT00140,PAT01723,DOC11,2023-03-12,13:00,Konsultasi KB,completed,200000,Asuransi
APT00141,PAT01579,DOC21,2024-01-03,10:00,Vaksin flu,completed,100000,Asuransi
APT00142,PAT00981,DOC20,22/07/2022,10:00,Telinga sakit,completed,150000,Transfer
APT00143,PAT00201,DOC23,25/12/2023,08:00,Sesak napas,completed,100000,BPJS
APT00144,PAT01954,DOC08,12/05/2024,10:00,Demam tinggi,completed,175000,BPJS
APT00145,PAT00366,DOC24,2023-08-22,14:00,Sakit kepala,completed,60000,Tunai
APT00146,PAT00299,DOC07,29/11/2023,16:00,Cek kesehatan umum,completed,100000,BPJS
APT00147,PAT01097,DOC01,10-09-2023,13:00,Telinga sakit,completed,225000,Transfer
APT00148,PAT01208,DOC19,2024-02-28,15:00,Gatal pada kulit,completed,75000,Transfer
APT00149,PAT01987,DOC19,2022-12-28,13:00,Tidak nafsu makan,completed,75000,Transfer
APT00150,PAT00647,DOC25,07-10-2023,09:00,Sariawan parah,rescheduled,350000,BPJS
APT00151,PAT00522,DOC24,2024-08-07,12:00,Pilek dan flu,completed,60000,Tunai
APT00152,PAT00132,DOC16,2024-11-04,11:00,Kontrol diabetes,completed,225000,BPJS
APT00153,PAT00025,DOC07,29/07/2024,14:00,Pusing dan mual,completed,100000,BPJS
APT00154,PAT00805,DOC21,15-09-2024,14:00,Sakit tenggorokan,completed,100000,BPJS
APT00155,PAT00329,DOC12,25-06-2024,10:00,Konsultasi kehamilan,completed,350000,BPJS
APT00156,PAT00063,DOC01,2022-06-01,13:00,Kontrol diabetes,completed,225000,BPJS
APT00157,PAT00066,DOC24,2024-04-06,10:00,Sariawan parah,completed,60000,BPJS
APT00158,PAT01287,DOC09,08/10/2024,10:00,Kelelahan,completed,350000,Transfer
APT00159,PAT00458,DOC06,13-10-2023,08:00,Vaksin flu,cancelled,60000,Tunai
APT00160,PAT01075,DOC07,2024-03-17,10:00,Asma kambuh,completed,100000,Tunai
APT00161,PAT01467,DOC14,2023-12-30,12:00,Sembelit,completed,175000,Transfer
APT00162,PAT00306,DOC06,20-05-2022,15:00,Diare,completed,60000,BPJS
APT00163,PAT00132,DOC20,2024-03-17,08:00,Bisul,completed,150000,BPJS
APT00164,PAT00283,DOC18,09/07/2024,12:00,Nyeri perut,completed,275000,Transfer
APT00165,PAT01397,DOC23,10-03-2024,15:00,USG kehamilan,cancelled,100000,Transfer
APT00166,PAT01561,DOC07,24/06/2024,13:00,Nyeri perut,completed,100000,BPJS
APT00167,PAT01280,DOC24,2024-06-16,13:00,Sakit pinggang,completed,60000,BPJS
APT00168,PAT01402,DOC23,23/07/2021,08:00,Demam pada anak,completed,100000,Tunai
APT00169,PAT00067,DOC17,22-01-2022,12:00,Sembelit,completed,90000,Transfer
APT00170,PAT01455,DOC05,30/12/2023,14:00,Cek gula darah,completed,275000,BPJS
APT00171,PAT01414,DOC02,28-01-2024,11:00,Cek mata kabur,completed,275000,BPJS
APT00172,PAT00926,DOC05,26/11/2022,11:00,Batuk berdahak,completed,275000,Asuransi
APT00173,PAT00315,DOC24,05/10/2024,16:00,Gatal pada kulit,completed,60000,BPJS
APT00174,PAT01445,DOC07,20-08-2024,12:00,Pusing dan mual,no_show,100000,BPJS
APT00175,PAT00405,DOC15,26-10-2023,11:00,Sariawan parah,completed,150000,Tunai
APT00176,PAT00891,DOC25,2024-03-18,10:00,Bisul,no_show,350000,BPJS
APT00177,PAT01771,DOC20,20-05-2024,14:00,Kontrol diabetes,completed,150000,Tunai
APT00178,PAT00254,DOC14,2024-02-14,14:00,Bisul,cancelled,175000,Transfer
APT00179,PAT01489,DOC22,16/02/2023,08:00,Mata merah,completed,175000,BPJS
APT00180,PAT01758,DOC01,20-05-2023,13:00,Sesak napas,completed,225000,BPJS
APT00181,PAT00132,DOC01,16/01/2024,09:00,Alergi kulit,completed,225000,BPJS
APT00182,PAT00541,DOC19,25-09-2024,08:00,Sakit kepala,cancelled,75000,Tunai
APT00183,PAT00589,DOC10,2025-01-25,13:00,Bisul,no_show,225000,BPJS
APT00184,PAT00205,DOC11,25/08/2022,15:00,Cek mata kabur,completed,200000,Transfer
APT00185,PAT00293,DOC19,10/07/2024,10:00,Susah tidur,completed,75000,BPJS
APT00186,PAT01201,DOC05,17/12/2023,09:00,Demam tinggi,no_show,275000,BPJS
APT00187,PAT00013,DOC11,21-03-2023,14:00,USG kehamilan,completed,200000,Asuransi
APT00188,PAT01445,DOC14,2023-11-02,11:00,Demam tinggi,completed,175000,BPJS
APT00189,PAT01714,DOC06,21/06/2024,13:00,Demam pada anak,completed,60000,BPJS
APT00190,PAT01430,DOC08,2022-06-05,10:00,Bisul,cancelled,175000,Tunai
APT00191,PAT00665,DOC17,16/02/2024,15:00,Asma kambuh,completed,90000,Transfer
APT00192,PAT00482,DOC12,2023-08-27,08:00,Cek kesehatan umum,completed,350000,BPJS
APT00193,PAT00829,DOC06,28/11/2023,11:00,Konsultasi KB,completed,60000,Transfer
APT00194,PAT00096,DOC25,05-01-2022,09:00,Demam tinggi,completed,350000,Asuransi
APT00195,PAT01590,DOC06,06-11-2023,13:00,Kelelahan,no_show,60000,BPJS
APT00196,PAT01710,DOC06,05-01-2024,15:00,Sembelit,no_show,60000,Tunai
APT00197,PAT01103,DOC06,19/10/2024,08:00,Gatal pada kulit,completed,60000,BPJS
APT00198,PAT00912,DOC09,2024-07-17,08:00,Mata merah,completed,350000,Tunai
APT00199,PAT00522,DOC12,18-09-2024,16:00,Demam dan batuk,rescheduled,350000,Asuransi
APT00200,PAT00965,DOC04,2024-10-14,16:00,Alergi kulit,cancelled,225000,BPJS
APT00201,PAT01637,DOC10,26/03/2023,10:00,Konsultasi KB,cancelled,225000,BPJS
APT00202,PAT00754,DOC23,2023-11-16,12:00,Demam pada anak,no_show,100000,Transfer
APT00203,PAT01801,DOC06,22/01/2024,13:00,Telinga sakit,completed,60000,Asuransi
APT00204,PAT00834,DOC15,2024-08-19,15:00,Tidak nafsu makan,completed,150000,Transfer
APT00205,PAT01244,DOC03,23/06/2024,11:00,Asma kambuh,cancelled,250000,Transfer
APT00206,PAT01634,DOC18,2023-07-11,08:00,Cek kesehatan umum,completed,275000,Asuransi
APT00207,PAT00958,DOC14,03-08-2022,15:00,Nyeri sendi,completed,175000,Asuransi
APT00208,PAT01571,DOC22,2022-07-26,09:00,Mual muntah,completed,175000,BPJS
APT00209,PAT01126,DOC19,24/02/2024,16:00,Sariawan parah,completed,75000,Transfer
APT00210,PAT01867,DOC02,2025-01-14,09:00,Telinga sakit,completed,275000,BPJS
APT00211,PAT00372,DOC04,26/07/2022,11:00,Mual muntah,completed,225000,Tunai
APT00212,PAT01219,DOC25,10-07-2023,08:00,Demam dan batuk,completed,350000,Transfer
APT00213,PAT00401,DOC09,09-10-2024,14:00,Nyeri perut,cancelled,350000,BPJS
APT00214,PAT01376,DOC17,2024-12-23,11:00,Demam dan batuk,completed,90000,Transfer
APT00215,PAT00576,DOC13,01-06-2022,09:00,Mata merah,completed,75000,Transfer
APT00216,PAT01238,DOC25,2024-12-30,15:00,Sariawan parah,completed,350000,Transfer
APT00217,PAT00260,DOC15,2022-10-03,13:00,Kontrol diabetes,completed,150000,BPJS
APT00218,PAT01869,DOC08,2024-09-01,16:00,Tidak nafsu makan,completed,175000,Tunai
APT00219,PAT01807,DOC17,18/04/2024,13:00,Pusing dan mual,completed,90000,Transfer
APT00220,PAT00749,DOC24,2024-07-10,16:00,USG kehamilan,completed,60000,Tunai
APT00221,PAT00813,DOC17,08/01/2022,16:00,Nyeri sendi,no_show,90000,BPJS
APT00222,PAT01985,DOC19,2023-10-12,14:00,Mata merah,completed,75000,BPJS
APT00223,PAT01458,DOC19,2022-11-03,08:00,Vaksin flu,completed,75000,BPJS
APT00224,PAT01017,DOC19,2024-06-16,12:00,Sesak napas,no_show,75000,Asuransi
APT00225,PAT00948,DOC22,01-04-2023,12:00,Sesak napas,completed,175000,BPJS
APT00226,PAT01741,DOC02,2024-10-13,14:00,Pendarahan gusi,completed,275000,BPJS
APT00227,PAT01524,DOC14,2024-07-01,14:00,Sakit pinggang,no_show,175000,BPJS
APT00228,PAT01340,DOC08,2023-02-23,15:00,Telinga sakit,completed,175000,Transfer
APT00229,PAT00224,DOC23,2024-10-06,08:00,Nyeri sendi,completed,100000,Tunai
APT00230,PAT00699,DOC19,26-01-2025,16:00,Konsultasi kehamilan,completed,75000,Transfer
APT00231,PAT01057,DOC11,17/05/2022,15:00,Konsultasi KB,no_show,200000,Transfer
APT00232,PAT01979,DOC14,21/01/2024,16:00,Batuk berdahak,completed,175000,BPJS
APT00233,PAT01040,DOC25,2022-11-22,15:00,Sakit pinggang,completed,350000,BPJS
APT00234,PAT01364,DOC18,26/10/2021,14:00,Vaksin flu,completed,275000,Tunai
APT00235,PAT00634,DOC07,19/10/2023,08:00,Tidak nafsu makan,completed,100000,BPJS
APT00236,PAT00117,DOC15,08-11-2023,15:00,Luka pada kaki,no_show,150000,BPJS
APT00237,PAT00193,DOC22,2024-03-03,13:00,Sakit kepala,completed,175000,Tunai
APT00238,PAT01008,DOC17,01/08/2024,11:00,Mual muntah,completed,90000,Transfer
APT00239,PAT00321,DOC05,04/07/2022,11:00,Kelelahan,completed,275000,Asuransi
APT00240,PAT00579,DOC01,2022-09-27,11:00,Cek mata kabur,no_show,225000,Transfer
APT00241,PAT01204,DOC20,23-03-2024,10:00,Bisul,completed,150000,Transfer
APT00242,PAT01397,DOC25,2024-01-10,10:00,Gatal pada kulit,completed,350000,Tunai
APT00243,PAT01567,DOC05,12/01/2025,14:00,Batuk berdahak,completed,275000,Asuransi
APT00244,PAT00325,DOC15,14/12/2022,13:00,Sakit pinggang,no_show,150000,Tunai
APT00245,PAT00584,DOC20,13-08-2024,10:00,Nyeri sendi,completed,150000,Transfer
APT00246,PAT01414,DOC02,2024-04-27,10:00,Diare,completed,275000,BPJS
APT00247,PAT00549,DOC16,23/02/2024,09:00,Sakit gigi,completed,225000,Transfer
APT00248,PAT01623,DOC20,2024-03-09,08:00,Pendarahan gusi,completed,150000,BPJS
APT00249,PAT01455,DOC12,2024-04-03,13:00,Telinga sakit,no_show,350000,BPJS
APT00250,PAT00086,DOC05,06-09-2021,08:00,Cek mata kabur,completed,275000,BPJS
APT00251,PAT00964,DOC09,15/07/2023,11:00,Cek mata kabur,completed,350000,BPJS
APT00252,PAT00544,DOC12,2024-10-10,12:00,Vaksin flu,completed,350000,Transfer
APT00253,PAT00228,DOC25,16/06/2024,09:00,Bisul,completed,350000,Transfer
APT00254,PAT00511,DOC22,05/06/2024,09:00,Pusing dan mual,completed,175000,BPJS
APT00255,PAT01387,DOC24,2024-03-10,14:00,Batuk berdahak,completed,60000,Tunai
APT00256,PAT00897,DOC24,02-09-2024,09:00,Pusing dan mual,completed,60000,BPJS
APT00257,PAT01781,DOC05,13/06/2024,11:00,Sakit kepala,completed,275000,BPJS
APT00258,PAT00791,DOC10,22/03/2023,14:00,Bisul,completed,225000,Asuransi
APT00259,PAT00509,DOC22,18-01-2022,12:00,Demam pada anak,cancelled,175000,BPJS
APT00260,PAT00664,DOC11,2024-12-31,13:00,Gigi berlubang,rescheduled,200000,BPJS
APT00261,PAT01986,DOC14,2023-11-26,13:00,Alergi kulit,completed,175000,Asuransi
APT00262,PAT01024,DOC16,11/09/2024,16:00,Konsultasi KB,completed,225000,BPJS
APT00263,PAT01891,DOC07,27/06/2023,10:00,Tidak nafsu makan,cancelled,100000,Transfer
APT00264,PAT01757,DOC07,24/08/2024,08:00,Nyeri sendi,completed,100000,Asuransi
APT00265,PAT00073,DOC01,14-04-2024,10:00,Mata merah,completed,225000,Asuransi
APT00266,PAT01159,DOC13,31/10/2024,10:00,Alergi kulit,completed,75000,Transfer
APT00267,PAT00036,DOC06,14/01/2024,10:00,Gigi berlubang,completed,60000,Transfer
APT00268,PAT00910,DOC12,2023-11-16,08:00,Kontrol diabetes,completed,350000,Tunai
APT00269,PAT00938,DOC25,2023-08-10,14:00,Luka pada kaki,completed,350000,Tunai
APT00270,PAT01880,DOC24,2022-02-28,13:00,Sakit tenggorokan,completed,60000,Asuransi
APT00271,PAT00080,DOC02,07/07/2023,11:00,Nyeri sendi,completed,275000,BPJS
APT00272,PAT01253,DOC02,08/12/2024,14:00,Konsultasi KB,cancelled,275000,BPJS
APT00273,PAT01832,DOC06,03/07/2022,14:00,Cek gula darah,completed,60000,BPJS
APT00274,PAT01129,DOC21,2023-04-20,11:00,Gatal pada kulit,no_show,100000,Transfer
APT00275,PAT01505,DOC21,24/06/2023,10:00,Sariawan parah,completed,100000,Transfer
APT00276,PAT01604,DOC21,04-04-2024,10:00,Demam tinggi,completed,100000,BPJS
APT00277,PAT01742,DOC11,2023-11-17,08:00,Vaksin flu,completed,200000,BPJS
APT00278,PAT00327,DOC06,18/11/2023,08:00,Gigi berlubang,completed,60000,Asuransi
APT00279,PAT00258,DOC05,12-04-2024,11:00,Luka pada kaki,cancelled,275000,BPJS
APT00280,PAT01534,DOC09,05-07-2023,15:00,Gigi berlubang,completed,350000,BPJS
APT00281,PAT00586,DOC20,2024-11-16,13:00,Tidak nafsu makan,completed,150000,Tunai
APT00282,PAT01097,DOC15,2023-09-01,16:00,Pusing dan mual,completed,150000,BPJS
APT00283,PAT00820,DOC07,2024-07-18,10:00,Susah tidur,completed,100000,Tunai
APT00284,PAT01967,DOC03,22/11/2023,14:00,Sariawan parah,completed,250000,Tunai
APT00285,PAT00109,DOC10,2023-04-11,14:00,Cek mata kabur,no_show,225000,Transfer
APT00286,PAT01031,DOC19,2023-07-09,10:00,Sesak napas,completed,75000,BPJS
APT00287,PAT00837,DOC01,06/08/2024,14:00,Sakit kepala,completed,225000,Asuransi
APT00288,PAT01815,DOC09,06-04-2024,10:00,Nyeri sendi,rescheduled,350000,Transfer
APT00289,PAT00363,DOC12,2024-01-01,11:00,Asma kambuh,no_show,350000,Tunai
APT00290,PAT00954,DOC23,2024-01-12,15:00,Tidak nafsu makan,completed,100000,Tunai
APT00291,PAT01856,DOC18,28-04-2024,08:00,Asma kambuh,completed,275000,BPJS
APT00292,PAT01660,DOC23,26/03/2023,14:00,Batuk berdahak,completed,100000,BPJS
APT00293,PAT00959,DOC15,2023-03-27,14:00,Pilek dan flu,cancelled,150000,Tunai
APT00294,PAT01854,DOC20,15/11/2024,16:00,Konsultasi KB,completed,150000,Transfer
APT00295,PAT01953,DOC05,2024-03-31,12:00,Pusing dan mual,completed,275000,Transfer
APT00296,PAT01070,DOC02,01-08-2024,10:00,Kelelahan,completed,275000,BPJS
APT00297,PAT01831,DOC13,2024-09-07,09:00,Mual muntah,completed,75000,BPJS
APT00298,PAT00245,DOC15,2021-07-25,08:00,Sakit pinggang,completed,150000,BPJS
APT00299,PAT01773,DOC16,23/01/2022,16:00,Alergi kulit,completed,225000,Asuransi
APT00300,PAT00686,DOC13,29/09/2024,14:00,Sembelit,cancelled,75000,Tunai
APT00301,PAT00022,DOC07,13-07-2023,14:00,Mual muntah,completed,100000,BPJS
APT00302,PAT00967,DOC19,18/04/2024,09:00,Pusing dan mual,completed,75000,BPJS
APT00303,PAT01194,DOC17,11/06/2024,09:00,Cek gula darah,completed,90000,BPJS
APT00304,PAT00274,DOC18,10/03/2024,11:00,Demam pada anak,completed,275000,BPJS
APT00305,PAT00171,DOC13,27-07-2021,09:00,Sariawan parah,cancelled,75000,Transfer
APT00306,PAT00176,DOC20,08/11/2024,12:00,Bisul,completed,150000,Tunai
APT00307,PAT01070,DOC15,2022-11-29,09:00,Vaksin flu,no_show,150000,BPJS
APT00308,PAT01418,DOC17,05-10-2023,15:00,Sakit tenggorokan,completed,90000,BPJS
APT00309,PAT00350,DOC02,2024-02-08,15:00,Sakit tenggorokan,completed,275000,BPJS
APT00310,PAT00966,DOC10,13-04-2024,12:00,Gatal pada kulit,completed,225000,Asuransi
APT00311,PAT00870,DOC18,2024-09-12,13:00,Asma kambuh,completed,275000,Transfer
APT00312,PAT00777,DOC15,28/11/2024,10:00,Sakit gigi,completed,150000,BPJS
APT00313,PAT00171,DOC22,08-10-2021,13:00,Nyeri perut,completed,175000,BPJS
APT00314,PAT00072,DOC19,03/08/2023,08:00,Vaksin flu,completed,75000,Tunai
APT00315,PAT01670,DOC04,13-03-2024,16:00,Demam pada anak,no_show,225000,BPJS
APT00316,PAT01488,DOC06,2021-09-18,13:00,Gigi berlubang,no_show,60000,BPJS
APT00317,PAT00713,DOC22,13/01/2023,15:00,Tekanan darah tinggi,completed,175000,Tunai
APT00318,PAT01441,DOC22,04/12/2022,08:00,Pilek dan flu,completed,175000,Tunai
APT00319,PAT01382,DOC06,18-01-2024,15:00,Demam pada anak,completed,60000,Asuransi
APT00320,PAT01620,DOC20,2024-03-03,12:00,Luka pada kaki,completed,150000,Transfer
APT00321,PAT01311,DOC08,20/10/2024,14:00,Batuk berdahak,completed,175000,Transfer
APT00322,PAT01776,DOC24,2024-10-23,12:00,Nyeri sendi,completed,60000,Tunai
APT00323,PAT00710,DOC05,18-01-2024,12:00,Tekanan darah tinggi,completed,275000,BPJS
APT00324,PAT00577,DOC03,16/04/2024,12:00,Demam tinggi,cancelled,250000,Asuransi
APT00325,PAT01595,DOC24,2023-02-17,15:00,Sakit gigi,completed,60000,Tunai
APT00326,PAT01928,DOC22,2024-01-10,09:00,Imunisasi anak,completed,175000,BPJS
APT00327,PAT00940,DOC25,16/01/2024,15:00,Alergi kulit,completed,350000,Transfer
APT00328,PAT01519,DOC19,2024-10-28,15:00,Mual muntah,completed,75000,Tunai
APT00329,PAT00236,DOC24,25-03-2024,14:00,Demam dan batuk,completed,60000,Tunai
APT00330,PAT00656,DOC11,2024-03-13,09:00,Luka pada kaki,completed,200000,Asuransi
APT00331,PAT01227,DOC22,2022-01-29,13:00,Susah tidur,completed,175000,BPJS
APT00332,PAT01261,DOC24,27-12-2023,16:00,Kelelahan,completed,60000,BPJS
APT00333,PAT00564,DOC09,2024-09-02,08:00,Kelelahan,completed,350000,BPJS
APT00334,PAT00434,DOC11,08/07/2024,14:00,Tekanan darah tinggi,completed,200000,Transfer
APT00335,PAT01505,DOC02,09/04/2024,15:00,Nyeri sendi,completed,275000,Tunai
APT00336,PAT00678,DOC01,19-06-2024,16:00,Alergi kulit,completed,225000,BPJS
APT00337,PAT00375,DOC09,18-09-2024,11:00,Batuk berdahak,completed,350000,Tunai
APT00338,PAT01995,DOC15,30/09/2024,09:00,Sakit tenggorokan,completed,150000,BPJS
APT00339,PAT00186,DOC23,01-02-2022,16:00,Demam pada anak,completed,100000,BPJS
APT00340,PAT01971,DOC18,31-03-2024,14:00,Alergi kulit,completed,275000,Tunai
APT00341,PAT01249,DOC18,21/03/2023,11:00,Tekanan darah tinggi,completed,275000,BPJS
APT00342,PAT00498,DOC12,2024-08-25,14:00,Demam tinggi,rescheduled,350000,Tunai
APT00343,PAT01364,DOC07,16/09/2021,15:00,Imunisasi anak,completed,100000,BPJS
APT00344,PAT01420,DOC18,25-04-2023,08:00,Pusing dan mual,completed,275000,Asuransi
APT00345,PAT01345,DOC14,28/03/2024,10:00,Telinga sakit,completed,175000,Transfer
APT00346,PAT01983,DOC16,11/07/2022,08:00,Sakit pinggang,completed,225000,BPJS
APT00347,PAT00608,DOC18,2023-11-28,16:00,Vaksin flu,completed,275000,Transfer
APT00348,PAT01771,DOC04,30/01/2025,10:00,Nyeri perut,completed,225000,Tunai
APT00349,PAT00964,DOC22,2024-01-17,16:00,Sesak napas,completed,175000,BPJS
APT00350,PAT00625,DOC13,22/06/2022,12:00,Cek gula darah,completed,75000,Asuransi
APT00351,PAT00508,DOC15,20-05-2022,15:00,Bisul,completed,150000,BPJS
APT00352,PAT01398,DOC16,28/09/2023,09:00,Nyeri sendi,completed,225000,BPJS
APT00353,PAT00161,DOC15,2023-10-28,15:00,Sakit pinggang,completed,150000,Transfer
APT00354,PAT00098,DOC09,2023-05-27,10:00,USG kehamilan,completed,350000,BPJS
APT00355,PAT00868,DOC15,14-06-2024,16:00,Susah tidur,completed,150000,Transfer
APT00356,PAT00932,DOC19,16-10-2024,15:00,Sakit pinggang,completed,75000,Transfer
APT00357,PAT00571,DOC11,22-12-2024,12:00,Asma kambuh,completed,200000,Transfer
APT00358,PAT01980,DOC03,2023-06-19,12:00,Demam dan batuk,completed,250000,Asuransi
APT00359,PAT01881,DOC20,24-11-2023,11:00,Cek mata kabur,rescheduled,150000,BPJS
APT00360,PAT01416,DOC11,16-10-2024,14:00,Cek gula darah,completed,200000,BPJS
APT00361,PAT00682,DOC22,12/06/2022,11:00,Nyeri sendi,completed,175000,Transfer
APT00362,PAT01835,DOC08,22/04/2024,08:00,Demam tinggi,completed,175000,BPJS
APT00363,PAT01721,DOC09,18-04-2024,12:00,Sakit gigi,completed,350000,BPJS
APT00364,PAT01238,DOC08,13/10/2023,13:00,Cek mata kabur,completed,175000,BPJS
APT00365,PAT01887,DOC03,09/05/2023,14:00,Bisul,completed,250000,Asuransi
APT00366,PAT00279,DOC23,01/01/2023,11:00,Gigi berlubang,completed,100000,Transfer
APT00367,PAT00058,DOC22,30/04/2024,13:00,USG kehamilan,completed,175000,BPJS
APT00368,PAT01062,DOC01,11/03/2024,11:00,Sakit tenggorokan,completed,225000,Transfer
APT00369,PAT00072,DOC05,14-12-2023,15:00,Cek kesehatan umum,completed,275000,Tunai
APT00370,PAT00509,DOC02,22-03-2023,15:00,Cek gula darah,completed,275000,BPJS
APT00371,PAT00139,DOC18,2024-07-22,10:00,Sakit gigi,completed,275000,BPJS
APT00372,PAT00936,DOC12,22-11-2024,11:00,Nyeri perut,completed,350000,BPJS
APT00373,PAT00267,DOC21,16/05/2022,11:00,Sembelit,no_show,100000,BPJS
APT00374,PAT01007,DOC18,2024-10-04,10:00,Bisul,completed,275000,Tunai
APT00375,PAT01106,DOC25,16/10/2023,14:00,Cek mata kabur,completed,350000,BPJS
APT00376,PAT00654,DOC23,02-02-2023,13:00,USG kehamilan,completed,100000,Tunai
APT00377,PAT00679,DOC17,02/03/2024,14:00,Gatal pada kulit,rescheduled,90000,Transfer
APT00378,PAT00887,DOC11,2024-04-20,12:00,Pilek dan flu,completed,200000,Tunai
APT00379,PAT01905,DOC01,27/12/2023,16:00,Susah tidur,completed,225000,BPJS
APT00380,PAT00694,DOC05,20/12/2022,10:00,Susah tidur,completed,275000,Transfer
APT00381,PAT00781,DOC14,08-01-2025,08:00,Batuk berdahak,completed,175000,Transfer
APT00382,PAT00559,DOC13,2025-01-31,16:00,Cek kesehatan umum,completed,75000,BPJS
APT00383,PAT01100,DOC17,17/04/2022,16:00,Sakit gigi,rescheduled,90000,BPJS
APT00384,PAT01810,DOC02,27/05/2024,10:00,Kontrol rutin,completed,275000,BPJS
APT00385,PAT00163,DOC22,2023-03-27,10:00,USG kehamilan,completed,175000,Tunai
APT00386,PAT01138,DOC15,2023-05-16,10:00,Konsultasi kehamilan,no_show,150000,Asuransi
APT00387,PAT01880,DOC01,2022-12-13,14:00,Mual muntah,completed,225000,Tunai
APT00388,PAT00894,DOC10,22/03/2022,15:00,Vaksin flu,completed,225000,Asuransi
APT00389,PAT00798,DOC05,24/03/2024,16:00,Sakit pinggang,no_show,275000,Asuransi
APT00390,PAT00966,DOC05,2024-12-10,15:00,Mual muntah,completed,275000,Asuransi
APT00391,PAT01480,DOC08,2022-04-03,08:00,Kelelahan,completed,175000,BPJS
APT00392,PAT00920,DOC18,2022-11-23,12:00,Asma kambuh,completed,275000,Tunai
APT00393,PAT01960,DOC24,2023-06-07,14:00,Cek gula darah,completed,60000,Tunai
APT00394,PAT00467,DOC08,21/01/2023,13:00,Demam pada anak,completed,175000,BPJS
APT00395,PAT00498,DOC11,19/10/2023,10:00,Imunisasi anak,rescheduled,200000,BPJS
APT00396,PAT01759,DOC15,2024-07-24,08:00,Gigi berlubang,rescheduled,150000,Transfer
APT00397,PAT00678,DOC07,01/11/2023,16:00,Telinga sakit,completed,100000,Transfer
APT00398,PAT00963,DOC07,2021-10-03,10:00,Luka pada kaki,completed,100000,Tunai
APT00399,PAT01527,DOC21,26-09-2022,10:00,Bisul,completed,100000,Transfer
APT00400,PAT01671,DOC15,19-08-2023,12:00,Tekanan darah tinggi,no_show,150000,BPJS
APT00401,PAT00086,DOC25,2022-05-01,13:00,Sakit pinggang,completed,350000,BPJS
APT00402,PAT00595,DOC14,03/06/2024,11:00,Pendarahan gusi,completed,175000,Tunai
APT00403,PAT01828,DOC15,2025-01-21,08:00,Sakit gigi,completed,150000,BPJS
APT00404,PAT00213,DOC14,02-02-2024,16:00,Sembelit,completed,175000,BPJS
APT00405,PAT00737,DOC19,2024-08-06,12:00,Kontrol diabetes,completed,75000,BPJS
APT00406,PAT00477,DOC17,2023-11-25,13:00,Mual muntah,no_show,90000,Transfer
APT00407,PAT00021,DOC10,07/07/2024,16:00,Nyeri sendi,completed,225000,Transfer
APT00408,PAT01023,DOC24,2024-02-10,11:00,Cek gula darah,rescheduled,60000,BPJS
APT00409,PAT01278,DOC03,2022-12-24,12:00,Sembelit,completed,250000,Transfer
APT00410,PAT00677,DOC12,30-05-2024,15:00,Asma kambuh,completed,350000,BPJS
APT00411,PAT00022,DOC22,2024-07-04,10:00,Mata merah,completed,175000,Transfer
APT00412,PAT00537,DOC11,2024-01-18,12:00,Tekanan darah tinggi,rescheduled,200000,Transfer
APT00413,PAT00563,DOC02,09/05/2024,14:00,Sakit kepala,cancelled,275000,Tunai
APT00414,PAT01218,DOC11,2024-07-16,08:00,Pilek dan flu,completed,200000,Asuransi
APT00415,PAT01934,DOC23,2021-11-23,11:00,Mata merah,completed,100000,Transfer
APT00416,PAT01048,DOC01,2025-01-15,09:00,Mata merah,completed,225000,Tunai
APT00417,PAT01022,DOC03,2025-01-03,14:00,Pusing dan mual,completed,250000,Tunai
APT00418,PAT00459,DOC08,11/09/2023,14:00,Bisul,completed,175000,Transfer
APT00419,PAT00110,DOC11,27/05/2024,09:00,Kontrol rutin,rescheduled,200000,Tunai
APT00420,PAT01380,DOC01,2022-12-15,13:00,Konsultasi kehamilan,completed,225000,Tunai
APT00421,PAT00937,DOC09,2024-05-26,13:00,Kontrol diabetes,completed,350000,Transfer
APT00422,PAT00044,DOC05,2024-10-24,15:00,Tekanan darah tinggi,completed,275000,Asuransi
APT00423,PAT01571,DOC15,19/05/2022,13:00,Mual muntah,completed,150000,BPJS
APT00424,PAT01246,DOC14,28-01-2025,13:00,Luka pada kaki,completed,175000,Transfer
APT00425,PAT01368,DOC10,2024-04-13,15:00,Sakit pinggang,completed,225000,Transfer
APT00426,PAT00703,DOC20,15/10/2024,13:00,Demam pada anak,completed,150000,BPJS
APT00427,PAT01825,DOC11,23-08-2023,11:00,Mual muntah,completed,200000,BPJS
APT00428,PAT01154,DOC23,2024-12-11,09:00,Asma kambuh,completed,100000,Asuransi
APT00429,PAT00616,DOC17,29-02-2024,12:00,Nyeri perut,completed,90000,Asuransi
APT00430,PAT00460,DOC20,2023-05-08,10:00,Batuk berdahak,completed,150000,BPJS
APT00431,PAT01514,DOC22,2025-01-06,13:00,Pusing dan mual,completed,175000,Tunai
APT00432,PAT01931,DOC15,09-01-2025,16:00,Kelelahan,completed,150000,Tunai
APT00433,PAT01587,DOC25,22/08/2022,14:00,Batuk berdahak,completed,350000,Tunai
APT00434,PAT01790,DOC03,16/12/2024,10:00,Pilek dan flu,completed,250000,Asuransi
APT00435,PAT01705,DOC12,2024-03-03,12:00,Sakit gigi,completed,350000,Transfer
APT00436,PAT00306,DOC02,2024-08-18,11:00,Kontrol rutin,rescheduled,275000,BPJS
APT00437,PAT00970,DOC21,2024-04-09,12:00,Luka pada kaki,completed,100000,BPJS
APT00438,PAT00053,DOC17,25/11/2024,16:00,Pusing dan mual,completed,90000,BPJS
APT00439,PAT01948,DOC02,28/10/2022,13:00,Mata merah,completed,275000,BPJS
APT00440,PAT01482,DOC03,2023-01-29,12:00,Sakit gigi,no_show,250000,BPJS
APT00441,PAT01509,DOC23,21-05-2022,11:00,Alergi kulit,cancelled,100000,BPJS
APT00442,PAT00594,DOC21,12/08/2023,12:00,Pilek dan flu,completed,100000,BPJS
APT00443,PAT01633,DOC23,29/11/2021,16:00,Kontrol rutin,completed,100000,Transfer
APT00444,PAT01472,DOC22,2023-10-09,13:00,Vaksin flu,completed,175000,Asuransi
APT00445,PAT00650,DOC19,09-03-2024,08:00,Sakit kepala,completed,75000,Transfer
APT00446,PAT01895,DOC16,04-03-2024,12:00,Pilek dan flu,completed,225000,BPJS
APT00447,PAT01640,DOC21,2024-01-27,10:00,Batuk berdahak,completed,100000,BPJS
APT00448,PAT00833,DOC01,24-11-2021,16:00,Konsultasi KB,completed,225000,Asuransi
APT00449,PAT01956,DOC04,13-04-2023,12:00,Gatal pada kulit,no_show,225000,Asuransi
APT00450,PAT01641,DOC17,2025-01-12,13:00,Vaksin flu,completed,90000,Tunai
APT00451,PAT00414,DOC07,21/03/2024,14:00,Cek gula darah,completed,100000,Tunai
APT00452,PAT00876,DOC18,2023-10-05,09:00,Cek gula darah,completed,275000,BPJS
APT00453,PAT00490,DOC10,2022-05-24,09:00,Demam tinggi,completed,225000,BPJS
APT00454,PAT00054,DOC25,29-03-2024,09:00,Konsultasi kehamilan,completed,350000,Tunai
APT00455,PAT00172,DOC08,2022-11-22,09:00,Sakit gigi,completed,175000,Transfer
APT00456,PAT01760,DOC10,10-12-2023,08:00,Tekanan darah tinggi,completed,225000,Transfer
APT00457,PAT01077,DOC20,09/01/2023,16:00,Sembelit,completed,150000,Tunai
APT00458,PAT01457,DOC03,2023-12-13,14:00,Cek mata kabur,completed,250000,BPJS
APT00459,PAT01658,DOC12,20-04-2022,11:00,Demam tinggi,completed,350000,Transfer
APT00460,PAT00221,DOC22,07/05/2024,16:00,Pusing dan mual,completed,175000,Tunai
APT00461,PAT01374,DOC07,29/06/2022,13:00,Kontrol diabetes,completed,100000,Tunai
APT00462,PAT01490,DOC23,16/10/2022,09:00,Asma kambuh,completed,100000,BPJS
APT00463,PAT00479,DOC25,2024-03-26,14:00,Tidak nafsu makan,completed,350000,Tunai
APT00464,PAT00616,DOC23,02/05/2023,15:00,Pilek dan flu,cancelled,100000,Tunai
APT00465,PAT01758,DOC21,2023-04-12,16:00,Sariawan parah,completed,100000,BPJS
APT00466,PAT01267,DOC04,2024-04-02,15:00,Sakit gigi,completed,225000,Tunai
APT00467,PAT00658,DOC01,2023-10-27,11:00,Konsultasi kehamilan,completed,225000,BPJS
APT00468,PAT00047,DOC25,15-12-2024,11:00,Sesak napas,completed,350000,Transfer
APT00469,PAT01214,DOC12,29-10-2023,08:00,Tidak nafsu makan,completed,350000,Tunai
APT00470,PAT00525,DOC17,10-10-2024,14:00,Telinga sakit,completed,90000,Tunai
APT00471,PAT01693,DOC23,2024-08-02,15:00,Telinga sakit,completed,100000,Tunai
APT00472,PAT00734,DOC23,30/10/2024,10:00,Gatal pada kulit,completed,100000,Tunai
APT00473,PAT01691,DOC13,2024-12-09,11:00,Demam tinggi,rescheduled,75000,BPJS
APT00474,PAT00054,DOC07,2024-12-09,15:00,Kelelahan,completed,100000,BPJS
APT00475,PAT00191,DOC21,04/01/2022,13:00,Asma kambuh,completed,100000,BPJS
APT00476,PAT01955,DOC07,21/02/2024,11:00,Gigi berlubang,completed,100000,Transfer
APT00477,PAT00818,DOC15,2023-05-26,08:00,Telinga sakit,completed,150000,Transfer
APT00478,PAT01245,DOC09,2024-02-10,14:00,Kontrol diabetes,completed,350000,Asuransi
APT00479,PAT00503,DOC23,20/06/2022,11:00,Konsultasi kehamilan,completed,100000,BPJS
APT00480,PAT00122,DOC01,06/03/2024,09:00,Batuk berdahak,completed,225000,Tunai
APT00481,PAT01677,DOC01,2021-09-04,15:00,Nyeri perut,completed,225000,BPJS
APT00482,PAT01344,DOC02,2024-10-03,14:00,Imunisasi anak,completed,275000,BPJS
APT00483,PAT00374,DOC07,05/04/2024,11:00,Sakit kepala,completed,100000,Transfer
APT00484,PAT00692,DOC18,01/08/2024,15:00,Sakit gigi,cancelled,275000,BPJS
APT00485,PAT01806,DOC23,26-08-2024,16:00,Bisul,completed,100000,BPJS
APT00486,PAT01277,DOC21,2023-05-22,11:00,Luka pada kaki,completed,100000,BPJS
APT00487,PAT01229,DOC24,2022-08-12,15:00,Cek gula darah,completed,60000,Tunai
APT00488,PAT01075,DOC11,07/11/2024,10:00,Demam pada anak,no_show,200000,Asuransi
APT00489,PAT01937,DOC11,16-04-2023,13:00,Batuk berdahak,completed,200000,BPJS
APT00490,PAT00434,DOC20,2023-06-06,14:00,Sakit kepala,completed,150000,Tunai
APT00491,PAT01883,DOC10,17-02-2023,11:00,Alergi kulit,completed,225000,BPJS
APT00492,PAT01112,DOC18,2022-07-28,16:00,Tidak nafsu makan,no_show,275000,BPJS
APT00493,PAT00812,DOC19,02/08/2024,11:00,Pusing dan mual,rescheduled,75000,BPJS
APT00494,PAT01090,DOC01,18-08-2021,12:00,Mata merah,completed,225000,BPJS
APT00495,PAT00523,DOC15,2024-04-23,16:00,Cek kesehatan umum,no_show,150000,BPJS
APT00496,PAT00863,DOC09,10/05/2024,14:00,Vaksin flu,cancelled,350000,BPJS
APT00497,PAT00202,DOC13,06/06/2024,15:00,Pilek dan flu,completed,75000,BPJS
APT00498,PAT00080,DOC13,2023-07-28,09:00,Luka pada kaki,completed,75000,BPJS
APT00499,PAT00707,DOC06,21-08-2024,15:00,Vaksin flu,completed,60000,Transfer
APT00500,PAT00077,DOC04,2024-01-03,13:00,Kelelahan,completed,225000,Transfer
APT00501,PAT00010,DOC17,21/09/2022,09:00,Sesak napas,cancelled,90000,BPJS
APT00502,PAT01637,DOC03,25/11/2023,15:00,Cek gula darah,completed,250000,Tunai
APT00503,PAT00231,DOC23,2024-02-25,11:00,Mual muntah,completed,100000,Tunai
APT00504,PAT00149,DOC14,31-01-2025,14:00,Demam tinggi,no_show,175000,BPJS
APT00505,PAT00629,DOC13,2021-10-18,11:00,Mual muntah,completed,75000,Tunai
APT00506,PAT00183,DOC17,2024-10-27,10:00,Kontrol diabetes,completed,90000,BPJS
APT00507,PAT01603,DOC11,2023-04-11,13:00,Sesak napas,completed,200000,Asuransi
APT00508,PAT01990,DOC12,2024-01-06,10:00,Kontrol diabetes,completed,350000,Tunai
APT00509,PAT01987,DOC08,09-01-2024,16:00,Nyeri sendi,completed,175000,BPJS
APT00510,PAT01024,DOC15,20/02/2024,12:00,Sakit kepala,completed,150000,BPJS
APT00511,PAT00595,DOC22,11/01/2023,13:00,Sesak napas,completed,175000,Asuransi
APT00512,PAT01736,DOC19,19/06/2023,14:00,Alergi kulit,no_show,75000,BPJS
APT00513,PAT00019,DOC08,2023-07-16,09:00,Pilek dan flu,completed,175000,Transfer
APT00514,PAT01957,DOC14,28-07-2024,10:00,Pusing dan mual,cancelled,175000,BPJS
APT00515,PAT01589,DOC05,2023-11-03,16:00,Mual muntah,completed,275000,Transfer
APT00516,PAT00966,DOC09,2024-05-18,09:00,Asma kambuh,completed,350000,Asuransi
APT00517,PAT00800,DOC17,2024-01-17,16:00,Demam pada anak,completed,90000,BPJS
APT00518,PAT01930,DOC19,2024-03-17,15:00,Sakit kepala,completed,75000,Transfer
APT00519,PAT00397,DOC09,2024-05-29,09:00,Cek mata kabur,completed,350000,BPJS
APT00520,PAT00068,DOC18,26-01-2023,09:00,Imunisasi anak,completed,275000,BPJS
APT00521,PAT01646,DOC23,14/12/2024,12:00,Sakit kepala,completed,100000,BPJS
APT00522,PAT00564,DOC17,2024-10-13,12:00,Bisul,completed,90000,BPJS
APT00523,PAT00387,DOC24,2024-08-05,15:00,Kontrol rutin,cancelled,60000,Tunai
APT00524,PAT01416,DOC14,2022-05-20,15:00,Sariawan parah,completed,175000,BPJS
APT00525,PAT01460,DOC22,11/08/2024,13:00,Demam tinggi,completed,175000,BPJS
APT00526,PAT01662,DOC06,29-09-2024,13:00,Nyeri sendi,completed,60000,BPJS
APT00527,PAT01256,DOC24,2024-02-16,14:00,Sariawan parah,cancelled,60000,BPJS
APT00528,PAT00602,DOC05,01/09/2022,15:00,Telinga sakit,completed,275000,BPJS
APT00529,PAT00268,DOC16,2024-04-18,10:00,Kelelahan,cancelled,225000,Tunai
APT00530,PAT01981,DOC01,01-08-2023,14:00,Nyeri perut,completed,225000,BPJS
APT00531,PAT00420,DOC09,2024-06-04,15:00,Pendarahan gusi,completed,350000,Transfer
APT00532,PAT01428,DOC25,08-03-2023,10:00,Gatal pada kulit,cancelled,350000,Asuransi
APT00533,PAT01381,DOC04,2024-08-14,14:00,Konsultasi kehamilan,completed,225000,Transfer
APT00534,PAT00467,DOC06,2023-06-30,12:00,Kelelahan,cancelled,60000,Transfer
APT00535,PAT00997,DOC23,12/01/2023,08:00,Gigi berlubang,cancelled,100000,Asuransi
APT00536,PAT00912,DOC01,2024-06-13,16:00,Sakit tenggorokan,completed,225000,Tunai
APT00537,PAT01399,DOC23,07-07-2023,13:00,Asma kambuh,completed,100000,BPJS
APT00538,PAT01950,DOC03,15-12-2022,08:00,Sesak napas,completed,250000,Transfer
APT00539,PAT00618,DOC18,24-02-2024,09:00,Sakit gigi,completed,275000,BPJS
APT00540,PAT01282,DOC23,01-09-2024,13:00,Telinga sakit,cancelled,100000,BPJS
APT00541,PAT01613,DOC18,2024-04-01,11:00,Vaksin flu,completed,275000,Tunai
APT00542,PAT01382,DOC18,31/07/2024,15:00,Telinga sakit,completed,275000,Transfer
APT00543,PAT01349,DOC16,2024-01-10,16:00,Demam tinggi,rescheduled,225000,Tunai
APT00544,PAT00099,DOC05,06-04-2024,13:00,Mual muntah,completed,275000,Asuransi
APT00545,PAT01306,DOC15,2024-12-11,15:00,Sakit tenggorokan,completed,150000,Tunai
APT00546,PAT00700,DOC17,2024-12-08,10:00,Nyeri perut,completed,90000,Tunai
APT00547,PAT01773,DOC15,08/11/2021,16:00,Konsultasi KB,completed,150000,Asuransi
APT00548,PAT00150,DOC24,11/08/2023,15:00,Sariawan parah,completed,60000,Asuransi
APT00549,PAT00238,DOC14,22/06/2024,09:00,Cek kesehatan umum,rescheduled,175000,BPJS
APT00550,PAT00528,DOC09,2024-05-04,09:00,Sakit tenggorokan,completed,350000,Transfer
APT00551,PAT01754,DOC17,2024-03-18,08:00,Sariawan parah,completed,90000,Transfer
APT00552,PAT00744,DOC10,2022-05-20,12:00,Tidak nafsu makan,completed,225000,BPJS
APT00553,PAT01966,DOC24,18-12-2024,16:00,Sakit pinggang,completed,60000,BPJS
APT00554,PAT00494,DOC16,2024-02-14,12:00,Bisul,completed,225000,BPJS
APT00555,PAT00939,DOC01,2022-08-11,15:00,Bisul,completed,225000,Tunai
APT00556,PAT01818,DOC04,16-10-2022,13:00,Mata merah,completed,225000,Asuransi
APT00557,PAT00685,DOC04,2024-05-25,09:00,Bisul,completed,225000,BPJS
APT00558,PAT01128,DOC06,2024-01-24,14:00,Vaksin flu,completed,60000,Transfer
APT00559,PAT01990,DOC19,17-06-2023,14:00,Kontrol diabetes,completed,75000,BPJS
APT00560,PAT01491,DOC01,02-12-2023,16:00,Alergi kulit,completed,225000,BPJS
APT00561,PAT01865,DOC24,02-01-2025,11:00,Bisul,rescheduled,60000,BPJS
APT00562,PAT01698,DOC19,2024-04-14,15:00,Nyeri perut,completed,75000,BPJS
APT00563,PAT00630,DOC13,01/11/2024,16:00,Diare,completed,75000,BPJS
APT00564,PAT01574,DOC23,29-12-2023,08:00,Imunisasi anak,completed,100000,BPJS
APT00565,PAT00020,DOC25,31/10/2024,08:00,Asma kambuh,completed,350000,BPJS
APT00566,PAT01661,DOC08,2024-02-24,16:00,Gigi berlubang,completed,175000,Tunai
APT00567,PAT01294,DOC17,26-10-2024,14:00,Pendarahan gusi,completed,90000,BPJS
APT00568,PAT00337,DOC02,08-08-2024,08:00,Sariawan parah,cancelled,275000,Asuransi
APT00569,PAT00481,DOC09,30/03/2024,12:00,Konsultasi KB,completed,350000,BPJS
APT00570,PAT01378,DOC23,2024-11-06,14:00,Tidak nafsu makan,completed,100000,Tunai
APT00571,PAT01108,DOC15,17/09/2023,10:00,USG kehamilan,completed,150000,BPJS
APT00572,PAT00712,DOC02,22/05/2024,12:00,Sesak napas,completed,275000,BPJS
APT00573,PAT00809,DOC11,01-07-2024,10:00,Alergi kulit,cancelled,200000,Tunai
APT00574,PAT00810,DOC12,2024-09-18,12:00,Pilek dan flu,completed,350000,Transfer
APT00575,PAT01045,DOC06,2024-12-29,09:00,Asma kambuh,completed,60000,Transfer
APT00576,PAT00556,DOC16,23/06/2024,13:00,Demam dan batuk,completed,225000,BPJS
APT00577,PAT00397,DOC10,2024-08-15,10:00,Pusing dan mual,completed,225000,BPJS
APT00578,PAT00381,DOC14,11/05/2024,14:00,USG kehamilan,completed,175000,Tunai
APT00579,PAT00120,DOC07,17/03/2024,14:00,Nyeri sendi,completed,100000,BPJS
APT00580,PAT00352,DOC12,08/05/2024,11:00,Mata merah,cancelled,350000,BPJS
APT00581,PAT01253,DOC23,04/05/2024,15:00,Nyeri sendi,completed,100000,BPJS
APT00582,PAT01501,DOC13,06/12/2022,13:00,Pilek dan flu,cancelled,75000,BPJS
APT00583,PAT01055,DOC11,2023-09-01,10:00,Sesak napas,completed,200000,BPJS
APT00584,PAT00819,DOC24,2024-10-20,13:00,Demam tinggi,completed,60000,BPJS
APT00585,PAT00702,DOC23,31-08-2024,15:00,Sariawan parah,completed,100000,Transfer
APT00586,PAT00051,DOC02,2024-06-12,13:00,Konsultasi kehamilan,completed,275000,Transfer
APT00587,PAT01482,DOC25,2024-06-02,11:00,Imunisasi anak,completed,350000,BPJS
APT00588,PAT01009,DOC14,18-07-2024,11:00,Nyeri sendi,completed,175000,BPJS
APT00589,PAT00307,DOC18,16/04/2024,14:00,Tekanan darah tinggi,completed,275000,Tunai
APT00590,PAT00473,DOC15,2023-07-05,11:00,Tidak nafsu makan,completed,150000,Tunai
APT00591,PAT00382,DOC11,08/01/2025,11:00,Sakit tenggorokan,no_show,200000,Tunai
APT00592,PAT00478,DOC08,26/11/2024,08:00,Demam dan batuk,cancelled,175000,Tunai
APT00593,PAT01420,DOC19,01/03/2024,10:00,Konsultasi kehamilan,completed,75000,Asuransi
APT00594,PAT01917,DOC02,25-07-2024,15:00,Demam dan batuk,completed,275000,BPJS
APT00595,PAT00405,DOC07,09-04-2023,11:00,Demam tinggi,completed,100000,Asuransi
APT00596,PAT01818,DOC17,2023-02-23,16:00,Sesak napas,no_show,90000,Asuransi
APT00597,PAT00817,DOC21,29/10/2023,10:00,Demam pada anak,completed,100000,BPJS
APT00598,PAT01825,DOC18,27-06-2024,08:00,Sesak napas,completed,275000,BPJS
APT00599,PAT00449,DOC15,2022-08-23,16:00,Demam pada anak,completed,150000,Tunai
APT00600,PAT00978,DOC14,28/10/2024,14:00,Sembelit,cancelled,175000,Tunai
APT00601,PAT01831,DOC21,08-08-2024,14:00,Sakit gigi,completed,100000,BPJS
APT00602,PAT01729,DOC23,05/11/2023,12:00,Cek kesehatan umum,completed,100000,Tunai
APT00603,PAT00197,DOC12,15-12-2023,16:00,Gatal pada kulit,completed,350000,BPJS
APT00604,PAT01272,DOC22,2023-01-10,14:00,Sakit gigi,completed,175000,Tunai
APT00605,PAT00662,DOC07,2024-09-30,10:00,Asma kambuh,completed,100000,Tunai
APT00606,PAT01327,DOC20,22/07/2024,16:00,Susah tidur,completed,150000,BPJS
APT00607,PAT01264,DOC07,2023-08-09,10:00,Susah tidur,completed,100000,Asuransi
APT00608,PAT00438,DOC21,2022-05-11,11:00,Konsultasi KB,completed,100000,BPJS
APT00609,PAT01257,DOC20,12-06-2024,16:00,Konsultasi kehamilan,cancelled,150000,BPJS
APT00610,PAT00165,DOC23,2024-09-28,08:00,Mata merah,completed,100000,BPJS
APT00611,PAT00194,DOC20,2024-07-21,13:00,Pendarahan gusi,completed,150000,BPJS
APT00612,PAT01975,DOC12,2024-03-12,09:00,Sakit kepala,completed,350000,Tunai
APT00613,PAT00680,DOC01,2023-08-16,14:00,Alergi kulit,completed,225000,Asuransi
APT00614,PAT00830,DOC21,29/01/2025,08:00,Kontrol diabetes,no_show,100000,Transfer
APT00615,PAT00458,DOC10,09-11-2024,14:00,Vaksin flu,completed,225000,BPJS
APT00616,PAT01784,DOC10,2024-08-07,16:00,Alergi kulit,completed,225000,BPJS
APT00617,PAT00292,DOC18,2024-11-16,13:00,USG kehamilan,rescheduled,275000,BPJS
APT00618,PAT01824,DOC24,02/08/2021,11:00,Susah tidur,completed,60000,Asuransi
APT00619,PAT00380,DOC10,2022-12-07,15:00,Mual muntah,completed,225000,BPJS
APT00620,PAT00313,DOC04,28-04-2024,13:00,Sariawan parah,completed,225000,BPJS
APT00621,PAT00496,DOC22,2023-08-19,12:00,Konsultasi kehamilan,rescheduled,175000,Transfer
APT00622,PAT01386,DOC14,03-02-2023,12:00,USG kehamilan,completed,175000,BPJS
APT00623,PAT01878,DOC20,02/07/2023,08:00,Imunisasi anak,completed,150000,Tunai
APT00624,PAT01153,DOC12,08-06-2024,12:00,Cek mata kabur,no_show,350000,BPJS
APT00625,PAT00892,DOC25,2024-10-08,11:00,Nyeri perut,no_show,350000,BPJS
APT00626,PAT00120,DOC17,2024-09-20,11:00,Kontrol rutin,no_show,90000,BPJS
APT00627,PAT00307,DOC24,21/07/2023,08:00,Pusing dan mual,no_show,60000,BPJS
APT00628,PAT01926,DOC07,2024-11-07,14:00,Gatal pada kulit,completed,100000,Tunai
APT00629,PAT00719,DOC24,2024-05-19,15:00,Konsultasi kehamilan,completed,60000,BPJS
APT00630,PAT00349,DOC24,08/02/2023,12:00,Kelelahan,completed,60000,BPJS
APT00631,PAT00549,DOC19,2022-08-12,09:00,Alergi kulit,completed,75000,Transfer
APT00632,PAT00011,DOC04,27-09-2024,09:00,Kontrol rutin,completed,225000,Transfer
APT00633,PAT00022,DOC10,09-11-2024,16:00,Alergi kulit,completed,225000,BPJS
APT00634,PAT01475,DOC24,2023-04-09,15:00,Konsultasi kehamilan,no_show,60000,BPJS
APT00635,PAT00847,DOC10,09/10/2023,15:00,Bisul,completed,225000,Transfer
APT00636,PAT01287,DOC23,2022-09-29,15:00,Kelelahan,completed,100000,Transfer
APT00637,PAT01258,DOC12,25-02-2024,09:00,Vaksin flu,completed,350000,BPJS
APT00638,PAT01629,DOC02,14-11-2024,08:00,Konsultasi KB,completed,275000,Tunai
APT00639,PAT01016,DOC04,29/10/2023,12:00,Demam pada anak,rescheduled,225000,Tunai
APT00640,PAT00221,DOC01,12/09/2024,13:00,Tidak nafsu makan,completed,225000,Tunai
APT00641,PAT01466,DOC09,2024-07-28,14:00,Sariawan parah,completed,350000,BPJS
APT00642,PAT00523,DOC16,20/06/2023,11:00,Sembelit,completed,225000,BPJS
APT00643,PAT01574,DOC18,2024-01-27,13:00,Diare,cancelled,275000,Tunai
APT00644,PAT01933,DOC19,04/09/2022,13:00,Mual muntah,completed,75000,BPJS
APT00645,PAT00707,DOC03,2024-07-07,11:00,Asma kambuh,completed,250000,Asuransi
APT00646,PAT01637,DOC10,08/12/2024,15:00,Asma kambuh,completed,225000,BPJS
APT00647,PAT01216,DOC17,18-12-2024,16:00,Kelelahan,cancelled,90000,Asuransi
APT00648,PAT00912,DOC09,2024-02-21,12:00,Telinga sakit,completed,350000,Tunai
APT00649,PAT01242,DOC13,2024-04-06,13:00,USG kehamilan,completed,75000,Tunai
APT00650,PAT01031,DOC02,20-09-2023,10:00,Batuk berdahak,completed,275000,BPJS
APT00651,PAT00307,DOC08,04-06-2023,16:00,Sariawan parah,completed,175000,Transfer
APT00652,PAT01698,DOC22,12/06/2024,12:00,Kontrol diabetes,cancelled,175000,Transfer
APT00653,PAT01951,DOC21,05-01-2024,12:00,Gatal pada kulit,completed,100000,BPJS
APT00654,PAT01587,DOC08,2023-06-08,12:00,Susah tidur,cancelled,175000,Transfer
APT00655,PAT01219,DOC11,29/05/2022,09:00,Cek gula darah,completed,200000,Tunai
APT00656,PAT01405,DOC12,28/07/2024,08:00,Mata merah,completed,350000,Tunai
APT00657,PAT00926,DOC03,17/03/2022,16:00,Sembelit,completed,250000,Asuransi
APT00658,PAT00430,DOC11,2023-04-10,14:00,USG kehamilan,completed,200000,Transfer
APT00659,PAT00782,DOC14,28-08-2022,12:00,Pendarahan gusi,no_show,175000,BPJS
APT00660,PAT00435,DOC16,29-11-2023,12:00,Asma kambuh,no_show,225000,BPJS
APT00661,PAT00942,DOC14,09/09/2024,09:00,Pilek dan flu,cancelled,175000,BPJS
APT00662,PAT00167,DOC06,2022-05-30,09:00,Sakit pinggang,completed,60000,BPJS
APT00663,PAT01546,DOC08,2024-11-02,14:00,Batuk berdahak,completed,175000,BPJS
APT00664,PAT01129,DOC14,2025-01-12,09:00,Sariawan parah,completed,175000,Asuransi
APT00665,PAT00087,DOC10,12/09/2022,13:00,Susah tidur,cancelled,225000,Transfer
APT00666,PAT00454,DOC07,23-05-2023,13:00,Diare,completed,100000,Tunai
APT00667,PAT00852,DOC23,06/09/2024,08:00,Sakit tenggorokan,completed,100000,BPJS
APT00668,PAT01056,DOC11,2024-06-26,08:00,Sakit kepala,rescheduled,200000,BPJS
APT00669,PAT01201,DOC11,25-06-2024,11:00,Susah tidur,completed,200000,BPJS
APT00670,PAT00217,DOC01,24/02/2023,10:00,Sakit gigi,completed,225000,BPJS
APT00671,PAT01754,DOC15,2024-01-03,16:00,Pilek dan flu,completed,150000,Transfer
APT00672,PAT01145,DOC02,2024-07-02,09:00,Konsultasi KB,completed,275000,BPJS
APT00673,PAT01245,DOC19,03-07-2022,11:00,Kontrol diabetes,completed,75000,Transfer
APT00674,PAT00075,DOC12,26-08-2024,09:00,Sariawan parah,completed,350000,BPJS
APT00675,PAT01376,DOC24,2023-05-01,14:00,Sembelit,completed,60000,Transfer
APT00676,PAT00167,DOC17,04-11-2023,15:00,Nyeri perut,completed,90000,BPJS
APT00677,PAT00016,DOC18,2021-06-24,12:00,USG kehamilan,completed,275000,BPJS
APT00678,PAT01224,DOC07,25/06/2022,16:00,Demam pada anak,completed,100000,BPJS
APT00679,PAT01005,DOC23,29/09/2023,14:00,Pilek dan flu,completed,100000,BPJS
APT00680,PAT01972,DOC19,23/11/2023,11:00,Diare,completed,75000,BPJS
APT00681,PAT01562,DOC07,23/02/2024,13:00,Tekanan darah tinggi,completed,100000,BPJS
APT00682,PAT00087,DOC19,2023-07-01,08:00,Gigi berlubang,completed,75000,Tunai
APT00683,PAT00979,DOC22,2022-04-06,15:00,Tidak nafsu makan,completed,175000,Asuransi
APT00684,PAT01070,DOC18,19/11/2023,14:00,Pusing dan mual,completed,275000,BPJS
APT00685,PAT00523,DOC18,2022-04-23,14:00,Kontrol diabetes,completed,275000,BPJS
APT00686,PAT00140,DOC23,06/01/2023,14:00,Diare,completed,100000,BPJS
APT00687,PAT01331,DOC08,09-11-2024,08:00,Mual muntah,completed,175000,Transfer
APT00688,PAT01701,DOC12,24/12/2021,14:00,Batuk berdahak,completed,350000,BPJS
APT00689,PAT01380,DOC03,06/02/2023,09:00,Demam tinggi,completed,250000,Transfer
APT00690,PAT00884,DOC02,2024-10-06,09:00,Sembelit,completed,275000,BPJS
APT00691,PAT01842,DOC04,25/02/2022,11:00,USG kehamilan,no_show,225000,Transfer
APT00692,PAT01897,DOC08,11/11/2022,08:00,Cek gula darah,completed,175000,BPJS
APT00693,PAT00732,DOC19,2024-07-05,15:00,Pendarahan gusi,completed,75000,Asuransi
APT00694,PAT00122,DOC14,05/04/2022,11:00,Demam tinggi,cancelled,175000,BPJS
APT00695,PAT01672,DOC22,2023-04-30,14:00,Bisul,completed,175000,Tunai
APT00696,PAT01436,DOC20,13/07/2022,08:00,Pendarahan gusi,completed,150000,BPJS
APT00697,PAT01297,DOC04,2024-08-04,14:00,Bisul,completed,225000,Tunai
APT00698,PAT01981,DOC10,2024-04-10,08:00,Telinga sakit,completed,225000,BPJS
APT00699,PAT00183,DOC03,2022-03-16,08:00,Konsultasi kehamilan,completed,250000,BPJS
APT00700,PAT00013,DOC17,2023-07-06,14:00,Sesak napas,completed,90000,Tunai
APT00701,PAT01929,DOC23,2024-05-10,08:00,Nyeri sendi,completed,100000,BPJS
APT00702,PAT01531,DOC14,11-03-2023,16:00,Nyeri perut,completed,175000,Asuransi
APT00703,PAT01024,DOC04,16/05/2024,08:00,Bisul,completed,225000,BPJS
APT00704,PAT00560,DOC14,29-07-2024,13:00,Nyeri sendi,completed,175000,BPJS
APT00705,PAT01160,DOC12,20/11/2021,14:00,Demam dan batuk,rescheduled,350000,Transfer
APT00706,PAT01393,DOC24,20/03/2024,16:00,Kontrol rutin,completed,60000,BPJS
APT00707,PAT01696,DOC05,02-11-2024,12:00,Sakit pinggang,rescheduled,275000,BPJS
APT00708,PAT00886,DOC20,2025-01-22,11:00,USG kehamilan,completed,150000,Asuransi
APT00709,PAT01874,DOC12,2024-05-28,15:00,Nyeri sendi,completed,350000,BPJS
APT00710,PAT01246,DOC09,2024-04-26,12:00,Pusing dan mual,completed,350000,Transfer
APT00711,PAT01348,DOC01,16-01-2023,13:00,Luka pada kaki,completed,225000,Transfer
APT00712,PAT01859,DOC14,2022-10-14,13:00,Imunisasi anak,completed,175000,Tunai
APT00713,PAT00590,DOC15,2024-10-23,14:00,Konsultasi KB,completed,150000,BPJS
APT00714,PAT01799,DOC20,2024-02-19,11:00,Kontrol rutin,completed,150000,BPJS
APT00715,PAT00801,DOC10,01/12/2023,10:00,Susah tidur,no_show,225000,Transfer
APT00716,PAT00253,DOC16,27/11/2023,14:00,Susah tidur,completed,225000,BPJS
APT00717,PAT01193,DOC01,03-03-2022,14:00,Diare,cancelled,225000,Transfer
APT00718,PAT01652,DOC15,27/01/2024,09:00,Demam tinggi,completed,150000,Transfer
APT00719,PAT00793,DOC05,28/08/2024,16:00,Kontrol diabetes,completed,275000,BPJS
APT00720,PAT00017,DOC25,30/04/2023,12:00,Konsultasi KB,completed,350000,Transfer
APT00721,PAT00262,DOC09,2024-11-03,14:00,Bisul,completed,350000,Transfer
APT00722,PAT01880,DOC21,2024-02-06,15:00,Kontrol rutin,completed,100000,Asuransi
APT00723,PAT00811,DOC12,12/11/2023,10:00,Tidak nafsu makan,cancelled,350000,Transfer
APT00724,PAT01683,DOC22,10-05-2024,08:00,Tekanan darah tinggi,no_show,175000,Tunai
APT00725,PAT01837,DOC12,2024-09-03,15:00,Diare,completed,350000,BPJS
APT00726,PAT00178,DOC23,01-02-2023,13:00,Pusing dan mual,completed,100000,BPJS
APT00727,PAT00368,DOC07,2024-06-30,10:00,Sakit pinggang,completed,100000,Transfer
APT00728,PAT01703,DOC02,2022-03-29,16:00,Batuk berdahak,cancelled,275000,Asuransi
APT00729,PAT01716,DOC20,2023-12-31,14:00,Nyeri perut,no_show,150000,Transfer
APT00730,PAT00369,DOC04,2023-06-12,08:00,Sakit pinggang,completed,225000,BPJS
APT00731,PAT00017,DOC21,13/04/2024,11:00,Sakit pinggang,completed,100000,Tunai
APT00732,PAT01572,DOC03,09/04/2023,09:00,Kelelahan,completed,250000,BPJS
APT00733,PAT00761,DOC14,12/07/2021,13:00,USG kehamilan,completed,175000,Asuransi
APT00734,PAT00471,DOC10,26/09/2022,11:00,Pusing dan mual,completed,225000,BPJS
APT00735,PAT01487,DOC23,2024-11-29,09:00,Demam dan batuk,completed,100000,Transfer
APT00736,PAT00175,DOC05,2025-01-19,12:00,Nyeri sendi,cancelled,275000,BPJS
APT00737,PAT01486,DOC04,2023-08-28,09:00,Sesak napas,no_show,225000,Tunai
APT00738,PAT01654,DOC18,2024-02-20,16:00,Gatal pada kulit,completed,275000,Asuransi
APT00739,PAT01423,DOC07,15/08/2024,15:00,Pendarahan gusi,completed,100000,Tunai
APT00740,PAT00310,DOC23,12-07-2024,08:00,Pusing dan mual,completed,100000,Tunai
APT00741,PAT01901,DOC04,2024-09-17,16:00,Pusing dan mual,completed,225000,Asuransi
APT00742,PAT00190,DOC07,01-02-2024,16:00,Pilek dan flu,completed,100000,Tunai
APT00743,PAT00224,DOC21,27-03-2024,08:00,Sariawan parah,completed,100000,Transfer
APT00744,PAT00309,DOC10,30/04/2022,14:00,Telinga sakit,completed,225000,BPJS
APT00745,PAT01064,DOC25,30/07/2024,11:00,Sakit pinggang,completed,350000,BPJS
APT00746,PAT01033,DOC16,2024-06-26,12:00,Telinga sakit,completed,225000,BPJS
APT00747,PAT00855,DOC07,2024-11-01,12:00,Kelelahan,completed,100000,Tunai
APT00748,PAT01947,DOC18,22-04-2023,11:00,Tidak nafsu makan,cancelled,275000,BPJS
APT00749,PAT00645,DOC10,25/07/2024,10:00,Diare,completed,225000,Asuransi
APT00750,PAT00415,DOC11,25-05-2023,09:00,Luka pada kaki,completed,200000,Asuransi
APT00751,PAT01392,DOC18,23/12/2024,10:00,Bisul,completed,275000,BPJS
APT00752,PAT00679,DOC02,2023-09-29,12:00,Sakit pinggang,completed,275000,Transfer
APT00753,PAT00472,DOC18,2024-09-19,10:00,Kelelahan,completed,275000,BPJS
APT00754,PAT00326,DOC01,2023-06-12,15:00,Kontrol diabetes,completed,225000,BPJS
APT00755,PAT00892,DOC13,2024-10-13,08:00,Sembelit,completed,75000,BPJS
APT00756,PAT01107,DOC18,26-01-2025,15:00,Cek kesehatan umum,completed,275000,Transfer
APT00757,PAT01448,DOC23,03/10/2024,15:00,Pilek dan flu,completed,100000,Asuransi
APT00758,PAT00114,DOC21,02-01-2025,13:00,Konsultasi kehamilan,completed,100000,Asuransi
APT00759,PAT01401,DOC07,08/04/2024,16:00,Demam pada anak,rescheduled,100000,Transfer
APT00760,PAT00389,DOC04,12-10-2024,10:00,Kontrol diabetes,cancelled,225000,Tunai
APT00761,PAT00196,DOC22,2024-10-01,08:00,Vaksin flu,no_show,175000,BPJS
APT00762,PAT01458,DOC03,2023-07-16,12:00,Gatal pada kulit,completed,250000,BPJS
APT00763,PAT01302,DOC04,2022-03-20,14:00,Pilek dan flu,completed,225000,Transfer
APT00764,PAT01889,DOC10,18/07/2024,10:00,Pendarahan gusi,completed,225000,Transfer
APT00765,PAT00783,DOC10,02-06-2023,15:00,Cek kesehatan umum,no_show,225000,BPJS
APT00766,PAT01908,DOC07,11/09/2023,09:00,Konsultasi KB,cancelled,100000,Transfer
APT00767,PAT01742,DOC16,2023-07-10,09:00,Demam pada anak,completed,225000,BPJS
APT00768,PAT00466,DOC08,19-12-2022,15:00,Tekanan darah tinggi,completed,175000,Transfer
APT00769,PAT00886,DOC20,07/12/2024,08:00,Pilek dan flu,completed,150000,Tunai
APT00770,PAT01537,DOC02,01/09/2022,12:00,Gatal pada kulit,completed,275000,Transfer
APT00771,PAT00618,DOC20,15/01/2025,15:00,Demam pada anak,completed,150000,Tunai
APT00772,PAT01436,DOC12,2025-01-12,14:00,Nyeri perut,completed,350000,Tunai
APT00773,PAT01073,DOC17,2023-01-17,15:00,Kelelahan,completed,90000,Transfer
APT00774,PAT00110,DOC23,26/03/2023,09:00,Demam pada anak,completed,100000,Transfer
APT00775,PAT01210,DOC05,2024-08-05,12:00,Konsultasi kehamilan,completed,275000,BPJS
APT00776,PAT00896,DOC08,20-04-2024,10:00,Tidak nafsu makan,completed,175000,BPJS
APT00777,PAT01195,DOC02,2024-12-18,11:00,Konsultasi kehamilan,completed,275000,BPJS
APT00778,PAT00329,DOC06,09-03-2024,11:00,Konsultasi KB,completed,60000,BPJS
APT00779,PAT00541,DOC18,2022-05-12,15:00,Demam dan batuk,completed,275000,BPJS
APT00780,PAT00923,DOC07,2024-09-11,09:00,Cek kesehatan umum,completed,100000,Tunai
APT00781,PAT00448,DOC13,20-08-2024,15:00,Cek kesehatan umum,completed,75000,BPJS
APT00782,PAT00966,DOC24,24/11/2024,12:00,Demam dan batuk,completed,60000,Tunai
APT00783,PAT00037,DOC08,03/09/2023,14:00,Cek mata kabur,completed,175000,BPJS
APT00784,PAT00824,DOC01,2021-06-08,15:00,Mual muntah,rescheduled,225000,Asuransi
APT00785,PAT00332,DOC18,18-10-2022,09:00,Cek gula darah,completed,275000,Tunai
APT00786,PAT00261,DOC04,15/10/2024,11:00,Kelelahan,completed,225000,BPJS
APT00787,PAT01772,DOC18,2022-11-10,15:00,Bisul,cancelled,275000,Asuransi
APT00788,PAT01562,DOC15,26/09/2023,14:00,Nyeri sendi,completed,150000,BPJS
APT00789,PAT01227,DOC07,04/12/2022,08:00,Cek kesehatan umum,completed,100000,BPJS
APT00790,PAT01319,DOC19,03-08-2024,10:00,Kontrol rutin,completed,75000,Transfer
APT00791,PAT00822,DOC22,30/08/2023,08:00,Sesak napas,completed,175000,Transfer
APT00792,PAT00722,DOC08,11-03-2022,10:00,Imunisasi anak,completed,175000,BPJS
APT00793,PAT01339,DOC09,14/07/2024,13:00,Susah tidur,completed,350000,Asuransi
APT00794,PAT01185,DOC18,2022-04-18,09:00,Susah tidur,completed,275000,BPJS
APT00795,PAT01762,DOC14,2024-08-30,09:00,Pusing dan mual,completed,175000,BPJS
APT00796,PAT00372,DOC04,30/07/2021,14:00,Mata merah,completed,225000,Tunai
APT00797,PAT01142,DOC22,2023-10-22,15:00,Sakit kepala,completed,175000,Transfer
APT00798,PAT01146,DOC23,2025-01-15,11:00,Mual muntah,rescheduled,100000,Transfer
APT00799,PAT01282,DOC17,16/06/2024,09:00,Cek mata kabur,completed,90000,BPJS
APT00800,PAT01187,DOC12,2024-11-10,16:00,Demam pada anak,completed,350000,Transfer
APT00801,PAT01909,DOC09,2023-01-11,09:00,USG kehamilan,completed,350000,BPJS
APT00802,PAT01024,DOC19,26/01/2025,11:00,Sakit tenggorokan,completed,75000,BPJS
APT00803,PAT01563,DOC14,2023-08-19,14:00,Sakit pinggang,completed,175000,Transfer
APT00804,PAT01017,DOC06,2025-01-11,14:00,Luka pada kaki,completed,60000,Asuransi
APT00805,PAT01065,DOC16,30-12-2024,15:00,Demam pada anak,rescheduled,225000,Transfer
APT00806,PAT00430,DOC12,2024-08-31,14:00,Nyeri perut,completed,350000,Tunai
APT00807,PAT01707,DOC25,29/05/2024,09:00,Tidak nafsu makan,no_show,350000,BPJS
APT00808,PAT01220,DOC03,2024-10-13,13:00,Gatal pada kulit,rescheduled,250000,Tunai
APT00809,PAT00049,DOC18,2023-10-03,10:00,Alergi kulit,cancelled,275000,Transfer
APT00810,PAT01751,DOC05,2022-10-26,11:00,Konsultasi KB,completed,275000,Transfer
APT00811,PAT00027,DOC22,29-12-2024,14:00,Demam tinggi,completed,175000,Transfer
APT00812,PAT01774,DOC01,29/05/2023,09:00,Nyeri perut,completed,225000,Tunai
APT00813,PAT00459,DOC20,18/04/2022,13:00,Cek kesehatan umum,no_show,150000,Tunai
APT00814,PAT01981,DOC01,2024-02-18,12:00,Cek gula darah,completed,225000,BPJS
APT00815,PAT00846,DOC09,24/12/2024,10:00,Nyeri perut,completed,350000,Transfer
APT00816,PAT01199,DOC20,03/09/2021,09:00,Demam dan batuk,completed,150000,Tunai
APT00817,PAT01948,DOC13,24/04/2022,14:00,Nyeri sendi,completed,75000,BPJS
APT00818,PAT01442,DOC20,2022-05-10,12:00,Konsultasi KB,no_show,150000,Transfer
APT00819,PAT01958,DOC03,09-08-2024,15:00,Gatal pada kulit,completed,250000,Tunai
APT00820,PAT01355,DOC01,2024-03-01,15:00,USG kehamilan,completed,225000,Asuransi
APT00821,PAT00781,DOC15,11-07-2024,14:00,Asma kambuh,cancelled,150000,BPJS
APT00822,PAT00075,DOC19,24/09/2024,09:00,Kontrol rutin,completed,75000,BPJS
APT00823,PAT01560,DOC07,23-04-2024,10:00,Alergi kulit,completed,100000,Transfer
APT00824,PAT00459,DOC22,03/09/2022,08:00,Demam pada anak,completed,175000,Tunai
APT00825,PAT01636,DOC13,21/11/2024,10:00,Sesak napas,completed,75000,Transfer
APT00826,PAT01271,DOC16,2022-04-23,13:00,Demam pada anak,completed,225000,Transfer
APT00827,PAT01266,DOC07,2022-09-22,15:00,Luka pada kaki,completed,100000,BPJS
APT00828,PAT00243,DOC04,2023-04-19,12:00,USG kehamilan,cancelled,225000,BPJS
APT00829,PAT01708,DOC15,2024-11-06,11:00,Cek gula darah,completed,150000,Asuransi
APT00830,PAT00010,DOC19,09/07/2024,16:00,Sakit pinggang,completed,75000,BPJS
APT00831,PAT01042,DOC18,2024-09-18,16:00,Cek mata kabur,completed,275000,BPJS
APT00832,PAT00072,DOC25,20/01/2025,13:00,Konsultasi KB,no_show,350000,Transfer
APT00833,PAT00411,DOC12,2024-12-25,14:00,Vaksin flu,completed,350000,Transfer
APT00834,PAT00601,DOC07,2022-09-12,14:00,Sesak napas,completed,100000,Transfer
APT00835,PAT01810,DOC16,2023-08-17,10:00,Mual muntah,rescheduled,225000,BPJS
APT00836,PAT00308,DOC16,15/06/2024,15:00,Alergi kulit,completed,225000,Transfer
APT00837,PAT01218,DOC13,17/12/2024,12:00,Sakit pinggang,completed,75000,Tunai
APT00838,PAT00911,DOC21,30-04-2024,14:00,USG kehamilan,completed,100000,BPJS
APT00839,PAT01678,DOC19,07/02/2024,12:00,Asma kambuh,completed,75000,BPJS
APT00840,PAT00715,DOC12,2022-12-24,12:00,Asma kambuh,completed,350000,BPJS
APT00841,PAT01769,DOC11,2024-04-10,10:00,Nyeri sendi,no_show,200000,BPJS
APT00842,PAT01587,DOC12,09/02/2023,15:00,Tidak nafsu makan,completed,350000,Tunai
APT00843,PAT01230,DOC21,2023-06-12,16:00,Sesak napas,completed,100000,Tunai
APT00844,PAT01252,DOC13,2023-09-18,11:00,USG kehamilan,completed,75000,Asuransi
APT00845,PAT00682,DOC01,01/06/2023,15:00,Telinga sakit,cancelled,225000,Transfer
APT00846,PAT01135,DOC02,29-11-2024,16:00,Demam dan batuk,cancelled,275000,Transfer
APT00847,PAT00471,DOC18,10-02-2023,11:00,Sembelit,completed,275000,BPJS
APT00848,PAT01895,DOC13,05/02/2024,11:00,Cek gula darah,completed,75000,Transfer
APT00849,PAT00248,DOC08,12-01-2024,14:00,Cek kesehatan umum,completed,175000,Tunai
APT00850,PAT00088,DOC23,05/08/2023,08:00,Vaksin flu,completed,100000,Asuransi
APT00851,PAT00940,DOC07,21/07/2023,12:00,Pilek dan flu,completed,100000,Transfer
APT00852,PAT00003,DOC24,29-09-2024,11:00,Cek gula darah,completed,60000,Transfer
APT00853,PAT01718,DOC01,08/12/2023,09:00,Kontrol rutin,completed,225000,BPJS
APT00854,PAT00835,DOC12,08/07/2024,11:00,Sembelit,completed,350000,BPJS
APT00855,PAT01294,DOC19,03/11/2024,11:00,Imunisasi anak,completed,75000,BPJS
APT00856,PAT01894,DOC13,17/10/2024,12:00,Alergi kulit,cancelled,75000,BPJS
APT00857,PAT01417,DOC13,20-03-2024,08:00,Mata merah,completed,75000,BPJS
APT00858,PAT01743,DOC05,14/02/2024,11:00,Sariawan parah,no_show,275000,Transfer
APT00859,PAT00972,DOC09,09/11/2023,13:00,Konsultasi KB,completed,350000,BPJS
APT00860,PAT01603,DOC02,21/04/2024,12:00,Nyeri perut,completed,275000,Asuransi
APT00861,PAT01797,DOC03,2022-07-06,10:00,Tidak nafsu makan,cancelled,250000,Transfer
APT00862,PAT00092,DOC16,15/01/2025,09:00,Konsultasi KB,completed,225000,BPJS
APT00863,PAT00236,DOC13,2023-03-05,16:00,Nyeri sendi,rescheduled,75000,Transfer
APT00864,PAT01805,DOC15,31-01-2024,15:00,Imunisasi anak,completed,150000,Tunai
APT00865,PAT00403,DOC08,19-03-2024,14:00,Pilek dan flu,no_show,175000,BPJS
APT00866,PAT00516,DOC07,17-12-2023,15:00,Demam pada anak,completed,100000,Transfer
APT00867,PAT01446,DOC16,11-06-2024,11:00,Sakit pinggang,completed,225000,BPJS
APT00868,PAT01938,DOC12,2024-07-28,14:00,Kontrol rutin,completed,350000,Tunai
APT00869,PAT01558,DOC15,2024-02-14,14:00,Susah tidur,completed,150000,Transfer
APT00870,PAT00685,DOC14,2024-11-01,08:00,Vaksin flu,cancelled,175000,BPJS
APT00871,PAT01304,DOC23,14/06/2024,09:00,Tekanan darah tinggi,completed,100000,Transfer
APT00872,PAT00374,DOC08,2025-01-30,14:00,Sakit tenggorokan,no_show,175000,Tunai
APT00873,PAT01168,DOC04,2022-03-15,11:00,Tidak nafsu makan,completed,225000,BPJS
APT00874,PAT00520,DOC12,02/09/2024,16:00,Cek kesehatan umum,completed,350000,BPJS
APT00875,PAT01434,DOC24,26/10/2023,11:00,Tidak nafsu makan,no_show,60000,Transfer
APT00876,PAT01916,DOC17,2024-10-10,08:00,Sakit pinggang,completed,90000,Tunai
APT00877,PAT01595,DOC01,29/11/2023,09:00,Kontrol rutin,rescheduled,225000,Transfer
APT00878,PAT01731,DOC21,31/05/2024,09:00,Sakit kepala,completed,100000,Transfer
APT00879,PAT00548,DOC02,2024-01-10,08:00,Luka pada kaki,cancelled,275000,Tunai
APT00880,PAT00420,DOC25,2024-10-01,12:00,Asma kambuh,completed,350000,Asuransi
APT00881,PAT01497,DOC09,15/04/2024,11:00,Demam dan batuk,completed,350000,Tunai
APT00882,PAT00521,DOC17,2023-12-12,15:00,Konsultasi kehamilan,completed,90000,BPJS
APT00883,PAT01905,DOC11,2024-09-05,12:00,Demam dan batuk,completed,200000,BPJS
APT00884,PAT01798,DOC09,2025-01-22,10:00,Vaksin flu,completed,350000,Asuransi
APT00885,PAT01053,DOC02,2022-04-24,11:00,Demam tinggi,completed,275000,BPJS
APT00886,PAT01135,DOC17,31/03/2024,14:00,Nyeri sendi,completed,90000,Tunai
APT00887,PAT01515,DOC03,25/10/2023,15:00,Susah tidur,completed,250000,BPJS
APT00888,PAT01529,DOC20,10-01-2025,12:00,Nyeri sendi,no_show,150000,BPJS
APT00889,PAT01821,DOC02,2024-12-20,16:00,Sariawan parah,completed,275000,BPJS
APT00890,PAT01521,DOC19,28/01/2023,08:00,Imunisasi anak,completed,75000,Tunai
APT00891,PAT01991,DOC21,03/09/2021,15:00,Demam pada anak,completed,100000,Transfer
APT00892,PAT00011,DOC23,27/01/2024,10:00,Alergi kulit,completed,100000,Transfer
APT00893,PAT01280,DOC25,2023-09-10,09:00,Demam pada anak,completed,350000,BPJS
APT00894,PAT00424,DOC21,2023-06-21,10:00,Konsultasi KB,completed,100000,Asuransi
APT00895,PAT01349,DOC20,2023-07-18,14:00,Imunisasi anak,completed,150000,Tunai
APT00896,PAT00044,DOC20,2024-01-07,11:00,Telinga sakit,completed,150000,Transfer
APT00897,PAT00723,DOC09,02-06-2022,11:00,Sakit kepala,completed,350000,Transfer
APT00898,PAT01224,DOC21,2024-11-22,09:00,Telinga sakit,completed,100000,BPJS
APT00899,PAT01649,DOC02,04/06/2024,15:00,Konsultasi kehamilan,completed,275000,BPJS
APT00900,PAT00053,DOC04,06-04-2023,13:00,Konsultasi kehamilan,completed,225000,BPJS
APT00901,PAT01144,DOC11,06-02-2023,08:00,Sakit gigi,no_show,200000,Tunai
APT00902,PAT00411,DOC03,2025-01-26,10:00,Kontrol rutin,completed,250000,BPJS
APT00903,PAT01912,DOC17,11/12/2022,08:00,Cek kesehatan umum,completed,90000,Tunai
APT00904,PAT01791,DOC04,2022-04-16,11:00,Gigi berlubang,cancelled,225000,Transfer
APT00905,PAT00609,DOC17,2023-08-16,15:00,Konsultasi kehamilan,completed,90000,Tunai
APT00906,PAT00736,DOC15,17/01/2025,15:00,Konsultasi kehamilan,completed,150000,Transfer
APT00907,PAT01662,DOC17,2022-04-04,12:00,Sakit pinggang,cancelled,90000,BPJS
APT00908,PAT00485,DOC17,2023-10-09,13:00,Pilek dan flu,completed,90000,Tunai
APT00909,PAT00322,DOC16,24/06/2024,11:00,Kelelahan,completed,225000,BPJS
APT00910,PAT00895,DOC09,2023-12-08,13:00,Sakit tenggorokan,completed,350000,Tunai
APT00911,PAT00704,DOC06,24/06/2024,13:00,Luka pada kaki,completed,60000,BPJS
APT00912,PAT01586,DOC17,2024-05-13,09:00,Sakit pinggang,completed,90000,BPJS
APT00913,PAT01212,DOC02,13-10-2022,08:00,Kelelahan,completed,275000,BPJS
APT00914,PAT01178,DOC14,2024-10-26,12:00,Nyeri sendi,completed,175000,Tunai
APT00915,PAT00929,DOC13,2023-01-21,13:00,Demam dan batuk,cancelled,75000,BPJS
APT00916,PAT01050,DOC18,20-07-2024,09:00,Batuk berdahak,completed,275000,BPJS
APT00917,PAT01046,DOC19,2023-05-07,12:00,Sakit gigi,completed,75000,BPJS
APT00918,PAT01458,DOC10,07/12/2022,11:00,Sakit pinggang,completed,225000,BPJS
APT00919,PAT00909,DOC14,18/10/2024,13:00,Telinga sakit,completed,175000,Transfer
APT00920,PAT01430,DOC25,10/09/2022,13:00,Sakit pinggang,completed,350000,Transfer
APT00921,PAT01047,DOC03,2022-06-09,16:00,Diare,completed,250000,BPJS
APT00922,PAT00915,DOC15,11/08/2024,13:00,Cek kesehatan umum,completed,150000,BPJS
APT00923,PAT01573,DOC15,2024-12-17,15:00,Tidak nafsu makan,completed,150000,Transfer
APT00924,PAT00763,DOC19,16/12/2024,10:00,Demam pada anak,completed,75000,BPJS
APT00925,PAT01801,DOC23,2024-02-28,10:00,Konsultasi kehamilan,completed,100000,Asuransi
APT00926,PAT00917,DOC05,13/10/2023,11:00,Vaksin flu,completed,275000,Asuransi
APT00927,PAT00963,DOC20,18-08-2021,08:00,Tidak nafsu makan,no_show,150000,Tunai
APT00928,PAT01456,DOC10,09/04/2023,13:00,Konsultasi KB,completed,225000,BPJS
APT00929,PAT01122,DOC10,19/11/2023,14:00,Luka pada kaki,completed,225000,BPJS
APT00930,PAT01889,DOC24,2024-03-12,14:00,Alergi kulit,completed,60000,BPJS
APT00931,PAT00405,DOC22,16-11-2023,14:00,Tidak nafsu makan,completed,175000,Tunai
APT00932,PAT00316,DOC11,2024-07-15,11:00,Sakit pinggang,completed,200000,BPJS
APT00933,PAT01905,DOC06,04/11/2024,15:00,Alergi kulit,completed,60000,BPJS
APT00934,PAT00540,DOC20,26-04-2024,14:00,Cek kesehatan umum,completed,150000,Tunai
APT00935,PAT01603,DOC05,15-11-2024,10:00,Tidak nafsu makan,no_show,275000,Asuransi
APT00936,PAT01392,DOC16,22/06/2024,13:00,Imunisasi anak,rescheduled,225000,BPJS
APT00937,PAT01930,DOC10,2024-11-24,13:00,Demam tinggi,completed,225000,BPJS
APT00938,PAT00566,DOC04,30/11/2023,08:00,Gigi berlubang,completed,225000,BPJS
APT00939,PAT00580,DOC12,2024-03-01,16:00,Mata merah,completed,350000,BPJS
APT00940,PAT00724,DOC12,10/10/2024,13:00,Demam pada anak,completed,350000,Transfer
APT00941,PAT01642,DOC06,2023-08-15,14:00,Bisul,completed,60000,Tunai
APT00942,PAT00417,DOC12,2025-01-30,15:00,Cek mata kabur,cancelled,350000,BPJS
APT00943,PAT01043,DOC02,02-10-2024,13:00,Demam dan batuk,completed,275000,BPJS
APT00944,PAT01646,DOC24,29/08/2024,09:00,Sakit kepala,completed,60000,Tunai
APT00945,PAT00855,DOC25,11/09/2024,08:00,Sakit gigi,completed,350000,BPJS
APT00946,PAT00163,DOC16,2022-11-12,13:00,Sakit pinggang,completed,225000,Tunai
APT00947,PAT01146,DOC11,31/03/2024,09:00,Pendarahan gusi,completed,200000,Transfer
APT00948,PAT01195,DOC08,02/12/2022,14:00,Bisul,completed,175000,BPJS
APT00949,PAT01817,DOC02,2024-06-27,11:00,Nyeri perut,completed,275000,Transfer
APT00950,PAT00074,DOC17,17-11-2024,16:00,Kelelahan,completed,90000,Asuransi
APT00951,PAT00718,DOC21,19-04-2024,09:00,Kontrol rutin,completed,100000,BPJS
APT00952,PAT00762,DOC25,17-10-2024,11:00,Konsultasi KB,completed,350000,Tunai
APT00953,PAT00191,DOC04,10-10-2023,11:00,Cek gula darah,completed,225000,BPJS
APT00954,PAT00332,DOC13,2023-07-12,08:00,Kontrol rutin,completed,75000,Transfer
APT00955,PAT01451,DOC07,2023-01-26,11:00,Sariawan parah,completed,100000,BPJS
APT00956,PAT00498,DOC16,16/09/2024,08:00,Cek gula darah,cancelled,225000,BPJS
APT00957,PAT01364,DOC22,27-09-2022,16:00,Bisul,completed,175000,BPJS
APT00958,PAT01063,DOC06,07/10/2021,16:00,Sembelit,completed,60000,Transfer
APT00959,PAT00433,DOC17,2023-03-14,12:00,Asma kambuh,completed,90000,Transfer
APT00960,PAT00204,DOC25,2023-12-25,15:00,Alergi kulit,completed,350000,BPJS
APT00961,PAT00509,DOC24,23/07/2023,10:00,Demam dan batuk,completed,60000,Tunai
APT00962,PAT00477,DOC10,31/07/2024,09:00,Cek gula darah,completed,225000,Asuransi
APT00963,PAT00382,DOC24,15/01/2024,14:00,Sakit gigi,completed,60000,Transfer
APT00964,PAT00570,DOC05,2024-07-03,12:00,Sesak napas,completed,275000,BPJS
APT00965,PAT00528,DOC15,17/09/2024,16:00,Imunisasi anak,completed,150000,BPJS
APT00966,PAT01560,DOC16,2024-09-14,14:00,Cek mata kabur,completed,225000,Tunai
APT00967,PAT00906,DOC20,07-11-2024,13:00,Susah tidur,rescheduled,150000,BPJS
APT00968,PAT01399,DOC23,2025-01-01,15:00,Asma kambuh,completed,100000,BPJS
APT00969,PAT00559,DOC20,16/12/2024,10:00,Cek kesehatan umum,completed,150000,BPJS
APT00970,PAT01079,DOC15,2021-12-20,12:00,Nyeri sendi,completed,150000,Asuransi
APT00971,PAT01671,DOC20,2024-03-05,13:00,Mata merah,completed,150000,BPJS
APT00972,PAT01660,DOC11,22/07/2023,14:00,Kontrol diabetes,completed,200000,BPJS
APT00973,PAT01339,DOC05,2024-07-12,12:00,Demam dan batuk,rescheduled,275000,Asuransi
APT00974,PAT01284,DOC13,26/11/2024,08:00,Bisul,cancelled,75000,Transfer
APT00975,PAT01650,DOC13,12/12/2022,14:00,Mual muntah,completed,75000,BPJS
APT00976,PAT01368,DOC17,2023-11-17,09:00,Sembelit,completed,90000,Asuransi
APT00977,PAT01720,DOC05,2024-07-13,10:00,Mata merah,no_show,275000,BPJS
APT00978,PAT00546,DOC13,03-01-2025,10:00,Cek gula darah,completed,75000,BPJS
APT00979,PAT00464,DOC15,2022-07-31,11:00,Tidak nafsu makan,completed,150000,Tunai
APT00980,PAT01585,DOC09,17/05/2022,14:00,Nyeri perut,completed,350000,BPJS
APT00981,PAT01055,DOC14,19/08/2024,12:00,Susah tidur,completed,175000,BPJS
APT00982,PAT01016,DOC17,14/11/2022,08:00,Nyeri sendi,completed,90000,BPJS
APT00983,PAT00672,DOC19,2023-09-23,13:00,Asma kambuh,completed,75000,BPJS
APT00984,PAT01335,DOC22,2025-01-04,13:00,Luka pada kaki,completed,175000,Tunai
APT00985,PAT00790,DOC18,11/09/2024,08:00,Gigi berlubang,completed,275000,Asuransi
APT00986,PAT00691,DOC03,13/07/2024,14:00,Vaksin flu,completed,250000,BPJS
APT00987,PAT00535,DOC21,16/04/2023,12:00,Konsultasi kehamilan,completed,100000,Transfer
APT00988,PAT01875,DOC08,2023-03-21,15:00,Kontrol rutin,completed,175000,BPJS
APT00989,PAT00842,DOC04,18/04/2024,14:00,Telinga sakit,completed,225000,BPJS
APT00990,PAT01808,DOC09,2023-01-20,10:00,Kontrol rutin,completed,350000,BPJS
APT00991,PAT00598,DOC05,17/12/2023,16:00,Alergi kulit,completed,275000,Tunai
APT00992,PAT00513,DOC15,10-09-2024,09:00,Demam pada anak,rescheduled,150000,BPJS
APT00993,PAT00104,DOC08,09/04/2023,09:00,Sariawan parah,cancelled,175000,Tunai
APT00994,PAT01171,DOC17,31/01/2024,08:00,Sakit pinggang,cancelled,90000,Transfer
APT00995,PAT00767,DOC21,22-11-2022,11:00,Gatal pada kulit,completed,100000,Asuransi
APT00996,PAT01801,DOC18,10-06-2024,08:00,Sembelit,no_show,275000,Tunai
APT00997,PAT01282,DOC09,03-08-2024,10:00,Cek gula darah,completed,350000,Transfer
APT00998,PAT01026,DOC16,10/01/2024,14:00,Konsultasi kehamilan,completed,225000,BPJS
APT00999,PAT01750,DOC16,23/06/2022,12:00,Diare,completed,225000,Tunai
APT01000,PAT00419,DOC18,01-11-2022,08:00,Kontrol diabetes,completed,275000,Tunai
APT01001,PAT01885,DOC24,12/11/2024,16:00,USG kehamilan,no_show,60000,BPJS
APT01002,PAT01509,DOC16,28/08/2021,08:00,Demam pada anak,completed,225000,BPJS
APT01003,PAT00260,DOC20,09-09-2022,16:00,Sesak napas,completed,150000,BPJS
APT01004,PAT00941,DOC21,27/01/2023,14:00,Demam pada anak,completed,100000,Transfer
APT01005,PAT01226,DOC01,29-11-2023,10:00,Vaksin flu,completed,225000,BPJS
APT01006,PAT01441,DOC06,2023-11-29,14:00,Sakit tenggorokan,completed,60000,Tunai
APT01007,PAT01643,DOC10,14/02/2024,13:00,Kelelahan,completed,225000,BPJS
APT01008,PAT00092,DOC10,25-07-2023,15:00,Vaksin flu,completed,225000,BPJS
APT01009,PAT00253,DOC08,26-06-2022,14:00,Nyeri perut,no_show,175000,BPJS
APT01010,PAT01220,DOC25,29/07/2023,10:00,Sakit tenggorokan,rescheduled,350000,BPJS
APT01011,PAT01126,DOC19,2024-09-14,12:00,Sakit pinggang,completed,75000,Tunai
APT01012,PAT01686,DOC15,2023-10-08,12:00,Asma kambuh,completed,150000,BPJS
APT01013,PAT01980,DOC05,04/12/2022,12:00,Mata merah,completed,275000,Asuransi
APT01014,PAT01249,DOC05,2023-11-26,12:00,Mata merah,completed,275000,BPJS
APT01015,PAT00368,DOC14,2024-09-25,14:00,Telinga sakit,cancelled,175000,Transfer
APT01016,PAT01753,DOC02,2022-08-19,11:00,Imunisasi anak,completed,275000,BPJS
APT01017,PAT00178,DOC14,2024-04-02,13:00,Kelelahan,completed,175000,BPJS
APT01018,PAT00858,DOC25,28/04/2022,12:00,Luka pada kaki,no_show,350000,Transfer
APT01019,PAT00680,DOC11,07-12-2022,14:00,Luka pada kaki,no_show,200000,Tunai
APT01020,PAT01832,DOC02,21/03/2023,14:00,Vaksin flu,completed,275000,BPJS
APT01021,PAT00295,DOC15,06/07/2024,09:00,Demam dan batuk,completed,150000,BPJS
APT01022,PAT01822,DOC12,2025-01-03,14:00,Bisul,completed,350000,BPJS
APT01023,PAT00086,DOC14,2024-09-20,08:00,Batuk berdahak,completed,175000,BPJS
APT01024,PAT01960,DOC03,2023-08-11,10:00,Pilek dan flu,completed,250000,Tunai
APT01025,PAT00188,DOC13,2024-08-11,11:00,Cek gula darah,completed,75000,Asuransi
APT01026,PAT00748,DOC07,20-08-2024,11:00,Gatal pada kulit,no_show,100000,Tunai
APT01027,PAT01290,DOC12,2024-02-14,16:00,Sakit gigi,completed,350000,Transfer
APT01028,PAT01436,DOC11,2022-05-26,14:00,Sakit pinggang,cancelled,200000,BPJS
APT01029,PAT01675,DOC02,16-10-2024,12:00,Imunisasi anak,rescheduled,275000,BPJS
APT01030,PAT01763,DOC04,06/06/2023,08:00,Pusing dan mual,completed,225000,Transfer
APT01031,PAT00362,DOC13,13-02-2024,14:00,Susah tidur,completed,75000,BPJS
APT01032,PAT01287,DOC22,2023-06-29,09:00,Sariawan parah,completed,175000,Tunai
APT01033,PAT00293,DOC24,19/06/2023,12:00,Nyeri perut,completed,60000,BPJS
APT01034,PAT00662,DOC23,09-08-2023,16:00,Kelelahan,no_show,100000,Tunai
APT01035,PAT01596,DOC11,10/09/2022,08:00,Konsultasi KB,completed,200000,BPJS
APT01036,PAT00390,DOC10,2023-05-31,13:00,Mata merah,completed,225000,Asuransi
APT01037,PAT00854,DOC07,2024-11-30,11:00,Demam dan batuk,completed,100000,BPJS
APT01038,PAT00988,DOC23,08/11/2024,13:00,Cek kesehatan umum,completed,100000,BPJS
APT01039,PAT00954,DOC23,24/06/2023,08:00,Sariawan parah,completed,100000,Tunai
APT01040,PAT01843,DOC10,14/03/2024,14:00,Nyeri sendi,completed,225000,BPJS
APT01041,PAT00924,DOC15,19/10/2022,10:00,Sakit tenggorokan,cancelled,150000,BPJS
APT01042,PAT00022,DOC24,2024-01-29,15:00,Gigi berlubang,completed,60000,BPJS
APT01043,PAT01678,DOC06,2023-04-14,10:00,Bisul,completed,60000,BPJS
APT01044,PAT01767,DOC07,2024-05-25,15:00,Pilek dan flu,cancelled,100000,BPJS
APT01045,PAT01315,DOC18,2023-05-27,14:00,Susah tidur,completed,275000,BPJS
APT01046,PAT00930,DOC13,22/10/2024,15:00,Demam pada anak,completed,75000,BPJS
APT01047,PAT00727,DOC20,17-04-2024,15:00,Mata merah,completed,150000,Asuransi
APT01048,PAT00490,DOC01,22-01-2022,08:00,Telinga sakit,no_show,225000,BPJS
APT01049,PAT01828,DOC19,22/06/2023,14:00,Konsultasi KB,rescheduled,75000,Tunai
APT01050,PAT00388,DOC08,01-06-2022,15:00,Pendarahan gusi,rescheduled,175000,BPJS
APT01051,PAT01822,DOC13,23/11/2023,15:00,Sakit kepala,cancelled,75000,Tunai
APT01052,PAT01234,DOC23,17/08/2023,12:00,Kontrol rutin,completed,100000,Transfer
APT01053,PAT00718,DOC23,2024-09-05,13:00,Pusing dan mual,completed,100000,BPJS
APT01054,PAT01170,DOC07,25-06-2023,15:00,Sakit kepala,completed,100000,Transfer
APT01055,PAT01746,DOC13,24/07/2024,08:00,Sariawan parah,completed,75000,BPJS
APT01056,PAT00803,DOC06,27-02-2022,15:00,Sembelit,completed,60000,BPJS
APT01057,PAT00872,DOC05,2025-01-27,10:00,Asma kambuh,completed,275000,BPJS
APT01058,PAT01190,DOC22,03-12-2024,10:00,Cek mata kabur,completed,175000,BPJS
APT01059,PAT01557,DOC05,24/12/2024,14:00,Nyeri perut,rescheduled,275000,Asuransi
APT01060,PAT01150,DOC14,21/09/2024,08:00,Demam tinggi,completed,175000,Tunai
APT01061,PAT01242,DOC08,10/11/2023,08:00,Pendarahan gusi,completed,175000,Tunai
APT01062,PAT01208,DOC09,14/08/2024,08:00,Bisul,completed,350000,Tunai
APT01063,PAT01339,DOC15,2024-06-04,08:00,Imunisasi anak,no_show,150000,Asuransi
APT01064,PAT01024,DOC23,2024-07-31,10:00,Susah tidur,completed,100000,BPJS
APT01065,PAT00706,DOC22,2024-05-30,16:00,Luka pada kaki,rescheduled,175000,Transfer
APT01066,PAT01687,DOC16,2024-11-13,08:00,Pilek dan flu,completed,225000,Asuransi
APT01067,PAT01375,DOC19,28/09/2024,10:00,Mual muntah,completed,75000,Tunai
APT01068,PAT00266,DOC04,29/11/2023,13:00,Alergi kulit,completed,225000,Transfer
APT01069,PAT01862,DOC13,30/04/2023,14:00,Sakit kepala,completed,75000,Transfer
APT01070,PAT00921,DOC07,11-03-2024,13:00,Konsultasi KB,completed,100000,Transfer
APT01071,PAT00800,DOC23,2024-11-02,09:00,Pendarahan gusi,completed,100000,BPJS
APT01072,PAT00306,DOC02,15/05/2023,09:00,Konsultasi kehamilan,completed,275000,BPJS
APT01073,PAT00822,DOC08,16/08/2024,15:00,Sakit gigi,completed,175000,Transfer
APT01074,PAT01603,DOC22,2024-01-11,10:00,Telinga sakit,completed,175000,Asuransi
APT01075,PAT00100,DOC16,2024-08-08,09:00,Alergi kulit,completed,225000,Transfer
APT01076,PAT01530,DOC09,11/05/2024,14:00,Vaksin flu,completed,350000,BPJS
APT01077,PAT00744,DOC18,03-02-2022,16:00,Diare,completed,275000,BPJS
APT01078,PAT01004,DOC24,19-01-2025,12:00,Kelelahan,completed,60000,Tunai
APT01079,PAT01934,DOC10,06-06-2024,15:00,Konsultasi KB,completed,225000,BPJS
APT01080,PAT00766,DOC20,21/11/2024,13:00,Bisul,no_show,150000,Transfer
APT01081,PAT00443,DOC18,06-02-2023,13:00,Mual muntah,completed,275000,Transfer
APT01082,PAT01186,DOC19,2024-11-28,09:00,Cek gula darah,completed,75000,BPJS
APT01083,PAT00297,DOC25,13-05-2022,09:00,USG kehamilan,no_show,350000,BPJS
APT01084,PAT00127,DOC23,13-12-2023,12:00,Alergi kulit,completed,100000,Transfer
APT01085,PAT00253,DOC05,2024-05-25,15:00,Demam tinggi,completed,275000,Transfer
APT01086,PAT00183,DOC19,09-10-2023,11:00,Konsultasi kehamilan,no_show,75000,BPJS
APT01087,PAT00490,DOC22,18/11/2021,11:00,Nyeri perut,completed,175000,BPJS
APT01088,PAT01567,DOC18,2024-01-26,16:00,Konsultasi kehamilan,completed,275000,Asuransi
APT01089,PAT00658,DOC21,10/08/2024,16:00,Diare,completed,100000,Tunai
APT01090,PAT01634,DOC24,12-12-2024,13:00,Gatal pada kulit,completed,60000,Asuransi
APT01091,PAT00675,DOC11,2023-11-25,14:00,Tekanan darah tinggi,completed,200000,BPJS
APT01092,PAT00279,DOC20,10-07-2024,12:00,Bisul,completed,150000,Transfer
APT01093,PAT00520,DOC16,29/05/2024,09:00,Demam tinggi,completed,225000,BPJS
APT01094,PAT01144,DOC06,20/03/2024,11:00,Sakit gigi,completed,60000,Transfer
APT01095,PAT00251,DOC15,29/03/2024,10:00,Diare,completed,150000,Tunai
APT01096,PAT01186,DOC08,2023-10-29,15:00,Luka pada kaki,no_show,175000,Tunai
APT01097,PAT00884,DOC11,21-12-2024,08:00,Mata merah,completed,200000,Transfer
APT01098,PAT01334,DOC09,15/01/2025,15:00,Demam pada anak,completed,350000,BPJS
APT01099,PAT00648,DOC11,2024-05-16,15:00,Vaksin flu,cancelled,200000,Transfer
APT01100,PAT00162,DOC15,2023-07-19,11:00,Nyeri perut,completed,150000,Tunai
APT01101,PAT01371,DOC10,08/04/2024,12:00,Batuk berdahak,completed,225000,Asuransi
APT01102,PAT00717,DOC08,11-11-2024,09:00,Nyeri perut,completed,175000,BPJS
APT01103,PAT01014,DOC12,04/05/2024,10:00,Luka pada kaki,completed,350000,Tunai
APT01104,PAT00103,DOC20,08/03/2024,16:00,Kontrol rutin,completed,150000,BPJS
APT01105,PAT00780,DOC19,2025-01-04,13:00,Asma kambuh,completed,75000,BPJS
APT01106,PAT00856,DOC06,2024-06-13,12:00,Imunisasi anak,rescheduled,60000,Tunai
APT01107,PAT01181,DOC04,10/10/2024,16:00,Mual muntah,completed,225000,Transfer
APT01108,PAT02000,DOC01,2024-12-09,16:00,Batuk berdahak,completed,225000,Asuransi
APT01109,PAT00034,DOC13,03-12-2024,12:00,Gatal pada kulit,completed,75000,Transfer
APT01110,PAT01318,DOC09,2023-01-13,09:00,Gigi berlubang,completed,350000,Tunai
APT01111,PAT00033,DOC10,11-12-2023,15:00,Pendarahan gusi,completed,225000,BPJS
APT01112,PAT00534,DOC20,2023-12-16,13:00,Sesak napas,completed,150000,Transfer
APT01113,PAT00308,DOC04,26/11/2023,09:00,Susah tidur,completed,225000,Tunai
APT01114,PAT01035,DOC18,28/06/2024,09:00,Konsultasi kehamilan,completed,275000,BPJS
APT01115,PAT01562,DOC21,2025-01-02,11:00,Demam pada anak,completed,100000,BPJS
APT01116,PAT01989,DOC11,27-10-2022,16:00,Cek kesehatan umum,completed,200000,Tunai
APT01117,PAT01819,DOC21,10-11-2021,09:00,Pilek dan flu,completed,100000,BPJS
APT01118,PAT01468,DOC16,26/03/2023,11:00,Cek kesehatan umum,completed,225000,BPJS
APT01119,PAT00757,DOC13,2024-04-10,09:00,Cek mata kabur,completed,75000,BPJS
APT01120,PAT01724,DOC22,10-03-2023,14:00,Cek gula darah,completed,175000,BPJS
APT01121,PAT01705,DOC11,2023-03-25,12:00,Cek mata kabur,completed,200000,Tunai
APT01122,PAT00007,DOC06,23/04/2023,11:00,Sakit pinggang,completed,60000,BPJS
APT01123,PAT01625,DOC13,25-12-2024,10:00,Pusing dan mual,cancelled,75000,Tunai
APT01124,PAT01167,DOC10,2023-09-02,15:00,Pilek dan flu,cancelled,225000,BPJS
APT01125,PAT00505,DOC22,2023-05-07,11:00,Sesak napas,no_show,175000,BPJS
APT01126,PAT00785,DOC02,23/12/2023,12:00,Vaksin flu,completed,275000,BPJS
APT01127,PAT01477,DOC22,2021-09-12,14:00,Gigi berlubang,completed,175000,Asuransi
APT01128,PAT01898,DOC19,2024-11-25,09:00,Gigi berlubang,completed,75000,Transfer
APT01129,PAT01184,DOC25,30/01/2024,09:00,Kontrol diabetes,completed,350000,Asuransi
APT01130,PAT00691,DOC05,14/06/2024,12:00,Pilek dan flu,completed,275000,BPJS
APT01131,PAT00001,DOC06,14-10-2022,12:00,Sakit tenggorokan,completed,60000,Transfer
APT01132,PAT00693,DOC13,2024-02-26,14:00,Kelelahan,completed,75000,Asuransi
APT01133,PAT01855,DOC20,03-09-2024,14:00,Nyeri sendi,completed,150000,Tunai
APT01134,PAT01083,DOC24,19-04-2023,12:00,Demam tinggi,completed,60000,BPJS
APT01135,PAT00448,DOC22,2024-02-18,14:00,Kontrol diabetes,rescheduled,175000,BPJS
APT01136,PAT01497,DOC01,15/03/2022,16:00,Sakit pinggang,completed,225000,Transfer
APT01137,PAT01639,DOC03,26-05-2024,14:00,Batuk berdahak,completed,250000,Tunai
APT01138,PAT00239,DOC15,2024-05-15,09:00,Demam pada anak,completed,150000,BPJS
APT01139,PAT01124,DOC06,20/10/2024,08:00,Sakit pinggang,completed,60000,BPJS
APT01140,PAT01511,DOC10,2024-09-18,10:00,Tekanan darah tinggi,completed,225000,Asuransi
APT01141,PAT01668,DOC19,30-12-2024,09:00,Sakit tenggorokan,completed,75000,BPJS
APT01142,PAT00328,DOC19,2024-12-22,12:00,Kelelahan,completed,75000,BPJS
APT01143,PAT00595,DOC04,04/02/2023,08:00,Pilek dan flu,completed,225000,Asuransi
APT01144,PAT01671,DOC17,31/07/2024,14:00,Sariawan parah,completed,90000,Transfer
APT01145,PAT00389,DOC19,05/06/2024,12:00,Tekanan darah tinggi,completed,75000,Transfer
APT01146,PAT00659,DOC05,19-04-2022,09:00,Tekanan darah tinggi,completed,275000,BPJS
APT01147,PAT00222,DOC15,2023-04-03,08:00,Pusing dan mual,completed,150000,Tunai
APT01148,PAT01269,DOC17,2023-05-07,12:00,Alergi kulit,completed,90000,Transfer
APT01149,PAT01031,DOC17,27-01-2024,14:00,Kontrol diabetes,completed,90000,BPJS
APT01150,PAT01279,DOC10,20-11-2024,09:00,Sembelit,completed,225000,BPJS
APT01151,PAT00949,DOC06,2024-11-14,09:00,Mata merah,no_show,60000,BPJS
APT01152,PAT00937,DOC22,31-07-2024,09:00,Cek mata kabur,completed,175000,Transfer
APT01153,PAT01960,DOC09,2025-01-10,09:00,Batuk berdahak,completed,350000,BPJS
APT01154,PAT01630,DOC05,19/01/2022,16:00,Sakit kepala,completed,275000,Tunai
APT01155,PAT00202,DOC07,2024-03-11,16:00,Batuk berdahak,completed,100000,BPJS
APT01156,PAT00446,DOC04,06-02-2024,14:00,Sembelit,completed,225000,Tunai
APT01157,PAT01818,DOC08,2023-08-04,10:00,Sembelit,completed,175000,Asuransi
APT01158,PAT01914,DOC23,2022-12-28,10:00,Pusing dan mual,completed,100000,BPJS
APT01159,PAT00809,DOC06,2024-05-12,15:00,Pilek dan flu,cancelled,60000,Asuransi
APT01160,PAT01599,DOC06,30/12/2021,10:00,Batuk berdahak,completed,60000,Asuransi
APT01161,PAT01920,DOC25,31-10-2023,10:00,Mata merah,completed,350000,Tunai
APT01162,PAT00869,DOC15,2023-06-28,15:00,Vaksin flu,completed,150000,BPJS
APT01163,PAT00061,DOC10,2025-01-04,10:00,USG kehamilan,completed,225000,Tunai
APT01164,PAT01335,DOC21,30/10/2024,16:00,Tidak nafsu makan,completed,100000,BPJS
APT01165,PAT01451,DOC13,2024-05-16,12:00,Gigi berlubang,no_show,75000,Tunai
APT01166,PAT01436,DOC16,2024-09-01,10:00,Nyeri perut,completed,225000,BPJS
APT01167,PAT00920,DOC21,10/07/2023,10:00,Sakit gigi,completed,100000,Tunai
APT01168,PAT00042,DOC08,21/01/2023,08:00,Demam pada anak,completed,175000,BPJS
APT01169,PAT00039,DOC23,2024-07-02,10:00,Sakit gigi,completed,100000,Transfer
APT01170,PAT01648,DOC05,26/05/2023,12:00,Cek gula darah,cancelled,275000,Transfer
APT01171,PAT00710,DOC10,2023-02-26,14:00,Sembelit,completed,225000,Transfer
APT01172,PAT01375,DOC07,10/12/2023,15:00,Alergi kulit,rescheduled,100000,BPJS
APT01173,PAT01190,DOC18,22/03/2024,10:00,Gatal pada kulit,completed,275000,Tunai
APT01174,PAT01347,DOC04,2024-11-05,10:00,Kelelahan,rescheduled,225000,Transfer
APT01175,PAT00391,DOC13,30-03-2024,11:00,Tekanan darah tinggi,completed,75000,BPJS
APT01176,PAT01125,DOC21,22/09/2024,16:00,Sakit kepala,completed,100000,BPJS
APT01177,PAT01812,DOC24,15-04-2022,12:00,Cek gula darah,cancelled,60000,Tunai
APT01178,PAT00722,DOC15,16/12/2022,09:00,Susah tidur,completed,150000,Transfer
APT01179,PAT01234,DOC12,2023-07-02,09:00,Pilek dan flu,completed,350000,Transfer
APT01180,PAT01397,DOC19,17-10-2024,10:00,Pilek dan flu,completed,75000,Tunai
APT01181,PAT00653,DOC08,03-06-2024,15:00,Gigi berlubang,completed,175000,BPJS
APT01182,PAT00015,DOC16,11/12/2024,08:00,Tidak nafsu makan,completed,225000,BPJS
APT01183,PAT00768,DOC01,22/10/2024,16:00,Cek kesehatan umum,no_show,225000,Transfer
APT01184,PAT00579,DOC22,27-08-2024,14:00,Imunisasi anak,completed,175000,Asuransi
APT01185,PAT00935,DOC13,14-06-2024,14:00,Cek mata kabur,completed,75000,BPJS
APT01186,PAT01575,DOC03,2024-08-19,16:00,Demam dan batuk,completed,250000,BPJS
APT01187,PAT01868,DOC19,2024-05-27,09:00,USG kehamilan,completed,75000,BPJS
APT01188,PAT01132,DOC09,06-06-2023,12:00,Tekanan darah tinggi,no_show,350000,BPJS
APT01189,PAT01844,DOC12,16/06/2024,13:00,Sakit pinggang,completed,350000,Tunai
APT01190,PAT00402,DOC07,21/12/2024,08:00,Batuk berdahak,completed,100000,Transfer
APT01191,PAT00138,DOC12,08/04/2023,09:00,Pendarahan gusi,completed,350000,BPJS
APT01192,PAT00427,DOC22,2024-09-29,13:00,Demam tinggi,completed,175000,BPJS
APT01193,PAT00054,DOC20,2024-08-02,15:00,Cek kesehatan umum,completed,150000,BPJS
APT01194,PAT00220,DOC22,24/03/2024,14:00,Gatal pada kulit,completed,175000,BPJS
APT01195,PAT01549,DOC12,2022-03-15,13:00,Sakit kepala,completed,350000,BPJS
APT01196,PAT00133,DOC16,11/05/2024,15:00,Pusing dan mual,completed,225000,BPJS
APT01197,PAT00486,DOC09,2024-05-31,14:00,Tidak nafsu makan,completed,350000,Tunai
APT01198,PAT01612,DOC15,2022-02-11,11:00,Cek gula darah,completed,150000,BPJS
APT01199,PAT01298,DOC18,2024-05-30,10:00,Susah tidur,completed,275000,BPJS
APT01200,PAT00904,DOC03,2024-12-31,11:00,Telinga sakit,completed,250000,Asuransi
APT01201,PAT01382,DOC15,22/05/2024,13:00,Diare,rescheduled,150000,Tunai
APT01202,PAT00145,DOC06,2024-10-31,13:00,Pendarahan gusi,completed,60000,BPJS
APT01203,PAT00501,DOC25,2024-09-13,11:00,Nyeri perut,completed,350000,BPJS
APT01204,PAT00627,DOC20,20-11-2022,11:00,Sakit tenggorokan,no_show,150000,BPJS
APT01205,PAT01096,DOC17,16-10-2023,10:00,Mata merah,completed,90000,BPJS
APT01206,PAT01673,DOC14,2024-05-10,12:00,Sakit kepala,completed,175000,BPJS
APT01207,PAT00482,DOC18,28-02-2023,16:00,Sakit kepala,completed,275000,BPJS
APT01208,PAT01444,DOC14,2023-06-12,16:00,Demam pada anak,completed,175000,Tunai
APT01209,PAT01388,DOC02,26-04-2022,10:00,Nyeri perut,completed,275000,Transfer
APT01210,PAT00314,DOC10,2022-07-26,12:00,Sakit kepala,completed,225000,Tunai
APT01211,PAT00179,DOC15,2023-10-28,10:00,Susah tidur,no_show,150000,BPJS
APT01212,PAT01992,DOC14,24/01/2022,14:00,Bisul,completed,175000,BPJS
APT01213,PAT01092,DOC15,22/08/2024,11:00,Cek gula darah,rescheduled,150000,Tunai
APT01214,PAT00577,DOC19,2024-09-14,08:00,Konsultasi kehamilan,completed,75000,Asuransi
APT01215,PAT01972,DOC01,23-01-2024,11:00,Cek kesehatan umum,completed,225000,BPJS
APT01216,PAT00524,DOC07,2022-10-04,12:00,Cek kesehatan umum,cancelled,100000,Asuransi
APT01217,PAT00214,DOC02,23-01-2024,13:00,Nyeri perut,cancelled,275000,Tunai
APT01218,PAT01649,DOC01,01/08/2024,14:00,Demam dan batuk,completed,225000,BPJS
APT01219,PAT00025,DOC21,01/12/2023,09:00,Imunisasi anak,completed,100000,BPJS
APT01220,PAT00481,DOC11,21-06-2023,13:00,Luka pada kaki,rescheduled,200000,Transfer
APT01221,PAT00622,DOC05,2024-03-08,15:00,Pusing dan mual,completed,275000,BPJS
APT01222,PAT01391,DOC08,2024-12-26,13:00,Alergi kulit,cancelled,175000,BPJS
APT01223,PAT00268,DOC22,29/07/2023,15:00,Mual muntah,completed,175000,Tunai
APT01224,PAT01456,DOC17,2024-10-11,16:00,Pendarahan gusi,completed,90000,Tunai
APT01225,PAT01018,DOC23,30/07/2024,15:00,Alergi kulit,rescheduled,100000,BPJS
APT01226,PAT01507,DOC15,2024-01-18,09:00,Konsultasi kehamilan,cancelled,150000,Tunai
APT01227,PAT00984,DOC15,2022-03-24,10:00,Konsultasi kehamilan,completed,150000,Transfer
APT01228,PAT01100,DOC03,27-05-2024,11:00,USG kehamilan,completed,250000,BPJS
APT01229,PAT01318,DOC21,12-06-2022,08:00,Sesak napas,completed,100000,Transfer
APT01230,PAT00976,DOC08,24/08/2023,12:00,Demam pada anak,completed,175000,Asuransi
APT01231,PAT01203,DOC09,2024-10-25,13:00,Kelelahan,completed,350000,Transfer
APT01232,PAT01904,DOC17,2024-01-30,15:00,Gatal pada kulit,completed,90000,BPJS
APT01233,PAT00233,DOC18,17/11/2024,08:00,Tidak nafsu makan,completed,275000,Transfer
APT01234,PAT01347,DOC13,05-03-2024,08:00,Mata merah,completed,75000,BPJS
APT01235,PAT00713,DOC16,2023-03-16,16:00,Sakit pinggang,completed,225000,Asuransi
APT01236,PAT00395,DOC19,2022-11-15,16:00,Batuk berdahak,cancelled,75000,Tunai
APT01237,PAT01356,DOC13,31-08-2024,10:00,Kontrol rutin,completed,75000,Transfer
APT01238,PAT01845,DOC09,08/12/2023,11:00,Mata merah,completed,350000,Asuransi
APT01239,PAT00375,DOC15,24-11-2023,13:00,Nyeri sendi,no_show,150000,Tunai
APT01240,PAT01932,DOC14,29-02-2024,16:00,Batuk berdahak,completed,175000,BPJS
APT01241,PAT01836,DOC15,08/02/2022,10:00,Gigi berlubang,completed,150000,BPJS
APT01242,PAT01974,DOC21,22/02/2024,13:00,Imunisasi anak,no_show,100000,Transfer
APT01243,PAT01145,DOC22,15/03/2024,10:00,Gigi berlubang,no_show,175000,BPJS
APT01244,PAT00736,DOC22,29-08-2024,13:00,Gatal pada kulit,completed,175000,Transfer
APT01245,PAT00547,DOC10,2022-06-09,15:00,Susah tidur,completed,225000,Transfer
APT01246,PAT01388,DOC14,15-08-2024,15:00,Kelelahan,completed,175000,Transfer
APT01247,PAT01102,DOC19,05/02/2023,10:00,Sakit tenggorokan,completed,75000,Tunai
APT01248,PAT01517,DOC02,2024-09-04,10:00,Demam dan batuk,completed,275000,Transfer
APT01249,PAT00045,DOC25,2024-11-10,12:00,Tidak nafsu makan,completed,350000,BPJS
APT01250,PAT00256,DOC06,2023-02-19,14:00,Sakit tenggorokan,completed,60000,BPJS
APT01251,PAT00752,DOC22,06/11/2024,16:00,Demam dan batuk,completed,175000,Tunai
APT01252,PAT00195,DOC01,02-07-2024,12:00,Bisul,completed,225000,BPJS
APT01253,PAT00838,DOC16,15-11-2021,16:00,Cek mata kabur,completed,225000,Tunai
APT01254,PAT01948,DOC09,08/08/2022,14:00,Diare,completed,350000,BPJS
APT01255,PAT00616,DOC16,22-04-2023,12:00,Sariawan parah,completed,225000,Asuransi
APT01256,PAT00849,DOC16,2022-03-31,09:00,Sakit kepala,completed,225000,BPJS
APT01257,PAT01029,DOC15,2024-02-08,08:00,Gatal pada kulit,completed,150000,BPJS
APT01258,PAT00322,DOC11,2024-12-04,08:00,Sakit gigi,no_show,200000,BPJS
APT01259,PAT00460,DOC25,30/07/2021,15:00,Mata merah,completed,350000,BPJS
APT01260,PAT00631,DOC13,20/10/2023,16:00,Sariawan parah,completed,75000,Transfer
APT01261,PAT01792,DOC16,2024-03-04,08:00,Konsultasi kehamilan,cancelled,225000,BPJS
APT01262,PAT00535,DOC08,2024-01-05,09:00,Luka pada kaki,rescheduled,175000,Transfer
APT01263,PAT01279,DOC20,2024-10-29,10:00,Nyeri sendi,completed,150000,BPJS
APT01264,PAT01724,DOC19,09-03-2023,12:00,Luka pada kaki,completed,75000,BPJS
APT01265,PAT00579,DOC17,04/02/2022,09:00,Imunisasi anak,no_show,90000,Asuransi
APT01266,PAT00191,DOC17,03/02/2024,12:00,Mata merah,completed,90000,BPJS
APT01267,PAT00507,DOC03,31/05/2024,13:00,Mual muntah,completed,250000,BPJS
APT01268,PAT00199,DOC17,2023-09-23,10:00,Luka pada kaki,rescheduled,90000,BPJS
APT01269,PAT01218,DOC03,09/01/2025,15:00,Gigi berlubang,completed,250000,Asuransi
APT01270,PAT00504,DOC09,18/03/2023,15:00,Sesak napas,completed,350000,Asuransi
APT01271,PAT01493,DOC05,2023-11-19,14:00,Vaksin flu,completed,275000,Transfer
APT01272,PAT00059,DOC23,20-04-2024,11:00,Mual muntah,completed,100000,BPJS
APT01273,PAT00646,DOC03,20/01/2025,10:00,Konsultasi kehamilan,completed,250000,BPJS
APT01274,PAT00150,DOC11,29/04/2024,09:00,Nyeri perut,completed,200000,Asuransi
APT01275,PAT01213,DOC01,24-12-2023,08:00,Mual muntah,completed,225000,BPJS
APT01276,PAT01002,DOC04,08-11-2023,14:00,Pendarahan gusi,completed,225000,Asuransi
APT01277,PAT00109,DOC02,2023-07-25,10:00,Cek gula darah,rescheduled,275000,Tunai
APT01278,PAT01383,DOC10,31-07-2024,10:00,Alergi kulit,completed,225000,BPJS
APT01279,PAT01340,DOC08,12-07-2023,11:00,Bisul,completed,175000,BPJS
APT01280,PAT01372,DOC05,2023-08-28,14:00,Demam tinggi,completed,275000,BPJS
APT01281,PAT01705,DOC14,09-01-2022,13:00,USG kehamilan,completed,175000,Asuransi
APT01282,PAT01466,DOC20,2024-06-03,12:00,Pusing dan mual,completed,150000,BPJS
APT01283,PAT01623,DOC23,05/11/2023,16:00,Sesak napas,completed,100000,BPJS
APT01284,PAT00645,DOC07,06-10-2024,13:00,Sembelit,completed,100000,Asuransi
APT01285,PAT00823,DOC17,04-05-2024,13:00,Gigi berlubang,completed,90000,Transfer
APT01286,PAT00219,DOC09,27-01-2025,12:00,Kontrol rutin,completed,350000,BPJS
APT01287,PAT01637,DOC07,28-03-2023,11:00,Telinga sakit,completed,100000,Tunai
APT01288,PAT00759,DOC19,2022-09-15,13:00,Kelelahan,completed,75000,Tunai
APT01289,PAT01421,DOC07,2025-01-07,13:00,Tekanan darah tinggi,completed,100000,Tunai
APT01290,PAT01061,DOC01,23-06-2023,08:00,Tidak nafsu makan,completed,225000,Asuransi
APT01291,PAT00094,DOC16,15/12/2024,09:00,Pendarahan gusi,completed,225000,BPJS
APT01292,PAT01656,DOC07,25/11/2023,12:00,Sakit gigi,completed,100000,BPJS
APT01293,PAT00734,DOC06,2024-07-30,15:00,Tidak nafsu makan,completed,60000,Transfer
APT01294,PAT00989,DOC09,2024-02-26,12:00,Sariawan parah,rescheduled,350000,Transfer
APT01295,PAT00542,DOC19,15-03-2024,08:00,Cek kesehatan umum,completed,75000,BPJS
APT01296,PAT00579,DOC02,2021-09-08,14:00,Demam dan batuk,completed,275000,Asuransi
APT01297,PAT01164,DOC18,2024-04-12,10:00,Mual muntah,completed,275000,BPJS
APT01298,PAT01119,DOC14,2022-02-13,15:00,Demam pada anak,cancelled,175000,BPJS
APT01299,PAT01644,DOC07,14/03/2024,15:00,Pendarahan gusi,completed,100000,BPJS
APT01300,PAT01609,DOC18,2024-03-26,12:00,Mual muntah,completed,275000,Tunai
APT01301,PAT01194,DOC04,2024-05-16,09:00,Sakit kepala,completed,225000,BPJS
APT01302,PAT00050,DOC15,24-04-2023,13:00,Nyeri sendi,completed,150000,Transfer
APT01303,PAT01498,DOC07,17-01-2025,14:00,Kontrol rutin,completed,100000,BPJS
APT01304,PAT01548,DOC14,02-10-2021,11:00,Pusing dan mual,completed,175000,Asuransi
APT01305,PAT00960,DOC01,2024-04-12,10:00,Kontrol diabetes,completed,225000,BPJS
APT01306,PAT00739,DOC22,26/01/2025,09:00,Vaksin flu,completed,175000,BPJS
APT01307,PAT00413,DOC04,2024-03-28,08:00,Konsultasi kehamilan,cancelled,225000,Asuransi
APT01308,PAT00762,DOC02,2024-12-06,11:00,Pendarahan gusi,cancelled,275000,Transfer
APT01309,PAT00505,DOC22,15/01/2025,16:00,Susah tidur,completed,175000,BPJS
APT01310,PAT01941,DOC09,15-08-2023,15:00,Bisul,completed,350000,Transfer
APT01311,PAT00733,DOC05,23-03-2024,11:00,Alergi kulit,completed,275000,Tunai
APT01312,PAT01611,DOC16,2024-09-19,12:00,Sariawan parah,completed,225000,BPJS
APT01313,PAT01487,DOC09,2024-08-25,12:00,Konsultasi KB,completed,350000,Asuransi
APT01314,PAT01457,DOC20,27/04/2023,15:00,Kelelahan,completed,150000,BPJS
APT01315,PAT00355,DOC15,25/01/2025,11:00,Sakit tenggorokan,completed,150000,BPJS
APT01316,PAT01454,DOC10,2024-06-23,10:00,Asma kambuh,completed,225000,BPJS
APT01317,PAT01084,DOC08,26/02/2024,10:00,Sesak napas,completed,175000,Tunai
APT01318,PAT00331,DOC07,2024-11-24,11:00,Kontrol diabetes,completed,100000,Tunai
APT01319,PAT00975,DOC13,2023-11-07,15:00,Cek mata kabur,completed,75000,BPJS
APT01320,PAT01456,DOC01,2022-12-19,08:00,Sesak napas,cancelled,225000,BPJS
APT01321,PAT00689,DOC22,2023-11-09,09:00,Pilek dan flu,completed,175000,BPJS
APT01322,PAT01132,DOC13,17/09/2022,16:00,Pilek dan flu,completed,75000,BPJS
APT01323,PAT01976,DOC01,19/05/2023,08:00,Diare,completed,225000,BPJS
APT01324,PAT01090,DOC23,2024-10-30,10:00,Kontrol rutin,completed,100000,BPJS
APT01325,PAT01588,DOC21,07-02-2023,13:00,Pendarahan gusi,cancelled,100000,BPJS
APT01326,PAT00348,DOC17,09-12-2022,15:00,Cek mata kabur,cancelled,90000,Transfer
APT01327,PAT00987,DOC09,27/12/2023,11:00,USG kehamilan,completed,350000,Tunai
APT01328,PAT00652,DOC23,27-12-2023,11:00,Gatal pada kulit,completed,100000,Tunai
APT01329,PAT00397,DOC24,09/12/2024,10:00,Asma kambuh,completed,60000,Tunai
APT01330,PAT01974,DOC07,21/11/2024,14:00,Pendarahan gusi,completed,100000,Tunai
APT01331,PAT00164,DOC12,11-09-2022,08:00,Demam dan batuk,completed,350000,BPJS
APT01332,PAT00777,DOC01,27/04/2024,15:00,Tekanan darah tinggi,no_show,225000,BPJS
APT01333,PAT00528,DOC07,2025-01-21,12:00,Susah tidur,completed,100000,BPJS
APT01334,PAT01959,DOC19,24/07/2023,13:00,Konsultasi kehamilan,cancelled,75000,BPJS
APT01335,PAT00140,DOC12,2023-12-31,15:00,Mata merah,completed,350000,BPJS
APT01336,PAT01986,DOC01,21/04/2024,10:00,Demam dan batuk,completed,225000,Tunai
APT01337,PAT01163,DOC18,10/07/2022,09:00,Bisul,rescheduled,275000,BPJS
APT01338,PAT00455,DOC01,07/08/2024,13:00,Gigi berlubang,completed,225000,Tunai
APT01339,PAT01276,DOC07,2023-07-28,15:00,Asma kambuh,completed,100000,BPJS
APT01340,PAT00216,DOC05,2024-04-23,15:00,Imunisasi anak,completed,275000,BPJS
APT01341,PAT01928,DOC03,19-09-2023,16:00,Sakit pinggang,completed,250000,BPJS
APT01342,PAT01831,DOC25,12/12/2023,15:00,Demam pada anak,completed,350000,Transfer
APT01343,PAT01309,DOC23,06/10/2021,16:00,Pusing dan mual,completed,100000,BPJS
APT01344,PAT01115,DOC23,24-10-2023,08:00,Konsultasi KB,no_show,100000,Tunai
APT01345,PAT00967,DOC05,2023-10-01,08:00,Bisul,completed,275000,BPJS
APT01346,PAT00175,DOC06,27-06-2022,16:00,Pendarahan gusi,completed,60000,BPJS
APT01347,PAT00712,DOC06,07/02/2023,13:00,Sariawan parah,completed,60000,BPJS
APT01348,PAT01582,DOC02,25-02-2022,11:00,Konsultasi kehamilan,completed,275000,Asuransi
APT01349,PAT01665,DOC11,31-12-2024,16:00,Luka pada kaki,cancelled,200000,BPJS
APT01350,PAT00236,DOC15,07-05-2023,15:00,USG kehamilan,completed,150000,BPJS
APT01351,PAT00405,DOC06,24/01/2023,08:00,Bisul,completed,60000,Asuransi
APT01352,PAT01103,DOC02,05-11-2024,08:00,Konsultasi KB,completed,275000,BPJS
APT01353,PAT01923,DOC03,09-01-2024,13:00,Demam dan batuk,no_show,250000,Tunai
APT01354,PAT01956,DOC24,2023-06-30,09:00,Gatal pada kulit,completed,60000,Asuransi
APT01355,PAT00097,DOC15,2024-11-11,16:00,Alergi kulit,completed,150000,Transfer
APT01356,PAT01331,DOC12,2023-09-26,15:00,Batuk berdahak,completed,350000,BPJS
APT01357,PAT01399,DOC18,26/10/2023,08:00,Pendarahan gusi,completed,275000,BPJS
APT01358,PAT01178,DOC25,2024-06-29,12:00,Sakit pinggang,completed,350000,BPJS
APT01359,PAT00608,DOC20,2024-09-04,10:00,Mata merah,completed,150000,Transfer
APT01360,PAT00845,DOC20,27/02/2024,14:00,Diare,completed,150000,BPJS
APT01361,PAT00365,DOC17,28-10-2023,13:00,Sakit tenggorokan,completed,90000,Tunai
APT01362,PAT01867,DOC04,19-05-2024,10:00,Kontrol rutin,completed,225000,BPJS
APT01363,PAT01625,DOC08,2025-01-23,16:00,Sesak napas,cancelled,175000,Transfer
APT01364,PAT01871,DOC02,17/09/2024,14:00,Pusing dan mual,rescheduled,275000,Asuransi
APT01365,PAT00998,DOC13,02-02-2024,11:00,Sakit gigi,completed,75000,Asuransi
APT01366,PAT01782,DOC07,19-10-2024,12:00,Sakit tenggorokan,completed,100000,Asuransi
APT01367,PAT01606,DOC23,14/07/2023,15:00,Nyeri sendi,completed,100000,Tunai
APT01368,PAT00905,DOC18,25-12-2024,16:00,Cek mata kabur,completed,275000,Transfer
APT01369,PAT01047,DOC24,10/02/2024,16:00,Batuk berdahak,completed,60000,BPJS
APT01370,PAT00555,DOC20,2024-04-19,09:00,Gigi berlubang,completed,150000,BPJS
APT01371,PAT01323,DOC14,05/11/2024,10:00,Alergi kulit,cancelled,175000,BPJS
APT01372,PAT01945,DOC03,04/09/2024,15:00,USG kehamilan,completed,250000,Tunai
APT01373,PAT01338,DOC19,2023-12-27,16:00,USG kehamilan,completed,75000,BPJS
APT01374,PAT00444,DOC15,01/06/2024,08:00,Nyeri perut,completed,150000,BPJS
APT01375,PAT00571,DOC19,21-07-2024,09:00,Alergi kulit,completed,75000,Transfer
APT01376,PAT00730,DOC22,08-12-2024,16:00,Pusing dan mual,completed,175000,Asuransi
APT01377,PAT00506,DOC15,2024-09-18,08:00,Sesak napas,completed,150000,BPJS
APT01378,PAT00006,DOC10,28/02/2023,15:00,Pendarahan gusi,completed,225000,BPJS
APT01379,PAT00797,DOC12,20-11-2021,16:00,Asma kambuh,completed,350000,BPJS
APT01380,PAT00807,DOC19,23-09-2023,14:00,Pendarahan gusi,completed,75000,BPJS
APT01381,PAT01551,DOC02,12-01-2025,11:00,Tekanan darah tinggi,completed,275000,BPJS
APT01382,PAT01952,DOC07,20-07-2023,15:00,Demam tinggi,cancelled,100000,BPJS
APT01383,PAT00746,DOC13,2024-11-20,10:00,Nyeri perut,completed,75000,Tunai
APT01384,PAT01747,DOC08,10-06-2021,08:00,Bisul,completed,175000,Transfer
APT01385,PAT00938,DOC22,2024-12-02,13:00,Pendarahan gusi,completed,175000,Tunai
APT01386,PAT00753,DOC08,2023-01-26,12:00,Cek gula darah,completed,175000,Transfer
APT01387,PAT01589,DOC13,15/04/2024,08:00,Demam dan batuk,completed,75000,Transfer
APT01388,PAT01106,DOC24,29/08/2023,13:00,Tidak nafsu makan,completed,60000,Tunai
APT01389,PAT00436,DOC14,09/09/2024,08:00,Konsultasi kehamilan,completed,175000,BPJS
APT01390,PAT00415,DOC09,10-04-2023,11:00,Kontrol diabetes,completed,350000,Transfer
APT01391,PAT01340,DOC07,07/03/2022,16:00,Batuk berdahak,completed,100000,BPJS
APT01392,PAT01500,DOC18,29-11-2022,15:00,Asma kambuh,cancelled,275000,BPJS
APT01393,PAT01509,DOC16,29/08/2021,14:00,Kontrol rutin,completed,225000,BPJS
APT01394,PAT01022,DOC09,2024-04-28,09:00,Sesak napas,no_show,350000,BPJS
APT01395,PAT00507,DOC15,06-10-2023,08:00,Sesak napas,completed,150000,Transfer
APT01396,PAT00163,DOC24,18-01-2025,15:00,Cek kesehatan umum,completed,60000,Asuransi
APT01397,PAT00404,DOC13,21/07/2024,15:00,Pilek dan flu,completed,75000,Transfer
APT01398,PAT00489,DOC17,2024-11-19,14:00,Cek gula darah,completed,90000,Tunai
APT01399,PAT01857,DOC12,2024-06-22,15:00,Cek kesehatan umum,completed,350000,BPJS
APT01400,PAT01514,DOC11,12-02-2024,13:00,Kelelahan,completed,200000,Transfer
APT01401,PAT00879,DOC04,2024-12-14,10:00,Sakit gigi,completed,225000,Tunai
APT01402,PAT01484,DOC16,20/02/2023,09:00,Sesak napas,cancelled,225000,Tunai
APT01403,PAT01002,DOC17,2024-03-04,11:00,Nyeri perut,completed,90000,Asuransi
APT01404,PAT00223,DOC24,14/12/2024,16:00,Vaksin flu,completed,60000,Tunai
APT01405,PAT00857,DOC07,2023-07-28,10:00,Pilek dan flu,completed,100000,BPJS
APT01406,PAT00280,DOC07,24/05/2024,11:00,Sariawan parah,cancelled,100000,Asuransi
APT01407,PAT01710,DOC17,23-04-2022,09:00,Batuk berdahak,completed,90000,Transfer
APT01408,PAT01609,DOC01,05/05/2022,15:00,Demam tinggi,no_show,225000,Tunai
APT01409,PAT01764,DOC05,2021-08-27,12:00,Sesak napas,rescheduled,275000,Tunai
APT01410,PAT00530,DOC25,2023-05-20,14:00,Luka pada kaki,cancelled,350000,BPJS
APT01411,PAT00146,DOC12,29-11-2024,12:00,Demam tinggi,completed,350000,Transfer
APT01412,PAT01332,DOC23,08-06-2024,14:00,Demam dan batuk,completed,100000,BPJS
APT01413,PAT00647,DOC14,2024-05-01,11:00,Sariawan parah,completed,175000,BPJS
APT01414,PAT01827,DOC04,2023-11-20,12:00,Demam pada anak,completed,225000,BPJS
APT01415,PAT01338,DOC13,2024-03-21,15:00,Kontrol diabetes,completed,75000,BPJS
APT01416,PAT01673,DOC16,19-08-2024,14:00,Kontrol diabetes,completed,225000,BPJS
APT01417,PAT00985,DOC13,02/06/2024,16:00,Telinga sakit,completed,75000,BPJS
APT01418,PAT00018,DOC17,2024-04-19,10:00,Pendarahan gusi,rescheduled,90000,BPJS
APT01419,PAT00637,DOC11,2025-01-05,13:00,Cek gula darah,cancelled,200000,Tunai
APT01420,PAT01006,DOC12,02-04-2023,12:00,Sariawan parah,rescheduled,350000,Transfer
APT01421,PAT01101,DOC17,2024-06-29,16:00,Diare,completed,90000,Transfer
APT01422,PAT01144,DOC17,15/06/2024,10:00,Luka pada kaki,no_show,90000,Transfer
APT01423,PAT00613,DOC24,2023-11-07,10:00,Tekanan darah tinggi,cancelled,60000,Tunai
APT01424,PAT00883,DOC03,2024-09-19,16:00,Demam pada anak,completed,250000,BPJS
APT01425,PAT00849,DOC20,2022-09-27,16:00,Luka pada kaki,completed,150000,BPJS
APT01426,PAT01322,DOC17,2024-08-09,12:00,Kontrol rutin,completed,90000,BPJS
APT01427,PAT00779,DOC16,28/04/2022,12:00,Cek mata kabur,completed,225000,BPJS
APT01428,PAT00415,DOC19,05-03-2023,11:00,Tekanan darah tinggi,completed,75000,Tunai
APT01429,PAT00527,DOC08,22-11-2023,11:00,Pilek dan flu,completed,175000,Tunai
APT01430,PAT01427,DOC07,20/11/2024,11:00,Mata merah,completed,100000,BPJS
APT01431,PAT01837,DOC03,2022-09-04,09:00,Kelelahan,completed,250000,BPJS
APT01432,PAT01370,DOC01,2023-12-09,13:00,Nyeri sendi,completed,225000,Transfer
APT01433,PAT01090,DOC11,2023-05-16,16:00,Tidak nafsu makan,completed,200000,BPJS
APT01434,PAT00761,DOC05,21/01/2023,13:00,Pusing dan mual,completed,275000,Asuransi
APT01435,PAT00805,DOC04,2024-05-15,09:00,Sesak napas,completed,225000,BPJS
APT01436,PAT00844,DOC20,14/08/2024,12:00,Telinga sakit,completed,150000,Transfer
APT01437,PAT01449,DOC17,31/01/2023,13:00,Nyeri perut,completed,90000,BPJS
APT01438,PAT01962,DOC19,2024-08-28,11:00,Kelelahan,cancelled,75000,BPJS
APT01439,PAT01460,DOC03,21/09/2024,11:00,Sakit pinggang,completed,250000,BPJS
APT01440,PAT01985,DOC13,2023-08-29,14:00,Mata merah,completed,75000,BPJS
APT01441,PAT01655,DOC18,21/08/2024,13:00,Sembelit,completed,275000,BPJS
APT01442,PAT01361,DOC09,25/01/2022,15:00,Sembelit,completed,350000,Tunai
APT01443,PAT00670,DOC22,02-08-2023,08:00,Demam tinggi,completed,175000,Transfer
APT01444,PAT01259,DOC24,19/12/2024,09:00,Alergi kulit,completed,60000,Tunai
APT01445,PAT00541,DOC14,07/11/2023,15:00,Cek mata kabur,completed,175000,BPJS
APT01446,PAT01213,DOC07,11-09-2024,16:00,Sakit gigi,completed,100000,BPJS
APT01447,PAT00884,DOC17,04/11/2024,13:00,Demam tinggi,completed,90000,BPJS
APT01448,PAT01979,DOC19,26/04/2024,11:00,Alergi kulit,completed,75000,BPJS
APT01449,PAT01157,DOC24,2024-10-30,08:00,Pilek dan flu,completed,60000,Tunai
APT01450,PAT00269,DOC21,19/11/2024,15:00,Nyeri perut,no_show,100000,Transfer
APT01451,PAT01555,DOC02,26/12/2024,13:00,Diare,completed,275000,BPJS
APT01452,PAT00385,DOC18,05-12-2024,10:00,Sakit tenggorokan,completed,275000,BPJS
APT01453,PAT00255,DOC25,2024-04-25,09:00,Sariawan parah,completed,350000,Tunai
APT01454,PAT01299,DOC09,22/05/2023,14:00,Tekanan darah tinggi,completed,350000,Transfer
APT01455,PAT01671,DOC24,29-04-2024,14:00,Cek gula darah,completed,60000,BPJS
APT01456,PAT00074,DOC04,2024-08-15,13:00,Alergi kulit,completed,225000,Transfer
APT01457,PAT00445,DOC21,26-09-2022,11:00,Telinga sakit,completed,100000,Tunai
APT01458,PAT01069,DOC05,12/04/2024,11:00,Diare,completed,275000,BPJS
APT01459,PAT00263,DOC11,2023-04-10,16:00,Pilek dan flu,completed,200000,BPJS
APT01460,PAT00030,DOC08,17-09-2023,15:00,Batuk berdahak,completed,175000,Transfer
APT01461,PAT01935,DOC20,31/12/2024,12:00,Nyeri perut,no_show,150000,Asuransi
APT01462,PAT01831,DOC06,23/10/2023,10:00,Sakit gigi,cancelled,60000,Tunai
APT01463,PAT00610,DOC07,2024-11-20,13:00,Gigi berlubang,cancelled,100000,BPJS
APT01464,PAT00574,DOC12,2022-04-06,11:00,Mata merah,completed,350000,BPJS
APT01465,PAT01056,DOC02,26/11/2024,08:00,Diare,no_show,275000,BPJS
APT01466,PAT00553,DOC01,2023-05-10,11:00,Pilek dan flu,completed,225000,Tunai
APT01467,PAT01859,DOC20,2021-11-06,15:00,Vaksin flu,completed,150000,BPJS
APT01468,PAT01371,DOC18,20/03/2024,11:00,Sakit pinggang,rescheduled,275000,Asuransi
APT01469,PAT01923,DOC05,2024-02-27,15:00,Gatal pada kulit,completed,275000,Transfer
APT01470,PAT00894,DOC12,2023-06-08,12:00,Asma kambuh,completed,350000,Transfer
APT01471,PAT00133,DOC15,2024-03-16,15:00,Telinga sakit,completed,150000,BPJS
APT01472,PAT01940,DOC08,2023-07-02,13:00,Cek kesehatan umum,completed,175000,Tunai
APT01473,PAT01898,DOC04,28/07/2023,15:00,Sakit tenggorokan,completed,225000,Tunai
APT01474,PAT01862,DOC13,2023-08-11,14:00,Sakit tenggorokan,rescheduled,75000,Transfer
APT01475,PAT01826,DOC22,17-07-2024,11:00,Sariawan parah,completed,175000,BPJS
APT01476,PAT01244,DOC09,30-07-2024,15:00,Gigi berlubang,completed,350000,BPJS
APT01477,PAT01970,DOC03,14/05/2023,08:00,Sakit tenggorokan,rescheduled,250000,BPJS
APT01478,PAT01812,DOC09,24-04-2023,11:00,Sariawan parah,completed,350000,Tunai
APT01479,PAT00895,DOC06,21-11-2024,16:00,USG kehamilan,completed,60000,BPJS
APT01480,PAT01033,DOC06,03/04/2024,15:00,Vaksin flu,cancelled,60000,BPJS
APT01481,PAT00441,DOC23,13/09/2024,09:00,Diare,completed,100000,Transfer
APT01482,PAT01772,DOC20,27/10/2024,08:00,Gatal pada kulit,no_show,150000,Tunai
APT01483,PAT01883,DOC04,26/10/2022,10:00,Asma kambuh,rescheduled,225000,BPJS
APT01484,PAT01228,DOC08,13/07/2024,13:00,Luka pada kaki,completed,175000,Asuransi
APT01485,PAT01944,DOC10,2023-03-22,09:00,Pilek dan flu,cancelled,225000,Asuransi
APT01486,PAT01926,DOC22,2024-07-31,10:00,Kontrol rutin,rescheduled,175000,Transfer
APT01487,PAT01754,DOC21,2024-11-19,13:00,Konsultasi KB,completed,100000,Tunai
APT01488,PAT00094,DOC01,18/08/2024,12:00,Imunisasi anak,completed,225000,BPJS
APT01489,PAT00515,DOC07,2024-07-05,12:00,Sakit gigi,rescheduled,100000,BPJS
APT01490,PAT00431,DOC06,02-10-2024,14:00,Pendarahan gusi,completed,60000,BPJS
APT01491,PAT00518,DOC05,01/02/2023,08:00,Gigi berlubang,completed,275000,BPJS
APT01492,PAT01289,DOC05,23-04-2024,15:00,Kontrol diabetes,completed,275000,Asuransi
APT01493,PAT00490,DOC11,21/07/2022,15:00,Kelelahan,completed,200000,BPJS
APT01494,PAT01736,DOC21,23-11-2023,15:00,Sembelit,completed,100000,BPJS
APT01495,PAT01370,DOC16,2022-04-15,08:00,Konsultasi KB,no_show,225000,Tunai
APT01496,PAT00386,DOC18,2023-10-18,11:00,Kontrol rutin,completed,275000,BPJS
APT01497,PAT00090,DOC19,09/09/2021,08:00,Alergi kulit,completed,75000,BPJS
APT01498,PAT01299,DOC05,2023-05-02,16:00,Alergi kulit,completed,275000,Transfer
APT01499,PAT01909,DOC15,13/12/2023,12:00,Kontrol diabetes,completed,150000,BPJS
APT01500,PAT01130,DOC14,2023-11-27,15:00,Tekanan darah tinggi,completed,175000,Tunai
APT01501,PAT01348,DOC10,04-01-2024,08:00,Mata merah,completed,225000,Transfer
APT01502,PAT00562,DOC14,27/06/2023,11:00,Cek gula darah,completed,175000,BPJS
APT01503,PAT01680,DOC13,26/05/2023,14:00,Susah tidur,completed,75000,BPJS
APT01504,PAT01922,DOC25,2021-12-14,13:00,Sakit gigi,rescheduled,350000,Transfer
APT01505,PAT01505,DOC07,2024-03-16,09:00,Luka pada kaki,completed,100000,Transfer
APT01506,PAT01014,DOC07,25-09-2024,09:00,Kelelahan,completed,100000,Transfer
APT01507,PAT00222,DOC24,12/05/2024,14:00,Sariawan parah,no_show,60000,Transfer
APT01508,PAT00736,DOC23,2024-09-11,14:00,Batuk berdahak,completed,100000,Transfer
APT01509,PAT00026,DOC02,2023-07-21,11:00,Asma kambuh,completed,275000,Asuransi
APT01510,PAT00315,DOC06,23-08-2024,14:00,Sesak napas,completed,60000,Tunai
APT01511,PAT00525,DOC21,24-11-2022,09:00,Demam dan batuk,completed,100000,Asuransi
APT01512,PAT00328,DOC06,2023-09-13,13:00,Pilek dan flu,completed,60000,BPJS
APT01513,PAT00694,DOC12,2024-02-07,13:00,Imunisasi anak,completed,350000,Transfer
APT01514,PAT01314,DOC05,16/04/2024,15:00,Kontrol diabetes,completed,275000,BPJS
APT01515,PAT00093,DOC09,22/10/2021,12:00,Pusing dan mual,completed,350000,BPJS
APT01516,PAT00629,DOC07,11-12-2021,10:00,USG kehamilan,completed,100000,Transfer
APT01517,PAT00095,DOC18,23-11-2021,11:00,Tidak nafsu makan,cancelled,275000,Tunai
APT01518,PAT00367,DOC19,2024-12-02,10:00,Demam tinggi,completed,75000,BPJS
APT01519,PAT01270,DOC25,2023-12-21,13:00,Pusing dan mual,completed,350000,BPJS
APT01520,PAT01828,DOC22,09/10/2023,10:00,Tekanan darah tinggi,completed,175000,Transfer
APT01521,PAT01307,DOC12,13-04-2023,09:00,Cek kesehatan umum,completed,350000,Transfer
APT01522,PAT00808,DOC05,2024-12-05,12:00,Sakit kepala,completed,275000,Transfer
APT01523,PAT01650,DOC14,24/01/2025,13:00,Imunisasi anak,completed,175000,Transfer
APT01524,PAT00112,DOC18,2024-03-21,16:00,Konsultasi kehamilan,completed,275000,BPJS
APT01525,PAT01540,DOC16,22/11/2023,15:00,USG kehamilan,completed,225000,BPJS
APT01526,PAT00104,DOC15,10-10-2023,10:00,Cek kesehatan umum,completed,150000,Tunai
APT01527,PAT00818,DOC14,07-06-2024,14:00,Konsultasi KB,completed,175000,BPJS
APT01528,PAT01409,DOC18,04-12-2022,14:00,Demam dan batuk,completed,275000,Asuransi
APT01529,PAT01298,DOC10,2024-07-19,16:00,Cek mata kabur,completed,225000,Tunai
APT01530,PAT00326,DOC22,2024-10-17,13:00,Sakit kepala,completed,175000,Tunai
APT01531,PAT00670,DOC11,30-08-2024,10:00,Sakit pinggang,completed,200000,BPJS
APT01532,PAT00339,DOC19,18-02-2024,10:00,Mual muntah,completed,75000,BPJS
APT01533,PAT01159,DOC25,22/03/2023,11:00,Pusing dan mual,completed,350000,BPJS
APT01534,PAT00918,DOC24,2025-01-27,10:00,Tidak nafsu makan,completed,60000,BPJS
APT01535,PAT01295,DOC10,24/05/2024,16:00,Konsultasi KB,completed,225000,BPJS
APT01536,PAT00970,DOC02,17/08/2023,15:00,Cek gula darah,completed,275000,BPJS
APT01537,PAT01600,DOC22,2022-10-07,12:00,Nyeri sendi,no_show,175000,BPJS
APT01538,PAT00853,DOC13,07-07-2024,08:00,Telinga sakit,rescheduled,75000,Asuransi
APT01539,PAT01920,DOC10,2024-10-19,14:00,Pilek dan flu,cancelled,225000,Tunai
APT01540,PAT00099,DOC13,25-10-2024,14:00,Tekanan darah tinggi,completed,75000,Tunai
APT01541,PAT01667,DOC18,06-01-2024,16:00,Susah tidur,completed,275000,Transfer
APT01542,PAT01931,DOC20,17/08/2023,12:00,Nyeri sendi,completed,150000,Transfer
APT01543,PAT01832,DOC09,19-12-2021,11:00,USG kehamilan,completed,350000,BPJS
APT01544,PAT00171,DOC17,2023-11-12,13:00,Cek mata kabur,completed,90000,BPJS
APT01545,PAT00471,DOC22,2023-07-31,12:00,Gigi berlubang,no_show,175000,Tunai
APT01546,PAT01997,DOC18,29/01/2024,11:00,Sakit tenggorokan,completed,275000,Tunai
APT01547,PAT00508,DOC18,2021-12-15,09:00,Kontrol diabetes,completed,275000,Transfer
APT01548,PAT01518,DOC07,2024-03-14,15:00,Cek mata kabur,completed,100000,Transfer
APT01549,PAT00140,DOC05,2023-02-20,15:00,Tidak nafsu makan,cancelled,275000,Transfer
APT01550,PAT01986,DOC08,28-01-2025,16:00,Demam dan batuk,completed,175000,Asuransi
APT01551,PAT01590,DOC22,19-05-2023,10:00,Sakit kepala,completed,175000,BPJS
APT01552,PAT00790,DOC07,19/11/2023,16:00,Demam pada anak,completed,100000,Asuransi
APT01553,PAT00064,DOC01,28/09/2022,11:00,Pendarahan gusi,completed,225000,BPJS
APT01554,PAT00746,DOC05,2024-07-06,09:00,Imunisasi anak,completed,275000,Tunai
APT01555,PAT01667,DOC13,25-01-2023,09:00,Sakit gigi,no_show,75000,Tunai
APT01556,PAT01216,DOC18,16-11-2022,09:00,Tekanan darah tinggi,completed,275000,Tunai
APT01557,PAT00094,DOC06,2024-08-02,09:00,Bisul,completed,60000,Transfer
APT01558,PAT01875,DOC14,10-02-2024,10:00,Kontrol rutin,completed,175000,BPJS
APT01559,PAT00375,DOC20,2024-08-23,08:00,Mata merah,completed,150000,Tunai
APT01560,PAT01359,DOC25,2024-11-21,15:00,Batuk berdahak,rescheduled,350000,Transfer
APT01561,PAT01852,DOC19,04/11/2021,08:00,Demam dan batuk,no_show,75000,Tunai
APT01562,PAT01344,DOC19,2024-11-13,09:00,Luka pada kaki,rescheduled,75000,BPJS
APT01563,PAT01780,DOC11,2024-10-26,11:00,Cek gula darah,completed,200000,BPJS
APT01564,PAT01741,DOC10,22-11-2024,11:00,Nyeri sendi,completed,225000,BPJS
APT01565,PAT01606,DOC17,2024-02-11,09:00,Demam pada anak,completed,90000,Tunai
APT01566,PAT00641,DOC10,2024-09-13,12:00,Alergi kulit,completed,225000,Transfer
APT01567,PAT00237,DOC04,2024-09-04,08:00,Bisul,completed,225000,BPJS
APT01568,PAT00023,DOC05,28/09/2024,10:00,Sembelit,completed,275000,Tunai
APT01569,PAT01856,DOC02,2024-04-21,08:00,Kontrol rutin,completed,275000,Transfer
APT01570,PAT00487,DOC22,18-01-2025,16:00,Demam dan batuk,no_show,175000,Tunai
APT01571,PAT01911,DOC24,2022-10-24,12:00,Sariawan parah,completed,60000,BPJS
APT01572,PAT00367,DOC07,2024-05-15,09:00,Mual muntah,completed,100000,BPJS
APT01573,PAT00052,DOC12,2024-07-20,11:00,Cek gula darah,cancelled,350000,BPJS
APT01574,PAT01430,DOC03,2024-07-29,11:00,Diare,completed,250000,Transfer
APT01575,PAT00383,DOC23,08/05/2024,14:00,Tekanan darah tinggi,no_show,100000,Transfer
APT01576,PAT00303,DOC21,06/03/2022,10:00,Pilek dan flu,completed,100000,BPJS
APT01577,PAT00229,DOC04,16/07/2024,15:00,Sariawan parah,completed,225000,BPJS
APT01578,PAT01486,DOC10,2023-01-12,16:00,Konsultasi kehamilan,completed,225000,Tunai
APT01579,PAT01824,DOC13,2024-05-08,08:00,Sakit tenggorokan,completed,75000,Asuransi
APT01580,PAT00822,DOC15,08/04/2024,09:00,Demam tinggi,completed,150000,Transfer
APT01581,PAT01891,DOC15,23/01/2025,16:00,Cek mata kabur,completed,150000,Tunai
APT01582,PAT01952,DOC20,2021-09-01,10:00,Batuk berdahak,completed,150000,BPJS
APT01583,PAT00683,DOC07,18-05-2024,14:00,Nyeri sendi,completed,100000,BPJS
APT01584,PAT00886,DOC15,2024-08-09,08:00,Tekanan darah tinggi,completed,150000,Tunai
APT01585,PAT00084,DOC20,2024-12-01,12:00,Pilek dan flu,completed,150000,BPJS
APT01586,PAT01405,DOC11,25/01/2024,08:00,Sakit gigi,completed,200000,BPJS
APT01587,PAT00740,DOC07,22-04-2023,16:00,Sesak napas,completed,100000,Tunai
APT01588,PAT00125,DOC22,2024-10-25,08:00,Asma kambuh,completed,175000,Transfer
APT01589,PAT01629,DOC11,2021-06-06,16:00,Nyeri sendi,completed,200000,Transfer
APT01590,PAT00656,DOC06,2024-06-26,12:00,Cek mata kabur,completed,60000,Tunai
APT01591,PAT00915,DOC02,2023-02-02,15:00,Kelelahan,completed,275000,BPJS
APT01592,PAT00894,DOC15,06/12/2024,15:00,Gigi berlubang,rescheduled,150000,Tunai
APT01593,PAT01146,DOC21,2025-01-15,11:00,Sakit kepala,completed,100000,Transfer
APT01594,PAT00805,DOC09,2024-03-26,08:00,Sakit pinggang,completed,350000,Tunai
APT01595,PAT00476,DOC11,07-10-2024,08:00,Pilek dan flu,completed,200000,BPJS
APT01596,PAT01849,DOC06,2024-04-21,10:00,Luka pada kaki,completed,60000,Transfer
APT01597,PAT00907,DOC08,2024-06-18,16:00,Cek gula darah,completed,175000,Transfer
APT01598,PAT00053,DOC04,2024-10-14,16:00,Mata merah,completed,225000,BPJS
APT01599,PAT00023,DOC12,2022-08-23,09:00,Tekanan darah tinggi,completed,350000,Tunai
APT01600,PAT01693,DOC07,30/11/2023,08:00,Alergi kulit,completed,100000,Tunai
APT01601,PAT01741,DOC13,24/11/2024,08:00,Nyeri perut,completed,75000,Transfer
APT01602,PAT01222,DOC02,2024-03-29,08:00,Cek gula darah,no_show,275000,Transfer
APT01603,PAT00085,DOC13,09/07/2023,09:00,Nyeri perut,cancelled,75000,BPJS
APT01604,PAT01307,DOC23,2023-12-15,15:00,Nyeri perut,no_show,100000,Tunai
APT01605,PAT00944,DOC02,2024-06-05,14:00,Sesak napas,completed,275000,Tunai
APT01606,PAT00721,DOC15,2025-01-18,14:00,Kelelahan,completed,150000,Tunai
APT01607,PAT00831,DOC07,2024-10-31,09:00,Tekanan darah tinggi,completed,100000,BPJS
APT01608,PAT01699,DOC02,2024-07-29,08:00,Cek kesehatan umum,completed,275000,BPJS
APT01609,PAT01113,DOC22,2022-12-29,11:00,Sembelit,completed,175000,Asuransi
APT01610,PAT00247,DOC19,25-12-2023,09:00,Sakit tenggorokan,no_show,75000,Asuransi
APT01611,PAT01682,DOC11,2023-09-12,15:00,Kontrol diabetes,completed,200000,BPJS
APT01612,PAT00900,DOC14,2021-10-24,13:00,Diare,completed,175000,BPJS
APT01613,PAT01157,DOC13,19/03/2023,09:00,Vaksin flu,completed,75000,Tunai
APT01614,PAT01164,DOC05,2021-12-11,15:00,Alergi kulit,completed,275000,BPJS
APT01615,PAT00679,DOC03,2024-05-25,15:00,Kontrol rutin,completed,250000,Tunai
APT01616,PAT01812,DOC05,2023-03-21,16:00,Demam dan batuk,rescheduled,275000,Transfer
APT01617,PAT01442,DOC12,18/07/2023,12:00,Asma kambuh,completed,350000,Tunai
APT01618,PAT01790,DOC06,25-06-2024,15:00,Diare,cancelled,60000,Asuransi
APT01619,PAT01766,DOC07,31/12/2024,10:00,Gigi berlubang,completed,100000,Transfer
APT01620,PAT01879,DOC12,2024-08-01,10:00,Sembelit,completed,350000,Transfer
APT01621,PAT01074,DOC19,25-12-2024,15:00,Mata merah,completed,75000,Transfer
APT01622,PAT01452,DOC17,2024-07-25,10:00,Luka pada kaki,completed,90000,Tunai
APT01623,PAT01269,DOC20,2022-09-19,11:00,Sakit pinggang,cancelled,150000,Transfer
APT01624,PAT01827,DOC22,2024-07-08,08:00,Tekanan darah tinggi,completed,175000,BPJS
APT01625,PAT00062,DOC20,2024-04-19,16:00,Kontrol diabetes,completed,150000,BPJS
APT01626,PAT00401,DOC23,2024-12-24,16:00,Cek kesehatan umum,completed,100000,BPJS
APT01627,PAT00587,DOC18,2023-01-07,12:00,Diare,completed,275000,BPJS
APT01628,PAT00509,DOC19,01-05-2023,13:00,Kontrol diabetes,completed,75000,BPJS
APT01629,PAT00269,DOC23,08-04-2023,09:00,Bisul,cancelled,100000,Tunai
APT01630,PAT00853,DOC22,2025-01-02,14:00,Tekanan darah tinggi,completed,175000,Asuransi
APT01631,PAT00970,DOC08,24/12/2023,11:00,Mata merah,completed,175000,BPJS
APT01632,PAT01833,DOC01,05-06-2024,10:00,Gigi berlubang,completed,225000,Asuransi
APT01633,PAT00842,DOC14,16/02/2024,11:00,Sesak napas,completed,175000,BPJS
APT01634,PAT00239,DOC09,29/06/2024,10:00,Pilek dan flu,completed,350000,BPJS
APT01635,PAT00816,DOC23,2023-08-20,12:00,Sakit pinggang,completed,100000,BPJS
APT01636,PAT01992,DOC14,25/11/2022,14:00,Tekanan darah tinggi,completed,175000,Tunai
APT01637,PAT01140,DOC14,27-02-2023,11:00,Imunisasi anak,completed,175000,Transfer
APT01638,PAT00941,DOC02,2023-01-02,12:00,Sesak napas,cancelled,275000,BPJS
APT01639,PAT00744,DOC23,2022-01-27,12:00,Konsultasi kehamilan,no_show,100000,BPJS
APT01640,PAT01785,DOC10,07/09/2022,09:00,Nyeri perut,completed,225000,BPJS
APT01641,PAT00957,DOC11,14/04/2023,12:00,Sakit gigi,completed,200000,Transfer
APT01642,PAT00681,DOC16,2023-06-01,10:00,Pilek dan flu,completed,225000,Tunai
APT01643,PAT01089,DOC23,2023-04-02,10:00,Cek kesehatan umum,completed,100000,BPJS
APT01644,PAT00487,DOC17,21-04-2023,13:00,Nyeri perut,completed,90000,BPJS
APT01645,PAT01279,DOC04,2024-04-18,14:00,Sesak napas,completed,225000,BPJS
APT01646,PAT01315,DOC20,2022-11-02,12:00,Mual muntah,completed,150000,BPJS
APT01647,PAT00365,DOC19,2024-10-04,16:00,Asma kambuh,completed,75000,BPJS
APT01648,PAT00519,DOC15,14-05-2023,13:00,Konsultasi kehamilan,completed,150000,Transfer
APT01649,PAT01267,DOC17,12-03-2024,13:00,Sariawan parah,no_show,90000,Tunai
APT01650,PAT00738,DOC08,2022-10-18,08:00,Luka pada kaki,completed,175000,BPJS
APT01651,PAT01658,DOC04,2022-11-17,13:00,Nyeri perut,completed,225000,Tunai
APT01652,PAT00452,DOC09,2023-10-06,10:00,Mata merah,completed,350000,BPJS
APT01653,PAT00696,DOC15,2025-01-13,10:00,Nyeri sendi,completed,150000,Asuransi
APT01654,PAT01516,DOC07,2023-08-09,08:00,Kelelahan,completed,100000,BPJS
APT01655,PAT00288,DOC09,07/09/2023,12:00,Mata merah,rescheduled,350000,BPJS
APT01656,PAT01096,DOC21,08-09-2023,10:00,Cek kesehatan umum,completed,100000,BPJS
APT01657,PAT01526,DOC02,12/11/2024,09:00,Sesak napas,completed,275000,Transfer
APT01658,PAT00028,DOC14,01-01-2024,14:00,Demam tinggi,completed,175000,BPJS
APT01659,PAT00774,DOC20,14-08-2024,11:00,Asma kambuh,completed,150000,BPJS
APT01660,PAT01244,DOC04,14-07-2024,09:00,Susah tidur,completed,225000,BPJS
APT01661,PAT01225,DOC23,2024-05-28,14:00,Sakit pinggang,completed,100000,Tunai
APT01662,PAT00870,DOC03,28/01/2025,12:00,Asma kambuh,rescheduled,250000,Asuransi
APT01663,PAT00717,DOC19,25/06/2023,09:00,Sakit tenggorokan,completed,75000,BPJS
APT01664,PAT00653,DOC01,2023-12-09,11:00,Pilek dan flu,cancelled,225000,BPJS
APT01665,PAT00091,DOC01,04/12/2024,12:00,Gigi berlubang,rescheduled,225000,BPJS
APT01666,PAT01865,DOC16,2023-02-08,16:00,USG kehamilan,completed,225000,Tunai
APT01667,PAT00852,DOC17,12-03-2024,10:00,Demam tinggi,rescheduled,90000,BPJS
APT01668,PAT00124,DOC18,27/08/2024,09:00,Nyeri sendi,completed,275000,Transfer
APT01669,PAT01123,DOC10,2022-08-23,13:00,Kontrol rutin,completed,225000,BPJS
APT01670,PAT01267,DOC13,20/07/2023,15:00,Kelelahan,cancelled,75000,Transfer
APT01671,PAT00336,DOC02,18/01/2024,09:00,Sakit gigi,cancelled,275000,Tunai
APT01672,PAT00570,DOC09,24/09/2023,12:00,Kontrol diabetes,completed,350000,BPJS
APT01673,PAT01315,DOC16,23-12-2022,15:00,Tekanan darah tinggi,completed,225000,BPJS
APT01674,PAT01445,DOC18,25/12/2024,14:00,Nyeri perut,no_show,275000,BPJS
APT01675,PAT01186,DOC12,2024-01-26,16:00,Batuk berdahak,completed,350000,Transfer
APT01676,PAT01452,DOC20,2023-04-20,15:00,Batuk berdahak,completed,150000,Transfer
APT01677,PAT01429,DOC14,03/03/2024,15:00,Konsultasi KB,cancelled,175000,Tunai
APT01678,PAT00350,DOC19,14/09/2022,08:00,Sakit pinggang,completed,75000,BPJS
APT01679,PAT01022,DOC16,2024-08-07,15:00,Konsultasi KB,completed,225000,Tunai
APT01680,PAT01738,DOC07,13/05/2024,15:00,Alergi kulit,completed,100000,Tunai
APT01681,PAT00961,DOC10,03/12/2024,09:00,Kontrol rutin,cancelled,225000,Transfer
APT01682,PAT01202,DOC07,2024-08-24,12:00,Sembelit,completed,100000,BPJS
APT01683,PAT00649,DOC01,28/06/2024,12:00,Gatal pada kulit,no_show,225000,Transfer
APT01684,PAT00115,DOC08,04/07/2024,14:00,Sakit kepala,completed,175000,Asuransi
APT01685,PAT01087,DOC12,29-07-2024,14:00,Alergi kulit,completed,350000,Tunai
APT01686,PAT01751,DOC20,03/02/2024,11:00,Telinga sakit,completed,150000,BPJS
APT01687,PAT01386,DOC15,2024-01-07,08:00,Tidak nafsu makan,completed,150000,BPJS
APT01688,PAT01732,DOC03,2022-05-18,09:00,Gigi berlubang,completed,250000,Tunai
APT01689,PAT01025,DOC10,2024-07-25,14:00,Tekanan darah tinggi,completed,225000,Asuransi
APT01690,PAT00778,DOC10,2024-12-19,12:00,Sakit tenggorokan,completed,225000,Tunai
APT01691,PAT00048,DOC05,2023-04-14,13:00,Pendarahan gusi,completed,275000,BPJS
APT01692,PAT00125,DOC17,2024-10-28,11:00,Batuk berdahak,completed,90000,Transfer
APT01693,PAT00765,DOC08,2024-08-12,10:00,Sesak napas,completed,175000,BPJS
APT01694,PAT00964,DOC25,2024-08-07,13:00,Kontrol rutin,completed,350000,BPJS
APT01695,PAT01481,DOC14,31/12/2024,13:00,Batuk berdahak,rescheduled,175000,BPJS
APT01696,PAT01836,DOC08,2024-10-13,12:00,Bisul,completed,175000,BPJS
APT01697,PAT01490,DOC24,01/07/2022,13:00,Nyeri perut,cancelled,60000,BPJS
APT01698,PAT00350,DOC11,03/07/2024,12:00,Cek mata kabur,completed,200000,BPJS
APT01699,PAT01625,DOC19,2025-01-12,08:00,Pilek dan flu,cancelled,75000,Transfer
APT01700,PAT01650,DOC11,24/05/2022,10:00,Vaksin flu,completed,200000,Transfer
APT01701,PAT01540,DOC21,12/08/2022,12:00,Sariawan parah,completed,100000,BPJS
APT01702,PAT00672,DOC06,28/09/2022,14:00,Tidak nafsu makan,completed,60000,BPJS
APT01703,PAT01390,DOC19,2024-10-27,08:00,Pusing dan mual,completed,75000,Tunai
APT01704,PAT01680,DOC08,2024-04-24,13:00,Sesak napas,completed,175000,BPJS
APT01705,PAT00897,DOC01,06/06/2024,16:00,Nyeri sendi,completed,225000,BPJS
APT01706,PAT00702,DOC19,02/07/2024,10:00,Sakit gigi,completed,75000,Asuransi
APT01707,PAT00850,DOC19,20/05/2023,15:00,Batuk berdahak,completed,75000,BPJS
APT01708,PAT01715,DOC23,18-03-2024,13:00,Nyeri perut,completed,100000,BPJS
APT01709,PAT01384,DOC20,22-11-2024,14:00,Mata merah,no_show,150000,Asuransi
APT01710,PAT00330,DOC20,2023-06-07,14:00,Nyeri perut,completed,150000,BPJS
APT01711,PAT00268,DOC24,20-07-2024,10:00,Sakit kepala,completed,60000,Transfer
APT01712,PAT00122,DOC17,27/05/2023,10:00,Sakit kepala,completed,90000,BPJS
APT01713,PAT01620,DOC08,2022-08-30,12:00,Cek mata kabur,completed,175000,Tunai
APT01714,PAT00142,DOC17,24-12-2024,15:00,Susah tidur,completed,90000,Transfer
APT01715,PAT00387,DOC15,2022-09-29,16:00,Cek gula darah,completed,150000,Transfer
APT01716,PAT01848,DOC12,26/08/2024,11:00,Konsultasi kehamilan,completed,350000,Tunai
APT01717,PAT00085,DOC10,30/04/2022,09:00,Vaksin flu,completed,225000,BPJS
APT01718,PAT01648,DOC13,26-09-2021,11:00,Imunisasi anak,no_show,75000,Tunai
APT01719,PAT00126,DOC17,10/10/2023,12:00,Sakit gigi,completed,90000,BPJS
APT01720,PAT01084,DOC21,2024-05-23,11:00,Cek mata kabur,completed,100000,Transfer
APT01721,PAT00112,DOC22,2022-08-11,08:00,Konsultasi KB,completed,175000,BPJS
APT01722,PAT00179,DOC08,2024-06-02,16:00,Sembelit,cancelled,175000,BPJS
APT01723,PAT01498,DOC06,2022-01-14,08:00,Pendarahan gusi,completed,60000,BPJS
APT01724,PAT01905,DOC14,08/06/2024,14:00,Tidak nafsu makan,no_show,175000,BPJS
APT01725,PAT01604,DOC15,28-10-2023,11:00,Cek mata kabur,completed,150000,BPJS
APT01726,PAT01568,DOC15,02-06-2023,12:00,Telinga sakit,completed,150000,Transfer
APT01727,PAT00612,DOC11,05-12-2024,08:00,Konsultasi kehamilan,completed,200000,Asuransi
APT01728,PAT01843,DOC17,2024-03-09,13:00,Nyeri sendi,completed,90000,BPJS
APT01729,PAT00734,DOC25,04/05/2024,09:00,Gigi berlubang,completed,350000,Tunai
APT01730,PAT00782,DOC20,2023-03-25,13:00,Demam pada anak,no_show,150000,BPJS
APT01731,PAT00482,DOC02,26/05/2024,10:00,Imunisasi anak,completed,275000,BPJS
APT01732,PAT00387,DOC21,26/05/2022,11:00,Demam pada anak,no_show,100000,Tunai
APT01733,PAT00638,DOC21,29/06/2024,13:00,Sakit pinggang,completed,100000,BPJS
APT01734,PAT00952,DOC01,28-11-2023,14:00,Nyeri sendi,completed,225000,BPJS
APT01735,PAT00886,DOC05,14/11/2024,08:00,Mual muntah,no_show,275000,Transfer
APT01736,PAT00577,DOC23,14-08-2022,13:00,Demam tinggi,no_show,100000,Asuransi
APT01737,PAT00627,DOC17,29/05/2024,14:00,Tekanan darah tinggi,completed,90000,BPJS
APT01738,PAT01910,DOC14,31-01-2025,12:00,Bisul,completed,175000,Asuransi
APT01739,PAT01505,DOC09,2023-08-28,15:00,Pendarahan gusi,completed,350000,Transfer
APT01740,PAT00511,DOC02,30/03/2023,12:00,Gigi berlubang,no_show,275000,BPJS
APT01741,PAT01161,DOC11,07-11-2024,15:00,Tekanan darah tinggi,completed,200000,BPJS
APT01742,PAT00344,DOC22,29/01/2024,10:00,Gatal pada kulit,completed,175000,Transfer
APT01743,PAT01039,DOC20,27-08-2024,15:00,Luka pada kaki,completed,150000,BPJS
APT01744,PAT00330,DOC12,2024-11-24,10:00,Sembelit,completed,350000,BPJS
APT01745,PAT01087,DOC25,02-10-2022,12:00,Konsultasi KB,no_show,350000,Transfer
APT01746,PAT01950,DOC03,2023-10-07,13:00,USG kehamilan,completed,250000,Transfer
APT01747,PAT00138,DOC24,2024-11-21,12:00,Batuk berdahak,cancelled,60000,BPJS
APT01748,PAT01346,DOC10,02/02/2023,14:00,Nyeri sendi,completed,225000,BPJS
APT01749,PAT00296,DOC08,15/12/2024,08:00,Sakit kepala,completed,175000,Tunai
APT01750,PAT00149,DOC12,19/01/2024,12:00,Pusing dan mual,rescheduled,350000,Tunai
APT01751,PAT00770,DOC16,2024-06-30,13:00,Sakit pinggang,completed,225000,BPJS
APT01752,PAT01012,DOC01,11-08-2023,16:00,Pendarahan gusi,cancelled,225000,Tunai
APT01753,PAT01561,DOC16,2025-01-18,13:00,Kontrol rutin,completed,225000,BPJS
APT01754,PAT01830,DOC22,2023-09-18,14:00,Asma kambuh,cancelled,175000,Tunai
APT01755,PAT01534,DOC20,2024-11-25,11:00,Alergi kulit,completed,150000,BPJS
APT01756,PAT00294,DOC25,03/09/2024,13:00,Kontrol rutin,cancelled,350000,BPJS
APT01757,PAT01859,DOC17,2021-12-09,08:00,Cek kesehatan umum,completed,90000,BPJS
APT01758,PAT00946,DOC16,06-08-2021,15:00,Mata merah,completed,225000,BPJS
APT01759,PAT01436,DOC14,2022-03-07,11:00,Sakit tenggorokan,completed,175000,BPJS
APT01760,PAT00201,DOC08,12/09/2024,12:00,Demam dan batuk,completed,175000,BPJS
APT01761,PAT01204,DOC20,18/08/2023,09:00,Mual muntah,completed,150000,Transfer
APT01762,PAT00717,DOC16,12/05/2024,10:00,Tidak nafsu makan,completed,225000,BPJS
APT01763,PAT00592,DOC21,28/05/2023,16:00,Imunisasi anak,completed,100000,BPJS
APT01764,PAT01558,DOC18,22-08-2024,15:00,Kelelahan,completed,275000,Transfer
APT01765,PAT01886,DOC03,10-09-2023,08:00,Alergi kulit,completed,250000,BPJS
APT01766,PAT01068,DOC17,08/12/2021,13:00,Telinga sakit,completed,90000,BPJS
APT01767,PAT00225,DOC23,11/06/2023,13:00,Cek mata kabur,cancelled,100000,BPJS
APT01768,PAT00166,DOC14,2024-02-03,16:00,Pendarahan gusi,completed,175000,Transfer
APT01769,PAT00089,DOC19,04-10-2022,14:00,Mata merah,completed,75000,BPJS
APT01770,PAT00514,DOC14,24-01-2025,08:00,Sakit pinggang,completed,175000,Transfer
APT01771,PAT01808,DOC12,24/05/2023,09:00,Cek mata kabur,cancelled,350000,BPJS
APT01772,PAT01769,DOC03,2024-07-13,11:00,Pendarahan gusi,completed,250000,BPJS
APT01773,PAT00851,DOC07,12/08/2022,10:00,Nyeri sendi,completed,100000,Transfer
APT01774,PAT01907,DOC03,05/07/2024,10:00,Demam pada anak,completed,250000,BPJS
APT01775,PAT01244,DOC13,2024-06-03,10:00,Pilek dan flu,completed,75000,BPJS
APT01776,PAT01314,DOC23,06/11/2024,15:00,Cek kesehatan umum,rescheduled,100000,Tunai
APT01777,PAT01720,DOC25,16/11/2024,14:00,Pendarahan gusi,completed,350000,BPJS
APT01778,PAT01134,DOC10,25/10/2024,15:00,Sariawan parah,completed,225000,Asuransi
APT01779,PAT01286,DOC20,2023-09-15,11:00,Pilek dan flu,no_show,150000,Transfer
APT01780,PAT00871,DOC08,2023-09-29,13:00,Tekanan darah tinggi,no_show,175000,BPJS
APT01781,PAT01285,DOC02,21/08/2023,11:00,Mual muntah,completed,275000,Transfer
APT01782,PAT01793,DOC06,05-06-2022,13:00,Sariawan parah,completed,60000,BPJS
APT01783,PAT00865,DOC09,03-10-2022,11:00,Demam dan batuk,completed,350000,BPJS
APT01784,PAT00275,DOC16,19-03-2024,14:00,Pendarahan gusi,completed,225000,BPJS
APT01785,PAT00227,DOC16,2024-05-07,11:00,Sakit tenggorokan,rescheduled,225000,Transfer
APT01786,PAT00186,DOC19,01/08/2024,14:00,Mata merah,completed,75000,BPJS
APT01787,PAT01398,DOC21,14/04/2023,16:00,Demam pada anak,completed,100000,BPJS
APT01788,PAT00464,DOC13,10-06-2021,14:00,Pusing dan mual,completed,75000,BPJS
APT01789,PAT00395,DOC01,2024-08-05,11:00,Telinga sakit,completed,225000,Transfer
APT01790,PAT00964,DOC07,26/04/2024,15:00,Luka pada kaki,completed,100000,BPJS
APT01791,PAT00802,DOC20,14-01-2023,10:00,Konsultasi KB,completed,150000,Transfer
APT01792,PAT00634,DOC03,02-02-2022,12:00,Demam dan batuk,completed,250000,BPJS
APT01793,PAT00445,DOC24,23-04-2022,15:00,Konsultasi kehamilan,completed,60000,Tunai
APT01794,PAT00447,DOC25,17/02/2022,12:00,Susah tidur,no_show,350000,Tunai
APT01795,PAT01453,DOC15,12/06/2024,14:00,Konsultasi kehamilan,completed,150000,BPJS
APT01796,PAT00261,DOC22,28-12-2024,11:00,Sakit pinggang,cancelled,175000,BPJS
APT01797,PAT00166,DOC04,28-06-2024,16:00,Pusing dan mual,completed,225000,Tunai
APT01798,PAT01978,DOC08,21/12/2024,08:00,Alergi kulit,completed,175000,Transfer
APT01799,PAT00675,DOC17,22/07/2024,10:00,Nyeri perut,completed,90000,Tunai
APT01800,PAT00686,DOC07,10-07-2024,09:00,Sakit tenggorokan,completed,100000,BPJS
APT01801,PAT01344,DOC06,04/09/2024,09:00,Luka pada kaki,completed,60000,BPJS
APT01802,PAT01629,DOC20,01-08-2021,11:00,Kontrol diabetes,completed,150000,Transfer
APT01803,PAT00789,DOC13,18/04/2024,14:00,USG kehamilan,completed,75000,BPJS
APT01804,PAT00984,DOC06,22-08-2024,09:00,Mata merah,completed,60000,BPJS
APT01805,PAT00849,DOC11,2025-01-16,16:00,Sesak napas,completed,200000,BPJS
APT01806,PAT00021,DOC07,2024-05-28,15:00,USG kehamilan,cancelled,100000,Tunai
APT01807,PAT01469,DOC06,06/01/2025,12:00,Sakit kepala,completed,60000,BPJS
APT01808,PAT01005,DOC12,2024-01-27,13:00,Imunisasi anak,completed,350000,BPJS
APT01809,PAT01352,DOC07,2022-10-30,12:00,Sakit pinggang,completed,100000,Tunai
APT01810,PAT01732,DOC23,05/12/2023,13:00,Cek mata kabur,completed,100000,Transfer
APT01811,PAT01701,DOC04,31/10/2024,13:00,Gigi berlubang,rescheduled,225000,BPJS
APT01812,PAT00112,DOC12,2023-11-08,16:00,Luka pada kaki,completed,350000,Tunai
APT01813,PAT00127,DOC15,26/01/2023,10:00,Kontrol diabetes,completed,150000,BPJS
APT01814,PAT00311,DOC10,2024-12-03,12:00,Sembelit,completed,225000,Asuransi
APT01815,PAT00148,DOC17,2024-01-04,10:00,Konsultasi KB,completed,90000,Tunai
APT01816,PAT00488,DOC17,2024-09-03,10:00,Demam dan batuk,completed,90000,Tunai
APT01817,PAT00672,DOC04,13-02-2023,15:00,Asma kambuh,completed,225000,BPJS
APT01818,PAT00848,DOC09,22-01-2024,09:00,Mata merah,completed,350000,Transfer
APT01819,PAT01487,DOC03,12/09/2024,13:00,Asma kambuh,completed,250000,Asuransi
APT01820,PAT01719,DOC12,2022-11-18,16:00,Tekanan darah tinggi,completed,350000,BPJS
APT01821,PAT01441,DOC25,2024-02-10,09:00,Sariawan parah,completed,350000,Transfer
APT01822,PAT01345,DOC09,2024-11-10,08:00,Diare,completed,350000,Transfer
APT01823,PAT00625,DOC18,09/11/2024,12:00,Pendarahan gusi,completed,275000,Transfer
APT01824,PAT00389,DOC22,14/08/2024,13:00,Luka pada kaki,completed,175000,Transfer
APT01825,PAT01708,DOC14,2024-07-22,09:00,Mata merah,completed,175000,Tunai
APT01826,PAT01098,DOC14,22-05-2024,13:00,Sakit kepala,completed,175000,BPJS
APT01827,PAT01449,DOC19,16/11/2024,09:00,Demam pada anak,completed,75000,Transfer
APT01828,PAT00710,DOC24,04/02/2024,15:00,Kelelahan,completed,60000,BPJS
APT01829,PAT00291,DOC07,30-07-2024,13:00,Pendarahan gusi,completed,100000,BPJS
APT01830,PAT00786,DOC01,2025-01-28,09:00,Pendarahan gusi,completed,225000,BPJS
APT01831,PAT00179,DOC05,26/08/2024,15:00,Sakit kepala,completed,275000,BPJS
APT01832,PAT00785,DOC04,2023-11-26,11:00,Cek mata kabur,completed,225000,BPJS
APT01833,PAT01445,DOC17,2024-05-22,16:00,Kontrol rutin,no_show,90000,BPJS
APT01834,PAT00279,DOC01,03/07/2024,10:00,Sakit kepala,completed,225000,Tunai
APT01835,PAT01898,DOC21,27-02-2023,16:00,Bisul,completed,100000,Tunai
APT01836,PAT01933,DOC03,2023-01-13,08:00,Sariawan parah,no_show,250000,Transfer
APT01837,PAT00875,DOC13,27-11-2024,14:00,Gatal pada kulit,completed,75000,BPJS
APT01838,PAT00336,DOC01,29/03/2024,15:00,Gatal pada kulit,completed,225000,Transfer
APT01839,PAT01586,DOC09,2024-03-27,11:00,Mual muntah,completed,350000,BPJS
APT01840,PAT00862,DOC16,12/12/2022,15:00,Sakit tenggorokan,completed,225000,Transfer
APT01841,PAT01289,DOC23,31/01/2024,13:00,Kontrol diabetes,no_show,100000,Transfer
APT01842,PAT01005,DOC10,02/01/2024,14:00,Tidak nafsu makan,completed,225000,BPJS
APT01843,PAT00070,DOC11,2024-05-14,14:00,Asma kambuh,completed,200000,BPJS
APT01844,PAT01231,DOC08,2023-05-01,14:00,Nyeri sendi,rescheduled,175000,Transfer
APT01845,PAT00012,DOC19,01/05/2023,12:00,Alergi kulit,completed,75000,Tunai
APT01846,PAT01339,DOC18,26-09-2024,11:00,Gigi berlubang,completed,275000,Asuransi
APT01847,PAT01060,DOC17,01/06/2024,16:00,Demam tinggi,completed,90000,Asuransi
APT01848,PAT01741,DOC06,12-08-2024,11:00,Sakit tenggorokan,completed,60000,BPJS
APT01849,PAT01982,DOC19,28/09/2024,10:00,Alergi kulit,completed,75000,BPJS
APT01850,PAT00262,DOC11,04/05/2023,15:00,Kelelahan,completed,200000,BPJS
APT01851,PAT01406,DOC02,21/11/2024,13:00,Susah tidur,no_show,275000,BPJS
APT01852,PAT00627,DOC01,2022-03-29,12:00,Mual muntah,completed,225000,BPJS
APT01853,PAT01704,DOC11,28/10/2024,15:00,Demam dan batuk,completed,200000,BPJS
APT01854,PAT00053,DOC03,23-06-2024,08:00,Kontrol rutin,completed,250000,BPJS
APT01855,PAT00430,DOC17,16-05-2024,13:00,Nyeri sendi,completed,90000,Transfer
APT01856,PAT00904,DOC25,2024-03-05,12:00,Tidak nafsu makan,completed,350000,Asuransi
APT01857,PAT00500,DOC13,28/07/2024,11:00,Sariawan parah,completed,75000,BPJS
APT01858,PAT01136,DOC20,12/07/2023,09:00,Konsultasi kehamilan,cancelled,150000,Tunai
APT01859,PAT01177,DOC17,2023-12-27,14:00,Tidak nafsu makan,cancelled,90000,BPJS
APT01860,PAT01073,DOC08,10/03/2023,09:00,Imunisasi anak,completed,175000,Tunai
APT01861,PAT00718,DOC10,10/06/2024,16:00,Nyeri sendi,completed,225000,BPJS
APT01862,PAT00735,DOC21,2023-08-26,09:00,Pilek dan flu,completed,100000,Transfer
APT01863,PAT01344,DOC02,31/03/2024,13:00,Konsultasi KB,completed,275000,BPJS
APT01864,PAT01761,DOC24,26/07/2022,12:00,Tekanan darah tinggi,completed,60000,Transfer
APT01865,PAT00579,DOC03,07/06/2022,13:00,Sariawan parah,completed,250000,Tunai
APT01866,PAT01273,DOC20,2024-12-26,08:00,Gatal pada kulit,completed,150000,BPJS
APT01867,PAT00506,DOC18,14-09-2024,15:00,Cek mata kabur,completed,275000,BPJS
APT01868,PAT00798,DOC14,18/02/2023,14:00,Tekanan darah tinggi,completed,175000,Tunai
APT01869,PAT01183,DOC11,2025-01-06,09:00,Imunisasi anak,completed,200000,BPJS
APT01870,PAT00035,DOC21,12/09/2022,15:00,Bisul,completed,100000,BPJS
APT01871,PAT01094,DOC15,28/05/2023,12:00,Imunisasi anak,completed,150000,Asuransi
APT01872,PAT01082,DOC04,18/07/2024,11:00,Cek mata kabur,completed,225000,Tunai
APT01873,PAT00330,DOC23,09/01/2025,11:00,USG kehamilan,cancelled,100000,BPJS
APT01874,PAT01446,DOC01,30/06/2022,14:00,Mual muntah,no_show,225000,BPJS
APT01875,PAT01045,DOC06,2022-03-16,15:00,Demam tinggi,rescheduled,60000,BPJS
APT01876,PAT01912,DOC10,27/02/2024,09:00,Bisul,completed,225000,BPJS
APT01877,PAT00241,DOC08,24/04/2024,09:00,Nyeri perut,cancelled,175000,BPJS
APT01878,PAT01044,DOC14,08/08/2023,13:00,Asma kambuh,completed,175000,Tunai
APT01879,PAT00832,DOC15,05/07/2024,09:00,Pendarahan gusi,completed,150000,BPJS
APT01880,PAT01443,DOC22,10/09/2024,16:00,Konsultasi KB,completed,175000,BPJS
APT01881,PAT01564,DOC02,15/01/2023,08:00,Pusing dan mual,completed,275000,Tunai
APT01882,PAT01987,DOC15,08-09-2023,15:00,Sesak napas,completed,150000,BPJS
APT01883,PAT00733,DOC17,2024-01-20,10:00,Mata merah,completed,90000,Tunai
APT01884,PAT00429,DOC14,2022-04-19,14:00,Asma kambuh,cancelled,175000,Tunai
APT01885,PAT01086,DOC16,12/03/2024,10:00,Sesak napas,rescheduled,225000,Transfer
APT01886,PAT00967,DOC22,04-10-2023,14:00,Batuk berdahak,completed,175000,BPJS
APT01887,PAT01538,DOC15,15-04-2022,11:00,Kontrol diabetes,completed,150000,Transfer
APT01888,PAT01181,DOC14,21-12-2024,12:00,Demam pada anak,completed,175000,Tunai
APT01889,PAT01423,DOC24,2023-09-30,13:00,Gatal pada kulit,completed,60000,BPJS
APT01890,PAT00730,DOC25,30/03/2024,13:00,Asma kambuh,completed,350000,Asuransi
APT01891,PAT01992,DOC10,2024-08-14,16:00,Pusing dan mual,rescheduled,225000,BPJS
APT01892,PAT00286,DOC24,12/06/2024,08:00,Demam tinggi,completed,60000,Tunai
APT01893,PAT00749,DOC04,2024-11-09,09:00,Demam tinggi,no_show,225000,Asuransi
APT01894,PAT01507,DOC14,21-08-2024,11:00,Gatal pada kulit,completed,175000,Tunai
APT01895,PAT01771,DOC12,01-05-2024,13:00,Luka pada kaki,cancelled,350000,Transfer
APT01896,PAT00588,DOC24,2024-05-24,15:00,Kontrol rutin,completed,60000,BPJS
APT01897,PAT00124,DOC22,19/09/2024,16:00,Demam dan batuk,completed,175000,Transfer
APT01898,PAT01116,DOC07,2024-06-07,11:00,Nyeri perut,completed,100000,Transfer
APT01899,PAT00458,DOC09,08/09/2024,13:00,Gigi berlubang,completed,350000,BPJS
APT01900,PAT01556,DOC16,01-06-2023,16:00,Alergi kulit,completed,225000,Asuransi
APT01901,PAT00510,DOC21,21/05/2023,13:00,Mual muntah,completed,100000,BPJS
APT01902,PAT01410,DOC08,07-07-2023,16:00,Sariawan parah,completed,175000,Tunai
APT01903,PAT00501,DOC10,2024-11-17,13:00,Diare,completed,225000,BPJS
APT01904,PAT01576,DOC11,03/07/2024,08:00,Sakit pinggang,completed,200000,BPJS
APT01905,PAT00649,DOC11,08-05-2024,15:00,Susah tidur,completed,200000,Asuransi
APT01906,PAT00825,DOC07,25/04/2024,16:00,Demam dan batuk,no_show,100000,Tunai
APT01907,PAT01647,DOC06,2022-12-04,10:00,Luka pada kaki,completed,60000,BPJS
APT01908,PAT00774,DOC04,2024-12-06,14:00,Tekanan darah tinggi,completed,225000,Tunai
APT01909,PAT01863,DOC21,2024-02-19,15:00,Nyeri sendi,completed,100000,BPJS
APT01910,PAT00856,DOC24,2024-12-28,10:00,Konsultasi kehamilan,completed,60000,Transfer
APT01911,PAT00051,DOC07,06/05/2024,16:00,Telinga sakit,completed,100000,Tunai
APT01912,PAT00962,DOC18,2025-01-31,15:00,Cek gula darah,cancelled,275000,BPJS
APT01913,PAT01079,DOC04,03/09/2024,11:00,Demam tinggi,completed,225000,Transfer
APT01914,PAT00318,DOC06,2024-09-15,12:00,Pilek dan flu,cancelled,60000,Tunai
APT01915,PAT01912,DOC23,20/03/2023,10:00,Kelelahan,completed,100000,BPJS
APT01916,PAT01776,DOC25,2024-09-22,10:00,Telinga sakit,completed,350000,Tunai
APT01917,PAT01404,DOC19,23-08-2023,09:00,Kelelahan,completed,75000,Transfer
APT01918,PAT00563,DOC11,06/09/2023,12:00,Nyeri perut,completed,200000,Tunai
APT01919,PAT01256,DOC06,07/12/2023,16:00,Susah tidur,completed,60000,BPJS
APT01920,PAT00176,DOC09,22/04/2023,08:00,Gatal pada kulit,completed,350000,Transfer
APT01921,PAT00824,DOC08,2021-07-28,11:00,Tekanan darah tinggi,completed,175000,Tunai
APT01922,PAT00309,DOC14,2024-01-29,11:00,Batuk berdahak,completed,175000,BPJS
APT01923,PAT01784,DOC20,19/06/2021,12:00,Asma kambuh,no_show,150000,Transfer
APT01924,PAT01666,DOC25,2024-06-24,14:00,Demam pada anak,completed,350000,Transfer
APT01925,PAT00206,DOC14,19-11-2024,16:00,Pendarahan gusi,completed,175000,BPJS
APT01926,PAT01340,DOC05,30-12-2021,11:00,Pusing dan mual,completed,275000,BPJS
APT01927,PAT00123,DOC17,2023-07-14,10:00,Sembelit,completed,90000,BPJS
APT01928,PAT01858,DOC18,2024-04-29,14:00,Sakit gigi,completed,275000,BPJS
APT01929,PAT00611,DOC15,08/08/2024,08:00,Susah tidur,completed,150000,Transfer
APT01930,PAT00359,DOC07,12/07/2021,10:00,Demam pada anak,no_show,100000,Asuransi
APT01931,PAT00900,DOC06,2024-05-02,12:00,Kontrol diabetes,completed,60000,BPJS
APT01932,PAT01911,DOC22,17/11/2022,14:00,Konsultasi kehamilan,completed,175000,BPJS
APT01933,PAT00813,DOC07,2022-10-20,08:00,Bisul,completed,100000,BPJS
APT01934,PAT00794,DOC02,26/01/2023,15:00,Tekanan darah tinggi,completed,275000,BPJS
APT01935,PAT01982,DOC05,2023-12-09,08:00,Mata merah,cancelled,275000,BPJS
APT01936,PAT01436,DOC13,09/09/2023,08:00,Kelelahan,cancelled,75000,BPJS
APT01937,PAT01604,DOC22,13-12-2023,12:00,Sariawan parah,completed,175000,BPJS
APT01938,PAT01294,DOC03,03-11-2024,11:00,Nyeri sendi,completed,250000,BPJS
APT01939,PAT01759,DOC22,05-04-2023,11:00,Sakit tenggorokan,completed,175000,Tunai
APT01940,PAT01461,DOC23,2022-04-11,14:00,Cek mata kabur,completed,100000,BPJS
APT01941,PAT01575,DOC13,26-11-2024,10:00,Pusing dan mual,completed,75000,Tunai
APT01942,PAT00562,DOC12,2024-01-21,12:00,Nyeri perut,completed,350000,BPJS
APT01943,PAT01537,DOC01,03-07-2024,13:00,Luka pada kaki,completed,225000,Asuransi
APT01944,PAT01872,DOC13,2022-11-13,10:00,Sariawan parah,cancelled,75000,BPJS
APT01945,PAT00156,DOC25,25-12-2024,09:00,Demam dan batuk,completed,350000,Tunai
APT01946,PAT00640,DOC17,14/09/2024,09:00,Kontrol rutin,completed,90000,BPJS
APT01947,PAT01498,DOC25,2023-12-28,08:00,Gigi berlubang,completed,350000,BPJS
APT01948,PAT01775,DOC13,13-06-2021,12:00,Cek mata kabur,cancelled,75000,Asuransi
APT01949,PAT00037,DOC21,30/12/2021,15:00,Nyeri sendi,completed,100000,Transfer
APT01950,PAT01352,DOC11,28/01/2023,16:00,USG kehamilan,completed,200000,Tunai
APT01951,PAT01862,DOC24,2023-07-14,10:00,Cek kesehatan umum,cancelled,60000,Tunai
APT01952,PAT00149,DOC01,2024-09-28,14:00,Tidak nafsu makan,completed,225000,Tunai
APT01953,PAT01115,DOC10,2024-03-26,15:00,Gatal pada kulit,completed,225000,Tunai
APT01954,PAT01862,DOC03,2023-09-04,13:00,Gigi berlubang,cancelled,250000,Tunai
APT01955,PAT01867,DOC22,12-05-2024,10:00,Konsultasi kehamilan,completed,175000,Tunai
APT01956,PAT01172,DOC07,2024-05-06,12:00,Nyeri sendi,completed,100000,Asuransi
APT01957,PAT00944,DOC03,2024-10-18,09:00,Demam dan batuk,completed,250000,BPJS
APT01958,PAT01549,DOC06,2025-01-14,13:00,Sakit kepala,completed,60000,BPJS
APT01959,PAT00500,DOC22,22-04-2024,08:00,Telinga sakit,cancelled,175000,BPJS
APT01960,PAT01722,DOC14,2024-03-21,15:00,Sakit tenggorokan,cancelled,175000,Asuransi
APT01961,PAT01108,DOC11,23-09-2022,11:00,Imunisasi anak,completed,200000,BPJS
APT01962,PAT01024,DOC25,16-02-2024,12:00,Luka pada kaki,no_show,350000,Transfer
APT01963,PAT01558,DOC11,2024-07-31,12:00,Nyeri perut,completed,200000,Tunai
APT01964,PAT01153,DOC18,2024-01-01,12:00,Pendarahan gusi,completed,275000,BPJS
APT01965,PAT00321,DOC01,12/06/2022,16:00,Bisul,completed,225000,Asuransi
APT01966,PAT00731,DOC21,2023-09-05,08:00,Kelelahan,completed,100000,Transfer
APT01967,PAT01761,DOC22,2023-07-09,10:00,Demam tinggi,completed,175000,BPJS
APT01968,PAT01788,DOC13,06/06/2024,08:00,Demam tinggi,completed,75000,BPJS
APT01969,PAT00855,DOC20,22-11-2023,10:00,Sakit pinggang,completed,150000,BPJS
APT01970,PAT01743,DOC11,2024-11-20,08:00,Vaksin flu,completed,200000,BPJS
APT01971,PAT01460,DOC05,11/03/2024,09:00,Gatal pada kulit,completed,275000,Transfer
APT01972,PAT00605,DOC08,31-08-2022,11:00,Tekanan darah tinggi,completed,175000,Transfer
APT01973,PAT00094,DOC24,2024-06-24,15:00,Nyeri sendi,cancelled,60000,Transfer
APT01974,PAT00814,DOC05,11-04-2023,16:00,Gatal pada kulit,completed,275000,Tunai
APT01975,PAT01967,DOC10,01-04-2024,08:00,Gatal pada kulit,completed,225000,Tunai
APT01976,PAT01316,DOC13,02-06-2023,12:00,Konsultasi kehamilan,completed,75000,Transfer
APT01977,PAT01197,DOC19,2023-01-01,10:00,Bisul,no_show,75000,Transfer
APT01978,PAT01511,DOC17,09/02/2023,11:00,Gatal pada kulit,completed,90000,Asuransi
APT01979,PAT01071,DOC14,04-08-2024,12:00,Sakit tenggorokan,completed,175000,Transfer
APT01980,PAT01140,DOC14,08-07-2023,10:00,Pendarahan gusi,completed,175000,Tunai
APT01981,PAT01056,DOC11,28-08-2023,13:00,Gigi berlubang,completed,200000,BPJS
APT01982,PAT01920,DOC22,2024-07-21,15:00,Sakit tenggorokan,no_show,175000,BPJS
APT01983,PAT01198,DOC01,2024-02-29,09:00,Bisul,completed,225000,BPJS
APT01984,PAT01867,DOC07,18-08-2024,15:00,Tekanan darah tinggi,completed,100000,BPJS
APT01985,PAT00122,DOC20,15/09/2021,15:00,Nyeri sendi,completed,150000,BPJS
APT01986,PAT00527,DOC16,13/08/2024,11:00,Sariawan parah,completed,225000,BPJS
APT01987,PAT01417,DOC03,2024-06-09,09:00,Tidak nafsu makan,completed,250000,BPJS
APT01988,PAT01750,DOC23,2022-04-07,08:00,Imunisasi anak,completed,100000,Transfer
APT01989,PAT00731,DOC13,25/08/2024,16:00,Sesak napas,completed,75000,Tunai
APT01990,PAT00812,DOC11,2024-09-11,15:00,Konsultasi kehamilan,cancelled,200000,BPJS
APT01991,PAT00602,DOC25,02/10/2023,14:00,Kontrol diabetes,no_show,350000,BPJS
APT01992,PAT01937,DOC01,26/03/2024,10:00,Gatal pada kulit,completed,225000,BPJS
APT01993,PAT00776,DOC24,26-04-2023,12:00,Vaksin flu,completed,60000,Asuransi
APT01994,PAT00213,DOC05,14/06/2021,16:00,Sakit tenggorokan,completed,275000,Tunai
APT01995,PAT00004,DOC07,15-03-2024,16:00,Konsultasi KB,completed,100000,BPJS
APT01996,PAT01027,DOC21,2022-12-02,13:00,Diare,completed,100000,Tunai
APT01997,PAT01390,DOC19,2023-03-30,08:00,Cek kesehatan umum,cancelled,75000,Tunai
APT01998,PAT01190,DOC08,10-11-2024,13:00,Demam tinggi,completed,175000,BPJS
APT01999,PAT00038,DOC05,18-06-2024,13:00,Vaksin flu,completed,275000,BPJS
APT02000,PAT00765,DOC05,2024-09-29,14:00,Bisul,completed,275000,BPJS
APT02001,PAT01940,DOC18,2022-09-12,11:00,Sakit tenggorokan,cancelled,275000,BPJS
APT02002,PAT00403,DOC13,03/11/2024,16:00,Nyeri perut,completed,75000,BPJS
APT02003,PAT00646,DOC05,2024-07-05,16:00,Nyeri perut,completed,275000,BPJS
APT02004,PAT00693,DOC08,2024-09-28,14:00,Sesak napas,completed,175000,Asuransi
APT02005,PAT01249,DOC17,15/09/2022,11:00,Demam dan batuk,completed,90000,BPJS
APT02006,PAT01959,DOC20,03/06/2023,11:00,Konsultasi KB,completed,150000,BPJS
APT02007,PAT00278,DOC24,17-09-2024,08:00,Susah tidur,completed,60000,Tunai
APT02008,PAT00709,DOC07,07-07-2023,16:00,Luka pada kaki,completed,100000,Tunai
APT02009,PAT00595,DOC23,01-09-2021,09:00,Pilek dan flu,completed,100000,Asuransi
APT02010,PAT01269,DOC20,2024-05-23,12:00,Luka pada kaki,cancelled,150000,Transfer
APT02011,PAT00558,DOC24,2024-03-19,11:00,Asma kambuh,no_show,60000,BPJS
APT02012,PAT00076,DOC09,17/05/2024,14:00,Luka pada kaki,cancelled,350000,Tunai
APT02013,PAT00139,DOC20,22/12/2023,13:00,Mual muntah,completed,150000,BPJS
APT02014,PAT01178,DOC16,2024-12-27,11:00,USG kehamilan,completed,225000,BPJS
APT02015,PAT00193,DOC25,20/09/2023,11:00,Nyeri sendi,completed,350000,Tunai
APT02016,PAT00703,DOC16,2023-10-08,14:00,Sembelit,cancelled,225000,Transfer
APT02017,PAT00198,DOC02,12/01/2025,08:00,Sakit gigi,cancelled,275000,Tunai
APT02018,PAT01446,DOC22,08-04-2024,13:00,Alergi kulit,completed,175000,Transfer
APT02019,PAT01309,DOC09,2022-10-26,08:00,Vaksin flu,cancelled,350000,BPJS
APT02020,PAT01649,DOC04,16-11-2024,16:00,Luka pada kaki,completed,225000,BPJS
APT02021,PAT01643,DOC03,15-09-2024,09:00,Mual muntah,completed,250000,BPJS
APT02022,PAT01037,DOC15,06/06/2022,11:00,Cek mata kabur,completed,150000,BPJS
APT02023,PAT00632,DOC25,2022-11-14,09:00,Kontrol rutin,completed,350000,BPJS
APT02024,PAT01102,DOC11,21-08-2024,16:00,Cek mata kabur,completed,200000,Transfer
APT02025,PAT01911,DOC04,2022-06-30,14:00,Batuk berdahak,completed,225000,BPJS
APT02026,PAT01422,DOC06,23/10/2024,09:00,Bisul,completed,60000,Tunai
APT02027,PAT01723,DOC25,14/09/2024,09:00,Tekanan darah tinggi,no_show,350000,Tunai
APT02028,PAT01553,DOC18,13/04/2024,16:00,Kelelahan,completed,275000,Transfer
APT02029,PAT01868,DOC21,2023-11-10,12:00,Sariawan parah,no_show,100000,Transfer
APT02030,PAT00132,DOC20,2024-02-01,08:00,Susah tidur,completed,150000,BPJS
APT02031,PAT00205,DOC24,2024-01-25,16:00,Sakit pinggang,completed,60000,Transfer
APT02032,PAT00396,DOC15,25-05-2023,08:00,Sesak napas,completed,150000,BPJS
APT02033,PAT00934,DOC14,18/07/2024,09:00,Susah tidur,completed,175000,BPJS
APT02034,PAT00755,DOC19,30-07-2023,15:00,Sakit kepala,cancelled,75000,BPJS
APT02035,PAT01683,DOC04,20/07/2024,12:00,Nyeri sendi,completed,225000,Asuransi
APT02036,PAT01455,DOC04,12-03-2024,12:00,Demam dan batuk,completed,225000,BPJS
APT02037,PAT00122,DOC24,2022-12-09,08:00,Asma kambuh,completed,60000,BPJS
APT02038,PAT00841,DOC02,2022-05-01,11:00,Demam tinggi,completed,275000,BPJS
APT02039,PAT01489,DOC14,02/03/2023,08:00,Asma kambuh,completed,175000,Transfer
APT02040,PAT00996,DOC06,20/11/2024,14:00,Susah tidur,completed,60000,BPJS
APT02041,PAT00362,DOC24,13/12/2024,16:00,Sakit pinggang,cancelled,60000,BPJS
APT02042,PAT00316,DOC15,2024-02-05,12:00,Nyeri sendi,completed,150000,Transfer
APT02043,PAT01457,DOC16,10/12/2023,10:00,Demam pada anak,no_show,225000,BPJS
APT02044,PAT01633,DOC21,2024-10-04,15:00,Imunisasi anak,completed,100000,Transfer
APT02045,PAT00836,DOC21,2023-06-22,12:00,Asma kambuh,completed,100000,Asuransi
APT02046,PAT01042,DOC15,13/10/2024,11:00,Vaksin flu,completed,150000,BPJS
APT02047,PAT01865,DOC02,29/12/2024,13:00,Imunisasi anak,completed,275000,Transfer
APT02048,PAT01526,DOC23,03-12-2023,13:00,Pendarahan gusi,completed,100000,Tunai
APT02049,PAT01631,DOC14,26/10/2024,15:00,Demam tinggi,completed,175000,Tunai
APT02050,PAT00664,DOC07,2024-06-30,08:00,Sakit tenggorokan,no_show,100000,BPJS
APT02051,PAT00593,DOC08,2021-12-20,12:00,Gigi berlubang,completed,175000,BPJS
APT02052,PAT00718,DOC13,07/05/2024,08:00,Sakit gigi,completed,75000,BPJS
APT02053,PAT00412,DOC04,25/10/2023,14:00,Tidak nafsu makan,completed,225000,BPJS
APT02054,PAT00722,DOC05,09/05/2024,08:00,Asma kambuh,completed,275000,BPJS
APT02055,PAT00319,DOC15,13/09/2024,15:00,Sakit tenggorokan,completed,150000,BPJS
APT02056,PAT00881,DOC07,30/03/2023,08:00,Cek mata kabur,completed,100000,BPJS
APT02057,PAT00366,DOC23,27/12/2023,10:00,Sariawan parah,completed,100000,Asuransi
APT02058,PAT01878,DOC01,13/07/2023,11:00,Kelelahan,completed,225000,Tunai
APT02059,PAT01289,DOC04,05-10-2024,14:00,Luka pada kaki,completed,225000,Transfer
APT02060,PAT00278,DOC06,29/10/2024,08:00,Pusing dan mual,completed,60000,BPJS
APT02061,PAT00639,DOC08,19-08-2023,14:00,Gatal pada kulit,completed,175000,Asuransi
APT02062,PAT00137,DOC11,01/10/2023,12:00,Cek mata kabur,cancelled,200000,BPJS
APT02063,PAT01815,DOC16,2022-07-03,13:00,Cek mata kabur,completed,225000,Tunai
APT02064,PAT01692,DOC10,2023-07-27,15:00,Kelelahan,cancelled,225000,BPJS
APT02065,PAT01339,DOC02,2024-11-13,11:00,Alergi kulit,completed,275000,Transfer
APT02066,PAT00044,DOC13,2023-11-09,13:00,Telinga sakit,completed,75000,Tunai
APT02067,PAT01359,DOC06,2024-09-17,09:00,Mata merah,cancelled,60000,Transfer
APT02068,PAT00061,DOC23,20/10/2024,15:00,Gatal pada kulit,cancelled,100000,Tunai
APT02069,PAT01772,DOC05,31/10/2022,08:00,Alergi kulit,rescheduled,275000,Asuransi
APT02070,PAT00900,DOC14,10-09-2023,13:00,Sakit gigi,completed,175000,BPJS
APT02071,PAT00665,DOC08,2024-02-02,12:00,Tekanan darah tinggi,completed,175000,Tunai
APT02072,PAT01417,DOC14,18/12/2024,12:00,Gatal pada kulit,rescheduled,175000,BPJS
APT02073,PAT00459,DOC23,20/08/2022,16:00,Alergi kulit,rescheduled,100000,BPJS
APT02074,PAT00956,DOC18,21/06/2023,13:00,Bisul,completed,275000,Tunai
APT02075,PAT00492,DOC17,2021-08-05,13:00,Asma kambuh,completed,90000,Asuransi
APT02076,PAT00383,DOC04,2023-09-18,14:00,Asma kambuh,completed,225000,Asuransi
APT02077,PAT01551,DOC21,2024-06-07,14:00,Sakit gigi,completed,100000,BPJS
APT02078,PAT00681,DOC12,2022-07-18,14:00,Demam tinggi,cancelled,350000,BPJS
APT02079,PAT00245,DOC01,20-11-2023,08:00,Telinga sakit,completed,225000,BPJS
APT02080,PAT01020,DOC01,30/07/2023,10:00,USG kehamilan,completed,225000,Transfer
APT02081,PAT00074,DOC18,19/08/2024,16:00,Tidak nafsu makan,completed,275000,Transfer
APT02082,PAT00593,DOC03,26/07/2022,11:00,Sakit pinggang,completed,250000,Transfer
APT02083,PAT01194,DOC23,10/12/2024,14:00,Cek gula darah,rescheduled,100000,BPJS
APT02084,PAT01150,DOC13,17-12-2024,10:00,Kontrol diabetes,cancelled,75000,Tunai
APT02085,PAT00643,DOC14,07/05/2022,08:00,Mual muntah,completed,175000,Asuransi
APT02086,PAT00686,DOC22,03-09-2023,09:00,Demam pada anak,completed,175000,BPJS
APT02087,PAT00989,DOC25,31/12/2024,15:00,Demam pada anak,completed,350000,Tunai
APT02088,PAT01774,DOC19,2023-11-17,15:00,Susah tidur,rescheduled,75000,Transfer
APT02089,PAT01205,DOC11,18-06-2024,09:00,Cek gula darah,completed,200000,Transfer
APT02090,PAT01644,DOC07,30/11/2022,12:00,Sakit pinggang,completed,100000,Tunai
APT02091,PAT01324,DOC01,2022-06-21,15:00,Alergi kulit,completed,225000,BPJS
APT02092,PAT00230,DOC07,21-01-2024,14:00,Pilek dan flu,cancelled,100000,BPJS
APT02093,PAT00568,DOC22,2024-10-07,09:00,Batuk berdahak,completed,175000,Tunai
APT02094,PAT01923,DOC23,2023-11-01,13:00,Mata merah,completed,100000,Tunai
APT02095,PAT01664,DOC05,30/09/2022,12:00,Asma kambuh,completed,275000,BPJS
APT02096,PAT01519,DOC22,10/04/2024,09:00,Demam dan batuk,completed,175000,Asuransi
APT02097,PAT00553,DOC17,2024-06-11,09:00,Tekanan darah tinggi,completed,90000,Transfer
APT02098,PAT01476,DOC15,22/01/2022,16:00,Sembelit,completed,150000,BPJS
APT02099,PAT00090,DOC25,24/07/2024,12:00,Mata merah,completed,350000,BPJS
APT02100,PAT01573,DOC10,19/07/2024,09:00,Diare,completed,225000,Transfer
APT02101,PAT01056,DOC04,19/12/2024,11:00,Demam dan batuk,completed,225000,BPJS
APT02102,PAT01068,DOC01,11/05/2023,16:00,Sembelit,completed,225000,Transfer
APT02103,PAT01246,DOC01,01-09-2024,16:00,Kontrol rutin,cancelled,225000,Tunai
APT02104,PAT00248,DOC09,02-11-2021,11:00,Konsultasi kehamilan,rescheduled,350000,BPJS
APT02105,PAT01459,DOC01,20-07-2023,08:00,Bisul,completed,225000,BPJS
APT02106,PAT01424,DOC24,07/09/2021,13:00,Mual muntah,completed,60000,Tunai
APT02107,PAT00699,DOC21,27-04-2024,14:00,Pendarahan gusi,no_show,100000,Transfer
APT02108,PAT00078,DOC21,12/01/2024,09:00,Mata merah,rescheduled,100000,Tunai
APT02109,PAT00200,DOC14,24-11-2024,14:00,Sariawan parah,rescheduled,175000,BPJS
APT02110,PAT00857,DOC01,22/11/2022,09:00,Tekanan darah tinggi,cancelled,225000,BPJS
APT02111,PAT01855,DOC14,30/10/2024,14:00,Nyeri sendi,completed,175000,Tunai
APT02112,PAT01036,DOC04,02/04/2022,13:00,Sariawan parah,completed,225000,Asuransi
APT02113,PAT01770,DOC07,22/08/2023,10:00,Gigi berlubang,completed,100000,BPJS
APT02114,PAT01676,DOC09,2024-08-09,16:00,Bisul,completed,350000,BPJS
APT02115,PAT01198,DOC23,06/03/2024,09:00,Cek gula darah,completed,100000,BPJS
APT02116,PAT00010,DOC19,23-12-2022,08:00,Mata merah,cancelled,75000,BPJS
APT02117,PAT00162,DOC24,25/01/2025,12:00,Alergi kulit,completed,60000,Transfer
APT02118,PAT00855,DOC22,05-09-2023,15:00,Demam tinggi,completed,175000,BPJS
APT02119,PAT00801,DOC12,2023-11-26,16:00,Sakit tenggorokan,completed,350000,Tunai
APT02120,PAT00047,DOC10,2025-01-31,13:00,Gigi berlubang,no_show,225000,Transfer
APT02121,PAT00482,DOC17,28-06-2024,14:00,Sakit gigi,completed,90000,BPJS
APT02122,PAT00815,DOC09,04/10/2023,08:00,Susah tidur,cancelled,350000,BPJS
APT02123,PAT00296,DOC24,16-08-2024,13:00,Imunisasi anak,cancelled,60000,Tunai
APT02124,PAT01575,DOC05,13/08/2024,08:00,Vaksin flu,completed,275000,BPJS
APT02125,PAT00556,DOC24,2024-11-25,15:00,Mual muntah,completed,60000,BPJS
APT02126,PAT00193,DOC06,15-10-2024,09:00,Konsultasi kehamilan,completed,60000,Asuransi
APT02127,PAT00746,DOC25,2024-09-19,15:00,Nyeri sendi,no_show,350000,Transfer
APT02128,PAT01115,DOC13,14/12/2023,16:00,Demam dan batuk,completed,75000,Transfer
APT02129,PAT01752,DOC17,02/05/2024,11:00,Cek kesehatan umum,no_show,90000,BPJS
APT02130,PAT01062,DOC08,04-05-2024,12:00,Sesak napas,completed,175000,Tunai
APT02131,PAT01384,DOC21,18-11-2024,16:00,Susah tidur,completed,100000,Asuransi
APT02132,PAT01157,DOC18,2024-07-24,09:00,Pendarahan gusi,completed,275000,Tunai
APT02133,PAT00032,DOC14,29/08/2024,13:00,Mual muntah,rescheduled,175000,Transfer
APT02134,PAT00402,DOC06,11/01/2024,14:00,Pusing dan mual,completed,60000,Tunai
APT02135,PAT00893,DOC23,19/01/2024,10:00,Mata merah,completed,100000,BPJS
APT02136,PAT01104,DOC08,2023-11-09,10:00,Vaksin flu,rescheduled,175000,Asuransi
APT02137,PAT00473,DOC09,2023-06-17,16:00,Konsultasi kehamilan,rescheduled,350000,Asuransi
APT02138,PAT01515,DOC20,07-05-2023,13:00,Vaksin flu,completed,150000,Tunai
APT02139,PAT01682,DOC24,2021-08-07,10:00,Diare,completed,60000,Tunai
APT02140,PAT00037,DOC03,18/12/2023,15:00,Pilek dan flu,completed,250000,BPJS
APT02141,PAT00862,DOC05,11/07/2024,12:00,Demam pada anak,completed,275000,BPJS
APT02142,PAT00274,DOC24,05-04-2024,12:00,Sesak napas,no_show,60000,BPJS
APT02143,PAT00458,DOC25,29/06/2024,11:00,Sesak napas,completed,350000,BPJS
APT02144,PAT01803,DOC21,24-04-2023,11:00,USG kehamilan,completed,100000,BPJS
APT02145,PAT00063,DOC24,24/05/2023,10:00,Mata merah,cancelled,60000,BPJS
APT02146,PAT01694,DOC17,02-05-2024,14:00,Luka pada kaki,completed,90000,Transfer
APT02147,PAT01305,DOC02,29/01/2025,14:00,Alergi kulit,cancelled,275000,BPJS
APT02148,PAT01966,DOC24,28/03/2024,15:00,Vaksin flu,completed,60000,BPJS
APT02149,PAT01539,DOC02,30/06/2024,09:00,Pilek dan flu,completed,275000,BPJS
APT02150,PAT00605,DOC01,22-01-2024,11:00,Kelelahan,cancelled,225000,Transfer
APT02151,PAT00506,DOC24,30-06-2024,16:00,Cek gula darah,completed,60000,BPJS
APT02152,PAT00037,DOC03,2025-01-06,16:00,Asma kambuh,completed,250000,BPJS
APT02153,PAT01458,DOC16,2025-01-07,13:00,Gatal pada kulit,completed,225000,BPJS
APT02154,PAT01775,DOC24,31/12/2022,10:00,Diare,completed,60000,Transfer
APT02155,PAT00434,DOC19,28/09/2023,10:00,Diare,rescheduled,75000,Transfer
APT02156,PAT00263,DOC12,2024-09-07,15:00,Asma kambuh,rescheduled,350000,BPJS
APT02157,PAT00934,DOC15,30/07/2024,13:00,Asma kambuh,completed,150000,BPJS
APT02158,PAT00099,DOC06,15-07-2022,16:00,Susah tidur,completed,60000,Asuransi
APT02159,PAT00383,DOC03,15/05/2023,12:00,Susah tidur,completed,250000,Transfer
APT02160,PAT00885,DOC02,28/09/2022,14:00,Imunisasi anak,completed,275000,Tunai
APT02161,PAT00472,DOC19,26/12/2023,16:00,Tidak nafsu makan,completed,75000,Tunai
APT02162,PAT01705,DOC17,31-01-2023,10:00,Sakit kepala,completed,90000,Transfer
APT02163,PAT00947,DOC11,13-12-2024,16:00,Mata merah,rescheduled,200000,Transfer
APT02164,PAT01359,DOC17,2024-06-25,15:00,Vaksin flu,completed,90000,Tunai
APT02165,PAT01804,DOC13,28/11/2024,11:00,Pendarahan gusi,cancelled,75000,BPJS
APT02166,PAT01078,DOC11,05-02-2023,10:00,Gigi berlubang,completed,200000,BPJS
APT02167,PAT01994,DOC11,2023-09-10,14:00,Pilek dan flu,completed,200000,BPJS
APT02168,PAT01460,DOC22,15/10/2024,15:00,Pendarahan gusi,completed,175000,BPJS
APT02169,PAT00843,DOC24,29-11-2023,15:00,Susah tidur,completed,60000,BPJS
APT02170,PAT01065,DOC25,17/11/2024,11:00,Cek mata kabur,completed,350000,BPJS
APT02171,PAT01789,DOC08,2024-12-19,13:00,USG kehamilan,completed,175000,BPJS
APT02172,PAT01598,DOC21,2023-04-03,10:00,Nyeri perut,completed,100000,BPJS
APT02173,PAT01459,DOC18,2023-07-15,15:00,Cek gula darah,no_show,275000,BPJS
APT02174,PAT01952,DOC21,2023-06-29,08:00,Pilek dan flu,completed,100000,Transfer
APT02175,PAT00576,DOC15,08-01-2023,15:00,Tidak nafsu makan,completed,150000,Transfer
APT02176,PAT00866,DOC05,2024-04-03,11:00,Kelelahan,completed,275000,Transfer
APT02177,PAT00777,DOC12,2023-10-08,15:00,Luka pada kaki,completed,350000,Transfer
APT02178,PAT00176,DOC23,21/08/2024,16:00,Pusing dan mual,completed,100000,Tunai
APT02179,PAT00042,DOC02,2024-11-30,09:00,Sakit kepala,completed,275000,BPJS
APT02180,PAT00200,DOC24,2024-04-09,10:00,Kelelahan,completed,60000,BPJS
APT02181,PAT01368,DOC14,16-08-2024,08:00,Kontrol diabetes,completed,175000,Asuransi
APT02182,PAT00655,DOC03,2023-11-17,15:00,Batuk berdahak,cancelled,250000,Transfer
APT02183,PAT00697,DOC04,30-11-2023,08:00,Sariawan parah,completed,225000,Asuransi
APT02184,PAT00912,DOC04,2024-09-06,08:00,Kelelahan,cancelled,225000,Tunai
APT02185,PAT00004,DOC23,31-03-2023,13:00,Kelelahan,completed,100000,BPJS
APT02186,PAT01844,DOC06,2023-08-04,10:00,Cek gula darah,completed,60000,Transfer
APT02187,PAT01757,DOC22,2025-01-03,12:00,Pendarahan gusi,completed,175000,Asuransi
APT02188,PAT00868,DOC12,12/08/2023,12:00,Susah tidur,completed,350000,BPJS
APT02189,PAT01748,DOC02,23/06/2023,09:00,Luka pada kaki,rescheduled,275000,BPJS
APT02190,PAT01201,DOC15,27-07-2023,13:00,Nyeri perut,completed,150000,BPJS
APT02191,PAT01337,DOC07,07-11-2022,11:00,Mata merah,rescheduled,100000,BPJS
APT02192,PAT00476,DOC14,2024-12-16,13:00,Asma kambuh,completed,175000,BPJS
APT02193,PAT01020,DOC15,23-09-2022,12:00,Diare,cancelled,150000,Transfer
APT02194,PAT01637,DOC25,2023-10-20,16:00,Vaksin flu,completed,350000,BPJS
APT02195,PAT00099,DOC07,30/04/2022,08:00,Cek kesehatan umum,completed,100000,Transfer
APT02196,PAT00897,DOC20,14/06/2024,12:00,Demam dan batuk,completed,150000,BPJS
APT02197,PAT01869,DOC16,2024-06-23,10:00,Kelelahan,completed,225000,BPJS
APT02198,PAT01958,DOC14,2024-03-30,08:00,Vaksin flu,completed,175000,BPJS
APT02199,PAT00808,DOC13,13-02-2024,15:00,Sesak napas,cancelled,75000,Transfer
APT02200,PAT00311,DOC24,06/03/2024,15:00,Demam tinggi,completed,60000,Tunai
APT02201,PAT00594,DOC25,2024-03-12,13:00,Mual muntah,completed,350000,BPJS
APT02202,PAT01025,DOC22,22-09-2024,08:00,Konsultasi kehamilan,completed,175000,Asuransi
APT02203,PAT00714,DOC25,14/05/2023,14:00,Sariawan parah,completed,350000,BPJS
APT02204,PAT01465,DOC05,06/05/2024,13:00,Sembelit,completed,275000,BPJS
APT02205,PAT01491,DOC24,26-07-2024,15:00,Konsultasi kehamilan,no_show,60000,BPJS
APT02206,PAT01494,DOC01,29/11/2023,16:00,Pilek dan flu,completed,225000,BPJS
APT02207,PAT01355,DOC16,04/08/2023,16:00,Gatal pada kulit,rescheduled,225000,Asuransi
APT02208,PAT00610,DOC15,2023-11-10,12:00,Cek mata kabur,completed,150000,BPJS
APT02209,PAT00376,DOC22,2024-01-13,09:00,Nyeri sendi,completed,175000,Transfer
APT02210,PAT01429,DOC21,2024-12-22,11:00,Kontrol diabetes,completed,100000,Asuransi
APT02211,PAT00220,DOC25,2024-09-09,10:00,Asma kambuh,completed,350000,BPJS
APT02212,PAT00808,DOC23,24-06-2023,12:00,Gatal pada kulit,rescheduled,100000,Transfer
APT02213,PAT01777,DOC25,10/11/2021,13:00,Nyeri perut,completed,350000,Transfer
APT02214,PAT01714,DOC11,2023-08-03,14:00,Konsultasi kehamilan,completed,200000,BPJS
APT02215,PAT00127,DOC21,27-12-2023,11:00,Mual muntah,completed,100000,BPJS
APT02216,PAT01457,DOC04,2024-07-19,08:00,Telinga sakit,completed,225000,BPJS
APT02217,PAT00797,DOC09,2021-10-27,15:00,Kelelahan,completed,350000,BPJS
APT02218,PAT01783,DOC24,2025-01-18,08:00,Cek kesehatan umum,completed,60000,Tunai
APT02219,PAT00222,DOC03,2022-09-15,13:00,Imunisasi anak,no_show,250000,Transfer
APT02220,PAT01534,DOC21,16-11-2024,11:00,Konsultasi KB,no_show,100000,BPJS
APT02221,PAT00748,DOC06,14/02/2024,10:00,Konsultasi KB,completed,60000,Transfer
APT02222,PAT01190,DOC24,2024-07-15,14:00,Asma kambuh,completed,60000,BPJS
APT02223,PAT00961,DOC23,2021-10-04,13:00,Demam pada anak,completed,100000,Transfer
APT02224,PAT01059,DOC19,2024-12-13,08:00,Vaksin flu,completed,75000,BPJS
APT02225,PAT00374,DOC23,31-08-2024,14:00,Konsultasi KB,no_show,100000,Asuransi
APT02226,PAT01906,DOC04,2024-09-01,12:00,Bisul,completed,225000,BPJS
APT02227,PAT01995,DOC16,16/09/2022,08:00,Diare,completed,225000,Transfer
APT02228,PAT00507,DOC07,20-12-2023,11:00,Diare,completed,100000,BPJS
APT02229,PAT01044,DOC19,28/12/2023,15:00,Nyeri sendi,completed,75000,Asuransi
APT02230,PAT00041,DOC06,2023-06-24,11:00,Alergi kulit,completed,60000,Tunai
APT02231,PAT01730,DOC18,05/11/2023,09:00,Demam pada anak,completed,275000,BPJS
APT02232,PAT00988,DOC03,28-09-2024,10:00,Konsultasi KB,cancelled,250000,BPJS
APT02233,PAT01078,DOC09,2022-09-17,13:00,Nyeri perut,cancelled,350000,Transfer
APT02234,PAT00724,DOC14,16-12-2024,09:00,Vaksin flu,completed,175000,Transfer
APT02235,PAT01365,DOC12,2024-02-16,16:00,Konsultasi KB,completed,350000,Tunai
APT02236,PAT00318,DOC08,2024-08-14,13:00,Demam pada anak,completed,175000,Tunai
APT02237,PAT01415,DOC18,24/03/2023,16:00,Tidak nafsu makan,completed,275000,BPJS
APT02238,PAT01781,DOC14,05/07/2022,08:00,Pusing dan mual,completed,175000,BPJS
APT02239,PAT01121,DOC25,24/12/2024,10:00,Konsultasi KB,completed,350000,BPJS
APT02240,PAT01634,DOC08,09/04/2024,10:00,Sembelit,completed,175000,Tunai
APT02241,PAT01080,DOC20,2024-10-13,09:00,Demam pada anak,completed,150000,BPJS
APT02242,PAT00719,DOC20,08/06/2024,12:00,Tidak nafsu makan,completed,150000,BPJS
APT02243,PAT00841,DOC17,26-03-2023,15:00,Sesak napas,completed,90000,BPJS
APT02244,PAT00568,DOC22,29/09/2024,13:00,Kontrol rutin,cancelled,175000,Transfer
APT02245,PAT01402,DOC05,2024-05-13,11:00,Sakit tenggorokan,completed,275000,Tunai
APT02246,PAT01891,DOC04,2024-05-18,13:00,Gigi berlubang,completed,225000,Asuransi
APT02247,PAT01119,DOC02,2024-06-10,15:00,Batuk berdahak,completed,275000,BPJS
APT02248,PAT01516,DOC10,16/05/2024,08:00,Sakit pinggang,completed,225000,Tunai
APT02249,PAT00228,DOC21,02-04-2024,13:00,Susah tidur,completed,100000,BPJS
APT02250,PAT00223,DOC01,28/06/2024,15:00,Konsultasi KB,completed,225000,Transfer
APT02251,PAT01647,DOC09,2022-11-02,15:00,Alergi kulit,completed,350000,BPJS
APT02252,PAT01205,DOC07,13-10-2024,16:00,Bisul,completed,100000,Transfer
APT02253,PAT00772,DOC07,02/10/2024,12:00,Mual muntah,completed,100000,Asuransi
APT02254,PAT00497,DOC08,30/05/2023,12:00,Asma kambuh,completed,175000,BPJS
APT02255,PAT00567,DOC24,2025-01-15,14:00,Gatal pada kulit,completed,60000,Asuransi
APT02256,PAT01952,DOC16,2024-11-12,10:00,Pusing dan mual,completed,225000,BPJS
APT02257,PAT01884,DOC06,25-06-2024,09:00,USG kehamilan,cancelled,60000,Asuransi
APT02258,PAT00707,DOC01,07/06/2022,11:00,Tidak nafsu makan,completed,225000,Transfer
APT02259,PAT00424,DOC18,05-10-2024,11:00,Sakit gigi,rescheduled,275000,Transfer
APT02260,PAT00103,DOC11,2023-11-19,09:00,Konsultasi KB,completed,200000,BPJS
APT02261,PAT00018,DOC11,08/05/2023,12:00,Vaksin flu,completed,200000,BPJS
APT02262,PAT01540,DOC14,12-10-2021,15:00,Sariawan parah,completed,175000,BPJS
APT02263,PAT00336,DOC20,2024-01-25,12:00,Telinga sakit,cancelled,150000,Asuransi
APT02264,PAT00997,DOC15,2023-06-09,14:00,Mual muntah,rescheduled,150000,Asuransi
APT02265,PAT01172,DOC18,2024-11-29,13:00,Pendarahan gusi,completed,275000,Asuransi
APT02266,PAT01243,DOC18,2023-07-15,15:00,Cek kesehatan umum,cancelled,275000,BPJS
APT02267,PAT01476,DOC08,01-11-2023,14:00,Demam pada anak,completed,175000,BPJS
APT02268,PAT01258,DOC15,2024-11-06,16:00,Telinga sakit,completed,150000,Tunai
APT02269,PAT00923,DOC10,11/06/2024,13:00,Demam pada anak,cancelled,225000,BPJS
APT02270,PAT00239,DOC08,15/11/2022,16:00,Nyeri sendi,completed,175000,BPJS
APT02271,PAT00541,DOC24,27-04-2024,09:00,Alergi kulit,completed,60000,BPJS
APT02272,PAT01730,DOC19,2023-12-08,10:00,Sakit pinggang,completed,75000,BPJS
APT02273,PAT00514,DOC16,11/08/2024,15:00,Sesak napas,completed,225000,BPJS
APT02274,PAT00899,DOC21,2023-10-13,09:00,Pusing dan mual,completed,100000,Tunai
APT02275,PAT01040,DOC09,13/07/2024,15:00,Asma kambuh,completed,350000,BPJS
APT02276,PAT00786,DOC03,2024-09-09,09:00,Bisul,completed,250000,Transfer
APT02277,PAT01706,DOC17,17-01-2024,13:00,Demam pada anak,completed,90000,BPJS
APT02278,PAT01214,DOC22,2024-06-06,11:00,Diare,rescheduled,175000,Tunai
APT02279,PAT01668,DOC20,2022-09-10,08:00,Gigi berlubang,completed,150000,BPJS
APT02280,PAT01207,DOC01,07-11-2023,12:00,Telinga sakit,completed,225000,BPJS
APT02281,PAT00898,DOC08,18/07/2023,13:00,Bisul,completed,175000,Transfer
APT02282,PAT00583,DOC02,2024-07-31,09:00,Sariawan parah,completed,275000,Asuransi
APT02283,PAT00568,DOC10,01-07-2024,12:00,Cek mata kabur,completed,225000,Tunai
APT02284,PAT01761,DOC22,2024-08-07,15:00,Sakit tenggorokan,no_show,175000,BPJS
APT02285,PAT00386,DOC20,2023-01-08,11:00,Gigi berlubang,completed,150000,BPJS
APT02286,PAT00689,DOC08,08/12/2022,13:00,Imunisasi anak,completed,175000,BPJS
APT02287,PAT01255,DOC16,14/07/2024,16:00,Sakit kepala,completed,225000,Transfer
APT02288,PAT00811,DOC06,19/03/2024,10:00,Demam tinggi,cancelled,60000,Asuransi
APT02289,PAT00827,DOC01,21/03/2024,15:00,Bisul,completed,225000,BPJS
APT02290,PAT01565,DOC21,2024-05-01,15:00,Kelelahan,rescheduled,100000,Tunai
APT02291,PAT00300,DOC25,30/09/2024,11:00,Luka pada kaki,completed,350000,BPJS
APT02292,PAT00507,DOC02,27/12/2024,15:00,Gatal pada kulit,completed,275000,Transfer
APT02293,PAT01314,DOC17,2024-05-04,14:00,Mual muntah,completed,90000,BPJS
APT02294,PAT00056,DOC19,11/09/2024,15:00,Kelelahan,completed,75000,BPJS
APT02295,PAT01905,DOC11,09/10/2023,08:00,Sakit gigi,completed,200000,BPJS
APT02296,PAT00746,DOC22,2024-04-10,15:00,Diare,completed,175000,Transfer
APT02297,PAT00819,DOC06,2022-04-09,09:00,Sakit kepala,completed,60000,BPJS
APT02298,PAT01254,DOC08,09-11-2024,10:00,Pusing dan mual,completed,175000,BPJS
APT02299,PAT00729,DOC05,22/03/2024,16:00,Tekanan darah tinggi,completed,275000,BPJS
APT02300,PAT00594,DOC13,20-03-2024,08:00,Sakit pinggang,completed,75000,Transfer
APT02301,PAT00624,DOC22,08/07/2022,13:00,Alergi kulit,completed,175000,Transfer
APT02302,PAT00248,DOC03,2024-04-27,15:00,Batuk berdahak,completed,250000,BPJS
APT02303,PAT01197,DOC18,28/12/2023,10:00,Sesak napas,completed,275000,Transfer
APT02304,PAT01134,DOC03,30-12-2024,16:00,Luka pada kaki,no_show,250000,Tunai
APT02305,PAT01037,DOC22,2024-03-22,12:00,Demam dan batuk,completed,175000,BPJS
APT02306,PAT00675,DOC23,13/04/2024,11:00,Bisul,completed,100000,BPJS
APT02307,PAT00747,DOC07,2024-08-26,14:00,Sakit pinggang,completed,100000,Transfer
APT02308,PAT01284,DOC16,2023-01-30,14:00,Susah tidur,completed,225000,Asuransi
APT02309,PAT01783,DOC20,2023-06-30,08:00,Luka pada kaki,completed,150000,BPJS
APT02310,PAT00716,DOC03,20-01-2024,08:00,Cek mata kabur,completed,250000,Transfer
APT02311,PAT00851,DOC15,01-08-2022,09:00,Diare,completed,150000,Asuransi
APT02312,PAT00219,DOC11,26/10/2023,16:00,Mata merah,completed,200000,Tunai
APT02313,PAT00922,DOC01,2024-03-28,15:00,Susah tidur,completed,225000,BPJS
APT02314,PAT00460,DOC15,09/08/2024,16:00,Pusing dan mual,completed,150000,BPJS
APT02315,PAT00592,DOC24,2024-07-05,10:00,Cek kesehatan umum,cancelled,60000,BPJS
APT02316,PAT00457,DOC16,28-04-2024,15:00,Mata merah,completed,225000,BPJS
APT02317,PAT01784,DOC14,29/06/2022,08:00,Susah tidur,completed,175000,BPJS
APT02318,PAT01087,DOC07,19-06-2022,14:00,Bisul,completed,100000,Transfer
APT02319,PAT01400,DOC17,24/07/2022,14:00,Susah tidur,completed,90000,BPJS
APT02320,PAT00868,DOC15,2023-09-15,11:00,Sembelit,completed,150000,BPJS
APT02321,PAT00872,DOC11,26-09-2023,08:00,Kontrol diabetes,completed,200000,BPJS
APT02322,PAT00985,DOC12,05-11-2024,13:00,Asma kambuh,completed,350000,BPJS
APT02323,PAT01506,DOC25,11/12/2024,13:00,Sakit gigi,completed,350000,BPJS
APT02324,PAT01661,DOC01,15/03/2023,15:00,Vaksin flu,rescheduled,225000,BPJS
APT02325,PAT00725,DOC01,2023-04-19,08:00,Cek gula darah,completed,225000,BPJS
APT02326,PAT01410,DOC24,2024-06-05,16:00,Bisul,completed,60000,Tunai
APT02327,PAT00053,DOC21,14-05-2024,13:00,Batuk berdahak,completed,100000,Tunai
APT02328,PAT00917,DOC05,08-05-2023,13:00,Tidak nafsu makan,cancelled,275000,Asuransi
APT02329,PAT00598,DOC25,05/05/2024,15:00,Pusing dan mual,completed,350000,Asuransi
APT02330,PAT01079,DOC01,2022-05-02,12:00,Demam tinggi,completed,225000,Asuransi
APT02331,PAT01625,DOC10,2023-06-24,13:00,Gigi berlubang,completed,225000,Transfer
APT02332,PAT01506,DOC25,31/07/2023,11:00,Demam tinggi,completed,350000,BPJS
APT02333,PAT00777,DOC01,31-05-2024,09:00,Alergi kulit,completed,225000,BPJS
APT02334,PAT00177,DOC11,02/12/2024,13:00,Mual muntah,completed,200000,BPJS
APT02335,PAT00183,DOC08,2025-01-17,12:00,Sakit kepala,completed,175000,BPJS
APT02336,PAT00903,DOC22,26/07/2024,08:00,Kontrol rutin,completed,175000,BPJS
APT02337,PAT01786,DOC10,02/06/2023,16:00,Cek kesehatan umum,completed,225000,BPJS
APT02338,PAT01944,DOC21,24/12/2022,10:00,Vaksin flu,completed,100000,Asuransi
APT02339,PAT00832,DOC19,09/09/2024,08:00,Mual muntah,completed,75000,BPJS
APT02340,PAT01244,DOC10,2024-08-31,13:00,Alergi kulit,completed,225000,BPJS
APT02341,PAT01514,DOC23,14/12/2024,16:00,Kontrol rutin,completed,100000,Tunai
APT02342,PAT01615,DOC21,2023-08-16,11:00,Bisul,completed,100000,Asuransi
APT02343,PAT00827,DOC10,11-02-2024,10:00,Tekanan darah tinggi,completed,225000,BPJS
APT02344,PAT00744,DOC11,2024-04-10,09:00,Tidak nafsu makan,no_show,200000,BPJS
APT02345,PAT01074,DOC24,18-01-2024,11:00,Telinga sakit,no_show,60000,Tunai
APT02346,PAT01603,DOC25,26/06/2024,12:00,Cek gula darah,completed,350000,Asuransi
APT02347,PAT00558,DOC21,13/01/2025,14:00,Kontrol diabetes,completed,100000,BPJS
APT02348,PAT01375,DOC20,17/07/2023,08:00,Kontrol rutin,completed,150000,BPJS
APT02349,PAT00732,DOC07,2024-12-23,16:00,Sakit kepala,completed,100000,Asuransi
APT02350,PAT01437,DOC24,23-08-2024,16:00,Cek mata kabur,completed,60000,BPJS
APT02351,PAT01295,DOC06,08-11-2023,09:00,Cek kesehatan umum,completed,60000,BPJS
APT02352,PAT01408,DOC19,13/04/2024,09:00,Asma kambuh,completed,75000,BPJS
APT02353,PAT01157,DOC19,16/07/2024,15:00,Konsultasi kehamilan,completed,75000,Tunai
APT02354,PAT01020,DOC01,04/11/2024,16:00,Demam tinggi,completed,225000,Transfer
APT02355,PAT01986,DOC14,20-10-2024,16:00,Sakit tenggorokan,completed,175000,Asuransi
APT02356,PAT01830,DOC01,2023-04-25,16:00,Sakit gigi,completed,225000,Transfer
APT02357,PAT01235,DOC04,18/02/2024,16:00,Sakit tenggorokan,completed,225000,BPJS
APT02358,PAT00112,DOC04,2023-09-25,12:00,Batuk berdahak,completed,225000,BPJS
APT02359,PAT01900,DOC14,2024-11-11,10:00,Demam pada anak,completed,175000,Transfer
APT02360,PAT00475,DOC04,06-06-2024,13:00,Gatal pada kulit,completed,225000,Asuransi
APT02361,PAT00222,DOC05,13/01/2024,14:00,Pendarahan gusi,completed,275000,Asuransi
APT02362,PAT00927,DOC13,2022-11-07,10:00,Pendarahan gusi,completed,75000,BPJS
APT02363,PAT01901,DOC16,2024-12-19,12:00,Tidak nafsu makan,cancelled,225000,Asuransi
APT02364,PAT00746,DOC02,27-12-2024,08:00,Sariawan parah,completed,275000,Transfer
APT02365,PAT01264,DOC15,15/03/2023,15:00,Gatal pada kulit,completed,150000,Tunai
APT02366,PAT00184,DOC25,2023-12-01,15:00,Sakit tenggorokan,completed,350000,BPJS
APT02367,PAT00076,DOC09,24/07/2024,14:00,Pilek dan flu,completed,350000,Asuransi
APT02368,PAT01709,DOC25,2022-10-31,15:00,Pilek dan flu,completed,350000,Transfer
APT02369,PAT00682,DOC02,28-07-2023,12:00,Sakit tenggorokan,completed,275000,Transfer
APT02370,PAT00380,DOC14,2023-07-30,12:00,Telinga sakit,completed,175000,Tunai
APT02371,PAT01516,DOC21,16-10-2023,14:00,Konsultasi KB,completed,100000,BPJS
APT02372,PAT01492,DOC12,12-02-2023,09:00,Sariawan parah,cancelled,350000,BPJS
APT02373,PAT01711,DOC08,2024-07-15,16:00,Kontrol rutin,completed,175000,Transfer
APT02374,PAT01219,DOC17,19/02/2024,14:00,Diare,completed,90000,Tunai
APT02375,PAT01235,DOC07,01-03-2024,15:00,Mata merah,completed,100000,Transfer
APT02376,PAT00804,DOC11,03/10/2024,10:00,Cek kesehatan umum,completed,200000,BPJS
APT02377,PAT01673,DOC16,2024-08-02,08:00,Tidak nafsu makan,completed,225000,BPJS
APT02378,PAT01352,DOC22,20/08/2022,12:00,Alergi kulit,completed,175000,Tunai
APT02379,PAT01731,DOC25,2024-02-25,08:00,Tekanan darah tinggi,completed,350000,Transfer
APT02380,PAT01421,DOC04,16/10/2023,13:00,Imunisasi anak,completed,225000,BPJS
APT02381,PAT00318,DOC11,2023-09-01,13:00,Mual muntah,completed,200000,Tunai
APT02382,PAT01141,DOC07,2024-05-02,14:00,Pusing dan mual,rescheduled,100000,Tunai
APT02383,PAT00426,DOC18,24/05/2024,09:00,Demam pada anak,completed,275000,Transfer
APT02384,PAT00149,DOC01,24/07/2024,12:00,Diare,completed,225000,BPJS
APT02385,PAT01583,DOC05,20/10/2024,13:00,Demam dan batuk,no_show,275000,Asuransi
APT02386,PAT00824,DOC18,27/03/2024,08:00,Kelelahan,completed,275000,Asuransi
APT02387,PAT01326,DOC17,2022-05-19,08:00,Asma kambuh,completed,90000,BPJS
APT02388,PAT00965,DOC03,12-11-2022,14:00,Imunisasi anak,completed,250000,BPJS
APT02389,PAT00629,DOC02,28/08/2022,11:00,Tidak nafsu makan,completed,275000,Asuransi
APT02390,PAT01918,DOC04,29-10-2023,10:00,Cek mata kabur,completed,225000,BPJS
APT02391,PAT00325,DOC15,2023-01-02,11:00,Pusing dan mual,completed,150000,Transfer
APT02392,PAT00257,DOC15,27/05/2024,14:00,Asma kambuh,completed,150000,BPJS
APT02393,PAT00890,DOC20,2023-06-23,16:00,Kelelahan,completed,150000,BPJS
APT02394,PAT01190,DOC21,2024-12-16,12:00,Mual muntah,completed,100000,Tunai
APT02395,PAT01986,DOC15,2024-08-03,12:00,Pendarahan gusi,completed,150000,Asuransi
APT02396,PAT01999,DOC19,09/01/2024,12:00,Konsultasi KB,completed,75000,Transfer
APT02397,PAT00398,DOC03,2024-07-14,14:00,Tidak nafsu makan,completed,250000,BPJS
APT02398,PAT01305,DOC16,2023-01-11,14:00,Cek mata kabur,completed,225000,Tunai
APT02399,PAT00534,DOC23,30/10/2024,08:00,Sakit pinggang,completed,100000,BPJS
APT02400,PAT00829,DOC21,20/02/2024,15:00,Kelelahan,completed,100000,Tunai
APT02401,PAT01564,DOC06,2021-12-10,11:00,Nyeri perut,completed,60000,BPJS
APT02402,PAT00253,DOC23,01/06/2023,09:00,Vaksin flu,completed,100000,BPJS
APT02403,PAT01223,DOC01,2024-07-28,11:00,Cek kesehatan umum,no_show,225000,Asuransi
APT02404,PAT01875,DOC07,22-04-2024,16:00,Gatal pada kulit,completed,100000,BPJS
APT02405,PAT00409,DOC04,2023-12-12,09:00,Kelelahan,completed,225000,BPJS
APT02406,PAT00216,DOC13,22-09-2023,12:00,Sembelit,completed,75000,BPJS
APT02407,PAT00323,DOC08,15/04/2024,10:00,Sembelit,cancelled,175000,BPJS
APT02408,PAT01780,DOC04,2024-11-24,11:00,Kelelahan,completed,225000,Tunai
APT02409,PAT01714,DOC23,21/07/2024,13:00,Imunisasi anak,completed,100000,BPJS
APT02410,PAT00226,DOC12,2023-06-20,11:00,Sariawan parah,completed,350000,BPJS
APT02411,PAT01115,DOC04,2024-04-16,15:00,Mata merah,completed,225000,Transfer
APT02412,PAT01658,DOC03,2023-03-13,09:00,Sakit kepala,completed,250000,BPJS
APT02413,PAT01587,DOC14,2022-06-19,16:00,Cek mata kabur,completed,175000,Tunai
APT02414,PAT00483,DOC23,2023-08-26,13:00,Gigi berlubang,completed,100000,Asuransi
APT02415,PAT00814,DOC02,22-09-2022,14:00,Cek gula darah,completed,275000,BPJS
APT02416,PAT00637,DOC16,2024-07-21,10:00,Pusing dan mual,completed,225000,Transfer
APT02417,PAT00215,DOC21,29/01/2024,14:00,Sakit tenggorokan,completed,100000,Tunai
APT02418,PAT00691,DOC02,05/12/2024,10:00,Nyeri perut,completed,275000,BPJS
APT02419,PAT01085,DOC10,2024-05-13,09:00,Batuk berdahak,completed,225000,BPJS
APT02420,PAT01730,DOC20,01/09/2024,15:00,Sakit kepala,completed,150000,BPJS
APT02421,PAT00279,DOC23,09/05/2024,16:00,Nyeri perut,no_show,100000,Tunai
APT02422,PAT01156,DOC20,2024-09-09,13:00,Cek gula darah,rescheduled,150000,Asuransi
APT02423,PAT01088,DOC13,26/07/2024,13:00,Gigi berlubang,completed,75000,Tunai
APT02424,PAT00440,DOC14,24-02-2024,09:00,Kontrol diabetes,completed,175000,Asuransi
APT02425,PAT01905,DOC22,2025-01-23,10:00,Demam tinggi,completed,175000,BPJS
APT02426,PAT00086,DOC15,28-09-2022,15:00,Imunisasi anak,completed,150000,BPJS
APT02427,PAT01077,DOC22,26/02/2024,09:00,Sesak napas,completed,175000,BPJS
APT02428,PAT01185,DOC01,16/11/2022,08:00,Konsultasi KB,completed,225000,BPJS
APT02429,PAT00054,DOC02,27-06-2024,14:00,Cek gula darah,completed,275000,BPJS
APT02430,PAT01631,DOC02,29/09/2024,08:00,Cek gula darah,completed,275000,BPJS
APT02431,PAT01009,DOC10,09-12-2024,13:00,Asma kambuh,completed,225000,Transfer
APT02432,PAT01072,DOC23,21-01-2025,16:00,USG kehamilan,completed,100000,Tunai
APT02433,PAT00130,DOC08,22-10-2023,15:00,Gatal pada kulit,completed,175000,Asuransi
APT02434,PAT00241,DOC11,30-03-2024,10:00,Konsultasi KB,completed,200000,BPJS
APT02435,PAT00355,DOC05,24-08-2024,15:00,Cek gula darah,completed,275000,BPJS
APT02436,PAT00525,DOC02,2022-09-28,12:00,Pendarahan gusi,completed,275000,Tunai
APT02437,PAT01128,DOC22,05-06-2024,15:00,Demam pada anak,completed,175000,Tunai
APT02438,PAT00481,DOC21,22-11-2021,16:00,Sembelit,completed,100000,BPJS
APT02439,PAT01613,DOC10,21/06/2024,12:00,Luka pada kaki,completed,225000,Asuransi
APT02440,PAT00107,DOC02,30-12-2024,10:00,Sesak napas,completed,275000,BPJS
APT02441,PAT00444,DOC13,2024-01-26,16:00,Mata merah,completed,75000,BPJS
APT02442,PAT01725,DOC12,22/08/2024,13:00,Sakit kepala,completed,350000,Tunai
APT02443,PAT01704,DOC11,19/06/2024,11:00,Sembelit,completed,200000,BPJS
APT02444,PAT00740,DOC02,2023-02-15,15:00,Luka pada kaki,completed,275000,Tunai
APT02445,PAT01264,DOC19,2023-01-07,11:00,Demam tinggi,completed,75000,Transfer
APT02446,PAT01617,DOC05,12/12/2021,09:00,Gatal pada kulit,completed,275000,BPJS
APT02447,PAT01204,DOC23,2024-09-03,08:00,Sakit gigi,cancelled,100000,Tunai
APT02448,PAT00430,DOC08,24-02-2022,13:00,Cek mata kabur,completed,175000,Asuransi
APT02449,PAT00862,DOC09,30-12-2022,09:00,Gigi berlubang,completed,350000,BPJS
APT02450,PAT00640,DOC13,2024-06-04,09:00,USG kehamilan,completed,75000,BPJS
APT02451,PAT01887,DOC07,05-04-2023,10:00,Demam dan batuk,no_show,100000,Asuransi
APT02452,PAT00341,DOC06,19/01/2025,14:00,Gigi berlubang,completed,60000,Transfer
APT02453,PAT00425,DOC03,11-02-2024,12:00,Diare,completed,250000,Transfer
APT02454,PAT00817,DOC08,2024-03-29,09:00,Mual muntah,no_show,175000,BPJS
APT02455,PAT00600,DOC02,09/08/2024,10:00,Imunisasi anak,completed,275000,Tunai
APT02456,PAT00016,DOC03,30-01-2024,09:00,Asma kambuh,cancelled,250000,BPJS
APT02457,PAT01234,DOC19,02/11/2023,13:00,Luka pada kaki,completed,75000,Tunai
APT02458,PAT00095,DOC11,2022-01-29,13:00,Sakit kepala,completed,200000,Asuransi
APT02459,PAT00151,DOC20,2023-06-03,08:00,Sakit pinggang,completed,150000,BPJS
APT02460,PAT01580,DOC15,28/03/2024,13:00,Tekanan darah tinggi,completed,150000,BPJS
APT02461,PAT00463,DOC12,13/09/2024,13:00,Pilek dan flu,completed,350000,Transfer
APT02462,PAT01638,DOC14,01/08/2023,13:00,Cek gula darah,completed,175000,BPJS
APT02463,PAT00225,DOC08,11/05/2024,08:00,Pusing dan mual,cancelled,175000,BPJS
APT02464,PAT01652,DOC17,15/01/2024,15:00,Sakit tenggorokan,completed,90000,Tunai
APT02465,PAT00813,DOC14,07/04/2023,14:00,Sakit kepala,completed,175000,BPJS
APT02466,PAT00604,DOC19,2022-05-10,11:00,Demam pada anak,completed,75000,BPJS
APT02467,PAT00902,DOC15,17-09-2023,09:00,Cek kesehatan umum,completed,150000,Transfer
APT02468,PAT00090,DOC12,02/02/2024,09:00,Tidak nafsu makan,completed,350000,BPJS
APT02469,PAT00393,DOC05,03/06/2023,15:00,USG kehamilan,completed,275000,Transfer
APT02470,PAT01735,DOC16,31-05-2024,10:00,Kontrol diabetes,completed,225000,BPJS
APT02471,PAT00647,DOC17,05-02-2024,16:00,USG kehamilan,no_show,90000,Tunai
APT02472,PAT01219,DOC23,2022-01-23,14:00,Bisul,completed,100000,Tunai
APT02473,PAT00203,DOC16,2023-05-11,13:00,Demam tinggi,cancelled,225000,Tunai
APT02474,PAT00137,DOC09,10/10/2022,12:00,Demam tinggi,completed,350000,BPJS
APT02475,PAT00600,DOC23,01/05/2024,12:00,Demam pada anak,completed,100000,Transfer
APT02476,PAT01979,DOC14,2024-04-08,11:00,Nyeri perut,completed,175000,BPJS
APT02477,PAT00909,DOC03,2024-12-13,12:00,Pilek dan flu,completed,250000,Transfer
APT02478,PAT01826,DOC01,2024-10-08,14:00,Konsultasi KB,completed,225000,BPJS
APT02479,PAT00636,DOC11,03/05/2024,08:00,Sembelit,completed,200000,Asuransi
APT02480,PAT00975,DOC24,2023-07-31,11:00,Nyeri sendi,completed,60000,BPJS
APT02481,PAT01829,DOC04,2022-02-18,15:00,Kontrol diabetes,cancelled,225000,BPJS
APT02482,PAT00946,DOC01,02/08/2023,09:00,Konsultasi kehamilan,completed,225000,BPJS
APT02483,PAT00233,DOC04,2022-06-21,15:00,Konsultasi kehamilan,completed,225000,Tunai
APT02484,PAT00454,DOC03,2022-09-01,15:00,Tekanan darah tinggi,completed,250000,BPJS
APT02485,PAT01921,DOC08,2024-01-04,15:00,Pendarahan gusi,completed,175000,BPJS
APT02486,PAT00733,DOC14,11/01/2023,08:00,Sakit kepala,completed,175000,Tunai
APT02487,PAT01167,DOC03,18/07/2024,12:00,Diare,completed,250000,BPJS
APT02488,PAT01481,DOC02,2025-01-28,15:00,Bisul,completed,275000,BPJS
APT02489,PAT01745,DOC10,2023-01-22,09:00,Cek mata kabur,completed,225000,BPJS
APT02490,PAT00422,DOC09,2024-12-31,10:00,Cek kesehatan umum,completed,350000,BPJS
APT02491,PAT01713,DOC04,2023-01-20,15:00,Batuk berdahak,completed,225000,BPJS
APT02492,PAT01350,DOC13,10/06/2024,10:00,Sesak napas,completed,75000,Asuransi
APT02493,PAT00299,DOC05,2023-08-24,08:00,Alergi kulit,completed,275000,BPJS
APT02494,PAT00259,DOC24,18-08-2022,09:00,Alergi kulit,completed,60000,Transfer
APT02495,PAT00536,DOC13,2021-09-21,11:00,Susah tidur,completed,75000,Transfer
APT02496,PAT01657,DOC12,2021-12-18,13:00,USG kehamilan,completed,350000,Tunai
APT02497,PAT00488,DOC09,13/06/2024,14:00,Batuk berdahak,completed,350000,Tunai
APT02498,PAT00133,DOC25,2024-09-20,12:00,Alergi kulit,rescheduled,350000,BPJS
APT02499,PAT00666,DOC07,29-04-2024,09:00,Alergi kulit,completed,100000,Asuransi
APT02500,PAT01189,DOC11,2022-06-11,14:00,Kontrol rutin,completed,200000,Transfer
APT02501,PAT01323,DOC10,07-05-2024,09:00,Konsultasi kehamilan,completed,225000,BPJS
APT02502,PAT01902,DOC21,2022-10-06,11:00,Sakit gigi,completed,100000,Transfer
APT02503,PAT01522,DOC08,17/12/2024,09:00,Demam dan batuk,completed,175000,BPJS
APT02504,PAT01113,DOC20,2024-09-07,08:00,Vaksin flu,completed,150000,Asuransi
APT02505,PAT00878,DOC19,31-08-2024,15:00,Mual muntah,completed,75000,BPJS
APT02506,PAT00229,DOC18,18-01-2025,16:00,Gatal pada kulit,completed,275000,BPJS
APT02507,PAT00562,DOC04,30/01/2024,12:00,Sakit gigi,completed,225000,BPJS
APT02508,PAT00628,DOC16,2023-10-18,11:00,Sesak napas,rescheduled,225000,BPJS
APT02509,PAT00761,DOC21,2024-11-05,15:00,Mata merah,cancelled,100000,Transfer
APT02510,PAT01555,DOC20,02/08/2024,08:00,Sakit tenggorokan,completed,150000,BPJS
APT02511,PAT01029,DOC25,2023-10-22,10:00,Demam pada anak,completed,350000,BPJS
APT02512,PAT00157,DOC22,12/01/2025,15:00,Batuk berdahak,completed,175000,Asuransi
APT02513,PAT00521,DOC01,17-07-2024,11:00,Vaksin flu,completed,225000,BPJS
APT02514,PAT00170,DOC24,2023-10-29,16:00,Batuk berdahak,completed,60000,Asuransi
APT02515,PAT00815,DOC18,2024-12-29,15:00,Sesak napas,completed,275000,BPJS
APT02516,PAT01511,DOC20,23/01/2024,10:00,Sariawan parah,completed,150000,Asuransi
APT02517,PAT00671,DOC24,2024-07-18,13:00,Kontrol rutin,completed,60000,Transfer
APT02518,PAT00718,DOC16,2025-01-24,10:00,Kelelahan,completed,225000,BPJS
APT02519,PAT01087,DOC09,13-10-2024,10:00,Mual muntah,completed,350000,Transfer
APT02520,PAT01035,DOC02,20/05/2024,11:00,Konsultasi KB,cancelled,275000,Transfer
APT02521,PAT01301,DOC06,2023-04-22,09:00,Alergi kulit,completed,60000,BPJS
APT02522,PAT00186,DOC20,17/09/2023,12:00,Kontrol rutin,completed,150000,BPJS
APT02523,PAT00364,DOC24,2024-05-04,16:00,USG kehamilan,completed,60000,Asuransi
APT02524,PAT01046,DOC18,10/01/2025,08:00,Kontrol diabetes,completed,275000,Tunai
APT02525,PAT01637,DOC07,2023-02-11,09:00,Pusing dan mual,completed,100000,BPJS
APT02526,PAT00943,DOC19,2024-09-07,10:00,Bisul,completed,75000,Asuransi
APT02527,PAT01595,DOC06,2023-02-15,11:00,Pilek dan flu,completed,60000,Tunai
APT02528,PAT00675,DOC13,05-10-2024,15:00,Diare,completed,75000,BPJS
APT02529,PAT00005,DOC23,2024-06-24,11:00,Susah tidur,completed,100000,BPJS
APT02530,PAT01932,DOC25,2024-06-11,09:00,Alergi kulit,completed,350000,BPJS
APT02531,PAT01412,DOC15,13-04-2022,12:00,Pilek dan flu,completed,150000,Asuransi
APT02532,PAT00572,DOC06,2024-06-02,15:00,Imunisasi anak,completed,60000,BPJS
APT02533,PAT00413,DOC11,14/10/2024,11:00,Tidak nafsu makan,completed,200000,Asuransi
APT02534,PAT00369,DOC04,2023-02-24,10:00,Demam dan batuk,completed,225000,Transfer
APT02535,PAT00518,DOC06,29/09/2022,15:00,Konsultasi KB,completed,60000,BPJS
APT02536,PAT01836,DOC16,2023-07-10,09:00,Demam pada anak,completed,225000,Tunai
APT02537,PAT00933,DOC03,2024-07-22,12:00,Pusing dan mual,cancelled,250000,Transfer
APT02538,PAT00104,DOC22,2023-04-13,10:00,Sakit pinggang,completed,175000,Tunai
APT02539,PAT01951,DOC21,29/11/2024,08:00,Sariawan parah,completed,100000,BPJS
APT02540,PAT00736,DOC23,23/01/2025,15:00,Konsultasi KB,cancelled,100000,Transfer
APT02541,PAT00459,DOC13,10/05/2023,10:00,Tidak nafsu makan,no_show,75000,BPJS
APT02542,PAT00943,DOC19,15/09/2024,15:00,Pusing dan mual,completed,75000,Asuransi
APT02543,PAT01067,DOC24,01-05-2024,09:00,Alergi kulit,completed,60000,Asuransi
APT02544,PAT00262,DOC19,29-12-2022,09:00,Mata merah,cancelled,75000,BPJS
APT02545,PAT00213,DOC04,2024-12-25,09:00,Mata merah,completed,225000,BPJS
APT02546,PAT00104,DOC04,2022-06-10,15:00,Sakit pinggang,completed,225000,Tunai
APT02547,PAT00764,DOC25,06/09/2023,10:00,Nyeri sendi,completed,350000,Asuransi
APT02548,PAT01996,DOC19,2022-12-24,16:00,Sakit gigi,completed,75000,BPJS
APT02549,PAT00350,DOC07,2022-03-13,10:00,Cek gula darah,completed,100000,BPJS
APT02550,PAT01754,DOC06,03/12/2023,16:00,Vaksin flu,no_show,60000,Tunai
APT02551,PAT01073,DOC25,09-09-2023,15:00,Gigi berlubang,completed,350000,Asuransi
APT02552,PAT00624,DOC07,2023-12-08,09:00,Mata merah,completed,100000,Transfer
APT02553,PAT00025,DOC17,2024-02-01,16:00,Asma kambuh,completed,90000,Tunai
APT02554,PAT00421,DOC16,2023-12-12,09:00,Gatal pada kulit,completed,225000,BPJS
APT02555,PAT00869,DOC24,06/12/2024,10:00,Diare,completed,60000,BPJS
APT02556,PAT01331,DOC02,2023-09-26,08:00,USG kehamilan,rescheduled,275000,Transfer
APT02557,PAT00429,DOC15,09/08/2022,13:00,Sakit tenggorokan,completed,150000,Transfer
APT02558,PAT00475,DOC03,2024-11-03,16:00,Cek kesehatan umum,completed,250000,Asuransi
APT02559,PAT01464,DOC20,28-07-2024,16:00,Mata merah,completed,150000,Asuransi
APT02560,PAT00007,DOC07,16/03/2024,12:00,Asma kambuh,rescheduled,100000,BPJS
APT02561,PAT01114,DOC04,06/02/2023,11:00,Konsultasi kehamilan,completed,225000,BPJS
APT02562,PAT00126,DOC22,30/01/2023,12:00,Kontrol diabetes,completed,175000,BPJS
APT02563,PAT00628,DOC12,31/12/2023,12:00,Sakit kepala,rescheduled,350000,BPJS
APT02564,PAT01754,DOC16,23/11/2023,08:00,Batuk berdahak,no_show,225000,Tunai
APT02565,PAT01881,DOC12,2024-06-01,16:00,Susah tidur,completed,350000,BPJS
APT02566,PAT01750,DOC07,09-09-2023,16:00,Sakit tenggorokan,cancelled,100000,Tunai
APT02567,PAT01596,DOC17,30-06-2022,16:00,Cek gula darah,no_show,90000,Transfer
APT02568,PAT01336,DOC24,2024-03-26,16:00,Batuk berdahak,completed,60000,BPJS
APT02569,PAT01651,DOC05,12-12-2024,16:00,Sesak napas,completed,275000,BPJS
APT02570,PAT00986,DOC19,2024-12-18,10:00,Sakit pinggang,cancelled,75000,Asuransi
APT02571,PAT00996,DOC24,2024-03-29,11:00,Luka pada kaki,rescheduled,60000,BPJS
APT02572,PAT00761,DOC14,2023-02-01,09:00,Batuk berdahak,completed,175000,Tunai
APT02573,PAT00444,DOC24,2021-12-14,15:00,Sakit kepala,rescheduled,60000,BPJS
APT02574,PAT00842,DOC14,2024-12-18,08:00,Kontrol diabetes,completed,175000,BPJS
APT02575,PAT01568,DOC08,2022-08-12,09:00,Sariawan parah,completed,175000,Tunai
APT02576,PAT01472,DOC14,2023-07-28,09:00,Pendarahan gusi,completed,175000,Transfer
APT02577,PAT00691,DOC24,27/08/2024,08:00,Konsultasi KB,rescheduled,60000,BPJS
APT02578,PAT01004,DOC07,27/11/2022,11:00,Nyeri sendi,completed,100000,Asuransi
APT02579,PAT00472,DOC16,11-07-2024,09:00,Luka pada kaki,completed,225000,BPJS
APT02580,PAT01586,DOC07,2024-02-20,11:00,Sakit kepala,cancelled,100000,BPJS
APT02581,PAT00200,DOC18,23-09-2024,10:00,Gigi berlubang,completed,275000,BPJS
APT02582,PAT00588,DOC12,12/07/2024,10:00,Kontrol rutin,completed,350000,BPJS
APT02583,PAT00295,DOC04,23/09/2024,10:00,Sesak napas,completed,225000,BPJS
APT02584,PAT01995,DOC23,09/07/2023,10:00,Cek kesehatan umum,completed,100000,BPJS
APT02585,PAT01145,DOC09,2024-10-05,11:00,Pusing dan mual,completed,350000,BPJS
APT02586,PAT01801,DOC11,30-01-2024,14:00,Sakit pinggang,no_show,200000,Tunai
APT02587,PAT01179,DOC22,23/10/2024,08:00,Sakit pinggang,completed,175000,BPJS
APT02588,PAT00788,DOC15,23-03-2024,09:00,Diare,cancelled,150000,Tunai
APT02589,PAT01668,DOC15,2023-01-09,08:00,USG kehamilan,completed,150000,BPJS
APT02590,PAT00977,DOC18,2022-05-16,11:00,Batuk berdahak,completed,275000,Asuransi
APT02591,PAT00023,DOC18,04/08/2022,14:00,Sembelit,completed,275000,Transfer
APT02592,PAT00569,DOC11,2024-05-19,13:00,Asma kambuh,no_show,200000,Tunai
APT02593,PAT01598,DOC03,2023-12-03,12:00,Sakit gigi,completed,250000,BPJS
APT02594,PAT00069,DOC11,2024-05-04,08:00,Demam pada anak,no_show,200000,Tunai
APT02595,PAT01995,DOC12,14/08/2024,13:00,Cek mata kabur,completed,350000,BPJS
APT02596,PAT01634,DOC09,29-04-2022,10:00,Gigi berlubang,completed,350000,Asuransi
APT02597,PAT01494,DOC13,23-05-2024,15:00,Batuk berdahak,completed,75000,Transfer
APT02598,PAT01508,DOC20,25/12/2022,08:00,Sakit kepala,completed,150000,BPJS
APT02599,PAT00459,DOC09,2022-02-20,12:00,Kontrol rutin,completed,350000,BPJS
APT02600,PAT01511,DOC21,25/07/2024,08:00,Mual muntah,completed,100000,Tunai
APT02601,PAT00040,DOC19,24/02/2024,12:00,Sesak napas,completed,75000,BPJS
APT02602,PAT00736,DOC10,2024-05-28,08:00,Gigi berlubang,completed,225000,Tunai
APT02603,PAT00083,DOC10,31/03/2023,08:00,Sakit gigi,completed,225000,BPJS
APT02604,PAT00522,DOC12,26/04/2024,15:00,Mual muntah,completed,350000,Asuransi
APT02605,PAT01622,DOC07,24-04-2023,16:00,Asma kambuh,completed,100000,Asuransi
APT02606,PAT00349,DOC12,03/09/2023,08:00,Sakit gigi,cancelled,350000,Tunai
APT02607,PAT01190,DOC20,2023-12-22,12:00,Kontrol diabetes,completed,150000,BPJS
APT02608,PAT00276,DOC11,2024-06-30,14:00,Gigi berlubang,cancelled,200000,BPJS
APT02609,PAT01979,DOC07,2024-07-10,08:00,Vaksin flu,completed,100000,Transfer
APT02610,PAT00679,DOC24,08-04-2023,09:00,Kelelahan,completed,60000,Tunai
APT02611,PAT00350,DOC22,05/01/2022,14:00,Telinga sakit,completed,175000,BPJS
APT02612,PAT01396,DOC22,2023-07-04,08:00,Bisul,completed,175000,BPJS
APT02613,PAT00754,DOC19,2023-11-19,08:00,Cek kesehatan umum,completed,75000,Asuransi
APT02614,PAT00223,DOC11,2022-04-03,15:00,Nyeri perut,no_show,200000,Transfer
APT02615,PAT00526,DOC03,2024-07-28,14:00,Sesak napas,completed,250000,BPJS
APT02616,PAT01945,DOC16,2024-01-09,11:00,Sakit tenggorokan,completed,225000,Tunai
APT02617,PAT01415,DOC08,2022-04-17,11:00,Demam tinggi,completed,175000,Transfer
APT02618,PAT00940,DOC13,2024-09-20,08:00,Tekanan darah tinggi,completed,75000,Transfer
APT02619,PAT00630,DOC13,2023-11-30,14:00,Kelelahan,completed,75000,BPJS
APT02620,PAT01886,DOC10,2023-04-05,14:00,Pendarahan gusi,completed,225000,BPJS
APT02621,PAT00580,DOC12,2025-01-10,16:00,Konsultasi KB,completed,350000,BPJS
APT02622,PAT00515,DOC22,23/05/2024,09:00,Sembelit,completed,175000,BPJS
APT02623,PAT00380,DOC17,2022-06-27,09:00,Mata merah,completed,90000,BPJS
APT02624,PAT01296,DOC05,2023-02-28,12:00,Tidak nafsu makan,completed,275000,Transfer
APT02625,PAT01674,DOC23,03/11/2022,15:00,Batuk berdahak,completed,100000,Transfer
APT02626,PAT00190,DOC23,15-06-2023,12:00,Susah tidur,completed,100000,Transfer
APT02627,PAT00627,DOC01,2021-10-05,12:00,Mual muntah,completed,225000,BPJS
APT02628,PAT01743,DOC25,14/04/2024,12:00,Kontrol diabetes,completed,350000,BPJS
APT02629,PAT01807,DOC19,01-11-2022,12:00,Bisul,completed,75000,Transfer
APT02630,PAT01013,DOC18,2024-03-22,15:00,Mata merah,completed,275000,BPJS
APT02631,PAT00814,DOC22,2024-08-10,14:00,Nyeri sendi,completed,175000,Transfer
APT02632,PAT00963,DOC07,15/12/2023,16:00,Kontrol rutin,completed,100000,Transfer
APT02633,PAT00509,DOC09,09-11-2022,13:00,Demam tinggi,completed,350000,Transfer
APT02634,PAT00205,DOC18,2024-08-30,09:00,Alergi kulit,completed,275000,Tunai
APT02635,PAT01735,DOC18,15/01/2025,15:00,Cek kesehatan umum,completed,275000,BPJS
APT02636,PAT00892,DOC15,10/11/2024,14:00,Kontrol diabetes,completed,150000,BPJS
APT02637,PAT01418,DOC20,22/12/2021,09:00,Konsultasi KB,completed,150000,BPJS
APT02638,PAT01832,DOC12,12/10/2022,14:00,Nyeri sendi,completed,350000,BPJS
APT02639,PAT00702,DOC19,05/09/2024,09:00,Asma kambuh,completed,75000,Asuransi
APT02640,PAT01771,DOC19,03-12-2024,08:00,Susah tidur,completed,75000,Transfer
APT02641,PAT00862,DOC25,2024-03-14,13:00,Sariawan parah,completed,350000,BPJS
APT02642,PAT00054,DOC21,14/07/2024,14:00,Konsultasi kehamilan,completed,100000,Transfer
APT02643,PAT01336,DOC22,30-09-2024,15:00,Kontrol rutin,completed,175000,BPJS
APT02644,PAT01753,DOC09,2024-02-23,15:00,Vaksin flu,completed,350000,BPJS
APT02645,PAT00557,DOC02,2024-11-17,15:00,Luka pada kaki,cancelled,275000,Tunai
APT02646,PAT00277,DOC12,2023-06-03,09:00,Demam pada anak,completed,350000,Transfer
APT02647,PAT01972,DOC10,30/12/2023,12:00,Kontrol rutin,completed,225000,Transfer
APT02648,PAT01418,DOC20,2024-07-14,13:00,Luka pada kaki,completed,150000,BPJS
APT02649,PAT00271,DOC12,2023-12-09,11:00,Tidak nafsu makan,completed,350000,BPJS
APT02650,PAT01946,DOC09,30-06-2024,12:00,Telinga sakit,completed,350000,Transfer
APT02651,PAT01501,DOC11,2024-04-13,15:00,Mual muntah,completed,200000,BPJS
APT02652,PAT00432,DOC08,25-12-2024,13:00,Sesak napas,completed,175000,Tunai
APT02653,PAT00007,DOC23,24-11-2023,08:00,Sariawan parah,completed,100000,BPJS
APT02654,PAT01950,DOC07,01/09/2021,15:00,Tekanan darah tinggi,completed,100000,Transfer
APT02655,PAT01902,DOC24,16/10/2023,10:00,Susah tidur,completed,60000,Tunai
APT02656,PAT00973,DOC13,2024-01-13,13:00,Kelelahan,completed,75000,Tunai
APT02657,PAT01020,DOC02,25-08-2024,12:00,Tekanan darah tinggi,completed,275000,Transfer
APT02658,PAT01674,DOC13,01-02-2022,11:00,Cek mata kabur,completed,75000,Transfer
APT02659,PAT01661,DOC20,2024-06-11,08:00,Cek gula darah,completed,150000,BPJS
APT02660,PAT00892,DOC22,06/09/2024,12:00,Sembelit,completed,175000,BPJS
APT02661,PAT01314,DOC25,12-06-2024,11:00,Demam pada anak,completed,350000,BPJS
APT02662,PAT00116,DOC16,22-05-2024,14:00,Sakit tenggorokan,completed,225000,BPJS
APT02663,PAT00727,DOC08,30/10/2024,15:00,Luka pada kaki,completed,175000,Asuransi
APT02664,PAT00525,DOC05,2023-09-03,15:00,Sakit tenggorokan,completed,275000,Transfer
APT02665,PAT00590,DOC19,2023-11-09,09:00,Mual muntah,completed,75000,BPJS
APT02666,PAT01936,DOC22,02/09/2023,13:00,Sakit kepala,completed,175000,Transfer
APT02667,PAT01645,DOC06,12/09/2023,10:00,Telinga sakit,completed,60000,BPJS
APT02668,PAT00203,DOC13,04/10/2024,09:00,Telinga sakit,completed,75000,Transfer
APT02669,PAT01256,DOC16,2024-07-11,08:00,Vaksin flu,completed,225000,Transfer
APT02670,PAT01044,DOC05,11/01/2024,08:00,Vaksin flu,completed,275000,Asuransi
APT02671,PAT00044,DOC17,24-09-2023,11:00,Konsultasi kehamilan,completed,90000,Transfer
APT02672,PAT01690,DOC24,30/08/2024,08:00,Pusing dan mual,completed,60000,Asuransi
APT02673,PAT01940,DOC25,25-11-2023,12:00,Gatal pada kulit,completed,350000,BPJS
APT02674,PAT01703,DOC14,2023-03-22,12:00,USG kehamilan,completed,175000,Transfer
APT02675,PAT00201,DOC18,10-10-2023,09:00,Mual muntah,completed,275000,Transfer
APT02676,PAT01309,DOC12,2025-01-14,09:00,Demam tinggi,completed,350000,BPJS
APT02677,PAT01173,DOC10,2024-02-16,12:00,Kontrol rutin,completed,225000,BPJS
APT02678,PAT00140,DOC04,2025-01-14,10:00,Bisul,completed,225000,BPJS
APT02679,PAT01228,DOC04,02-04-2024,14:00,Telinga sakit,completed,225000,Transfer
APT02680,PAT00715,DOC04,07/02/2022,10:00,Sakit kepala,completed,225000,BPJS
APT02681,PAT01693,DOC08,10/10/2024,08:00,Demam pada anak,completed,175000,Asuransi
APT02682,PAT01950,DOC13,14/01/2024,14:00,Pendarahan gusi,completed,75000,Tunai
APT02683,PAT00316,DOC07,2024-05-01,11:00,Bisul,completed,100000,BPJS
APT02684,PAT01477,DOC16,02-06-2023,12:00,Tekanan darah tinggi,rescheduled,225000,Tunai
APT02685,PAT01026,DOC10,24/10/2023,11:00,Vaksin flu,completed,225000,BPJS
APT02686,PAT00495,DOC10,07/12/2024,16:00,Batuk berdahak,completed,225000,BPJS
APT02687,PAT01506,DOC08,2022-10-03,10:00,Asma kambuh,rescheduled,175000,BPJS
APT02688,PAT01619,DOC05,11-09-2024,09:00,Luka pada kaki,completed,275000,Asuransi
APT02689,PAT00419,DOC03,09/09/2023,10:00,Telinga sakit,completed,250000,Tunai
APT02690,PAT01944,DOC11,2024-03-07,11:00,Tekanan darah tinggi,completed,200000,Asuransi
APT02691,PAT00909,DOC20,2024-06-30,12:00,Cek kesehatan umum,completed,150000,Tunai
APT02692,PAT00504,DOC23,2023-11-03,10:00,Kontrol diabetes,completed,100000,Tunai
APT02693,PAT01472,DOC15,2024-09-04,11:00,Kelelahan,completed,150000,Asuransi
APT02694,PAT01167,DOC09,2023-11-18,10:00,Susah tidur,completed,350000,BPJS
APT02695,PAT00907,DOC06,24/12/2024,15:00,Vaksin flu,completed,60000,BPJS
APT02696,PAT01020,DOC18,08/09/2023,09:00,Gigi berlubang,completed,275000,Transfer
APT02697,PAT00037,DOC15,18-07-2023,10:00,Konsultasi KB,rescheduled,150000,BPJS
APT02698,PAT01774,DOC20,2024-05-20,13:00,Cek gula darah,completed,150000,Transfer
APT02699,PAT00206,DOC24,14/06/2023,15:00,Gatal pada kulit,cancelled,60000,BPJS
APT02700,PAT01364,DOC17,11-09-2021,10:00,Sakit kepala,completed,90000,BPJS
APT02701,PAT00042,DOC09,07-04-2022,08:00,Luka pada kaki,completed,350000,BPJS
APT02702,PAT01161,DOC03,01/12/2022,12:00,Mata merah,completed,250000,BPJS
APT02703,PAT00935,DOC02,2022-08-19,14:00,Demam pada anak,rescheduled,275000,BPJS
APT02704,PAT01084,DOC04,2024-05-18,14:00,Gatal pada kulit,rescheduled,225000,Transfer
APT02705,PAT00651,DOC01,09/11/2021,11:00,Demam pada anak,completed,225000,Tunai
APT02706,PAT01849,DOC03,02/12/2024,09:00,Sakit kepala,completed,250000,BPJS
APT02707,PAT01474,DOC11,2024-03-24,12:00,Demam pada anak,cancelled,200000,BPJS
APT02708,PAT00908,DOC08,29-01-2025,09:00,Gatal pada kulit,completed,175000,BPJS
APT02709,PAT00118,DOC23,26/04/2023,09:00,Luka pada kaki,completed,100000,Transfer
APT02710,PAT01162,DOC07,17-10-2023,15:00,Demam pada anak,completed,100000,Asuransi
APT02711,PAT01949,DOC01,27/12/2024,11:00,Demam dan batuk,completed,225000,Asuransi
APT02712,PAT01933,DOC04,27-07-2024,15:00,Konsultasi kehamilan,cancelled,225000,BPJS
APT02713,PAT00437,DOC08,2024-09-22,08:00,Pilek dan flu,completed,175000,Asuransi
APT02714,PAT00201,DOC22,2025-01-02,12:00,Sariawan parah,completed,175000,BPJS
APT02715,PAT00848,DOC06,30/08/2022,16:00,USG kehamilan,completed,60000,Tunai
APT02716,PAT01883,DOC06,01/09/2023,08:00,Demam dan batuk,completed,60000,BPJS
APT02717,PAT00159,DOC07,21-10-2024,14:00,Sakit pinggang,no_show,100000,BPJS
APT02718,PAT01734,DOC23,07/12/2024,14:00,Kontrol diabetes,completed,100000,BPJS
APT02719,PAT00351,DOC21,16/06/2024,09:00,Sesak napas,completed,100000,Asuransi
APT02720,PAT00700,DOC18,2024-03-18,12:00,Vaksin flu,completed,275000,BPJS
APT02721,PAT00132,DOC18,2024-12-11,08:00,Kontrol rutin,completed,275000,BPJS
APT02722,PAT00695,DOC02,2024-04-01,13:00,Mata merah,completed,275000,Asuransi
APT02723,PAT01450,DOC04,2024-10-01,13:00,USG kehamilan,completed,225000,Transfer
APT02724,PAT00120,DOC05,15/09/2024,14:00,Konsultasi KB,cancelled,275000,BPJS
APT02725,PAT01637,DOC23,19/08/2023,15:00,Tidak nafsu makan,completed,100000,Transfer
APT02726,PAT00896,DOC14,2021-09-10,13:00,Nyeri sendi,completed,175000,Tunai
APT02727,PAT01726,DOC11,2024-01-12,10:00,Batuk berdahak,completed,200000,BPJS
APT02728,PAT00717,DOC01,21/03/2024,10:00,Cek gula darah,completed,225000,BPJS
APT02729,PAT00821,DOC09,2023-07-20,14:00,Pendarahan gusi,completed,350000,Asuransi
APT02730,PAT01358,DOC24,2025-01-02,16:00,Cek mata kabur,rescheduled,60000,Tunai
APT02731,PAT01599,DOC24,2024-09-12,13:00,Nyeri sendi,completed,60000,Asuransi
APT02732,PAT01513,DOC17,15-01-2024,15:00,Tidak nafsu makan,rescheduled,90000,BPJS
APT02733,PAT01625,DOC04,2024-01-30,16:00,Bisul,completed,225000,Tunai
APT02734,PAT00784,DOC02,23/05/2024,16:00,Sakit kepala,completed,275000,Tunai
APT02735,PAT01163,DOC16,14-04-2023,13:00,Tidak nafsu makan,cancelled,225000,BPJS
APT02736,PAT01141,DOC06,2024-09-11,15:00,Bisul,completed,60000,Transfer
APT02737,PAT01742,DOC11,2023-05-19,12:00,Sesak napas,completed,200000,BPJS
APT02738,PAT00188,DOC10,14/02/2024,10:00,USG kehamilan,completed,225000,Asuransi
APT02739,PAT01569,DOC05,2024-04-20,15:00,Sakit kepala,completed,275000,Asuransi
APT02740,PAT01104,DOC02,20-09-2024,13:00,Kontrol rutin,completed,275000,Asuransi
APT02741,PAT00673,DOC04,2022-10-21,15:00,Kelelahan,completed,225000,Transfer
APT02742,PAT01579,DOC06,2024-01-26,16:00,Nyeri sendi,completed,60000,Asuransi
APT02743,PAT01941,DOC15,23-04-2023,12:00,Pusing dan mual,completed,150000,BPJS
APT02744,PAT00129,DOC14,2024-08-11,16:00,Demam tinggi,completed,175000,BPJS
APT02745,PAT00307,DOC01,2024-07-17,14:00,Sembelit,completed,225000,BPJS
APT02746,PAT00900,DOC21,22/06/2021,08:00,Alergi kulit,completed,100000,Tunai
APT02747,PAT00160,DOC09,2023-04-03,14:00,Demam pada anak,completed,350000,Asuransi
APT02748,PAT00968,DOC05,23-03-2024,15:00,Kontrol diabetes,completed,275000,Asuransi
APT02749,PAT01510,DOC04,2022-03-05,13:00,Nyeri sendi,no_show,225000,Tunai
APT02750,PAT01773,DOC15,11-02-2022,13:00,Kontrol rutin,rescheduled,150000,Asuransi
APT02751,PAT01632,DOC16,19-10-2024,08:00,Pilek dan flu,completed,225000,BPJS
APT02752,PAT00713,DOC25,14-01-2022,16:00,Demam dan batuk,completed,350000,Tunai
APT02753,PAT01842,DOC15,26-01-2024,16:00,Nyeri sendi,completed,150000,BPJS
APT02754,PAT01039,DOC10,2024-11-18,13:00,Luka pada kaki,completed,225000,BPJS
APT02755,PAT00211,DOC17,13/07/2024,15:00,Vaksin flu,completed,90000,Tunai
APT02756,PAT00888,DOC14,2024-12-02,10:00,Pilek dan flu,completed,175000,Transfer
APT02757,PAT01488,DOC06,22-08-2022,16:00,Gatal pada kulit,completed,60000,BPJS
APT02758,PAT01201,DOC04,2023-11-10,11:00,Demam dan batuk,completed,225000,Transfer
APT02759,PAT01630,DOC05,13-01-2022,13:00,Tekanan darah tinggi,completed,275000,Transfer
APT02760,PAT01950,DOC06,26/08/2023,15:00,Sembelit,completed,60000,Tunai
APT02761,PAT00402,DOC14,15-04-2024,12:00,Gigi berlubang,completed,175000,Tunai
APT02762,PAT01389,DOC19,21/04/2024,10:00,Kontrol rutin,completed,75000,Asuransi
APT02763,PAT01215,DOC19,05/04/2023,12:00,Luka pada kaki,completed,75000,Transfer
APT02764,PAT01211,DOC24,2024-05-28,16:00,Sakit kepala,completed,60000,Asuransi
APT02765,PAT00362,DOC22,2023-11-03,13:00,Kontrol diabetes,completed,175000,BPJS
APT02766,PAT00125,DOC18,21/08/2024,14:00,Sakit tenggorokan,no_show,275000,Tunai
APT02767,PAT01761,DOC18,15/01/2024,08:00,Pusing dan mual,cancelled,275000,BPJS
APT02768,PAT01006,DOC22,09-03-2023,09:00,Kontrol diabetes,completed,175000,BPJS
APT02769,PAT01470,DOC02,31/07/2024,11:00,Luka pada kaki,completed,275000,BPJS
APT02770,PAT00464,DOC12,2023-04-22,13:00,USG kehamilan,rescheduled,350000,BPJS
APT02771,PAT00652,DOC04,04/05/2024,15:00,Mual muntah,completed,225000,Asuransi
APT02772,PAT00893,DOC23,26/05/2024,10:00,Sariawan parah,completed,100000,BPJS
APT02773,PAT01794,DOC12,08/01/2025,14:00,Imunisasi anak,completed,350000,Transfer
APT02774,PAT01753,DOC02,23-05-2022,13:00,Mata merah,completed,275000,BPJS
APT02775,PAT01052,DOC16,06-01-2024,10:00,Gigi berlubang,completed,225000,Transfer
APT02776,PAT00304,DOC06,2023-05-22,12:00,Demam pada anak,completed,60000,BPJS
APT02777,PAT01649,DOC18,14/03/2024,14:00,USG kehamilan,rescheduled,275000,BPJS
APT02778,PAT00038,DOC20,01-08-2024,16:00,Luka pada kaki,no_show,150000,BPJS
APT02779,PAT01685,DOC21,15-12-2024,09:00,Sembelit,completed,100000,BPJS
APT02780,PAT01303,DOC10,28-12-2024,09:00,Gigi berlubang,completed,225000,BPJS
APT02781,PAT01311,DOC01,2024-07-29,14:00,Batuk berdahak,completed,225000,Tunai
APT02782,PAT00600,DOC17,19/02/2023,11:00,Sariawan parah,no_show,90000,Tunai
APT02783,PAT01956,DOC01,30-10-2024,08:00,Sesak napas,completed,225000,Asuransi
APT02784,PAT00127,DOC08,2024-11-06,13:00,Cek mata kabur,completed,175000,BPJS
APT02785,PAT01452,DOC18,2024-07-20,08:00,Mual muntah,completed,275000,Transfer
APT02786,PAT01158,DOC22,2023-01-23,15:00,Demam pada anak,completed,175000,Transfer
APT02787,PAT01632,DOC01,04-08-2024,12:00,Luka pada kaki,cancelled,225000,Transfer
APT02788,PAT00105,DOC21,06-07-2024,16:00,Mata merah,completed,100000,Asuransi
APT02789,PAT00539,DOC16,2022-08-04,10:00,Tidak nafsu makan,completed,225000,Tunai
APT02790,PAT01182,DOC01,2023-05-04,15:00,Alergi kulit,completed,225000,BPJS
APT02791,PAT00755,DOC04,21-12-2022,08:00,Gigi berlubang,cancelled,225000,BPJS
APT02792,PAT01887,DOC21,2024-07-28,08:00,Demam tinggi,completed,100000,Transfer
APT02793,PAT01118,DOC11,2024-11-21,13:00,Cek kesehatan umum,rescheduled,200000,BPJS
APT02794,PAT00430,DOC18,19-05-2024,08:00,Sembelit,completed,275000,Transfer
APT02795,PAT00369,DOC16,20/02/2023,08:00,Mual muntah,completed,225000,BPJS
APT02796,PAT01046,DOC06,15-05-2024,13:00,Demam dan batuk,completed,60000,BPJS
APT02797,PAT00336,DOC12,27/05/2024,11:00,Cek gula darah,completed,350000,Tunai
APT02798,PAT00759,DOC23,14/03/2022,16:00,Demam pada anak,completed,100000,Tunai
APT02799,PAT00655,DOC12,2022-05-21,09:00,Imunisasi anak,completed,350000,BPJS
APT02800,PAT00322,DOC09,2024-12-06,09:00,Pilek dan flu,completed,350000,BPJS
APT02801,PAT01133,DOC17,2024-11-11,13:00,Demam dan batuk,completed,90000,BPJS
APT02802,PAT00251,DOC07,2023-12-07,16:00,Sesak napas,completed,100000,Tunai
APT02803,PAT01051,DOC01,05/06/2023,09:00,Sakit gigi,completed,225000,BPJS
APT02804,PAT00261,DOC01,2024-12-22,08:00,Tidak nafsu makan,rescheduled,225000,BPJS
APT02805,PAT01295,DOC02,15/08/2023,13:00,Nyeri perut,completed,275000,BPJS
APT02806,PAT00877,DOC19,23-01-2025,11:00,Konsultasi kehamilan,completed,75000,BPJS
APT02807,PAT00969,DOC14,19/10/2024,10:00,Mual muntah,no_show,175000,Tunai
APT02808,PAT01171,DOC19,16/08/2023,15:00,Gatal pada kulit,cancelled,75000,Asuransi
APT02809,PAT00954,DOC20,2023-11-24,08:00,Sariawan parah,completed,150000,Asuransi
APT02810,PAT01382,DOC12,23/10/2022,11:00,Konsultasi KB,completed,350000,Tunai
APT02811,PAT00769,DOC02,07/10/2023,14:00,Imunisasi anak,no_show,275000,BPJS
APT02812,PAT01662,DOC02,16/11/2023,09:00,Pusing dan mual,completed,275000,BPJS
APT02813,PAT01699,DOC04,16-03-2023,15:00,Konsultasi kehamilan,completed,225000,Transfer
APT02814,PAT01732,DOC10,12/11/2024,09:00,Diare,no_show,225000,Transfer
APT02815,PAT01097,DOC03,16/10/2024,11:00,Alergi kulit,completed,250000,BPJS
APT02816,PAT01185,DOC10,05/11/2022,14:00,Cek kesehatan umum,no_show,225000,BPJS
APT02817,PAT01983,DOC14,2023-09-26,11:00,Pilek dan flu,completed,175000,BPJS
APT02818,PAT01846,DOC24,2023-04-09,12:00,Demam pada anak,cancelled,60000,Transfer
APT02819,PAT01131,DOC25,04/02/2022,13:00,Kontrol rutin,completed,350000,Asuransi
APT02820,PAT01196,DOC11,2024-04-03,12:00,Mual muntah,completed,200000,BPJS
APT02821,PAT01618,DOC21,2024-01-06,16:00,Asma kambuh,completed,100000,Transfer
APT02822,PAT01128,DOC19,2024-12-10,14:00,Gatal pada kulit,no_show,75000,Tunai
APT02823,PAT01999,DOC22,05/05/2023,10:00,Imunisasi anak,completed,175000,BPJS
APT02824,PAT00576,DOC05,2023-01-01,11:00,Gatal pada kulit,cancelled,275000,Tunai
APT02825,PAT01076,DOC21,2023-06-18,09:00,Sariawan parah,completed,100000,BPJS
APT02826,PAT00009,DOC25,2022-03-25,13:00,Sakit kepala,completed,350000,Transfer
APT02827,PAT01488,DOC23,05/07/2022,15:00,Sakit kepala,no_show,100000,BPJS
APT02828,PAT00012,DOC01,26/02/2023,11:00,Sembelit,cancelled,225000,BPJS
APT02829,PAT01903,DOC13,14-07-2024,16:00,Cek kesehatan umum,completed,75000,BPJS
APT02830,PAT00083,DOC16,19/12/2024,10:00,Mual muntah,completed,225000,BPJS
APT02831,PAT01512,DOC06,25/11/2024,13:00,Vaksin flu,completed,60000,Asuransi
APT02832,PAT01242,DOC14,22-10-2023,11:00,Cek mata kabur,completed,175000,Asuransi
APT02833,PAT00060,DOC12,31/05/2023,15:00,Imunisasi anak,no_show,350000,Tunai
APT02834,PAT00119,DOC18,2024-05-12,10:00,Imunisasi anak,completed,275000,BPJS
APT02835,PAT01809,DOC02,2024-08-28,08:00,Pilek dan flu,completed,275000,Transfer
APT02836,PAT01633,DOC19,15-06-2024,10:00,Sakit gigi,completed,75000,Transfer
APT02837,PAT01024,DOC02,24-11-2024,15:00,Demam pada anak,cancelled,275000,BPJS
APT02838,PAT01073,DOC23,24-11-2023,10:00,Sakit tenggorokan,no_show,100000,Tunai
APT02839,PAT01154,DOC17,2025-01-10,14:00,Imunisasi anak,cancelled,90000,Asuransi
APT02840,PAT00943,DOC17,18/06/2024,16:00,Nyeri perut,no_show,90000,Asuransi
APT02841,PAT01116,DOC19,08/02/2024,08:00,Demam dan batuk,completed,75000,BPJS
APT02842,PAT01588,DOC13,2024-09-05,16:00,Susah tidur,completed,75000,BPJS
APT02843,PAT01793,DOC06,22/02/2024,08:00,Cek kesehatan umum,completed,60000,BPJS
APT02844,PAT00757,DOC06,2024-12-17,12:00,Mual muntah,completed,60000,BPJS
APT02845,PAT01032,DOC01,13/10/2023,16:00,Nyeri perut,completed,225000,BPJS
APT02846,PAT01223,DOC05,21/01/2024,12:00,Sakit tenggorokan,completed,275000,Transfer
APT02847,PAT01249,DOC15,2024-10-21,15:00,Demam dan batuk,rescheduled,150000,BPJS
APT02848,PAT00253,DOC02,10-08-2022,16:00,Konsultasi kehamilan,completed,275000,BPJS
APT02849,PAT01145,DOC24,08-06-2023,16:00,Telinga sakit,completed,60000,BPJS
APT02850,PAT00528,DOC17,2024-06-11,16:00,Sariawan parah,rescheduled,90000,BPJS
APT02851,PAT01934,DOC09,16-08-2024,11:00,Imunisasi anak,rescheduled,350000,BPJS
APT02852,PAT00853,DOC11,24-11-2024,15:00,Diare,rescheduled,200000,Asuransi
APT02853,PAT00123,DOC06,2022-08-23,11:00,Nyeri perut,rescheduled,60000,Tunai
APT02854,PAT01409,DOC01,27/06/2023,14:00,Cek mata kabur,completed,225000,Transfer
APT02855,PAT00115,DOC11,04/12/2024,15:00,Cek kesehatan umum,completed,200000,Asuransi
APT02856,PAT01312,DOC01,23/01/2025,15:00,Bisul,completed,225000,Asuransi
APT02857,PAT01725,DOC23,15-07-2024,15:00,Susah tidur,completed,100000,Tunai
APT02858,PAT01889,DOC21,07-07-2024,11:00,Asma kambuh,completed,100000,BPJS
APT02859,PAT00260,DOC14,2024-07-09,16:00,Susah tidur,completed,175000,BPJS
APT02860,PAT00048,DOC10,2022-03-06,13:00,Batuk berdahak,completed,225000,BPJS
APT02861,PAT01107,DOC21,2024-06-17,11:00,Asma kambuh,rescheduled,100000,Tunai
APT02862,PAT01464,DOC03,2023-02-10,10:00,Demam tinggi,completed,250000,Transfer
APT02863,PAT01370,DOC11,13/11/2023,10:00,Sesak napas,completed,200000,Transfer
APT02864,PAT01217,DOC20,23/04/2023,12:00,Mata merah,completed,150000,BPJS
APT02865,PAT01711,DOC04,18-08-2024,16:00,Tekanan darah tinggi,completed,225000,Transfer
APT02866,PAT00463,DOC24,18/02/2023,13:00,USG kehamilan,completed,60000,Transfer
APT02867,PAT00837,DOC14,2022-03-04,08:00,Susah tidur,completed,175000,Asuransi
APT02868,PAT01690,DOC01,20-11-2023,16:00,Sesak napas,completed,225000,Asuransi
APT02869,PAT00519,DOC01,2022-11-12,13:00,Asma kambuh,completed,225000,BPJS
APT02870,PAT00603,DOC14,2023-12-25,10:00,Demam tinggi,completed,175000,Transfer
APT02871,PAT01259,DOC23,10/09/2024,16:00,Batuk berdahak,completed,100000,Transfer
APT02872,PAT00703,DOC21,18/07/2023,13:00,Sakit pinggang,completed,100000,BPJS
APT02873,PAT00307,DOC09,26/03/2024,16:00,Alergi kulit,completed,350000,BPJS
APT02874,PAT00931,DOC06,19-02-2023,08:00,Luka pada kaki,completed,60000,BPJS
APT02875,PAT00278,DOC23,11-10-2024,15:00,USG kehamilan,cancelled,100000,BPJS
APT02876,PAT00090,DOC14,31/07/2021,09:00,Batuk berdahak,completed,175000,BPJS
APT02877,PAT00214,DOC08,2024-08-26,10:00,Asma kambuh,no_show,175000,Tunai
APT02878,PAT01141,DOC14,27/01/2025,16:00,Susah tidur,cancelled,175000,Tunai
APT02879,PAT00485,DOC20,2023-11-09,11:00,Sembelit,no_show,150000,Transfer
APT02880,PAT01075,DOC13,14-04-2024,10:00,Telinga sakit,completed,75000,Transfer
APT02881,PAT00867,DOC21,03/09/2024,14:00,Cek gula darah,completed,100000,Asuransi
APT02882,PAT00845,DOC14,2023-11-14,08:00,Gatal pada kulit,no_show,175000,BPJS
APT02883,PAT00823,DOC12,09/11/2024,12:00,Bisul,completed,350000,Tunai
APT02884,PAT01146,DOC10,21/04/2024,15:00,Pilek dan flu,completed,225000,Transfer
APT02885,PAT01705,DOC25,31-08-2024,10:00,Cek mata kabur,completed,350000,Tunai
APT02886,PAT00986,DOC08,29-11-2023,08:00,Kontrol diabetes,completed,175000,Tunai
APT02887,PAT00108,DOC24,13-04-2024,10:00,Alergi kulit,completed,60000,BPJS
APT02888,PAT01765,DOC10,18/08/2023,08:00,Pendarahan gusi,completed,225000,Transfer
APT02889,PAT00155,DOC10,02/09/2024,08:00,Sariawan parah,completed,225000,BPJS
APT02890,PAT00014,DOC02,2022-09-17,14:00,Kontrol diabetes,completed,275000,BPJS
APT02891,PAT01710,DOC22,27/09/2024,13:00,Cek kesehatan umum,completed,175000,BPJS
APT02892,PAT01931,DOC10,06-11-2023,08:00,Gigi berlubang,completed,225000,Tunai
APT02893,PAT00972,DOC17,18-04-2024,14:00,Diare,cancelled,90000,BPJS
APT02894,PAT01490,DOC10,05-07-2022,08:00,Batuk berdahak,cancelled,225000,BPJS
APT02895,PAT01683,DOC23,15/02/2024,13:00,Bisul,completed,100000,Asuransi
APT02896,PAT01038,DOC15,2024-06-14,11:00,Gigi berlubang,no_show,150000,Transfer
APT02897,PAT01585,DOC07,17-12-2022,09:00,Cek mata kabur,completed,100000,BPJS
APT02898,PAT00765,DOC25,13-09-2024,09:00,Kontrol rutin,completed,350000,BPJS
APT02899,PAT00122,DOC21,2024-05-25,14:00,Nyeri perut,completed,100000,BPJS
APT02900,PAT01667,DOC16,16/05/2022,11:00,Nyeri sendi,completed,225000,Tunai
APT02901,PAT01310,DOC05,03/06/2023,08:00,Sakit kepala,completed,275000,BPJS
APT02902,PAT00553,DOC06,03-12-2022,15:00,Cek mata kabur,completed,60000,Tunai
APT02903,PAT00503,DOC10,04-12-2024,12:00,Cek mata kabur,completed,225000,BPJS
APT02904,PAT00288,DOC14,2023-05-31,08:00,Batuk berdahak,completed,175000,BPJS
APT02905,PAT00583,DOC16,19/01/2025,12:00,Pilek dan flu,completed,225000,Asuransi
APT02906,PAT00843,DOC01,18-04-2022,16:00,Demam pada anak,completed,225000,Transfer
APT02907,PAT01797,DOC12,2022-12-28,16:00,Sembelit,completed,350000,Transfer
APT02908,PAT00704,DOC12,13-01-2025,15:00,Batuk berdahak,cancelled,350000,Transfer
APT02909,PAT01909,DOC24,2023-02-22,08:00,Nyeri sendi,completed,60000,BPJS
APT02910,PAT01379,DOC12,2024-12-16,13:00,Tekanan darah tinggi,cancelled,350000,Asuransi
APT02911,PAT01511,DOC06,11/09/2023,08:00,Sakit tenggorokan,completed,60000,Asuransi
APT02912,PAT01892,DOC09,30-04-2024,08:00,Mata merah,completed,350000,BPJS
APT02913,PAT01236,DOC16,2024-02-11,12:00,Sakit gigi,completed,225000,Tunai
APT02914,PAT00466,DOC08,2022-03-25,12:00,Telinga sakit,completed,175000,BPJS
APT02915,PAT01076,DOC14,30/11/2024,12:00,Gigi berlubang,completed,175000,BPJS
APT02916,PAT01755,DOC16,18-12-2023,10:00,Nyeri sendi,completed,225000,Asuransi
APT02917,PAT01474,DOC09,14/07/2024,15:00,Pusing dan mual,completed,350000,Tunai
APT02918,PAT00433,DOC22,14/07/2024,12:00,Sakit tenggorokan,completed,175000,Transfer
APT02919,PAT01629,DOC01,2023-09-18,15:00,Nyeri perut,completed,225000,Tunai
APT02920,PAT00066,DOC20,16/08/2024,15:00,Bisul,completed,150000,BPJS
APT02921,PAT00598,DOC06,12/09/2024,16:00,Tekanan darah tinggi,completed,60000,Transfer
APT02922,PAT01168,DOC08,2021-11-10,14:00,Nyeri sendi,completed,175000,BPJS
APT02923,PAT00249,DOC05,16/04/2024,10:00,Alergi kulit,no_show,275000,Transfer
APT02924,PAT01037,DOC12,2024-10-20,15:00,Gigi berlubang,completed,350000,BPJS
APT02925,PAT00583,DOC17,2023-11-17,08:00,Sakit pinggang,completed,90000,Asuransi
APT02926,PAT00962,DOC19,2024-10-29,09:00,Demam pada anak,no_show,75000,Tunai
APT02927,PAT01523,DOC09,17-08-2024,12:00,Telinga sakit,completed,350000,BPJS
APT02928,PAT00718,DOC04,2024-06-21,11:00,Sakit gigi,completed,225000,BPJS
APT02929,PAT01883,DOC09,30/09/2023,08:00,Luka pada kaki,completed,350000,BPJS
APT02930,PAT01053,DOC25,15-05-2022,14:00,Konsultasi kehamilan,completed,350000,BPJS
APT02931,PAT01926,DOC24,27/08/2024,13:00,USG kehamilan,completed,60000,Transfer
APT02932,PAT00489,DOC11,2024-11-10,16:00,Sesak napas,completed,200000,Transfer
APT02933,PAT01269,DOC01,2024-04-19,11:00,Demam tinggi,completed,225000,Tunai
APT02934,PAT01072,DOC06,2024-05-30,09:00,Nyeri perut,completed,60000,Tunai
APT02935,PAT00806,DOC10,2024-12-27,10:00,Sakit tenggorokan,completed,225000,Tunai
APT02936,PAT00162,DOC11,04/06/2023,12:00,Tidak nafsu makan,completed,200000,Asuransi
APT02937,PAT01035,DOC19,2023-05-19,15:00,Luka pada kaki,completed,75000,BPJS
APT02938,PAT00999,DOC02,06-11-2023,08:00,Asma kambuh,completed,275000,Tunai
APT02939,PAT01274,DOC12,2023-08-03,14:00,Diare,no_show,350000,BPJS
APT02940,PAT01370,DOC07,2022-09-24,15:00,Kontrol diabetes,no_show,100000,Tunai
APT02941,PAT01909,DOC09,25/03/2023,10:00,Alergi kulit,completed,350000,BPJS
APT02942,PAT00928,DOC05,20-04-2022,15:00,Konsultasi KB,completed,275000,Tunai
APT02943,PAT00108,DOC09,11/11/2024,08:00,Vaksin flu,completed,350000,Tunai
APT02944,PAT01273,DOC24,13/01/2023,15:00,Konsultasi KB,completed,60000,Tunai
APT02945,PAT01022,DOC16,21-09-2024,13:00,Tekanan darah tinggi,completed,225000,BPJS
APT02946,PAT01271,DOC19,01/03/2024,11:00,Mual muntah,completed,75000,Transfer
APT02947,PAT01650,DOC04,09-05-2024,12:00,Demam pada anak,completed,225000,BPJS
APT02948,PAT00549,DOC04,2024-09-13,16:00,Gatal pada kulit,completed,225000,Transfer
APT02949,PAT01873,DOC12,14-12-2023,10:00,Susah tidur,completed,350000,BPJS
APT02950,PAT00819,DOC05,2022-03-21,09:00,Cek mata kabur,completed,275000,BPJS
APT02951,PAT00215,DOC11,2024-07-19,10:00,Vaksin flu,completed,200000,Tunai
APT02952,PAT00915,DOC18,2024-10-07,15:00,Sakit tenggorokan,cancelled,275000,BPJS
APT02953,PAT01317,DOC11,11-01-2025,11:00,Imunisasi anak,completed,200000,Tunai
APT02954,PAT00145,DOC21,03/11/2024,11:00,Nyeri perut,no_show,100000,BPJS
APT02955,PAT01314,DOC10,2025-01-12,13:00,Mual muntah,completed,225000,BPJS
APT02956,PAT01263,DOC14,12-12-2021,15:00,Mual muntah,completed,175000,Asuransi
APT02957,PAT01292,DOC02,06-07-2024,09:00,Sakit kepala,completed,275000,BPJS
APT02958,PAT01610,DOC02,19-09-2023,15:00,Susah tidur,completed,275000,BPJS
APT02959,PAT00631,DOC22,2024-11-07,13:00,Susah tidur,no_show,175000,BPJS
APT02960,PAT00116,DOC25,18/09/2022,13:00,Demam tinggi,completed,350000,BPJS
APT02961,PAT01930,DOC11,27/01/2024,16:00,Gigi berlubang,completed,200000,BPJS
APT02962,PAT00396,DOC04,20-02-2022,13:00,Konsultasi kehamilan,completed,225000,BPJS
APT02963,PAT01710,DOC13,07/10/2024,11:00,Tekanan darah tinggi,cancelled,75000,Tunai
APT02964,PAT00958,DOC21,2025-01-05,10:00,Tidak nafsu makan,completed,100000,Asuransi
APT02965,PAT01384,DOC13,2024-06-24,10:00,Kontrol diabetes,completed,75000,Tunai
APT02966,PAT01386,DOC20,25/06/2024,13:00,Imunisasi anak,completed,150000,BPJS
APT02967,PAT00158,DOC24,2023-07-25,10:00,Nyeri sendi,completed,60000,BPJS
APT02968,PAT01104,DOC16,2023-12-05,08:00,Asma kambuh,completed,225000,Asuransi
APT02969,PAT00914,DOC20,16-05-2024,09:00,Cek kesehatan umum,completed,150000,Transfer
APT02970,PAT00515,DOC21,2024-10-24,12:00,Demam tinggi,completed,100000,Transfer
APT02971,PAT01447,DOC19,20/11/2023,12:00,Batuk berdahak,completed,75000,Transfer
APT02972,PAT01990,DOC25,14/05/2024,10:00,Nyeri sendi,completed,350000,BPJS
APT02973,PAT01133,DOC09,29-03-2022,10:00,Tidak nafsu makan,rescheduled,350000,BPJS
APT02974,PAT01928,DOC22,2022-05-22,13:00,Asma kambuh,completed,175000,BPJS
APT02975,PAT01364,DOC21,2023-09-26,16:00,Sakit pinggang,cancelled,100000,BPJS
APT02976,PAT01326,DOC15,2021-09-29,13:00,Demam tinggi,no_show,150000,Tunai
APT02977,PAT00320,DOC12,20/08/2023,09:00,Sakit kepala,completed,350000,BPJS
APT02978,PAT00184,DOC21,2025-01-03,14:00,Asma kambuh,completed,100000,BPJS
APT02979,PAT00039,DOC16,2023-09-24,09:00,Sesak napas,completed,225000,Transfer
APT02980,PAT01698,DOC24,09/05/2024,14:00,Alergi kulit,completed,60000,BPJS
APT02981,PAT01269,DOC14,28/11/2023,15:00,Mual muntah,completed,175000,Tunai
APT02982,PAT01984,DOC03,2024-02-15,08:00,Sesak napas,completed,250000,BPJS
APT02983,PAT00558,DOC01,2021-12-04,08:00,Cek gula darah,completed,225000,BPJS
APT02984,PAT01340,DOC12,25/05/2023,15:00,Mual muntah,completed,350000,BPJS
APT02985,PAT00946,DOC12,2023-10-07,14:00,Demam pada anak,completed,350000,BPJS
APT02986,PAT01808,DOC07,01-06-2022,15:00,Vaksin flu,completed,100000,BPJS
APT02987,PAT00172,DOC25,2022-12-12,13:00,Demam dan batuk,no_show,350000,Transfer
APT02988,PAT01065,DOC11,2023-09-21,10:00,Mata merah,completed,200000,BPJS
APT02989,PAT00112,DOC20,2023-04-06,14:00,Cek gula darah,completed,150000,BPJS
APT02990,PAT00637,DOC23,17/06/2024,08:00,Cek mata kabur,cancelled,100000,Tunai
APT02991,PAT01716,DOC13,21-02-2024,11:00,Luka pada kaki,completed,75000,Tunai
APT02992,PAT01713,DOC01,31/03/2023,11:00,Sakit gigi,no_show,225000,BPJS
APT02993,PAT01113,DOC20,08/10/2022,15:00,Susah tidur,no_show,150000,Tunai
APT02994,PAT01301,DOC14,2022-07-12,11:00,Gigi berlubang,completed,175000,Transfer
APT02995,PAT01645,DOC21,17-10-2023,09:00,Telinga sakit,completed,100000,BPJS
APT02996,PAT00981,DOC04,25-10-2024,08:00,Alergi kulit,completed,225000,BPJS
APT02997,PAT00250,DOC13,2024-10-19,08:00,Gatal pada kulit,completed,75000,BPJS
APT02998,PAT01736,DOC15,2022-08-20,13:00,Sariawan parah,completed,150000,BPJS
APT02999,PAT00552,DOC04,2023-06-24,15:00,Sariawan parah,completed,225000,BPJS
APT03000,PAT00908,DOC20,2024-06-15,11:00,Sakit tenggorokan,completed,150000,Transfer
APT03001,PAT01179,DOC10,23/09/2023,15:00,Kontrol rutin,completed,225000,Transfer
APT03002,PAT01905,DOC20,2024-04-19,08:00,Bisul,completed,150000,BPJS
APT03003,PAT00556,DOC20,28-02-2024,09:00,Pusing dan mual,completed,150000,BPJS
APT03004,PAT01240,DOC17,2023-12-19,08:00,Kelelahan,completed,90000,BPJS
APT03005,PAT01109,DOC17,27-02-2023,15:00,Asma kambuh,rescheduled,90000,Transfer
APT03006,PAT01105,DOC17,03/01/2025,10:00,Nyeri sendi,cancelled,90000,Tunai
APT03007,PAT00933,DOC12,24/07/2024,14:00,Susah tidur,completed,350000,Transfer
APT03008,PAT01102,DOC22,03/08/2024,10:00,Asma kambuh,completed,175000,Transfer
APT03009,PAT01886,DOC17,01/10/2022,11:00,Demam dan batuk,completed,90000,BPJS
APT03010,PAT01168,DOC23,2023-12-16,09:00,Batuk berdahak,completed,100000,BPJS
APT03011,PAT01000,DOC11,2024-12-20,13:00,Sakit kepala,completed,200000,Asuransi
APT03012,PAT01664,DOC07,30/03/2023,14:00,Asma kambuh,completed,100000,BPJS
APT03013,PAT01489,DOC22,27/11/2021,09:00,Batuk berdahak,completed,175000,BPJS
APT03014,PAT00914,DOC25,01-11-2024,09:00,Sesak napas,completed,350000,Tunai
APT03015,PAT01098,DOC06,2024-12-04,10:00,Sakit gigi,completed,60000,BPJS
APT03016,PAT00632,DOC20,2024-06-22,09:00,Mata merah,no_show,150000,BPJS
APT03017,PAT00164,DOC14,07-11-2023,08:00,Sariawan parah,no_show,175000,BPJS
APT03018,PAT01373,DOC21,08-05-2023,11:00,Sakit tenggorokan,completed,100000,BPJS
APT03019,PAT01857,DOC19,2024-04-12,11:00,Vaksin flu,completed,75000,Tunai
APT03020,PAT00176,DOC08,2023-08-17,09:00,Demam pada anak,completed,175000,Tunai
APT03021,PAT01050,DOC24,05/04/2024,11:00,Mual muntah,completed,60000,Transfer
APT03022,PAT01646,DOC01,2023-11-19,12:00,Asma kambuh,completed,225000,Transfer
APT03023,PAT00099,DOC10,12-05-2024,12:00,Sakit gigi,completed,225000,Transfer
APT03024,PAT00537,DOC02,28-07-2024,13:00,Sembelit,completed,275000,Tunai
APT03025,PAT00673,DOC04,2024-12-02,11:00,USG kehamilan,completed,225000,Transfer
APT03026,PAT01860,DOC05,2023-11-27,16:00,Sariawan parah,completed,275000,Asuransi
APT03027,PAT01773,DOC23,19/01/2022,10:00,Alergi kulit,completed,100000,Tunai
APT03028,PAT01222,DOC02,2023-04-13,16:00,Alergi kulit,completed,275000,Tunai
APT03029,PAT01312,DOC14,06-01-2025,09:00,Sakit gigi,no_show,175000,Asuransi
APT03030,PAT01762,DOC03,2024-10-09,14:00,Mual muntah,completed,250000,BPJS
APT03031,PAT00211,DOC16,2024-09-30,10:00,Konsultasi KB,completed,225000,Transfer
APT03032,PAT00335,DOC01,2024-05-26,15:00,Gigi berlubang,completed,225000,Tunai
APT03033,PAT01985,DOC01,2023-06-06,16:00,Telinga sakit,completed,225000,Tunai
APT03034,PAT00315,DOC09,18/10/2024,08:00,Nyeri sendi,completed,350000,Transfer
APT03035,PAT01327,DOC16,18-09-2024,13:00,Vaksin flu,completed,225000,BPJS
APT03036,PAT00584,DOC01,12-04-2022,11:00,Gigi berlubang,completed,225000,BPJS
APT03037,PAT00172,DOC12,2022-12-18,16:00,Cek mata kabur,completed,350000,Tunai
APT03038,PAT00917,DOC12,09/08/2024,10:00,Pusing dan mual,completed,350000,Transfer
APT03039,PAT01251,DOC10,14/10/2024,15:00,Cek mata kabur,completed,225000,BPJS
APT03040,PAT01322,DOC04,25/02/2024,13:00,Kelelahan,completed,225000,BPJS
APT03041,PAT00371,DOC12,29-07-2023,08:00,Pilek dan flu,completed,350000,Tunai
APT03042,PAT00280,DOC13,2023-01-17,11:00,Nyeri sendi,completed,75000,Asuransi
APT03043,PAT01711,DOC05,24/08/2023,15:00,Tidak nafsu makan,cancelled,275000,Transfer
APT03044,PAT00113,DOC18,2023-09-02,12:00,Tekanan darah tinggi,no_show,275000,Asuransi
APT03045,PAT01037,DOC06,24-09-2022,13:00,Demam pada anak,completed,60000,BPJS
APT03046,PAT00407,DOC23,30/04/2024,12:00,Sembelit,completed,100000,Tunai
APT03047,PAT00188,DOC08,2024-10-21,08:00,Demam tinggi,completed,175000,Asuransi
APT03048,PAT00642,DOC21,26-04-2023,15:00,Kontrol diabetes,completed,100000,Transfer
APT03049,PAT00567,DOC25,20-05-2022,13:00,Sakit tenggorokan,completed,350000,Asuransi
APT03050,PAT01276,DOC18,21/01/2025,13:00,Demam pada anak,completed,275000,BPJS
APT03051,PAT00322,DOC07,07/12/2024,13:00,Demam dan batuk,completed,100000,Tunai
APT03052,PAT01553,DOC07,30/03/2024,15:00,Mata merah,completed,100000,Tunai
APT03053,PAT00948,DOC11,07-10-2022,13:00,Pusing dan mual,completed,200000,BPJS
APT03054,PAT00302,DOC09,09/12/2022,12:00,Pusing dan mual,completed,350000,Asuransi
APT03055,PAT01513,DOC07,27-07-2024,15:00,Sariawan parah,completed,100000,BPJS
APT03056,PAT00668,DOC14,16-07-2023,16:00,Demam dan batuk,rescheduled,175000,BPJS
APT03057,PAT00405,DOC08,22-01-2024,08:00,Demam dan batuk,completed,175000,Transfer
APT03058,PAT01453,DOC09,27-12-2024,13:00,Batuk berdahak,completed,350000,Tunai
APT03059,PAT00091,DOC10,26-07-2024,16:00,Tekanan darah tinggi,no_show,225000,Transfer
APT03060,PAT01828,DOC10,2023-05-10,15:00,Sembelit,completed,225000,BPJS
APT03061,PAT01064,DOC13,10/03/2023,13:00,Telinga sakit,completed,75000,Tunai
APT03062,PAT00903,DOC24,28/01/2024,11:00,Asma kambuh,rescheduled,60000,BPJS
APT03063,PAT01570,DOC14,02-03-2023,13:00,Kelelahan,completed,175000,Transfer
APT03064,PAT01483,DOC07,2023-10-01,08:00,Susah tidur,completed,100000,BPJS
APT03065,PAT00753,DOC12,08/01/2023,10:00,Cek mata kabur,completed,350000,Tunai
APT03066,PAT01548,DOC07,17/11/2021,14:00,Luka pada kaki,completed,100000,Asuransi
APT03067,PAT01740,DOC01,2021-12-11,09:00,Demam pada anak,completed,225000,Tunai
APT03068,PAT01742,DOC05,12-01-2025,15:00,Sakit kepala,cancelled,275000,BPJS
APT03069,PAT01712,DOC10,04/11/2024,09:00,Sakit gigi,completed,225000,BPJS
APT03070,PAT00977,DOC11,16-05-2024,16:00,Kelelahan,completed,200000,Asuransi
APT03071,PAT00434,DOC24,22/06/2024,09:00,Mata merah,completed,60000,Transfer
APT03072,PAT01209,DOC19,2024-11-08,15:00,Demam dan batuk,completed,75000,Tunai
APT03073,PAT00064,DOC23,01/10/2023,11:00,Kelelahan,completed,100000,BPJS
APT03074,PAT01106,DOC19,14/11/2023,10:00,Pusing dan mual,completed,75000,BPJS
APT03075,PAT01350,DOC20,08-03-2024,13:00,Asma kambuh,cancelled,150000,Transfer
APT03076,PAT01731,DOC07,2024-10-04,14:00,Sesak napas,completed,100000,Tunai
APT03077,PAT00681,DOC04,07-09-2022,13:00,Mual muntah,completed,225000,BPJS
APT03078,PAT01924,DOC06,2023-12-19,08:00,Sembelit,completed,60000,Tunai
APT03079,PAT01608,DOC09,21-10-2023,12:00,Sesak napas,no_show,350000,BPJS
APT03080,PAT01205,DOC19,12-09-2024,09:00,Konsultasi kehamilan,completed,75000,Transfer
APT03081,PAT00117,DOC15,15/10/2023,16:00,Mual muntah,completed,150000,BPJS
APT03082,PAT01876,DOC24,2024-08-24,11:00,Konsultasi KB,completed,60000,Asuransi
APT03083,PAT00539,DOC11,2022-10-04,08:00,Mual muntah,completed,200000,Tunai
APT03084,PAT00409,DOC17,04/01/2023,10:00,Nyeri perut,completed,90000,BPJS
APT03085,PAT00299,DOC19,2024-06-13,14:00,Demam dan batuk,completed,75000,BPJS
APT03086,PAT01422,DOC06,18-08-2024,16:00,Demam pada anak,cancelled,60000,Transfer
APT03087,PAT01629,DOC04,2021-09-26,11:00,Cek mata kabur,completed,225000,Tunai
APT03088,PAT01299,DOC01,08-06-2023,14:00,Konsultasi KB,completed,225000,Transfer
APT03089,PAT01334,DOC21,29-08-2024,10:00,Batuk berdahak,completed,100000,BPJS
APT03090,PAT01407,DOC19,25/09/2024,12:00,Nyeri perut,completed,75000,Asuransi
APT03091,PAT00439,DOC11,03/02/2024,16:00,Susah tidur,completed,200000,Tunai
APT03092,PAT01259,DOC19,2023-05-03,16:00,Kelelahan,completed,75000,Asuransi
APT03093,PAT01917,DOC13,2024-04-27,16:00,Nyeri perut,completed,75000,BPJS
APT03094,PAT01812,DOC01,2024-08-23,09:00,Sakit gigi,completed,225000,Asuransi
APT03095,PAT01525,DOC06,17-11-2023,14:00,Sakit kepala,cancelled,60000,BPJS
APT03096,PAT01598,DOC14,2024-04-13,08:00,Kelelahan,completed,175000,BPJS
APT03097,PAT01144,DOC22,03/07/2024,12:00,Nyeri sendi,completed,175000,Transfer
APT03098,PAT00429,DOC16,24/12/2022,09:00,Imunisasi anak,completed,225000,Asuransi
APT03099,PAT00884,DOC23,2024-06-04,15:00,Tidak nafsu makan,completed,100000,BPJS
APT03100,PAT00436,DOC18,2025-01-18,11:00,Nyeri perut,completed,275000,Transfer
APT03101,PAT00156,DOC22,08/07/2024,08:00,Cek kesehatan umum,rescheduled,175000,Asuransi
APT03102,PAT01050,DOC10,29/06/2024,08:00,Pendarahan gusi,completed,225000,BPJS
APT03103,PAT01168,DOC16,03/05/2023,14:00,Kelelahan,no_show,225000,BPJS
APT03104,PAT00362,DOC04,2024-12-06,09:00,Bisul,completed,225000,BPJS
APT03105,PAT00135,DOC17,22-12-2024,15:00,Sesak napas,completed,90000,BPJS
APT03106,PAT00341,DOC20,15-01-2023,11:00,Sakit tenggorokan,completed,150000,Tunai
APT03107,PAT00327,DOC13,17/09/2023,15:00,Cek kesehatan umum,cancelled,75000,Transfer
APT03108,PAT00016,DOC07,2021-09-26,10:00,Konsultasi kehamilan,completed,100000,BPJS
APT03109,PAT00273,DOC03,21/10/2023,16:00,Demam tinggi,completed,250000,Transfer
APT03110,PAT01611,DOC25,2023-02-09,12:00,Cek gula darah,no_show,350000,BPJS
APT03111,PAT01780,DOC05,2023-11-03,13:00,Susah tidur,completed,275000,Tunai
APT03112,PAT01130,DOC03,16/10/2023,16:00,Batuk berdahak,completed,250000,Transfer
APT03113,PAT01663,DOC06,13/03/2023,14:00,Konsultasi kehamilan,completed,60000,BPJS
APT03114,PAT01756,DOC09,2023-06-13,14:00,Telinga sakit,no_show,350000,BPJS
APT03115,PAT01773,DOC15,01-08-2022,14:00,Pilek dan flu,completed,150000,Tunai
APT03116,PAT01820,DOC19,22/09/2022,08:00,Sariawan parah,completed,75000,BPJS
APT03117,PAT00462,DOC04,2023-01-04,08:00,Nyeri perut,completed,225000,Transfer
APT03118,PAT01233,DOC22,05/10/2022,13:00,Nyeri perut,completed,175000,BPJS
APT03119,PAT00813,DOC21,2022-05-21,10:00,Imunisasi anak,completed,100000,Tunai
APT03120,PAT01336,DOC01,17/10/2023,11:00,Asma kambuh,completed,225000,BPJS
APT03121,PAT00362,DOC01,17/12/2024,16:00,Pilek dan flu,completed,225000,Transfer
APT03122,PAT00639,DOC01,22/08/2023,12:00,Mual muntah,completed,225000,Asuransi
APT03123,PAT00794,DOC03,03/10/2024,11:00,Kontrol diabetes,completed,250000,BPJS
APT03124,PAT01917,DOC15,2024-12-21,10:00,Tidak nafsu makan,no_show,150000,BPJS
APT03125,PAT00075,DOC21,2024-07-29,13:00,Gigi berlubang,completed,100000,Transfer
APT03126,PAT01958,DOC18,2024-02-19,14:00,Konsultasi kehamilan,completed,275000,BPJS
APT03127,PAT00469,DOC08,2022-08-25,13:00,Sakit kepala,rescheduled,175000,Asuransi
APT03128,PAT01956,DOC13,13-09-2024,10:00,Cek mata kabur,completed,75000,Asuransi
APT03129,PAT00667,DOC03,23/05/2022,12:00,Sariawan parah,completed,250000,Asuransi
APT03130,PAT00774,DOC04,2024-10-26,11:00,Kontrol rutin,completed,225000,BPJS
APT03131,PAT01364,DOC03,2023-04-24,09:00,Konsultasi kehamilan,completed,250000,BPJS
APT03132,PAT01347,DOC05,21/05/2023,14:00,Asma kambuh,completed,275000,BPJS
APT03133,PAT00113,DOC19,03-09-2022,12:00,Demam dan batuk,completed,75000,Tunai
APT03134,PAT00634,DOC03,18-03-2023,13:00,Sariawan parah,cancelled,250000,BPJS
APT03135,PAT00850,DOC11,05/12/2022,11:00,Sariawan parah,completed,200000,BPJS
APT03136,PAT00456,DOC13,2023-04-03,16:00,Demam pada anak,completed,75000,BPJS
APT03137,PAT00570,DOC07,2023-12-20,09:00,Pendarahan gusi,completed,100000,BPJS
APT03138,PAT01790,DOC17,2023-04-21,08:00,Sakit kepala,completed,90000,Tunai
APT03139,PAT00612,DOC04,2024-08-11,10:00,Mual muntah,completed,225000,Tunai
APT03140,PAT00739,DOC02,29-10-2022,12:00,Alergi kulit,rescheduled,275000,Tunai
APT03141,PAT00494,DOC21,04/02/2022,12:00,Kontrol diabetes,rescheduled,100000,BPJS
APT03142,PAT00012,DOC01,05/09/2022,12:00,Demam pada anak,rescheduled,225000,BPJS
APT03143,PAT01047,DOC23,20-09-2023,14:00,Sakit gigi,completed,100000,BPJS
APT03144,PAT00121,DOC04,25/03/2024,09:00,Konsultasi KB,completed,225000,Tunai
APT03145,PAT00288,DOC07,2022-05-13,08:00,Sakit tenggorokan,completed,100000,BPJS
APT03146,PAT00713,DOC04,2024-10-11,16:00,Bisul,completed,225000,Asuransi
APT03147,PAT00015,DOC13,15-10-2024,08:00,Konsultasi KB,completed,75000,BPJS
APT03148,PAT01745,DOC16,2024-12-30,13:00,Kontrol rutin,completed,225000,BPJS
APT03149,PAT01985,DOC11,21-10-2022,10:00,Mual muntah,completed,200000,BPJS
APT03150,PAT00970,DOC21,05/02/2024,08:00,Sesak napas,completed,100000,BPJS
APT03151,PAT00193,DOC13,29-01-2024,10:00,Kelelahan,completed,75000,Transfer
APT03152,PAT00402,DOC24,06/09/2024,14:00,Telinga sakit,completed,60000,Asuransi
APT03153,PAT01102,DOC24,2024-12-21,10:00,Demam dan batuk,completed,60000,Tunai
APT03154,PAT01820,DOC01,2023-08-04,16:00,Tidak nafsu makan,completed,225000,BPJS
APT03155,PAT01823,DOC01,29/01/2024,14:00,Sakit pinggang,completed,225000,Tunai
APT03156,PAT00583,DOC16,2024-09-24,12:00,Pilek dan flu,completed,225000,Asuransi
APT03157,PAT00597,DOC05,09-05-2024,09:00,Pendarahan gusi,completed,275000,BPJS
APT03158,PAT01921,DOC10,2024-01-24,11:00,Nyeri perut,completed,225000,BPJS
APT03159,PAT00745,DOC19,06-06-2024,13:00,Demam dan batuk,completed,75000,Transfer
APT03160,PAT01969,DOC02,2022-06-12,10:00,USG kehamilan,completed,275000,BPJS
APT03161,PAT00874,DOC24,2024-09-27,13:00,Cek kesehatan umum,completed,60000,BPJS
APT03162,PAT00401,DOC11,22-09-2024,12:00,Diare,no_show,200000,BPJS
APT03163,PAT01409,DOC05,19/12/2023,12:00,Konsultasi kehamilan,completed,275000,Transfer
APT03164,PAT01289,DOC03,18-02-2024,08:00,Sariawan parah,completed,250000,Asuransi
APT03165,PAT01926,DOC06,07/09/2024,13:00,Gigi berlubang,completed,60000,Asuransi
APT03166,PAT00239,DOC09,2024-07-18,14:00,Cek kesehatan umum,completed,350000,BPJS
APT03167,PAT00085,DOC05,12/11/2022,14:00,Demam dan batuk,rescheduled,275000,BPJS
APT03168,PAT00606,DOC04,2024-01-19,08:00,Alergi kulit,completed,225000,BPJS
APT03169,PAT00343,DOC06,22/09/2023,10:00,Sakit pinggang,completed,60000,Transfer
APT03170,PAT01860,DOC07,2024-05-15,09:00,Imunisasi anak,completed,100000,Asuransi
APT03171,PAT01522,DOC03,09-12-2023,14:00,Cek gula darah,completed,250000,BPJS
APT03172,PAT01119,DOC01,23/08/2024,13:00,Cek kesehatan umum,cancelled,225000,BPJS
APT03173,PAT01008,DOC12,29/01/2023,08:00,Sakit tenggorokan,completed,350000,BPJS
APT03174,PAT00507,DOC15,2023-10-11,13:00,Bisul,completed,150000,BPJS
APT03175,PAT01136,DOC06,30/01/2025,09:00,Asma kambuh,completed,60000,Tunai
APT03176,PAT01257,DOC07,2024-02-02,14:00,USG kehamilan,completed,100000,BPJS
APT03177,PAT00054,DOC25,2025-01-29,16:00,Tekanan darah tinggi,completed,350000,Transfer
APT03178,PAT00867,DOC21,05/04/2024,14:00,Sakit tenggorokan,rescheduled,100000,Tunai
APT03179,PAT01664,DOC02,2024-03-05,12:00,Mual muntah,completed,275000,BPJS
APT03180,PAT01477,DOC14,08/02/2024,14:00,Nyeri sendi,completed,175000,Tunai
APT03181,PAT01137,DOC12,2023-07-24,10:00,Sakit pinggang,cancelled,350000,Tunai
APT03182,PAT01137,DOC09,2023-05-24,08:00,Nyeri perut,completed,350000,Transfer
APT03183,PAT00508,DOC19,20-01-2025,10:00,Telinga sakit,completed,75000,BPJS
APT03184,PAT01808,DOC01,2024-11-20,10:00,Kelelahan,completed,225000,BPJS
APT03185,PAT00246,DOC01,26/08/2023,16:00,Telinga sakit,completed,225000,BPJS
APT03186,PAT01567,DOC04,07-06-2023,11:00,Susah tidur,completed,225000,Asuransi
APT03187,PAT00661,DOC22,14-03-2024,10:00,Demam dan batuk,completed,175000,Asuransi
APT03188,PAT00381,DOC22,13-11-2024,14:00,Sakit pinggang,completed,175000,Transfer
APT03189,PAT00242,DOC18,11-03-2022,16:00,Kontrol rutin,completed,275000,Asuransi
APT03190,PAT00381,DOC17,2024-05-25,08:00,Sakit pinggang,completed,90000,Tunai
APT03191,PAT00031,DOC14,31/07/2024,11:00,Demam dan batuk,completed,175000,Transfer
APT03192,PAT00461,DOC02,31/03/2024,16:00,Susah tidur,completed,275000,BPJS
APT03193,PAT00039,DOC04,2024-02-26,15:00,Luka pada kaki,completed,225000,Transfer
APT03194,PAT01214,DOC05,12/10/2021,09:00,Sakit kepala,completed,275000,Transfer
APT03195,PAT00027,DOC16,25/10/2022,15:00,Kontrol rutin,completed,225000,Asuransi
APT03196,PAT00725,DOC16,19/04/2023,12:00,Telinga sakit,completed,225000,BPJS
APT03197,PAT00051,DOC14,01/02/2024,09:00,Cek kesehatan umum,completed,175000,Tunai
APT03198,PAT01045,DOC15,11/08/2024,15:00,Konsultasi kehamilan,cancelled,150000,Tunai
APT03199,PAT01318,DOC10,03-12-2022,09:00,Batuk berdahak,completed,225000,Transfer
APT03200,PAT00847,DOC16,2024-02-09,13:00,Konsultasi KB,completed,225000,BPJS
APT03201,PAT01280,DOC06,06/08/2024,10:00,Cek mata kabur,completed,60000,BPJS
APT03202,PAT00337,DOC23,2024-06-22,11:00,Tekanan darah tinggi,rescheduled,100000,Transfer
APT03203,PAT01942,DOC08,17-01-2024,08:00,Imunisasi anak,completed,175000,Asuransi
APT03204,PAT00162,DOC19,28-07-2024,08:00,Batuk berdahak,cancelled,75000,Transfer
APT03205,PAT00831,DOC25,26/05/2024,09:00,Nyeri sendi,completed,350000,BPJS
APT03206,PAT01404,DOC08,19/12/2023,11:00,Sakit kepala,completed,175000,Transfer
APT03207,PAT00814,DOC17,24/03/2023,10:00,Sariawan parah,cancelled,90000,Tunai
APT03208,PAT00910,DOC13,19/01/2025,09:00,Alergi kulit,completed,75000,Tunai
APT03209,PAT01910,DOC12,31-08-2024,09:00,Pendarahan gusi,completed,350000,Asuransi
APT03210,PAT00965,DOC01,21/11/2022,12:00,Cek gula darah,no_show,225000,BPJS
APT03211,PAT00877,DOC24,17/01/2024,15:00,Nyeri sendi,completed,60000,BPJS
APT03212,PAT00948,DOC08,28-10-2024,08:00,Nyeri perut,completed,175000,BPJS
APT03213,PAT01987,DOC03,2024-11-03,12:00,Imunisasi anak,completed,250000,BPJS
APT03214,PAT00154,DOC07,2024-08-24,15:00,Demam tinggi,rescheduled,100000,BPJS
APT03215,PAT01536,DOC18,13/03/2023,14:00,Demam tinggi,rescheduled,275000,BPJS
APT03216,PAT00223,DOC24,28-09-2023,15:00,Mual muntah,no_show,60000,Tunai
APT03217,PAT00052,DOC15,2023-06-11,12:00,Luka pada kaki,completed,150000,Tunai
APT03218,PAT00987,DOC25,20/01/2024,13:00,Cek kesehatan umum,no_show,350000,Tunai
APT03219,PAT00575,DOC11,2024-01-24,14:00,Cek kesehatan umum,cancelled,200000,BPJS
APT03220,PAT01849,DOC07,31/03/2023,09:00,Kontrol diabetes,completed,100000,Tunai
APT03221,PAT01094,DOC11,2022-10-13,14:00,Kontrol diabetes,cancelled,200000,Asuransi
APT03222,PAT00970,DOC21,20/03/2022,08:00,Sembelit,completed,100000,Tunai
APT03223,PAT01819,DOC20,2022-12-06,11:00,Bisul,completed,150000,BPJS
APT03224,PAT00093,DOC04,2023-02-01,16:00,Demam pada anak,completed,225000,BPJS
APT03225,PAT01039,DOC24,2024-07-06,14:00,Demam pada anak,completed,60000,BPJS
APT03226,PAT00021,DOC17,13-11-2024,08:00,Nyeri sendi,rescheduled,90000,Tunai
APT03227,PAT01041,DOC22,06/03/2024,08:00,Diare,completed,175000,Tunai
APT03228,PAT00583,DOC13,2024-03-12,16:00,Susah tidur,completed,75000,Asuransi
APT03229,PAT00886,DOC03,2024-12-07,11:00,Nyeri sendi,completed,250000,Transfer
APT03230,PAT00070,DOC18,2024-12-02,11:00,Alergi kulit,no_show,275000,BPJS
APT03231,PAT00161,DOC09,2024-11-21,11:00,Pilek dan flu,completed,350000,Transfer
APT03232,PAT00175,DOC07,2024-05-03,10:00,Pusing dan mual,completed,100000,Transfer
APT03233,PAT01512,DOC07,21/01/2025,08:00,Cek kesehatan umum,completed,100000,Transfer
APT03234,PAT00014,DOC21,2023-05-27,08:00,Susah tidur,completed,100000,BPJS
APT03235,PAT00568,DOC19,25/05/2024,09:00,Kontrol diabetes,completed,75000,Transfer
APT03236,PAT01004,DOC14,2023-09-12,10:00,Vaksin flu,completed,175000,Asuransi
APT03237,PAT01149,DOC23,2024-01-07,16:00,Sakit tenggorokan,completed,100000,BPJS
APT03238,PAT01798,DOC08,2024-08-26,10:00,Tekanan darah tinggi,no_show,175000,Tunai
APT03239,PAT01659,DOC23,2023-12-19,16:00,Nyeri perut,completed,100000,Transfer
APT03240,PAT00708,DOC07,2024-01-05,13:00,Kelelahan,no_show,100000,Tunai
APT03241,PAT00511,DOC02,2023-03-31,09:00,Imunisasi anak,completed,275000,BPJS
APT03242,PAT00997,DOC03,02/12/2023,08:00,Mata merah,completed,250000,Asuransi
APT03243,PAT01032,DOC10,27/10/2021,15:00,Susah tidur,completed,225000,BPJS
APT03244,PAT00827,DOC01,08-03-2023,16:00,Tidak nafsu makan,completed,225000,BPJS
APT03245,PAT01225,DOC01,2025-01-06,10:00,Cek mata kabur,no_show,225000,Transfer
APT03246,PAT01087,DOC17,04/09/2022,08:00,Sakit pinggang,cancelled,90000,Tunai
APT03247,PAT00509,DOC19,2022-07-09,14:00,Vaksin flu,completed,75000,Tunai
APT03248,PAT00153,DOC06,2024-12-16,16:00,Mata merah,completed,60000,Transfer
APT03249,PAT01249,DOC21,2022-08-28,16:00,Sakit pinggang,completed,100000,Transfer
APT03250,PAT00458,DOC25,2023-08-20,16:00,Pusing dan mual,no_show,350000,BPJS
APT03251,PAT01613,DOC15,14/11/2024,16:00,Sakit tenggorokan,completed,150000,Transfer
APT03252,PAT00872,DOC19,15/05/2023,11:00,Pendarahan gusi,cancelled,75000,BPJS
APT03253,PAT00502,DOC25,14/07/2024,16:00,Pusing dan mual,rescheduled,350000,Tunai
APT03254,PAT01939,DOC25,24-05-2022,08:00,Asma kambuh,rescheduled,350000,Tunai
APT03255,PAT01296,DOC10,2024-09-05,16:00,Cek mata kabur,completed,225000,BPJS
APT03256,PAT01761,DOC22,07-10-2022,13:00,Alergi kulit,completed,175000,BPJS
APT03257,PAT00474,DOC02,29-09-2024,14:00,Tidak nafsu makan,completed,275000,Asuransi
APT03258,PAT00061,DOC03,2024-11-17,12:00,Mual muntah,completed,250000,Transfer
APT03259,PAT00077,DOC03,2024-01-20,09:00,Pusing dan mual,completed,250000,Asuransi
APT03260,PAT01818,DOC01,2023-05-25,12:00,Asma kambuh,completed,225000,Asuransi
APT03261,PAT01817,DOC06,30/05/2022,16:00,Imunisasi anak,completed,60000,Transfer
APT03262,PAT00263,DOC10,31-12-2024,15:00,Cek kesehatan umum,completed,225000,Tunai
APT03263,PAT00676,DOC13,06/03/2024,11:00,Asma kambuh,completed,75000,Tunai
APT03264,PAT01325,DOC18,2024-02-21,09:00,Vaksin flu,completed,275000,Tunai
APT03265,PAT01645,DOC05,20/12/2024,15:00,Luka pada kaki,rescheduled,275000,BPJS
APT03266,PAT00052,DOC23,13/01/2024,11:00,USG kehamilan,completed,100000,BPJS
APT03267,PAT01312,DOC03,07/06/2023,14:00,Bisul,completed,250000,Transfer
APT03268,PAT01761,DOC19,31-08-2022,14:00,Demam pada anak,completed,75000,BPJS
APT03269,PAT00598,DOC03,2024-10-25,14:00,Pendarahan gusi,completed,250000,Tunai
APT03270,PAT00515,DOC21,2024-04-08,14:00,Kontrol diabetes,cancelled,100000,BPJS
APT03271,PAT01384,DOC08,2024-11-19,13:00,Cek mata kabur,completed,175000,Asuransi
APT03272,PAT01856,DOC17,2024-05-09,13:00,Gatal pada kulit,completed,90000,BPJS
APT03273,PAT00987,DOC15,28-05-2024,15:00,Susah tidur,completed,150000,Transfer
APT03274,PAT01153,DOC05,24/04/2024,13:00,Kelelahan,completed,275000,BPJS
APT03275,PAT00848,DOC03,2023-12-13,16:00,Imunisasi anak,completed,250000,Transfer
APT03276,PAT00598,DOC10,06-08-2024,10:00,Imunisasi anak,completed,225000,Transfer
APT03277,PAT01816,DOC13,12/11/2021,12:00,Diare,completed,75000,Transfer
APT03278,PAT00547,DOC11,2022-04-05,10:00,Telinga sakit,completed,200000,BPJS
APT03279,PAT01017,DOC21,01-11-2023,10:00,Demam tinggi,completed,100000,Tunai
APT03280,PAT01664,DOC17,01-01-2023,13:00,Pendarahan gusi,completed,90000,Tunai
APT03281,PAT01120,DOC03,2024-01-02,09:00,Demam dan batuk,completed,250000,Asuransi
APT03282,PAT00898,DOC24,20/09/2023,11:00,Tekanan darah tinggi,completed,60000,Asuransi
APT03283,PAT00598,DOC01,25/02/2024,16:00,Sakit kepala,no_show,225000,Asuransi
APT03284,PAT00439,DOC16,02/05/2024,09:00,Tekanan darah tinggi,completed,225000,Asuransi
APT03285,PAT01252,DOC18,09-11-2022,16:00,Mual muntah,rescheduled,275000,Asuransi
APT03286,PAT00654,DOC04,02-07-2021,16:00,Cek mata kabur,completed,225000,BPJS
APT03287,PAT01259,DOC19,17/08/2024,08:00,Tidak nafsu makan,completed,75000,Asuransi
APT03288,PAT00424,DOC20,11-12-2023,09:00,Mata merah,no_show,150000,Tunai
APT03289,PAT01275,DOC10,2021-08-25,10:00,Vaksin flu,completed,225000,BPJS
APT03290,PAT01205,DOC10,30-05-2024,13:00,Kontrol rutin,completed,225000,Tunai
APT03291,PAT01818,DOC13,2024-01-22,15:00,Demam pada anak,completed,75000,Asuransi
APT03292,PAT00655,DOC16,2023-10-06,16:00,Mual muntah,completed,225000,BPJS
APT03293,PAT01300,DOC05,2024-09-25,09:00,Demam dan batuk,completed,275000,Transfer
APT03294,PAT01372,DOC24,25/11/2021,13:00,Kontrol diabetes,completed,60000,BPJS
APT03295,PAT01785,DOC11,16-08-2023,15:00,Konsultasi kehamilan,completed,200000,Tunai
APT03296,PAT01469,DOC21,10/12/2023,09:00,Gigi berlubang,completed,100000,Transfer
APT03297,PAT00829,DOC01,13/01/2023,14:00,Mual muntah,completed,225000,Tunai
APT03298,PAT00836,DOC22,16/01/2022,13:00,Imunisasi anak,completed,175000,Asuransi
APT03299,PAT00903,DOC13,15/09/2024,08:00,Tekanan darah tinggi,cancelled,75000,BPJS
APT03300,PAT00598,DOC23,12-05-2024,14:00,Konsultasi KB,completed,100000,Tunai
APT03301,PAT01439,DOC19,09/08/2022,16:00,Pilek dan flu,rescheduled,75000,BPJS
APT03302,PAT00437,DOC08,2024-03-13,15:00,Sakit pinggang,completed,175000,Tunai
APT03303,PAT00681,DOC12,2023-04-09,14:00,Sakit kepala,completed,350000,BPJS
APT03304,PAT01140,DOC07,23-08-2023,10:00,Cek mata kabur,completed,100000,Tunai
APT03305,PAT00764,DOC07,20/03/2024,16:00,Sembelit,completed,100000,Asuransi
APT03306,PAT01665,DOC21,2023-08-06,14:00,Pendarahan gusi,no_show,100000,BPJS
APT03307,PAT00773,DOC24,2024-05-25,16:00,Demam tinggi,cancelled,60000,Tunai
APT03308,PAT00955,DOC25,11/01/2024,16:00,Bisul,completed,350000,Tunai
APT03309,PAT00591,DOC04,31-10-2023,08:00,Imunisasi anak,completed,225000,Transfer
APT03310,PAT00457,DOC10,01/12/2024,15:00,Nyeri sendi,completed,225000,BPJS
APT03311,PAT00216,DOC05,2024-11-04,14:00,Demam tinggi,completed,275000,Transfer
APT03312,PAT01802,DOC08,08-12-2024,15:00,USG kehamilan,completed,175000,BPJS
APT03313,PAT01774,DOC06,2023-10-04,11:00,Sakit kepala,completed,60000,Asuransi
APT03314,PAT01325,DOC23,22/05/2023,12:00,Konsultasi kehamilan,completed,100000,Tunai
APT03315,PAT01406,DOC06,2023-07-19,11:00,Sesak napas,completed,60000,BPJS
APT03316,PAT00677,DOC15,2024-10-25,08:00,Kontrol rutin,completed,150000,BPJS
APT03317,PAT00380,DOC11,11/05/2024,14:00,Bisul,completed,200000,BPJS
APT03318,PAT00269,DOC08,03-10-2022,14:00,Konsultasi kehamilan,completed,175000,BPJS
APT03319,PAT00714,DOC15,16-04-2024,11:00,Asma kambuh,completed,150000,BPJS
APT03320,PAT01326,DOC22,29/06/2023,09:00,Gigi berlubang,completed,175000,BPJS
APT03321,PAT00203,DOC08,06/03/2024,15:00,Luka pada kaki,no_show,175000,Transfer
APT03322,PAT01955,DOC13,28-09-2024,13:00,Pendarahan gusi,completed,75000,Tunai
APT03323,PAT01523,DOC05,28-06-2024,12:00,Konsultasi KB,completed,275000,BPJS
APT03324,PAT00982,DOC07,30-05-2024,09:00,Pendarahan gusi,completed,100000,BPJS
APT03325,PAT00966,DOC11,30-08-2024,15:00,Pendarahan gusi,completed,200000,Asuransi
APT03326,PAT01657,DOC05,2021-08-01,12:00,Sakit pinggang,cancelled,275000,Transfer
APT03327,PAT01373,DOC01,2023-05-04,16:00,USG kehamilan,cancelled,225000,BPJS
APT03328,PAT01848,DOC10,14/07/2023,16:00,Susah tidur,completed,225000,Asuransi
APT03329,PAT00773,DOC19,2024-12-14,14:00,Sariawan parah,completed,75000,BPJS
APT03330,PAT01958,DOC04,2024-06-15,14:00,Mual muntah,no_show,225000,BPJS
APT03331,PAT00553,DOC25,2024-01-15,16:00,Alergi kulit,cancelled,350000,Transfer
APT03332,PAT01238,DOC19,2023-08-10,08:00,Susah tidur,completed,75000,BPJS
APT03333,PAT01062,DOC14,2023-12-16,09:00,Cek kesehatan umum,completed,175000,Tunai
APT03334,PAT01105,DOC23,07/04/2024,13:00,Pendarahan gusi,completed,100000,Tunai
APT03335,PAT01528,DOC24,28/11/2024,12:00,USG kehamilan,completed,60000,BPJS
APT03336,PAT01407,DOC10,23-06-2024,12:00,Luka pada kaki,completed,225000,Asuransi
APT03337,PAT00382,DOC15,26/01/2022,15:00,Diare,completed,150000,Transfer
APT03338,PAT00615,DOC09,14/07/2024,10:00,Vaksin flu,cancelled,350000,Tunai
APT03339,PAT00844,DOC03,25/05/2022,13:00,Nyeri sendi,completed,250000,Transfer
APT03340,PAT01695,DOC21,31-08-2023,16:00,Vaksin flu,completed,100000,Transfer
APT03341,PAT01854,DOC02,16/10/2024,13:00,Pilek dan flu,cancelled,275000,Asuransi
APT03342,PAT00504,DOC20,2022-11-17,12:00,Mual muntah,rescheduled,150000,Asuransi
APT03343,PAT00490,DOC15,25-09-2024,10:00,Bisul,completed,150000,BPJS
APT03344,PAT00468,DOC11,2023-11-19,16:00,Konsultasi KB,completed,200000,Transfer
APT03345,PAT01412,DOC04,26/09/2021,16:00,Demam pada anak,completed,225000,Tunai
APT03346,PAT01014,DOC16,09-12-2024,08:00,Vaksin flu,completed,225000,Transfer
APT03347,PAT00061,DOC04,12-03-2024,11:00,Konsultasi KB,completed,225000,Tunai
APT03348,PAT00661,DOC13,23-01-2025,15:00,USG kehamilan,cancelled,75000,Tunai
APT03349,PAT01417,DOC25,03/07/2023,14:00,Mata merah,completed,350000,BPJS
APT03350,PAT01563,DOC16,09-06-2024,09:00,Susah tidur,completed,225000,BPJS
APT03351,PAT00372,DOC14,11-09-2023,15:00,Susah tidur,completed,175000,Asuransi
APT03352,PAT00144,DOC13,20/09/2022,11:00,Bisul,completed,75000,BPJS
APT03353,PAT00426,DOC18,16-03-2024,11:00,Demam dan batuk,completed,275000,Tunai
APT03354,PAT00292,DOC24,22/05/2024,10:00,Cek kesehatan umum,completed,60000,Transfer
APT03355,PAT01057,DOC14,09-10-2023,08:00,USG kehamilan,completed,175000,BPJS
APT03356,PAT00825,DOC13,04-11-2023,12:00,Sariawan parah,cancelled,75000,Transfer
APT03357,PAT00927,DOC01,22/08/2023,11:00,Kontrol diabetes,completed,225000,BPJS
APT03358,PAT00551,DOC08,09-11-2024,12:00,Sariawan parah,completed,175000,Transfer
APT03359,PAT00589,DOC04,2023-03-25,09:00,Luka pada kaki,completed,225000,BPJS
APT03360,PAT00349,DOC02,2025-01-25,16:00,Kontrol rutin,completed,275000,BPJS
APT03361,PAT01435,DOC06,2024-05-23,11:00,Nyeri sendi,completed,60000,Tunai
APT03362,PAT00335,DOC18,12/04/2023,08:00,Pendarahan gusi,completed,275000,BPJS
APT03363,PAT01686,DOC01,15/06/2024,11:00,Mual muntah,completed,225000,BPJS
APT03364,PAT00054,DOC10,24/11/2024,13:00,Kontrol diabetes,completed,225000,Tunai
APT03365,PAT00874,DOC20,27/10/2023,08:00,Kontrol rutin,completed,150000,BPJS
APT03366,PAT01232,DOC06,2022-09-30,11:00,Pilek dan flu,completed,60000,BPJS
APT03367,PAT00273,DOC10,2022-06-21,12:00,Demam tinggi,cancelled,225000,Transfer
APT03368,PAT01306,DOC15,2023-11-13,16:00,Sesak napas,cancelled,150000,Tunai
APT03369,PAT00947,DOC14,16-09-2024,14:00,Pilek dan flu,completed,175000,Tunai
APT03370,PAT00984,DOC15,30/12/2024,11:00,Mata merah,rescheduled,150000,BPJS
APT03371,PAT00490,DOC11,2024-02-12,12:00,Pusing dan mual,rescheduled,200000,BPJS
APT03372,PAT00192,DOC18,03/03/2024,12:00,Batuk berdahak,completed,275000,BPJS
APT03373,PAT00807,DOC13,18-06-2023,14:00,Cek gula darah,cancelled,75000,Transfer
APT03374,PAT01723,DOC23,2023-06-16,08:00,Cek mata kabur,completed,100000,Asuransi
APT03375,PAT00134,DOC01,2022-10-30,09:00,Sembelit,completed,225000,BPJS
APT03376,PAT00130,DOC21,2024-09-12,11:00,Cek gula darah,rescheduled,100000,Transfer
APT03377,PAT00755,DOC05,2023-01-15,12:00,Alergi kulit,completed,275000,BPJS
APT03378,PAT01436,DOC12,09-07-2023,14:00,Nyeri perut,completed,350000,BPJS
APT03379,PAT01676,DOC22,2023-01-14,11:00,Sembelit,completed,175000,BPJS
APT03380,PAT01511,DOC14,2024-04-30,10:00,Alergi kulit,completed,175000,Asuransi
APT03381,PAT00620,DOC22,14-11-2022,09:00,Konsultasi KB,rescheduled,175000,Transfer
APT03382,PAT01265,DOC06,2024-11-27,16:00,Konsultasi KB,completed,60000,Tunai
APT03383,PAT01829,DOC10,2022-10-21,13:00,Konsultasi kehamilan,completed,225000,BPJS
APT03384,PAT01796,DOC21,20/05/2023,10:00,Sakit pinggang,completed,100000,BPJS
APT03385,PAT00257,DOC18,09/01/2025,14:00,Demam dan batuk,completed,275000,BPJS
APT03386,PAT01421,DOC17,30-06-2023,11:00,Kelelahan,cancelled,90000,BPJS
APT03387,PAT01985,DOC23,29/09/2023,13:00,Nyeri perut,completed,100000,BPJS
APT03388,PAT01514,DOC25,2024-02-13,08:00,Luka pada kaki,completed,350000,Transfer
APT03389,PAT01267,DOC03,2024-03-27,13:00,Sakit kepala,no_show,250000,Transfer
APT03390,PAT01432,DOC18,05-01-2025,10:00,Nyeri sendi,completed,275000,Tunai
APT03391,PAT01553,DOC12,2024-06-01,13:00,Sesak napas,completed,350000,Transfer
APT03392,PAT01460,DOC12,29-11-2023,10:00,Gigi berlubang,completed,350000,BPJS
APT03393,PAT01264,DOC01,20-09-2024,14:00,Sakit tenggorokan,completed,225000,Tunai
APT03394,PAT01279,DOC24,12-08-2024,15:00,Konsultasi kehamilan,completed,60000,BPJS
APT03395,PAT00319,DOC11,25-03-2024,08:00,Gatal pada kulit,completed,200000,BPJS
APT03396,PAT00647,DOC18,24/07/2023,14:00,Cek kesehatan umum,completed,275000,BPJS
APT03397,PAT01979,DOC25,2024-09-15,12:00,Sesak napas,rescheduled,350000,BPJS
APT03398,PAT01121,DOC01,2024-09-22,13:00,Nyeri sendi,no_show,225000,BPJS
APT03399,PAT00126,DOC19,08-08-2022,11:00,Sakit tenggorokan,completed,75000,Transfer
APT03400,PAT00727,DOC02,2024-10-27,16:00,Tidak nafsu makan,completed,275000,Tunai
APT03401,PAT00031,DOC11,08/11/2024,11:00,Pendarahan gusi,completed,200000,Tunai
APT03402,PAT01740,DOC02,07-12-2022,12:00,Konsultasi kehamilan,completed,275000,Tunai
APT03403,PAT01528,DOC20,2022-04-22,14:00,Pusing dan mual,cancelled,150000,BPJS
APT03404,PAT01831,DOC11,04/09/2024,13:00,Demam pada anak,completed,200000,BPJS
APT03405,PAT01924,DOC24,14/04/2024,10:00,Kelelahan,completed,60000,Transfer
APT03406,PAT01244,DOC16,2024-11-06,14:00,Telinga sakit,completed,225000,BPJS
APT03407,PAT01119,DOC23,24/08/2022,11:00,Konsultasi KB,completed,100000,BPJS
APT03408,PAT01234,DOC19,2023-10-21,11:00,Nyeri perut,completed,75000,Tunai
APT03409,PAT01185,DOC22,2023-10-02,09:00,Sembelit,completed,175000,Tunai
APT03410,PAT01042,DOC12,2024-06-17,16:00,Asma kambuh,completed,350000,Tunai
APT03411,PAT01887,DOC06,18/07/2024,16:00,Demam dan batuk,completed,60000,Transfer
APT03412,PAT00697,DOC16,2023-09-16,16:00,Mata merah,no_show,225000,Transfer
APT03413,PAT00913,DOC17,06-08-2023,08:00,Nyeri perut,completed,90000,Tunai
APT03414,PAT01234,DOC18,09/08/2024,13:00,Pendarahan gusi,completed,275000,Transfer
APT03415,PAT00599,DOC13,2024-10-01,08:00,Asma kambuh,completed,75000,BPJS
APT03416,PAT00700,DOC14,2024-05-16,13:00,Mual muntah,completed,175000,BPJS
APT03417,PAT00008,DOC07,2022-10-02,15:00,Sakit tenggorokan,completed,100000,Tunai
APT03418,PAT01654,DOC21,05/04/2024,15:00,Telinga sakit,completed,100000,Tunai
APT03419,PAT00926,DOC11,2022-06-24,16:00,Kontrol rutin,completed,200000,Asuransi
APT03420,PAT00071,DOC16,2023-10-23,10:00,Kontrol rutin,completed,225000,Tunai
APT03421,PAT00820,DOC19,26/05/2024,15:00,Sakit gigi,no_show,75000,Tunai
APT03422,PAT01190,DOC01,2024-08-29,14:00,Nyeri sendi,completed,225000,Tunai
APT03423,PAT00515,DOC16,27/08/2024,11:00,USG kehamilan,completed,225000,BPJS
APT03424,PAT00085,DOC05,2023-06-05,12:00,Sesak napas,completed,275000,BPJS
APT03425,PAT01397,DOC16,17-04-2024,09:00,Sariawan parah,completed,225000,Transfer
APT03426,PAT00166,DOC18,04/10/2024,08:00,Demam tinggi,cancelled,275000,Tunai
APT03427,PAT00371,DOC02,29/11/2023,14:00,Tidak nafsu makan,completed,275000,Tunai
APT03428,PAT01251,DOC22,30/10/2024,09:00,Kontrol diabetes,completed,175000,Transfer
APT03429,PAT01650,DOC21,2022-11-10,10:00,Alergi kulit,cancelled,100000,BPJS
APT03430,PAT01308,DOC25,2023-08-13,14:00,Cek mata kabur,no_show,350000,BPJS
APT03431,PAT00991,DOC03,08-05-2024,15:00,Sariawan parah,completed,250000,Tunai
APT03432,PAT00710,DOC06,19-03-2024,13:00,Cek mata kabur,cancelled,60000,BPJS
APT03433,PAT00277,DOC23,2023-06-10,16:00,Mata merah,completed,100000,Tunai
APT03434,PAT01954,DOC22,26/10/2022,08:00,Demam dan batuk,completed,175000,BPJS
APT03435,PAT01509,DOC13,11-11-2021,16:00,Gatal pada kulit,completed,75000,BPJS
APT03436,PAT00186,DOC11,28/08/2022,08:00,Gigi berlubang,cancelled,200000,BPJS
APT03437,PAT00605,DOC03,2024-10-10,14:00,Mual muntah,completed,250000,Transfer
APT03438,PAT00432,DOC02,05/08/2024,14:00,Sakit kepala,completed,275000,Transfer
APT03439,PAT00304,DOC18,16/11/2022,09:00,Kontrol diabetes,completed,275000,BPJS
APT03440,PAT00288,DOC07,2022-02-23,12:00,Mual muntah,completed,100000,BPJS
APT03441,PAT00576,DOC16,21/06/2022,08:00,Mual muntah,completed,225000,BPJS
APT03442,PAT01620,DOC13,10/11/2021,14:00,Luka pada kaki,completed,75000,Tunai
APT03443,PAT01007,DOC15,2023-11-13,16:00,USG kehamilan,completed,150000,Asuransi
APT03444,PAT00149,DOC09,02/12/2023,16:00,Demam tinggi,completed,350000,BPJS
APT03445,PAT00123,DOC15,24/10/2022,08:00,Kelelahan,completed,150000,BPJS
APT03446,PAT00965,DOC20,17-09-2024,16:00,Kontrol rutin,completed,150000,BPJS
APT03447,PAT01343,DOC04,2023-12-22,08:00,Telinga sakit,cancelled,225000,Transfer
APT03448,PAT00556,DOC15,2024-03-16,13:00,Sembelit,completed,150000,BPJS
APT03449,PAT00931,DOC25,06-03-2024,15:00,Pendarahan gusi,completed,350000,BPJS
APT03450,PAT01816,DOC08,01-12-2022,14:00,Luka pada kaki,completed,175000,Transfer
APT03451,PAT01297,DOC19,04/11/2024,12:00,Tidak nafsu makan,completed,75000,Transfer
APT03452,PAT00171,DOC01,2024-09-27,11:00,Vaksin flu,completed,225000,Tunai
APT03453,PAT00579,DOC18,02/09/2023,13:00,Tekanan darah tinggi,completed,275000,Asuransi
APT03454,PAT01579,DOC02,04/06/2024,08:00,Sakit gigi,completed,275000,Transfer
APT03455,PAT01720,DOC07,2023-06-17,12:00,Konsultasi kehamilan,completed,100000,BPJS
APT03456,PAT00541,DOC20,09-02-2023,08:00,Luka pada kaki,completed,150000,BPJS
APT03457,PAT00005,DOC01,2022-12-04,14:00,Luka pada kaki,cancelled,225000,BPJS
APT03458,PAT00692,DOC09,2023-08-28,13:00,Imunisasi anak,completed,350000,Transfer
APT03459,PAT00890,DOC10,04-02-2022,14:00,Konsultasi kehamilan,completed,225000,Tunai
APT03460,PAT00286,DOC11,2023-07-01,09:00,Vaksin flu,completed,200000,BPJS
APT03461,PAT01680,DOC21,20-07-2022,08:00,Imunisasi anak,completed,100000,BPJS
APT03462,PAT01039,DOC06,28-06-2024,15:00,Cek gula darah,completed,60000,BPJS
APT03463,PAT01960,DOC08,2024-02-09,08:00,Sembelit,completed,175000,BPJS
APT03464,PAT01604,DOC24,2023-04-10,16:00,Demam dan batuk,completed,60000,Tunai
APT03465,PAT01821,DOC23,08/10/2024,14:00,Pilek dan flu,completed,100000,BPJS
APT03466,PAT00341,DOC25,2023-10-25,16:00,Sakit kepala,completed,350000,Tunai
APT03467,PAT00624,DOC23,05/10/2024,11:00,Gigi berlubang,cancelled,100000,Transfer
APT03468,PAT00653,DOC22,06/11/2024,15:00,Diare,completed,175000,BPJS
APT03469,PAT00205,DOC05,11-08-2024,09:00,Kontrol diabetes,completed,275000,Asuransi
APT03470,PAT00217,DOC01,16-07-2024,16:00,Sakit tenggorokan,completed,225000,BPJS
APT03471,PAT00852,DOC14,18/03/2024,13:00,Diare,completed,175000,BPJS
APT03472,PAT00684,DOC05,01-11-2024,15:00,Imunisasi anak,completed,275000,BPJS
APT03473,PAT00235,DOC03,11-05-2022,15:00,Demam dan batuk,cancelled,250000,Transfer
APT03474,PAT01094,DOC14,29-09-2024,14:00,Sesak napas,completed,175000,Asuransi
APT03475,PAT01512,DOC10,19/11/2023,12:00,Vaksin flu,completed,225000,Tunai
APT03476,PAT00717,DOC20,2024-04-29,14:00,Bisul,completed,150000,Transfer
APT03477,PAT00688,DOC07,2024-03-11,15:00,Sakit gigi,completed,100000,Tunai
APT03478,PAT00703,DOC06,2024-01-31,15:00,Asma kambuh,completed,60000,BPJS
APT03479,PAT01103,DOC19,2025-01-13,15:00,Vaksin flu,cancelled,75000,BPJS
APT03480,PAT01394,DOC19,08/08/2024,09:00,Mual muntah,completed,75000,BPJS
APT03481,PAT00070,DOC08,2024-02-02,11:00,Vaksin flu,cancelled,175000,BPJS
APT03482,PAT00205,DOC09,2022-03-18,13:00,Gigi berlubang,rescheduled,350000,Transfer
APT03483,PAT01631,DOC21,2022-06-22,13:00,Sakit tenggorokan,completed,100000,Transfer
APT03484,PAT01250,DOC13,19/08/2024,11:00,Pusing dan mual,completed,75000,Tunai
APT03485,PAT00119,DOC21,2023-02-19,15:00,Tidak nafsu makan,completed,100000,BPJS
APT03486,PAT00690,DOC23,20/01/2024,14:00,Nyeri perut,completed,100000,Asuransi
APT03487,PAT00741,DOC21,11-09-2024,13:00,Gatal pada kulit,completed,100000,Tunai
APT03488,PAT01648,DOC25,2024-04-19,12:00,Pilek dan flu,completed,350000,Transfer
APT03489,PAT00258,DOC25,31-08-2024,08:00,Alergi kulit,completed,350000,BPJS
APT03490,PAT01122,DOC24,2024-06-06,16:00,Pilek dan flu,completed,60000,BPJS
APT03491,PAT01474,DOC23,02-11-2024,14:00,Kontrol diabetes,completed,100000,BPJS
APT03492,PAT01356,DOC07,2022-09-21,16:00,Gigi berlubang,completed,100000,Transfer
APT03493,PAT01929,DOC03,2024-08-02,16:00,Konsultasi kehamilan,completed,250000,BPJS
APT03494,PAT01907,DOC07,05/11/2023,11:00,Cek mata kabur,completed,100000,BPJS
APT03495,PAT00659,DOC14,2022-08-11,16:00,Tidak nafsu makan,completed,175000,BPJS
APT03496,PAT01261,DOC21,05-01-2025,11:00,Sakit gigi,completed,100000,BPJS
APT03497,PAT00297,DOC10,16-08-2023,09:00,Alergi kulit,completed,225000,BPJS
APT03498,PAT00794,DOC05,17/01/2023,16:00,Tidak nafsu makan,completed,275000,BPJS
APT03499,PAT00495,DOC01,2024-11-16,14:00,Sakit gigi,completed,225000,BPJS
APT03500,PAT00618,DOC05,18/01/2025,11:00,Diare,completed,275000,BPJS
APT03501,PAT01082,DOC08,18/05/2023,16:00,Vaksin flu,completed,175000,Tunai
APT03502,PAT01238,DOC24,29-12-2024,10:00,Pendarahan gusi,completed,60000,BPJS
APT03503,PAT00214,DOC14,13/09/2022,16:00,Pendarahan gusi,cancelled,175000,Tunai
APT03504,PAT01140,DOC10,2024-02-03,12:00,Susah tidur,completed,225000,Tunai
APT03505,PAT00774,DOC05,08/09/2024,15:00,Konsultasi kehamilan,completed,275000,BPJS
APT03506,PAT00210,DOC06,24/08/2023,16:00,Sakit tenggorokan,completed,60000,BPJS
APT03507,PAT01373,DOC25,13/06/2024,15:00,Kontrol diabetes,completed,350000,BPJS
APT03508,PAT00457,DOC09,10-03-2024,12:00,Sakit tenggorokan,completed,350000,Transfer
APT03509,PAT00906,DOC24,12-05-2023,12:00,Luka pada kaki,completed,60000,BPJS
APT03510,PAT00699,DOC23,08/06/2022,10:00,Cek kesehatan umum,completed,100000,BPJS
APT03511,PAT01731,DOC20,2024-07-08,16:00,Sakit pinggang,completed,150000,Tunai
APT03512,PAT00845,DOC19,31/12/2023,09:00,Vaksin flu,completed,75000,BPJS
APT03513,PAT00148,DOC15,2023-04-21,11:00,Demam pada anak,completed,150000,BPJS
APT03514,PAT01289,DOC18,2024-06-30,13:00,Nyeri sendi,completed,275000,Transfer
APT03515,PAT00060,DOC23,04-08-2024,13:00,Demam dan batuk,completed,100000,BPJS
APT03516,PAT00726,DOC15,2023-03-29,13:00,Susah tidur,completed,150000,BPJS
APT03517,PAT00993,DOC14,2024-07-25,12:00,Sembelit,completed,175000,BPJS
APT03518,PAT01061,DOC10,08-11-2022,11:00,Sembelit,completed,225000,Asuransi
APT03519,PAT00244,DOC06,14/02/2024,14:00,Kontrol rutin,cancelled,60000,Transfer
APT03520,PAT01098,DOC25,01-02-2024,11:00,Telinga sakit,completed,350000,Transfer
APT03521,PAT00587,DOC18,28/05/2022,10:00,Nyeri sendi,completed,275000,BPJS
APT03522,PAT00260,DOC10,10/10/2024,16:00,Sembelit,completed,225000,BPJS
APT03523,PAT00793,DOC01,12/05/2024,11:00,Demam pada anak,completed,225000,BPJS
APT03524,PAT00634,DOC04,23/10/2024,14:00,Telinga sakit,completed,225000,BPJS
APT03525,PAT00835,DOC04,2023-10-22,09:00,Sakit tenggorokan,cancelled,225000,Transfer
APT03526,PAT01344,DOC04,07/01/2024,09:00,Sakit gigi,completed,225000,BPJS
APT03527,PAT01771,DOC08,2025-01-08,09:00,Tekanan darah tinggi,completed,175000,Transfer
APT03528,PAT01038,DOC21,10-03-2023,13:00,Susah tidur,completed,100000,Transfer
APT03529,PAT00577,DOC18,2022-01-25,09:00,Diare,rescheduled,275000,Tunai
APT03530,PAT00973,DOC03,2022-10-23,15:00,Tidak nafsu makan,no_show,250000,Asuransi
APT03531,PAT01873,DOC11,2023-07-29,16:00,Sakit pinggang,completed,200000,BPJS
APT03532,PAT01695,DOC20,21-03-2023,09:00,Asma kambuh,completed,150000,Transfer
APT03533,PAT00556,DOC16,2024-12-31,12:00,Demam dan batuk,completed,225000,Tunai
APT03534,PAT00005,DOC22,12-01-2023,08:00,Sembelit,completed,175000,Transfer
APT03535,PAT01503,DOC06,24-08-2022,08:00,Kontrol diabetes,completed,60000,BPJS
APT03536,PAT01696,DOC04,2025-01-17,14:00,Batuk berdahak,completed,225000,Tunai
APT03537,PAT01534,DOC10,02/02/2023,10:00,Sariawan parah,completed,225000,BPJS
APT03538,PAT00952,DOC14,18-03-2024,13:00,Diare,completed,175000,BPJS
APT03539,PAT01311,DOC11,28/09/2024,15:00,Diare,rescheduled,200000,Tunai
APT03540,PAT00030,DOC06,24/03/2024,16:00,Mual muntah,completed,60000,Transfer
APT03541,PAT00860,DOC06,04-10-2024,08:00,Demam dan batuk,completed,60000,Tunai
APT03542,PAT00017,DOC12,2022-05-29,09:00,Susah tidur,completed,350000,Transfer
APT03543,PAT01048,DOC01,2024-01-29,11:00,Demam dan batuk,rescheduled,225000,BPJS
APT03544,PAT00681,DOC07,2024-05-09,16:00,Pusing dan mual,completed,100000,Tunai
APT03545,PAT01991,DOC13,2024-06-03,15:00,Tekanan darah tinggi,completed,75000,Tunai
APT03546,PAT00105,DOC25,2024-05-03,08:00,Luka pada kaki,completed,350000,Asuransi
APT03547,PAT00126,DOC18,11-01-2022,14:00,Sariawan parah,completed,275000,BPJS
APT03548,PAT01925,DOC06,2024-02-21,15:00,Mual muntah,completed,60000,BPJS
APT03549,PAT00343,DOC04,2023-09-26,12:00,Nyeri perut,cancelled,225000,Transfer
APT03550,PAT01744,DOC23,2021-10-17,16:00,Gigi berlubang,completed,100000,BPJS
APT03551,PAT00006,DOC25,2024-12-14,10:00,Luka pada kaki,completed,350000,BPJS
APT03552,PAT01270,DOC22,16/11/2023,12:00,Pusing dan mual,completed,175000,Tunai
APT03553,PAT00838,DOC07,2023-04-12,16:00,Mata merah,cancelled,100000,Tunai
APT03554,PAT01196,DOC06,25-08-2024,11:00,Bisul,completed,60000,Transfer
APT03555,PAT01580,DOC21,14/12/2024,12:00,USG kehamilan,completed,100000,BPJS
APT03556,PAT00720,DOC20,28/04/2024,08:00,USG kehamilan,cancelled,150000,Tunai
APT03557,PAT01580,DOC25,25/03/2024,11:00,Demam pada anak,completed,350000,BPJS
APT03558,PAT01740,DOC17,31-05-2024,13:00,Luka pada kaki,completed,90000,Tunai
APT03559,PAT01828,DOC17,22-01-2025,11:00,Nyeri sendi,completed,90000,BPJS
APT03560,PAT01342,DOC07,28/01/2025,09:00,Alergi kulit,completed,100000,BPJS
APT03561,PAT01358,DOC20,2023-02-21,13:00,Batuk berdahak,completed,150000,Asuransi
APT03562,PAT01000,DOC12,07/06/2024,08:00,Pusing dan mual,completed,350000,Transfer
APT03563,PAT00839,DOC03,2023-06-29,08:00,USG kehamilan,completed,250000,BPJS
APT03564,PAT00133,DOC14,06-09-2024,13:00,Tekanan darah tinggi,completed,175000,BPJS
APT03565,PAT00384,DOC15,27/01/2025,16:00,USG kehamilan,no_show,150000,BPJS
APT03566,PAT00563,DOC11,04/02/2023,16:00,Pilek dan flu,completed,200000,BPJS
APT03567,PAT01152,DOC20,2022-10-01,15:00,Tekanan darah tinggi,completed,150000,Asuransi
APT03568,PAT00573,DOC11,21/06/2024,12:00,Sembelit,completed,200000,BPJS
APT03569,PAT00554,DOC19,15-10-2023,08:00,Kontrol rutin,completed,75000,Transfer
APT03570,PAT01780,DOC06,20-08-2023,10:00,Bisul,cancelled,60000,Tunai
APT03571,PAT01987,DOC13,02/11/2023,16:00,Sakit kepala,completed,75000,BPJS
APT03572,PAT01346,DOC06,14/07/2021,08:00,Bisul,completed,60000,BPJS
APT03573,PAT00729,DOC15,09-01-2023,09:00,Sariawan parah,completed,150000,BPJS
APT03574,PAT00585,DOC07,19-09-2024,13:00,Asma kambuh,completed,100000,BPJS
APT03575,PAT01405,DOC05,04/11/2023,13:00,Telinga sakit,completed,275000,BPJS
APT03576,PAT01789,DOC21,11-02-2024,16:00,Sakit kepala,completed,100000,Tunai
APT03577,PAT00550,DOC14,2021-10-28,08:00,Sakit tenggorokan,completed,175000,BPJS
APT03578,PAT01423,DOC21,2022-08-20,10:00,Konsultasi kehamilan,completed,100000,BPJS
APT03579,PAT01756,DOC05,20/11/2023,10:00,Sakit gigi,no_show,275000,Transfer
APT03580,PAT01323,DOC22,09/08/2024,15:00,Kontrol rutin,completed,175000,BPJS
APT03581,PAT00278,DOC12,04-12-2023,08:00,Kontrol diabetes,completed,350000,BPJS
APT03582,PAT01852,DOC05,2023-06-30,12:00,Alergi kulit,completed,275000,Tunai
APT03583,PAT01273,DOC12,01-05-2024,15:00,Tekanan darah tinggi,cancelled,350000,BPJS
APT03584,PAT01091,DOC16,14-11-2024,12:00,Luka pada kaki,completed,225000,BPJS
APT03585,PAT00498,DOC02,24/05/2024,11:00,Sakit pinggang,completed,275000,BPJS
APT03586,PAT00271,DOC22,08-05-2024,08:00,USG kehamilan,no_show,175000,BPJS
APT03587,PAT01759,DOC22,28-04-2023,08:00,Cek mata kabur,completed,175000,Tunai
APT03588,PAT00547,DOC21,25/10/2024,12:00,Pilek dan flu,completed,100000,Tunai
APT03589,PAT00030,DOC09,09/12/2023,08:00,Pusing dan mual,completed,350000,Tunai
APT03590,PAT00399,DOC01,2024-01-17,15:00,Telinga sakit,cancelled,225000,Tunai
APT03591,PAT00511,DOC07,06/12/2024,14:00,Bisul,completed,100000,BPJS
APT03592,PAT01907,DOC17,03/06/2024,14:00,Telinga sakit,completed,90000,BPJS
APT03593,PAT00738,DOC24,16-10-2023,13:00,Diare,completed,60000,BPJS
APT03594,PAT01043,DOC14,2024-09-26,13:00,Mual muntah,completed,175000,Tunai
APT03595,PAT00738,DOC01,27-10-2024,14:00,Mual muntah,completed,225000,BPJS
APT03596,PAT01982,DOC17,2023-11-01,16:00,Tekanan darah tinggi,cancelled,90000,BPJS
APT03597,PAT00635,DOC17,16/05/2024,09:00,Gatal pada kulit,completed,90000,Asuransi
APT03598,PAT00106,DOC02,30-01-2023,13:00,Telinga sakit,completed,275000,BPJS
APT03599,PAT00830,DOC21,2024-07-05,13:00,Mata merah,no_show,100000,Tunai
APT03600,PAT00586,DOC15,18/12/2024,16:00,Telinga sakit,cancelled,150000,BPJS
APT03601,PAT01199,DOC09,14-06-2024,12:00,Sakit gigi,completed,350000,BPJS
APT03602,PAT00013,DOC10,02/07/2023,12:00,Demam pada anak,no_show,225000,Tunai
APT03603,PAT00674,DOC22,09-11-2024,14:00,Konsultasi kehamilan,no_show,175000,BPJS
APT03604,PAT00988,DOC02,2024-05-15,13:00,Sakit tenggorokan,completed,275000,BPJS
APT03605,PAT01071,DOC04,2024-06-14,14:00,Demam tinggi,completed,225000,Tunai
APT03606,PAT01096,DOC21,2024-01-02,13:00,USG kehamilan,completed,100000,BPJS
APT03607,PAT00668,DOC19,10-11-2023,10:00,Cek gula darah,completed,75000,Transfer
APT03608,PAT01075,DOC04,2025-01-09,11:00,Mata merah,rescheduled,225000,Tunai
APT03609,PAT00592,DOC03,17/08/2024,15:00,Luka pada kaki,completed,250000,BPJS
APT03610,PAT00166,DOC17,11-12-2022,09:00,Mual muntah,completed,90000,Transfer
APT03611,PAT01428,DOC15,2023-02-11,11:00,Mual muntah,completed,150000,Asuransi
APT03612,PAT01700,DOC09,2023-12-18,08:00,Pendarahan gusi,completed,350000,Tunai
APT03613,PAT00680,DOC20,2022-12-12,15:00,Sakit tenggorokan,completed,150000,Transfer
APT03614,PAT00458,DOC22,2024-08-20,12:00,Vaksin flu,completed,175000,BPJS
APT03615,PAT01238,DOC07,2024-12-24,12:00,Vaksin flu,completed,100000,BPJS
APT03616,PAT01428,DOC17,14-10-2023,11:00,Kelelahan,rescheduled,90000,Asuransi
APT03617,PAT00167,DOC13,2024-12-16,09:00,Susah tidur,completed,75000,BPJS
APT03618,PAT01649,DOC15,16/09/2024,12:00,Batuk berdahak,completed,150000,Tunai
APT03619,PAT01381,DOC02,05/11/2023,12:00,Imunisasi anak,completed,275000,Tunai
APT03620,PAT01617,DOC20,27-09-2023,13:00,Tekanan darah tinggi,completed,150000,BPJS
APT03621,PAT01854,DOC23,2024-10-11,08:00,Sakit kepala,completed,100000,Transfer
APT03622,PAT00397,DOC22,2024-06-07,10:00,Cek mata kabur,completed,175000,BPJS
APT03623,PAT00759,DOC11,2024-02-29,12:00,Gigi berlubang,completed,200000,Tunai
APT03624,PAT01857,DOC21,2024-08-16,12:00,Sakit pinggang,completed,100000,Transfer
APT03625,PAT00753,DOC18,01/10/2024,14:00,Sariawan parah,completed,275000,Transfer
APT03626,PAT00767,DOC19,18/01/2025,09:00,Tekanan darah tinggi,completed,75000,Asuransi
APT03627,PAT01057,DOC03,07/05/2023,08:00,Tidak nafsu makan,no_show,250000,Tunai
APT03628,PAT00496,DOC15,2024-10-27,11:00,Sakit tenggorokan,completed,150000,Tunai
APT03629,PAT01424,DOC23,09-10-2022,13:00,Pendarahan gusi,completed,100000,Transfer
APT03630,PAT00224,DOC06,2024-07-18,12:00,Batuk berdahak,completed,60000,Asuransi
APT03631,PAT01469,DOC06,2023-09-17,10:00,Demam pada anak,completed,60000,Tunai
APT03632,PAT00115,DOC24,13/04/2024,12:00,Telinga sakit,completed,60000,Asuransi
APT03633,PAT01714,DOC16,14/09/2022,09:00,Mual muntah,completed,225000,BPJS
APT03634,PAT01661,DOC23,09-01-2024,12:00,Konsultasi kehamilan,completed,100000,BPJS
APT03635,PAT00211,DOC10,02/11/2022,16:00,Cek mata kabur,no_show,225000,Tunai
APT03636,PAT00275,DOC16,2023-07-31,10:00,Konsultasi kehamilan,completed,225000,BPJS
APT03637,PAT00952,DOC09,2023-08-08,10:00,Susah tidur,completed,350000,BPJS
APT03638,PAT00092,DOC13,21-07-2023,15:00,Mual muntah,completed,75000,BPJS
APT03639,PAT01701,DOC10,07/02/2023,11:00,Konsultasi kehamilan,completed,225000,BPJS
APT03640,PAT01393,DOC14,17/04/2023,10:00,Mual muntah,no_show,175000,BPJS
APT03641,PAT00504,DOC24,24-07-2023,14:00,Sesak napas,rescheduled,60000,Asuransi
APT03642,PAT01455,DOC13,16/09/2024,10:00,Pendarahan gusi,completed,75000,Tunai
APT03643,PAT01360,DOC16,2022-06-12,10:00,Sakit pinggang,completed,225000,Asuransi
APT03644,PAT00194,DOC12,2022-03-10,12:00,Gatal pada kulit,completed,350000,BPJS
APT03645,PAT01750,DOC04,14-11-2024,10:00,Imunisasi anak,completed,225000,Transfer
APT03646,PAT01891,DOC17,2023-11-11,08:00,Nyeri sendi,completed,90000,Transfer
APT03647,PAT01098,DOC12,26-11-2023,14:00,Gigi berlubang,completed,350000,BPJS
APT03648,PAT01684,DOC24,17/10/2022,13:00,Sakit gigi,no_show,60000,BPJS
APT03649,PAT00315,DOC06,16-03-2024,08:00,Batuk berdahak,completed,60000,BPJS
APT03650,PAT01645,DOC08,2022-11-11,14:00,Nyeri perut,completed,175000,BPJS
APT03651,PAT00463,DOC20,27-01-2023,08:00,Sesak napas,completed,150000,Transfer
APT03652,PAT01344,DOC17,26/10/2024,10:00,Vaksin flu,no_show,90000,BPJS
APT03653,PAT01732,DOC21,05/05/2022,11:00,Sesak napas,no_show,100000,Tunai
APT03654,PAT01038,DOC16,18/08/2022,13:00,Cek mata kabur,completed,225000,Asuransi
APT03655,PAT01628,DOC22,06/02/2023,11:00,Sakit pinggang,completed,175000,Asuransi
APT03656,PAT01946,DOC12,2023-09-01,11:00,Kelelahan,completed,350000,Transfer
APT03657,PAT01209,DOC18,10-03-2024,16:00,Pusing dan mual,cancelled,275000,Tunai
APT03658,PAT00534,DOC07,18-07-2024,15:00,Cek kesehatan umum,cancelled,100000,Tunai
APT03659,PAT01619,DOC13,19/07/2024,16:00,Kontrol rutin,no_show,75000,Tunai
APT03660,PAT01791,DOC12,15/02/2024,15:00,Konsultasi kehamilan,no_show,350000,Tunai
APT03661,PAT01859,DOC17,2021-10-19,15:00,USG kehamilan,completed,90000,BPJS
APT03662,PAT00832,DOC21,2024-05-12,08:00,Sariawan parah,completed,100000,BPJS
APT03663,PAT00021,DOC10,23-06-2024,15:00,Demam pada anak,completed,225000,Tunai
APT03664,PAT00211,DOC15,24/11/2023,08:00,Sakit pinggang,completed,150000,Transfer
APT03665,PAT01392,DOC13,2024-05-27,13:00,Susah tidur,completed,75000,Transfer
APT03666,PAT01568,DOC20,2024-02-20,08:00,Kontrol diabetes,completed,150000,Transfer
APT03667,PAT01096,DOC13,04/11/2024,15:00,Diare,completed,75000,BPJS
APT03668,PAT00414,DOC06,2023-05-07,10:00,Kontrol rutin,completed,60000,Asuransi
APT03669,PAT00492,DOC01,04/10/2021,14:00,Mata merah,completed,225000,Asuransi
APT03670,PAT01176,DOC04,2023-02-18,14:00,Sariawan parah,cancelled,225000,Transfer
APT03671,PAT01717,DOC04,2022-10-29,14:00,Mata merah,completed,225000,Transfer
APT03672,PAT01212,DOC03,04/12/2021,12:00,Pusing dan mual,cancelled,250000,BPJS
APT03673,PAT01999,DOC05,29/09/2024,14:00,Sakit tenggorokan,completed,275000,BPJS
APT03674,PAT01671,DOC05,04-03-2024,10:00,Bisul,completed,275000,BPJS
APT03675,PAT01392,DOC25,2024-02-01,12:00,Demam dan batuk,completed,350000,BPJS
APT03676,PAT01303,DOC10,17-01-2025,13:00,Cek kesehatan umum,rescheduled,225000,BPJS
APT03677,PAT00299,DOC09,26-01-2025,10:00,Tekanan darah tinggi,completed,350000,BPJS
APT03678,PAT00492,DOC01,01-04-2022,11:00,Diare,rescheduled,225000,Asuransi
APT03679,PAT00031,DOC01,2024-01-12,11:00,Diare,completed,225000,Transfer
APT03680,PAT01079,DOC20,08/06/2022,16:00,Tekanan darah tinggi,completed,150000,Asuransi
APT03681,PAT01357,DOC08,25/07/2023,08:00,Pendarahan gusi,completed,175000,BPJS
APT03682,PAT01162,DOC04,09/03/2024,13:00,Gatal pada kulit,completed,225000,Asuransi
APT03683,PAT01238,DOC11,20/07/2023,09:00,Tidak nafsu makan,completed,200000,BPJS
APT03684,PAT00377,DOC19,2023-01-29,16:00,Sesak napas,completed,75000,BPJS
APT03685,PAT01506,DOC16,21/12/2024,14:00,Sakit gigi,completed,225000,BPJS
APT03686,PAT01843,DOC25,14/10/2024,15:00,Luka pada kaki,completed,350000,Transfer
APT03687,PAT01913,DOC12,12/07/2023,14:00,Nyeri perut,completed,350000,BPJS
APT03688,PAT00008,DOC18,2022-12-08,08:00,Luka pada kaki,completed,275000,BPJS
APT03689,PAT01224,DOC02,08/10/2023,11:00,Mata merah,completed,275000,BPJS
APT03690,PAT00113,DOC05,21/07/2024,11:00,Demam tinggi,completed,275000,Asuransi
APT03691,PAT00867,DOC16,2023-09-23,14:00,Nyeri perut,completed,225000,Transfer
APT03692,PAT01528,DOC25,2022-07-11,14:00,Cek gula darah,rescheduled,350000,Transfer
APT03693,PAT00299,DOC10,2023-11-26,16:00,Sariawan parah,completed,225000,BPJS
APT03694,PAT01450,DOC15,03-06-2024,11:00,Sembelit,completed,150000,Tunai
APT03695,PAT01416,DOC10,2022-07-03,16:00,Pusing dan mual,cancelled,225000,BPJS
APT03696,PAT00573,DOC14,29-06-2023,10:00,Tekanan darah tinggi,completed,175000,BPJS
APT03697,PAT00329,DOC17,16-04-2024,11:00,Susah tidur,completed,90000,BPJS
APT03698,PAT00404,DOC17,2023-03-29,10:00,Tekanan darah tinggi,rescheduled,90000,Tunai
APT03699,PAT00692,DOC20,25-06-2022,14:00,Pusing dan mual,completed,150000,BPJS
APT03700,PAT01396,DOC01,2024-09-02,12:00,Kontrol rutin,completed,225000,BPJS
APT03701,PAT00570,DOC10,2023-07-23,10:00,Cek kesehatan umum,completed,225000,BPJS
APT03702,PAT01894,DOC06,20/03/2023,10:00,Nyeri sendi,completed,60000,BPJS
APT03703,PAT00795,DOC15,2022-05-17,16:00,Sariawan parah,completed,150000,Tunai
APT03704,PAT01179,DOC23,08-09-2022,13:00,Kontrol rutin,completed,100000,BPJS
APT03705,PAT00850,DOC06,10/01/2025,11:00,Imunisasi anak,completed,60000,BPJS
APT03706,PAT00571,DOC04,01-10-2024,11:00,Sakit pinggang,cancelled,225000,Asuransi
APT03707,PAT01678,DOC24,22/10/2024,11:00,Konsultasi kehamilan,completed,60000,Tunai
APT03708,PAT00916,DOC17,30/12/2024,13:00,USG kehamilan,cancelled,90000,BPJS
APT03709,PAT01498,DOC20,14/10/2021,13:00,Mata merah,completed,150000,BPJS
APT03710,PAT01187,DOC21,23/09/2024,13:00,Bisul,completed,100000,BPJS
APT03711,PAT00741,DOC19,2024-04-12,08:00,Kelelahan,completed,75000,Tunai
APT03712,PAT00708,DOC16,2023-11-09,11:00,Cek gula darah,completed,225000,BPJS
APT03713,PAT00029,DOC01,24/07/2024,08:00,Bisul,no_show,225000,BPJS
APT03714,PAT01790,DOC03,23-10-2024,14:00,Konsultasi KB,completed,250000,Asuransi
APT03715,PAT01031,DOC10,2023-09-19,15:00,Sakit gigi,completed,225000,BPJS
APT03716,PAT01473,DOC21,08-06-2024,13:00,Tekanan darah tinggi,completed,100000,Transfer
APT03717,PAT00201,DOC09,2024-07-15,11:00,Demam pada anak,rescheduled,350000,BPJS
APT03718,PAT01781,DOC12,24/08/2021,16:00,Mual muntah,completed,350000,Transfer
APT03719,PAT00280,DOC22,29-09-2024,10:00,Luka pada kaki,rescheduled,175000,Tunai
APT03720,PAT01529,DOC06,20/07/2024,10:00,Demam pada anak,completed,60000,BPJS
APT03721,PAT01828,DOC21,2023-07-12,09:00,Gigi berlubang,completed,100000,BPJS
APT03722,PAT00728,DOC24,2023-09-02,10:00,Cek kesehatan umum,no_show,60000,Tunai
APT03723,PAT00293,DOC14,2024-07-05,15:00,Cek mata kabur,no_show,175000,Tunai
APT03724,PAT00054,DOC21,22/10/2024,12:00,Gigi berlubang,rescheduled,100000,BPJS
APT03725,PAT01165,DOC13,2024-05-04,15:00,Kontrol rutin,rescheduled,75000,BPJS
APT03726,PAT00411,DOC14,30-04-2024,10:00,Sakit gigi,completed,175000,BPJS
APT03727,PAT01556,DOC07,10/07/2024,10:00,Sakit kepala,completed,100000,Asuransi
APT03728,PAT00656,DOC09,2022-09-04,10:00,Cek mata kabur,cancelled,350000,Asuransi
APT03729,PAT00605,DOC08,2023-05-08,08:00,Konsultasi kehamilan,completed,175000,Transfer
APT03730,PAT00146,DOC12,09/03/2024,12:00,Imunisasi anak,completed,350000,Tunai
APT03731,PAT00089,DOC20,2021-10-12,13:00,Cek mata kabur,completed,150000,Tunai
APT03732,PAT00507,DOC21,2023-10-04,13:00,Mata merah,no_show,100000,BPJS
APT03733,PAT01531,DOC06,2023-07-13,13:00,Tekanan darah tinggi,completed,60000,Transfer
APT03734,PAT00565,DOC19,17/08/2024,12:00,Asma kambuh,completed,75000,Asuransi
APT03735,PAT00950,DOC02,2024-07-27,15:00,Mual muntah,completed,275000,Asuransi
APT03736,PAT00578,DOC06,22/09/2024,14:00,Gatal pada kulit,completed,60000,Tunai
APT03737,PAT00956,DOC22,09-07-2023,15:00,Susah tidur,completed,175000,Tunai
APT03738,PAT01505,DOC02,2023-06-20,08:00,Sakit tenggorokan,cancelled,275000,Tunai
APT03739,PAT00603,DOC10,02-10-2024,08:00,Demam pada anak,completed,225000,BPJS
APT03740,PAT01242,DOC21,30/01/2023,10:00,Sakit tenggorokan,completed,100000,Tunai
APT03741,PAT01514,DOC17,07/06/2024,12:00,Pendarahan gusi,completed,90000,Tunai
APT03742,PAT00053,DOC09,28-07-2023,09:00,Gigi berlubang,completed,350000,BPJS
APT03743,PAT00900,DOC06,2022-06-29,09:00,Sakit gigi,completed,60000,Transfer
APT03744,PAT00355,DOC01,2023-10-31,11:00,Sakit kepala,completed,225000,BPJS
APT03745,PAT00593,DOC02,05-05-2023,09:00,Diare,completed,275000,BPJS
APT03746,PAT00121,DOC15,22/08/2021,12:00,Konsultasi kehamilan,completed,150000,Tunai
APT03747,PAT00060,DOC12,16-11-2023,08:00,Konsultasi kehamilan,cancelled,350000,BPJS
APT03748,PAT00747,DOC24,14-01-2024,16:00,Luka pada kaki,completed,60000,Tunai
APT03749,PAT00649,DOC02,31-05-2023,14:00,Demam dan batuk,completed,275000,Asuransi
APT03750,PAT00912,DOC12,14/09/2024,09:00,Sesak napas,completed,350000,Tunai
APT03751,PAT00543,DOC17,2023-03-19,13:00,Nyeri perut,completed,90000,BPJS
APT03752,PAT00826,DOC01,07/08/2024,13:00,Demam tinggi,completed,225000,Transfer
APT03753,PAT01474,DOC05,29-01-2024,15:00,Gigi berlubang,completed,275000,BPJS
APT03754,PAT00134,DOC11,03/12/2022,16:00,Mual muntah,no_show,200000,BPJS
APT03755,PAT00215,DOC11,05/01/2024,09:00,Pilek dan flu,completed,200000,Transfer
APT03756,PAT00357,DOC24,2024-01-21,09:00,Nyeri sendi,completed,60000,Tunai
APT03757,PAT01539,DOC12,2024-03-24,11:00,Nyeri sendi,completed,350000,BPJS
APT03758,PAT00074,DOC13,21/03/2024,14:00,Batuk berdahak,no_show,75000,Tunai
APT03759,PAT01294,DOC09,2024-12-07,10:00,Batuk berdahak,completed,350000,BPJS
APT03760,PAT00442,DOC04,22/11/2024,08:00,Tidak nafsu makan,completed,225000,Asuransi
APT03761,PAT01023,DOC03,2023-12-30,10:00,Demam dan batuk,completed,250000,BPJS
APT03762,PAT00298,DOC11,29/09/2021,16:00,Cek kesehatan umum,completed,200000,BPJS
APT03763,PAT01667,DOC24,2022-11-04,12:00,Sakit kepala,cancelled,60000,Transfer
APT03764,PAT01060,DOC14,2022-03-16,14:00,Pendarahan gusi,completed,175000,Asuransi
APT03765,PAT00651,DOC25,15/09/2022,11:00,Cek mata kabur,completed,350000,Tunai
APT03766,PAT00204,DOC22,2021-10-02,11:00,Nyeri perut,completed,175000,Transfer
APT03767,PAT00202,DOC25,25/06/2024,08:00,Sakit kepala,no_show,350000,Transfer
APT03768,PAT01252,DOC22,2024-03-31,09:00,Tekanan darah tinggi,completed,175000,Transfer
APT03769,PAT00926,DOC23,19-10-2022,10:00,Cek gula darah,completed,100000,Tunai
APT03770,PAT01067,DOC15,24/12/2024,12:00,Nyeri perut,completed,150000,Asuransi
APT03771,PAT01455,DOC19,2025-01-10,12:00,USG kehamilan,completed,75000,BPJS
APT03772,PAT01640,DOC12,2024-02-25,11:00,Cek kesehatan umum,completed,350000,BPJS
APT03773,PAT01682,DOC02,01/04/2022,14:00,Alergi kulit,completed,275000,BPJS
APT03774,PAT01321,DOC06,2024-11-25,11:00,Sembelit,completed,60000,BPJS
APT03775,PAT01281,DOC20,02/01/2024,14:00,Sesak napas,completed,150000,Tunai
APT03776,PAT00129,DOC03,2021-08-30,13:00,Nyeri perut,completed,250000,BPJS
APT03777,PAT01159,DOC21,09-11-2024,10:00,Luka pada kaki,no_show,100000,BPJS
APT03778,PAT01678,DOC09,09/11/2022,08:00,Alergi kulit,no_show,350000,BPJS
APT03779,PAT00965,DOC16,2024-03-04,16:00,Gatal pada kulit,completed,225000,BPJS
APT03780,PAT00933,DOC15,2024-05-26,09:00,Demam dan batuk,completed,150000,Transfer
APT03781,PAT00007,DOC17,2024-11-24,10:00,Nyeri sendi,completed,90000,BPJS
APT03782,PAT01031,DOC20,2024-10-31,11:00,Telinga sakit,completed,150000,BPJS
APT03783,PAT01467,DOC23,2023-03-30,11:00,Sakit tenggorokan,completed,100000,Transfer
APT03784,PAT00931,DOC19,19/02/2023,08:00,Bisul,no_show,75000,BPJS
APT03785,PAT01376,DOC08,04/07/2024,14:00,Pilek dan flu,completed,175000,Transfer
APT03786,PAT01317,DOC06,2024-01-09,09:00,Asma kambuh,no_show,60000,Tunai
APT03787,PAT01208,DOC11,26-01-2022,10:00,Mual muntah,completed,200000,Transfer
APT03788,PAT00119,DOC22,26-07-2024,14:00,Pendarahan gusi,completed,175000,BPJS
APT03789,PAT01590,DOC04,08-03-2023,08:00,Bisul,completed,225000,BPJS
APT03790,PAT00004,DOC22,06/02/2023,08:00,Sariawan parah,completed,175000,BPJS
APT03791,PAT01349,DOC21,2024-04-19,15:00,Kontrol diabetes,completed,100000,Transfer
APT03792,PAT00444,DOC25,28-01-2024,08:00,Susah tidur,completed,350000,BPJS
APT03793,PAT00469,DOC07,18-09-2022,13:00,Kontrol rutin,completed,100000,Asuransi
APT03794,PAT00801,DOC23,30/08/2023,15:00,Alergi kulit,cancelled,100000,Tunai
APT03795,PAT01623,DOC23,2024-03-15,13:00,Sakit kepala,completed,100000,Tunai
APT03796,PAT01323,DOC01,03/04/2024,13:00,Gigi berlubang,cancelled,225000,Transfer
APT03797,PAT00110,DOC18,2023-06-24,08:00,Cek mata kabur,completed,275000,Transfer
APT03798,PAT00383,DOC12,23/03/2023,16:00,Kontrol rutin,completed,350000,Transfer
APT03799,PAT02000,DOC12,08/09/2024,12:00,Cek kesehatan umum,cancelled,350000,Asuransi
APT03800,PAT01199,DOC19,2023-03-20,09:00,Diare,completed,75000,BPJS
APT03801,PAT00433,DOC14,2022-07-20,14:00,Gigi berlubang,completed,175000,Transfer
APT03802,PAT00027,DOC23,04/04/2023,08:00,Asma kambuh,completed,100000,Transfer
APT03803,PAT00189,DOC19,29-01-2023,16:00,Demam tinggi,completed,75000,BPJS
APT03804,PAT01252,DOC18,03-06-2023,14:00,Tidak nafsu makan,rescheduled,275000,Tunai
APT03805,PAT00540,DOC20,2024-04-23,11:00,Diare,rescheduled,150000,Tunai
APT03806,PAT00922,DOC15,2024-05-16,09:00,Demam tinggi,completed,150000,BPJS
APT03807,PAT00892,DOC15,20-09-2024,13:00,Sakit kepala,completed,150000,BPJS
APT03808,PAT00572,DOC07,2024-05-30,13:00,Imunisasi anak,completed,100000,BPJS
APT03809,PAT00681,DOC15,13/10/2023,10:00,Cek gula darah,completed,150000,Transfer
APT03810,PAT00660,DOC02,15/06/2024,11:00,Bisul,completed,275000,Transfer
APT03811,PAT00074,DOC07,21/11/2024,08:00,Konsultasi kehamilan,completed,100000,Transfer
APT03812,PAT01016,DOC10,2024-08-12,14:00,Asma kambuh,completed,225000,BPJS
APT03813,PAT01808,DOC13,12/04/2024,13:00,Konsultasi kehamilan,rescheduled,75000,BPJS
APT03814,PAT01931,DOC03,2024-01-14,11:00,Nyeri sendi,cancelled,250000,Transfer
APT03815,PAT00583,DOC07,2024-01-22,15:00,Demam dan batuk,completed,100000,Tunai
APT03816,PAT00215,DOC06,30/10/2023,15:00,Sembelit,completed,60000,Tunai
APT03817,PAT01562,DOC23,2023-06-08,11:00,Tidak nafsu makan,completed,100000,Tunai
APT03818,PAT00183,DOC01,23-01-2022,08:00,Mata merah,completed,225000,BPJS
APT03819,PAT01643,DOC01,2024-12-04,10:00,Mata merah,completed,225000,BPJS
APT03820,PAT01857,DOC04,08-04-2024,08:00,Konsultasi KB,completed,225000,Transfer
APT03821,PAT00051,DOC19,24-09-2023,13:00,Tidak nafsu makan,completed,75000,Transfer
APT03822,PAT01096,DOC12,2022-03-04,14:00,Kontrol diabetes,completed,350000,BPJS
APT03823,PAT01153,DOC01,07/12/2024,14:00,Nyeri sendi,no_show,225000,BPJS
APT03824,PAT00545,DOC20,2023-05-20,12:00,Gatal pada kulit,completed,150000,Transfer
APT03825,PAT00592,DOC24,13-10-2024,14:00,Nyeri perut,completed,60000,BPJS
APT03826,PAT01964,DOC21,18/05/2024,10:00,Tekanan darah tinggi,completed,100000,BPJS
APT03827,PAT01413,DOC15,19/12/2023,14:00,Sakit tenggorokan,completed,150000,Tunai
APT03828,PAT00698,DOC09,14-09-2024,08:00,Tekanan darah tinggi,no_show,350000,Asuransi
APT03829,PAT00040,DOC24,2024-04-20,16:00,Cek kesehatan umum,completed,60000,BPJS
APT03830,PAT00729,DOC24,2023-11-23,10:00,Pilek dan flu,completed,60000,Tunai
APT03831,PAT01204,DOC11,2024-05-06,16:00,Kelelahan,completed,200000,Transfer
APT03832,PAT01850,DOC09,2025-01-02,11:00,Imunisasi anak,completed,350000,Asuransi
APT03833,PAT00922,DOC09,23/06/2024,11:00,Konsultasi KB,completed,350000,BPJS
APT03834,PAT01091,DOC02,2024-06-09,11:00,Sembelit,completed,275000,BPJS
APT03835,PAT01140,DOC15,2024-06-09,09:00,Cek kesehatan umum,completed,150000,Transfer
APT03836,PAT00523,DOC08,2023-07-12,15:00,Gatal pada kulit,no_show,175000,BPJS
APT03837,PAT01580,DOC21,2023-09-09,08:00,Kelelahan,cancelled,100000,BPJS
APT03838,PAT00898,DOC11,2022-08-31,15:00,Konsultasi KB,no_show,200000,Transfer
APT03839,PAT00907,DOC13,2024-07-28,09:00,Susah tidur,completed,75000,BPJS
APT03840,PAT01340,DOC09,2022-06-27,08:00,Demam dan batuk,completed,350000,BPJS
APT03841,PAT00585,DOC19,17-01-2023,15:00,Sembelit,completed,75000,BPJS
APT03842,PAT00322,DOC07,09/09/2024,14:00,Pilek dan flu,completed,100000,BPJS
APT03843,PAT00143,DOC06,10-02-2022,14:00,Tidak nafsu makan,completed,60000,BPJS
APT03844,PAT01506,DOC01,11/01/2025,16:00,Konsultasi KB,completed,225000,BPJS
APT03845,PAT00091,DOC03,2022-06-07,14:00,Alergi kulit,rescheduled,250000,BPJS
APT03846,PAT01036,DOC20,30/11/2023,16:00,Tekanan darah tinggi,completed,150000,Transfer
APT03847,PAT00266,DOC24,13/04/2024,14:00,Demam pada anak,completed,60000,Tunai
APT03848,PAT00268,DOC25,13-12-2024,11:00,Bisul,rescheduled,350000,Transfer
APT03849,PAT00514,DOC23,2025-01-23,08:00,Cek kesehatan umum,rescheduled,100000,BPJS
APT03850,PAT01283,DOC11,2022-06-06,11:00,Sariawan parah,completed,200000,Tunai
APT03851,PAT00818,DOC07,2024-10-23,11:00,Nyeri sendi,no_show,100000,BPJS
APT03852,PAT01943,DOC13,2024-12-25,08:00,Susah tidur,completed,75000,BPJS
APT03853,PAT00528,DOC10,27/08/2024,16:00,Kontrol diabetes,completed,225000,BPJS
APT03854,PAT00282,DOC20,03-06-2024,14:00,Sakit pinggang,completed,150000,BPJS
APT03855,PAT00376,DOC22,2025-01-10,11:00,Nyeri perut,completed,175000,BPJS
APT03856,PAT01358,DOC07,2023-02-16,15:00,Sakit kepala,completed,100000,Transfer
APT03857,PAT01827,DOC20,30-12-2024,09:00,USG kehamilan,completed,150000,BPJS
APT03858,PAT01631,DOC10,2024-12-30,15:00,Susah tidur,completed,225000,BPJS
APT03859,PAT01933,DOC01,21/10/2022,13:00,Gigi berlubang,rescheduled,225000,Tunai
APT03860,PAT01456,DOC25,2024-12-27,11:00,Mata merah,completed,350000,BPJS
APT03861,PAT01658,DOC11,23-10-2021,10:00,Konsultasi KB,completed,200000,Tunai
APT03862,PAT00306,DOC20,2024-03-09,12:00,Telinga sakit,cancelled,150000,BPJS
APT03863,PAT01544,DOC03,18-12-2024,11:00,Imunisasi anak,cancelled,250000,BPJS
APT03864,PAT01148,DOC17,18-12-2023,12:00,Tidak nafsu makan,completed,90000,Asuransi
APT03865,PAT00297,DOC12,18-04-2022,15:00,Cek kesehatan umum,completed,350000,BPJS
APT03866,PAT01078,DOC05,31/12/2021,11:00,Konsultasi KB,completed,275000,BPJS
APT03867,PAT01692,DOC22,30-09-2021,08:00,Asma kambuh,rescheduled,175000,Tunai
APT03868,PAT00877,DOC15,2024-08-15,13:00,Sakit pinggang,completed,150000,BPJS
APT03869,PAT00071,DOC25,02/10/2023,11:00,Batuk berdahak,completed,350000,Transfer
APT03870,PAT01630,DOC21,16/12/2024,14:00,Gigi berlubang,completed,100000,Tunai
APT03871,PAT00804,DOC15,12-04-2023,11:00,Mual muntah,completed,150000,BPJS
APT03872,PAT00552,DOC06,08/11/2023,15:00,Sesak napas,completed,60000,BPJS
APT03873,PAT00730,DOC25,16-02-2024,14:00,Gatal pada kulit,completed,350000,Asuransi
APT03874,PAT01262,DOC11,02-02-2024,14:00,Nyeri perut,completed,200000,BPJS
APT03875,PAT01042,DOC25,27-08-2023,12:00,Mata merah,completed,350000,BPJS
APT03876,PAT00618,DOC18,26/04/2024,09:00,Asma kambuh,completed,275000,Tunai
APT03877,PAT00332,DOC23,13-06-2024,13:00,Tidak nafsu makan,completed,100000,BPJS
APT03878,PAT00416,DOC02,2024-07-21,14:00,Nyeri perut,completed,275000,Transfer
APT03879,PAT01783,DOC13,31/07/2021,09:00,Tidak nafsu makan,completed,75000,BPJS
APT03880,PAT01569,DOC03,2024-02-25,12:00,Sakit kepala,completed,250000,Tunai
APT03881,PAT00126,DOC24,22-12-2024,10:00,Batuk berdahak,completed,60000,BPJS
APT03882,PAT01386,DOC17,13/12/2022,13:00,Konsultasi KB,completed,90000,BPJS
APT03883,PAT01698,DOC05,05/10/2024,16:00,Mata merah,completed,275000,Tunai
APT03884,PAT00971,DOC16,2024-02-06,14:00,Sakit pinggang,completed,225000,Transfer
APT03885,PAT00001,DOC05,2023-02-12,12:00,Vaksin flu,completed,275000,Tunai
APT03886,PAT00580,DOC12,2023-07-18,11:00,Asma kambuh,completed,350000,BPJS
APT03887,PAT01350,DOC01,17/09/2022,16:00,Tekanan darah tinggi,completed,225000,Transfer
APT03888,PAT01677,DOC12,12/12/2023,13:00,Cek gula darah,completed,350000,Transfer
APT03889,PAT00457,DOC22,15/09/2024,15:00,Demam pada anak,completed,175000,BPJS
APT03890,PAT00367,DOC15,27/08/2024,12:00,Sakit pinggang,completed,150000,BPJS
APT03891,PAT00029,DOC08,2024-01-25,16:00,Sariawan parah,completed,175000,BPJS
APT03892,PAT01240,DOC15,12/05/2024,13:00,Sakit pinggang,completed,150000,BPJS
APT03893,PAT00818,DOC22,03-03-2024,10:00,Cek gula darah,completed,175000,BPJS
APT03894,PAT01754,DOC19,2024-03-29,15:00,Kontrol rutin,completed,75000,Transfer
APT03895,PAT00527,DOC09,04/07/2024,14:00,Telinga sakit,cancelled,350000,Tunai
APT03896,PAT01795,DOC23,12/11/2022,08:00,Nyeri perut,cancelled,100000,Tunai
APT03897,PAT01493,DOC21,15-03-2024,14:00,Konsultasi KB,no_show,100000,Tunai
APT03898,PAT01710,DOC15,06/10/2021,12:00,Mata merah,completed,150000,Tunai
APT03899,PAT01107,DOC11,09/01/2025,10:00,Susah tidur,completed,200000,Transfer
APT03900,PAT00129,DOC12,2024-05-10,11:00,Sesak napas,completed,350000,BPJS
APT03901,PAT00461,DOC01,11/02/2024,15:00,Mata merah,completed,225000,Tunai
APT03902,PAT00652,DOC10,2024-01-01,10:00,Sesak napas,completed,225000,Asuransi
APT03903,PAT00320,DOC20,2024-02-11,16:00,Demam dan batuk,completed,150000,BPJS
APT03904,PAT01432,DOC14,2024-06-30,16:00,Mual muntah,completed,175000,Asuransi
APT03905,PAT01457,DOC18,10-02-2024,08:00,Sembelit,completed,275000,BPJS
APT03906,PAT00821,DOC07,08-02-2024,10:00,Tidak nafsu makan,completed,100000,Asuransi
APT03907,PAT00630,DOC15,25/11/2024,15:00,Sakit tenggorokan,completed,150000,BPJS
APT03908,PAT00719,DOC15,30/10/2024,15:00,Imunisasi anak,rescheduled,150000,BPJS
APT03909,PAT01602,DOC18,2021-11-22,13:00,Cek mata kabur,completed,275000,BPJS
APT03910,PAT01719,DOC13,2022-12-08,09:00,Tidak nafsu makan,completed,75000,BPJS
APT03911,PAT00775,DOC16,25-02-2023,11:00,Susah tidur,completed,225000,BPJS
APT03912,PAT00405,DOC03,2023-08-07,08:00,Konsultasi kehamilan,completed,250000,Tunai
APT03913,PAT01166,DOC23,15/10/2023,14:00,Alergi kulit,completed,100000,Transfer
APT03914,PAT01776,DOC25,06/05/2024,14:00,Tekanan darah tinggi,completed,350000,Transfer
APT03915,PAT01530,DOC22,23-08-2023,16:00,Susah tidur,completed,175000,Transfer
APT03916,PAT01317,DOC24,2024-08-08,15:00,Kontrol diabetes,completed,60000,Tunai
APT03917,PAT01917,DOC24,20/05/2024,16:00,Diare,completed,60000,BPJS
APT03918,PAT00640,DOC15,20/10/2024,10:00,Diare,completed,150000,BPJS
APT03919,PAT01012,DOC13,2024-12-18,14:00,Asma kambuh,completed,75000,Asuransi
APT03920,PAT01407,DOC15,12-12-2023,14:00,Asma kambuh,no_show,150000,Asuransi
APT03921,PAT01307,DOC09,2024-08-23,13:00,Luka pada kaki,cancelled,350000,Transfer
APT03922,PAT00289,DOC11,17/11/2024,16:00,Demam pada anak,completed,200000,Asuransi
APT03923,PAT00394,DOC11,25/09/2022,16:00,Gigi berlubang,completed,200000,Asuransi
APT03924,PAT01608,DOC20,2022-07-30,12:00,Nyeri perut,completed,150000,BPJS
APT03925,PAT01592,DOC15,2024-09-18,12:00,Sakit pinggang,completed,150000,Asuransi
APT03926,PAT00264,DOC10,05/02/2024,09:00,Nyeri perut,completed,225000,Transfer
APT03927,PAT01794,DOC11,2024-12-27,10:00,Cek gula darah,completed,200000,Tunai
APT03928,PAT01142,DOC04,2024-06-29,09:00,Asma kambuh,completed,225000,Tunai
APT03929,PAT01602,DOC20,04-06-2021,15:00,Sakit kepala,completed,150000,BPJS
APT03930,PAT00935,DOC16,08/01/2024,11:00,Demam tinggi,cancelled,225000,BPJS
APT03931,PAT00200,DOC13,01/05/2024,13:00,Mata merah,completed,75000,Tunai
APT03932,PAT00403,DOC07,2024-09-28,12:00,Tekanan darah tinggi,completed,100000,BPJS
APT03933,PAT00661,DOC01,2024-12-06,11:00,Demam pada anak,completed,225000,Asuransi
APT03934,PAT00498,DOC23,25-05-2022,09:00,Kontrol rutin,completed,100000,BPJS
APT03935,PAT00329,DOC11,2024-07-04,14:00,Asma kambuh,cancelled,200000,BPJS
APT03936,PAT01576,DOC20,11/05/2022,12:00,Pendarahan gusi,completed,150000,Transfer
APT03937,PAT01370,DOC20,13/09/2023,15:00,Vaksin flu,completed,150000,Tunai
APT03938,PAT00477,DOC04,26-05-2024,08:00,Demam pada anak,completed,225000,Asuransi
APT03939,PAT01092,DOC22,2024-10-04,10:00,Demam pada anak,completed,175000,Transfer
APT03940,PAT00402,DOC06,08/02/2023,09:00,Sesak napas,completed,60000,Asuransi
APT03941,PAT00676,DOC10,11-09-2024,14:00,Imunisasi anak,completed,225000,BPJS
APT03942,PAT01792,DOC16,19/11/2024,16:00,Gatal pada kulit,completed,225000,BPJS
APT03943,PAT01026,DOC14,2022-12-21,14:00,Cek kesehatan umum,completed,175000,BPJS
APT03944,PAT01474,DOC10,02-06-2024,16:00,Demam tinggi,completed,225000,BPJS
APT03945,PAT01356,DOC13,11/03/2023,10:00,Cek mata kabur,rescheduled,75000,Transfer
APT03946,PAT01560,DOC07,2024-08-10,10:00,Sakit kepala,cancelled,100000,Transfer
APT03947,PAT01681,DOC23,2022-02-15,12:00,Diare,completed,100000,Transfer
APT03948,PAT00604,DOC05,13/11/2024,10:00,Nyeri perut,completed,275000,BPJS
APT03949,PAT01258,DOC06,2024-02-11,15:00,Nyeri sendi,completed,60000,BPJS
APT03950,PAT01316,DOC25,2024-12-18,13:00,Gigi berlubang,completed,350000,BPJS
APT03951,PAT01234,DOC22,21/11/2024,16:00,Tekanan darah tinggi,completed,175000,Tunai
APT03952,PAT01180,DOC19,23-08-2024,11:00,Kelelahan,completed,75000,Transfer
APT03953,PAT00276,DOC04,03-01-2024,10:00,Sakit kepala,completed,225000,BPJS
APT03954,PAT01048,DOC05,30/01/2025,16:00,Imunisasi anak,cancelled,275000,Transfer
APT03955,PAT01550,DOC20,23/08/2021,09:00,Demam pada anak,completed,150000,BPJS
APT03956,PAT01600,DOC22,23/06/2023,13:00,Cek kesehatan umum,completed,175000,BPJS
APT03957,PAT00873,DOC03,21/11/2023,16:00,Gigi berlubang,completed,250000,BPJS
APT03958,PAT01051,DOC02,2022-09-30,08:00,Cek kesehatan umum,no_show,275000,BPJS
APT03959,PAT00013,DOC11,29-01-2025,12:00,Cek mata kabur,completed,200000,Asuransi
APT03960,PAT00035,DOC03,18-08-2022,09:00,Sesak napas,cancelled,250000,BPJS
APT03961,PAT01880,DOC08,2024-02-13,08:00,Telinga sakit,completed,175000,Tunai
APT03962,PAT00537,DOC07,08/12/2022,09:00,Sakit tenggorokan,completed,100000,Tunai
APT03963,PAT01864,DOC12,2023-01-23,13:00,USG kehamilan,completed,350000,Transfer
APT03964,PAT00267,DOC19,27-05-2022,15:00,Konsultasi KB,completed,75000,BPJS
APT03965,PAT01222,DOC13,2024-12-18,08:00,Konsultasi KB,completed,75000,Tunai
APT03966,PAT00482,DOC13,18-09-2023,09:00,Tidak nafsu makan,no_show,75000,BPJS
APT03967,PAT00650,DOC23,2024-03-10,10:00,Sakit kepala,rescheduled,100000,Transfer
APT03968,PAT01176,DOC10,19-07-2024,11:00,Kontrol diabetes,completed,225000,Tunai
APT03969,PAT01846,DOC19,2022-06-18,09:00,Cek mata kabur,completed,75000,Transfer
APT03970,PAT00028,DOC04,2024-12-10,09:00,Sakit pinggang,completed,225000,BPJS
APT03971,PAT01520,DOC14,02-10-2021,14:00,Sakit gigi,no_show,175000,BPJS
APT03972,PAT01247,DOC10,2023-06-16,11:00,Sesak napas,completed,225000,Transfer
APT03973,PAT01010,DOC07,2022-02-14,08:00,Demam dan batuk,completed,100000,Asuransi
APT03974,PAT00848,DOC02,2022-10-10,13:00,Imunisasi anak,completed,275000,Transfer
APT03975,PAT00413,DOC21,2022-03-11,13:00,Gatal pada kulit,completed,100000,Asuransi
APT03976,PAT01627,DOC25,2023-10-21,14:00,Cek gula darah,completed,350000,Tunai
APT03977,PAT01387,DOC18,2024-12-07,16:00,Sembelit,completed,275000,Tunai
APT03978,PAT01770,DOC10,03/10/2024,15:00,Kontrol rutin,completed,225000,BPJS
APT03979,PAT00844,DOC09,28-11-2023,13:00,Telinga sakit,completed,350000,Tunai
APT03980,PAT01400,DOC13,2024-08-11,11:00,Tekanan darah tinggi,completed,75000,BPJS
APT03981,PAT00065,DOC11,2024-02-06,12:00,Sakit tenggorokan,completed,200000,BPJS
APT03982,PAT01868,DOC21,2024-12-25,11:00,Demam pada anak,completed,100000,BPJS
APT03983,PAT01161,DOC04,18-04-2024,08:00,Mata merah,no_show,225000,Tunai
APT03984,PAT01319,DOC25,02/08/2022,14:00,Kontrol diabetes,completed,350000,Transfer
APT03985,PAT00903,DOC22,24-08-2023,13:00,Pusing dan mual,completed,175000,BPJS
APT03986,PAT01040,DOC11,20-06-2024,14:00,Susah tidur,rescheduled,200000,BPJS
APT03987,PAT00535,DOC23,07/02/2023,12:00,Pusing dan mual,completed,100000,Asuransi
APT03988,PAT00029,DOC02,2024-08-27,16:00,Pendarahan gusi,completed,275000,BPJS
APT03989,PAT00669,DOC25,08/10/2024,13:00,Vaksin flu,completed,350000,Tunai
APT03990,PAT01620,DOC07,05-12-2024,16:00,Kontrol rutin,completed,100000,Tunai
APT03991,PAT00980,DOC01,15/10/2023,15:00,Vaksin flu,completed,225000,Asuransi
APT03992,PAT01540,DOC03,29/06/2022,08:00,Demam pada anak,completed,250000,Tunai
APT03993,PAT01619,DOC18,2024-04-23,12:00,Susah tidur,completed,275000,Transfer
APT03994,PAT00421,DOC23,24-08-2023,15:00,Nyeri sendi,cancelled,100000,Tunai
APT03995,PAT00940,DOC18,13/08/2023,11:00,Nyeri sendi,completed,275000,Tunai
APT03996,PAT01481,DOC19,2024-01-25,09:00,Sesak napas,completed,75000,BPJS
APT03997,PAT00655,DOC02,2022-06-23,16:00,Sakit tenggorokan,completed,275000,BPJS
APT03998,PAT01455,DOC23,10-05-2024,09:00,Tidak nafsu makan,completed,100000,BPJS
APT03999,PAT00005,DOC02,08/04/2023,16:00,Telinga sakit,completed,275000,BPJS
APT04000,PAT01492,DOC22,13-09-2022,10:00,Imunisasi anak,cancelled,175000,BPJS
APT04001,PAT01037,DOC04,2021-06-18,12:00,Batuk berdahak,completed,225000,BPJS
APT04002,PAT00652,DOC11,2023-12-10,14:00,Pusing dan mual,completed,200000,Asuransi
APT04003,PAT01725,DOC12,2024-09-09,09:00,Sesak napas,completed,350000,Tunai
APT04004,PAT00208,DOC05,03-09-2024,16:00,Asma kambuh,no_show,275000,BPJS
APT04005,PAT00129,DOC02,2024-11-19,11:00,Diare,completed,275000,BPJS
APT04006,PAT00683,DOC05,09/08/2024,12:00,Sakit tenggorokan,cancelled,275000,BPJS
APT04007,PAT01652,DOC14,2023-04-17,09:00,Sakit tenggorokan,completed,175000,Tunai
APT04008,PAT01055,DOC08,12/09/2023,12:00,Kontrol rutin,completed,175000,Transfer
APT04009,PAT00832,DOC24,19-04-2024,10:00,Cek mata kabur,no_show,60000,BPJS
APT04010,PAT00270,DOC04,04/08/2023,14:00,Sariawan parah,completed,225000,BPJS
APT04011,PAT01058,DOC03,09/09/2024,08:00,Demam dan batuk,no_show,250000,Tunai
APT04012,PAT00132,DOC06,09/12/2024,11:00,Gatal pada kulit,completed,60000,BPJS
APT04013,PAT00252,DOC14,2024-05-21,14:00,Sakit pinggang,cancelled,175000,BPJS
APT04014,PAT01282,DOC13,22-12-2024,11:00,Cek gula darah,completed,75000,BPJS
APT04015,PAT01124,DOC24,2024-11-10,11:00,Mual muntah,completed,60000,Tunai
APT04016,PAT00630,DOC04,08/03/2024,11:00,Cek kesehatan umum,no_show,225000,BPJS
APT04017,PAT00806,DOC06,25-05-2022,16:00,Sakit kepala,completed,60000,Tunai
APT04018,PAT00541,DOC22,2022-06-12,13:00,Imunisasi anak,completed,175000,Tunai
APT04019,PAT01381,DOC24,2023-12-08,08:00,Sakit pinggang,cancelled,60000,Transfer
APT04020,PAT00753,DOC01,16-10-2023,10:00,Susah tidur,completed,225000,Tunai
APT04021,PAT00893,DOC18,2024-02-23,14:00,Pusing dan mual,completed,275000,BPJS
APT04022,PAT01951,DOC15,20-06-2024,10:00,Pilek dan flu,completed,150000,BPJS
APT04023,PAT01434,DOC17,2024-08-11,10:00,Luka pada kaki,completed,90000,Transfer
APT04024,PAT01953,DOC04,2022-11-10,13:00,Pendarahan gusi,completed,225000,Tunai
APT04025,PAT01877,DOC12,19/04/2024,16:00,Pilek dan flu,cancelled,350000,BPJS
APT04026,PAT00696,DOC11,19-05-2024,16:00,Cek kesehatan umum,completed,200000,Transfer
APT04027,PAT00732,DOC23,22-09-2023,10:00,USG kehamilan,completed,100000,Asuransi
APT04028,PAT00525,DOC08,2023-11-23,10:00,Diare,completed,175000,Tunai
APT04029,PAT00992,DOC07,30/10/2023,16:00,Cek kesehatan umum,completed,100000,BPJS
APT04030,PAT00542,DOC25,2024-12-26,15:00,Tekanan darah tinggi,no_show,350000,Transfer
APT04031,PAT01096,DOC02,10/06/2022,08:00,Pusing dan mual,completed,275000,Transfer
APT04032,PAT00156,DOC21,2024-06-14,10:00,Mual muntah,completed,100000,Asuransi
APT04033,PAT01588,DOC04,13/02/2024,11:00,Nyeri sendi,completed,225000,BPJS
APT04034,PAT00068,DOC10,2024-07-03,13:00,Tidak nafsu makan,completed,225000,Tunai
APT04035,PAT01544,DOC04,23/03/2024,09:00,Sakit gigi,completed,225000,BPJS
APT04036,PAT01964,DOC25,2024-09-17,10:00,Demam pada anak,rescheduled,350000,BPJS
APT04037,PAT00125,DOC07,02-06-2024,10:00,Sesak napas,completed,100000,Tunai
APT04038,PAT00450,DOC01,27/05/2024,09:00,Demam tinggi,rescheduled,225000,BPJS
APT04039,PAT00135,DOC10,15/10/2023,12:00,Cek kesehatan umum,completed,225000,BPJS
APT04040,PAT00172,DOC10,24-06-2023,15:00,Vaksin flu,completed,225000,Transfer
APT04041,PAT01389,DOC22,14/03/2024,13:00,Sakit pinggang,completed,175000,Transfer
APT04042,PAT00283,DOC24,2023-07-30,15:00,Vaksin flu,completed,60000,Tunai
APT04043,PAT01931,DOC22,04/07/2023,14:00,Gigi berlubang,completed,175000,Tunai
APT04044,PAT01154,DOC15,18/04/2024,15:00,USG kehamilan,no_show,150000,Transfer
APT04045,PAT01508,DOC17,22-02-2024,10:00,Telinga sakit,completed,90000,BPJS
APT04046,PAT01376,DOC19,12/07/2024,12:00,Nyeri perut,completed,75000,Tunai
APT04047,PAT00434,DOC12,2023-02-24,15:00,Alergi kulit,no_show,350000,Transfer
APT04048,PAT01266,DOC20,2023-05-09,15:00,Tekanan darah tinggi,completed,150000,BPJS
APT04049,PAT01448,DOC13,20-11-2023,11:00,Sariawan parah,completed,75000,Asuransi
APT04050,PAT01037,DOC01,2021-08-22,15:00,Demam tinggi,completed,225000,BPJS
APT04051,PAT01262,DOC10,06/04/2024,13:00,Gigi berlubang,completed,225000,BPJS
APT04052,PAT01301,DOC06,2022-05-30,08:00,Sakit tenggorokan,completed,60000,BPJS
APT04053,PAT00295,DOC16,2023-08-28,12:00,Pusing dan mual,completed,225000,BPJS
APT04054,PAT01959,DOC23,27-06-2023,11:00,Mata merah,completed,100000,BPJS
APT04055,PAT00431,DOC25,2024-06-23,09:00,Cek kesehatan umum,cancelled,350000,BPJS
APT04056,PAT00435,DOC04,03-12-2023,09:00,Alergi kulit,cancelled,225000,BPJS
APT04057,PAT01513,DOC20,2024-11-29,12:00,Cek kesehatan umum,completed,150000,BPJS
APT04058,PAT01193,DOC16,2021-08-21,15:00,Demam tinggi,completed,225000,Asuransi
APT04059,PAT01237,DOC17,31-08-2024,13:00,Nyeri perut,completed,90000,Tunai
APT04060,PAT00242,DOC12,2024-04-10,16:00,Luka pada kaki,cancelled,350000,Asuransi
APT04061,PAT00492,DOC19,01/10/2021,11:00,Tidak nafsu makan,no_show,75000,Asuransi
APT04062,PAT00660,DOC21,2023-07-04,16:00,Kontrol diabetes,completed,100000,Tunai
APT04063,PAT00373,DOC13,2024-06-23,10:00,Konsultasi kehamilan,rescheduled,75000,Transfer
APT04064,PAT01782,DOC06,2024-06-04,12:00,Sakit pinggang,completed,60000,Tunai
APT04065,PAT01102,DOC24,2023-10-10,14:00,Pendarahan gusi,no_show,60000,Tunai
APT04066,PAT00914,DOC03,30-06-2024,15:00,Bisul,completed,250000,Transfer
APT04067,PAT00710,DOC01,05/06/2024,08:00,Telinga sakit,no_show,225000,BPJS
APT04068,PAT01285,DOC03,05/02/2023,15:00,Susah tidur,completed,250000,BPJS
APT04069,PAT01295,DOC10,24-08-2023,08:00,Gigi berlubang,cancelled,225000,BPJS
APT04070,PAT01502,DOC16,19-03-2024,16:00,Konsultasi KB,rescheduled,225000,BPJS
APT04071,PAT00349,DOC09,2023-05-24,11:00,Asma kambuh,completed,350000,Transfer
APT04072,PAT01692,DOC07,2023-09-10,14:00,Alergi kulit,completed,100000,BPJS
APT04073,PAT00587,DOC10,08/06/2024,14:00,Luka pada kaki,completed,225000,BPJS
APT04074,PAT00245,DOC18,09/05/2024,09:00,Cek mata kabur,cancelled,275000,BPJS
APT04075,PAT01078,DOC06,28/06/2024,15:00,Gatal pada kulit,completed,60000,BPJS
APT04076,PAT01687,DOC15,08-09-2024,12:00,Pendarahan gusi,completed,150000,Asuransi
APT04077,PAT00898,DOC17,19/01/2023,13:00,Diare,completed,90000,Transfer
APT04078,PAT01835,DOC08,10/10/2022,09:00,Susah tidur,completed,175000,Tunai
APT04079,PAT00215,DOC11,2024-10-31,15:00,Batuk berdahak,cancelled,200000,Tunai
APT04080,PAT00248,DOC07,18/08/2023,12:00,Telinga sakit,completed,100000,BPJS
APT04081,PAT01356,DOC15,27-04-2024,15:00,Sakit kepala,completed,150000,Transfer
APT04082,PAT01232,DOC24,11/11/2021,15:00,Asma kambuh,completed,60000,BPJS
APT04083,PAT01705,DOC10,14/12/2024,13:00,Sakit pinggang,completed,225000,Tunai
APT04084,PAT00055,DOC01,03/05/2024,15:00,Imunisasi anak,completed,225000,Tunai
APT04085,PAT01590,DOC09,25/03/2023,10:00,Vaksin flu,completed,350000,BPJS
APT04086,PAT01970,DOC12,16-01-2024,10:00,Sakit tenggorokan,completed,350000,BPJS
APT04087,PAT01177,DOC21,2024-08-25,13:00,Mual muntah,completed,100000,BPJS
APT04088,PAT01415,DOC05,12/11/2022,08:00,Demam pada anak,completed,275000,BPJS
APT04089,PAT00701,DOC21,2024-07-01,10:00,Batuk berdahak,completed,100000,BPJS
APT04090,PAT01021,DOC16,12/07/2023,16:00,Telinga sakit,completed,225000,BPJS
APT04091,PAT00657,DOC05,20-03-2024,12:00,Pusing dan mual,completed,275000,BPJS
APT04092,PAT00443,DOC15,2023-04-22,10:00,Kelelahan,completed,150000,BPJS
APT04093,PAT01602,DOC05,19/07/2021,10:00,Diare,completed,275000,BPJS
APT04094,PAT00564,DOC03,2023-01-12,14:00,Sakit gigi,cancelled,250000,Transfer
APT04095,PAT00832,DOC02,2024-06-17,10:00,Mual muntah,completed,275000,BPJS
APT04096,PAT00321,DOC23,2021-10-13,09:00,Sesak napas,rescheduled,100000,Tunai
APT04097,PAT00945,DOC14,05/09/2023,14:00,Asma kambuh,completed,175000,BPJS
APT04098,PAT00900,DOC06,2023-07-06,08:00,Gigi berlubang,completed,60000,Transfer
APT04099,PAT00489,DOC06,2023-12-06,13:00,Mual muntah,completed,60000,Transfer
APT04100,PAT00400,DOC06,2023-01-28,13:00,Demam dan batuk,completed,60000,Asuransi
APT04101,PAT01492,DOC12,06/07/2022,14:00,Sariawan parah,completed,350000,BPJS
APT04102,PAT01865,DOC21,17-12-2022,13:00,Sembelit,completed,100000,Tunai
APT04103,PAT00520,DOC09,14-11-2024,13:00,Diare,completed,350000,BPJS
APT04104,PAT00813,DOC09,2024-09-08,12:00,Nyeri perut,completed,350000,BPJS
APT04105,PAT01855,DOC24,2024-03-28,08:00,Tekanan darah tinggi,completed,60000,Tunai
APT04106,PAT01102,DOC19,11/04/2024,15:00,Kontrol diabetes,completed,75000,Tunai
APT04107,PAT00610,DOC02,2024-12-27,14:00,Pusing dan mual,completed,275000,BPJS
APT04108,PAT01937,DOC06,17/04/2022,13:00,Demam tinggi,completed,60000,BPJS
APT04109,PAT00646,DOC04,27/12/2024,14:00,Vaksin flu,no_show,225000,Transfer
APT04110,PAT01624,DOC06,2024-12-09,14:00,Sakit kepala,no_show,60000,Transfer
APT04111,PAT01072,DOC14,21-10-2024,11:00,Pilek dan flu,completed,175000,Transfer
APT04112,PAT01391,DOC07,2024-07-12,10:00,Cek gula darah,completed,100000,BPJS
APT04113,PAT01015,DOC02,2024-12-03,12:00,Konsultasi kehamilan,completed,275000,BPJS
APT04114,PAT01618,DOC22,2023-12-05,15:00,Luka pada kaki,completed,175000,BPJS
APT04115,PAT00340,DOC05,2024-12-31,12:00,USG kehamilan,completed,275000,Asuransi
APT04116,PAT01783,DOC11,03-04-2024,11:00,Kontrol diabetes,completed,200000,BPJS
APT04117,PAT01910,DOC10,09/11/2022,16:00,Kontrol diabetes,completed,225000,Asuransi
APT04118,PAT00169,DOC16,13/10/2024,15:00,Susah tidur,completed,225000,Transfer
APT04119,PAT01957,DOC07,2024-03-06,16:00,Gigi berlubang,completed,100000,BPJS
APT04120,PAT00213,DOC03,29-07-2022,08:00,Telinga sakit,completed,250000,BPJS
APT04121,PAT01408,DOC19,2023-08-26,11:00,Susah tidur,completed,75000,BPJS
APT04122,PAT00746,DOC06,01/06/2024,11:00,Luka pada kaki,cancelled,60000,Transfer
APT04123,PAT00687,DOC02,14-09-2024,12:00,Susah tidur,cancelled,275000,Tunai
APT04124,PAT00815,DOC21,2023-02-21,10:00,Nyeri sendi,completed,100000,BPJS
APT04125,PAT01127,DOC22,2024-05-11,16:00,Nyeri sendi,completed,175000,Transfer
APT04126,PAT00071,DOC09,2023-02-28,10:00,Cek mata kabur,rescheduled,350000,Tunai
APT04127,PAT00812,DOC24,21/11/2024,13:00,Batuk berdahak,completed,60000,BPJS
APT04128,PAT00266,DOC15,01-08-2024,11:00,Imunisasi anak,completed,150000,Transfer
APT04129,PAT01170,DOC16,23-09-2021,10:00,Demam tinggi,completed,225000,Transfer
APT04130,PAT01373,DOC13,2023-02-05,14:00,USG kehamilan,completed,75000,BPJS
APT04131,PAT00639,DOC16,2024-06-30,09:00,Gigi berlubang,completed,225000,Tunai
APT04132,PAT01977,DOC20,2023-12-08,13:00,Nyeri sendi,completed,150000,Asuransi
APT04133,PAT00170,DOC19,17-08-2023,12:00,Imunisasi anak,completed,75000,Transfer
APT04134,PAT00953,DOC02,28/01/2024,14:00,Luka pada kaki,completed,275000,BPJS
APT04135,PAT00677,DOC01,27/07/2022,13:00,Cek mata kabur,completed,225000,BPJS
APT04136,PAT00487,DOC15,2023-07-09,12:00,Kontrol diabetes,no_show,150000,BPJS
APT04137,PAT01581,DOC11,2025-01-05,14:00,Demam dan batuk,completed,200000,BPJS
APT04138,PAT01101,DOC25,21/09/2023,09:00,Pilek dan flu,completed,350000,Transfer
APT04139,PAT01215,DOC02,2024-01-10,13:00,Kontrol diabetes,completed,275000,Tunai
APT04140,PAT00361,DOC06,06/09/2023,15:00,Konsultasi KB,completed,60000,BPJS
APT04141,PAT01558,DOC04,10/03/2024,15:00,Kelelahan,rescheduled,225000,Transfer
APT04142,PAT00234,DOC06,2023-05-13,10:00,Luka pada kaki,completed,60000,BPJS
APT04143,PAT01632,DOC19,20-04-2024,14:00,Konsultasi KB,completed,75000,BPJS
APT04144,PAT01934,DOC05,2022-06-13,10:00,Konsultasi KB,completed,275000,BPJS
APT04145,PAT01893,DOC12,25/10/2023,16:00,Nyeri sendi,completed,350000,BPJS
APT04146,PAT01131,DOC15,16/04/2023,15:00,Mual muntah,completed,150000,Tunai
APT04147,PAT01004,DOC13,13-05-2024,15:00,Tekanan darah tinggi,completed,75000,Asuransi
APT04148,PAT01372,DOC09,04/12/2023,16:00,Susah tidur,completed,350000,BPJS
APT04149,PAT00893,DOC14,04/11/2023,15:00,Pendarahan gusi,completed,175000,Tunai
APT04150,PAT00443,DOC08,2024-04-19,12:00,Gigi berlubang,completed,175000,Tunai
APT04151,PAT00412,DOC24,13/12/2024,11:00,Vaksin flu,no_show,60000,Tunai
APT04152,PAT00447,DOC13,2024-12-23,09:00,Telinga sakit,completed,75000,Transfer
APT04153,PAT00374,DOC13,2024-06-04,16:00,Kontrol diabetes,completed,75000,Transfer
APT04154,PAT01320,DOC17,19/07/2021,16:00,Sakit kepala,completed,90000,BPJS
APT04155,PAT01206,DOC12,2023-10-03,13:00,Mata merah,rescheduled,350000,Tunai
APT04156,PAT00052,DOC02,23-05-2023,10:00,Tidak nafsu makan,completed,275000,BPJS
APT04157,PAT00028,DOC20,22/05/2023,14:00,Sakit kepala,completed,150000,BPJS
APT04158,PAT00964,DOC01,23-01-2025,10:00,Bisul,completed,225000,BPJS
APT04159,PAT00481,DOC08,14-12-2023,09:00,Nyeri sendi,rescheduled,175000,BPJS
APT04160,PAT01398,DOC04,04-11-2023,15:00,Sakit gigi,completed,225000,BPJS
APT04161,PAT01688,DOC06,2023-10-27,11:00,Pendarahan gusi,completed,60000,BPJS
APT04162,PAT01293,DOC05,2024-10-12,16:00,USG kehamilan,cancelled,275000,Transfer
APT04163,PAT01791,DOC19,12/12/2023,12:00,Tekanan darah tinggi,completed,75000,Transfer
APT04164,PAT01686,DOC14,24/10/2023,11:00,Mata merah,completed,175000,BPJS
APT04165,PAT01498,DOC19,12/07/2024,11:00,Pusing dan mual,completed,75000,BPJS
APT04166,PAT00061,DOC22,03/08/2024,10:00,Kelelahan,no_show,175000,Tunai
APT04167,PAT01602,DOC20,2023-05-09,16:00,Sakit tenggorokan,completed,150000,BPJS
APT04168,PAT01885,DOC03,26-06-2024,16:00,Sakit kepala,completed,250000,Transfer
APT04169,PAT01638,DOC17,02/06/2022,16:00,Bisul,completed,90000,BPJS
APT04170,PAT00539,DOC01,2024-04-19,11:00,Gatal pada kulit,cancelled,225000,BPJS
APT04171,PAT01482,DOC06,02/08/2024,10:00,Sesak napas,no_show,60000,BPJS
APT04172,PAT00675,DOC05,03/12/2023,15:00,Demam pada anak,completed,275000,Transfer
APT04173,PAT00531,DOC05,2024-05-12,15:00,Gatal pada kulit,completed,275000,Asuransi
APT04174,PAT01413,DOC23,10/10/2024,15:00,Cek gula darah,completed,100000,Tunai
APT04175,PAT01835,DOC05,2021-12-26,13:00,Telinga sakit,completed,275000,BPJS
APT04176,PAT00300,DOC11,22-07-2023,09:00,Kontrol diabetes,completed,200000,Transfer
APT04177,PAT01772,DOC19,04-12-2022,10:00,Sariawan parah,completed,75000,Tunai
APT04178,PAT00520,DOC12,2023-04-07,09:00,Kontrol diabetes,completed,350000,BPJS
APT04179,PAT01669,DOC23,16/11/2021,14:00,Demam dan batuk,no_show,100000,Tunai
APT04180,PAT00818,DOC06,01/03/2024,13:00,Sakit tenggorokan,completed,60000,BPJS
APT04181,PAT00409,DOC19,16-07-2024,14:00,Demam dan batuk,no_show,75000,BPJS
APT04182,PAT01696,DOC15,26/08/2024,10:00,Sariawan parah,completed,150000,BPJS
APT04183,PAT00810,DOC24,12/03/2024,15:00,Nyeri perut,completed,60000,Asuransi
APT04184,PAT01049,DOC03,26-05-2023,10:00,Demam dan batuk,cancelled,250000,BPJS
APT04185,PAT00318,DOC07,28-09-2024,09:00,Pendarahan gusi,completed,100000,Tunai
APT04186,PAT01101,DOC09,17/12/2023,13:00,Demam pada anak,completed,350000,Asuransi
APT04187,PAT01588,DOC14,2024-11-29,11:00,Alergi kulit,completed,175000,Transfer
APT04188,PAT01424,DOC22,07/04/2024,13:00,Nyeri perut,completed,175000,Transfer
APT04189,PAT00939,DOC24,21-11-2024,14:00,Demam pada anak,completed,60000,BPJS
APT04190,PAT01270,DOC20,13/01/2025,09:00,Konsultasi KB,completed,150000,BPJS
APT04191,PAT01690,DOC14,11-09-2024,15:00,Kontrol diabetes,completed,175000,Asuransi
APT04192,PAT01517,DOC06,2022-11-24,11:00,Mual muntah,completed,60000,Transfer
APT04193,PAT00628,DOC19,23-09-2024,13:00,Sakit tenggorokan,cancelled,75000,BPJS
APT04194,PAT00481,DOC15,10/06/2021,12:00,Imunisasi anak,no_show,150000,BPJS
APT04195,PAT01995,DOC05,07-07-2023,09:00,Cek mata kabur,completed,275000,BPJS
APT04196,PAT00881,DOC07,01/02/2022,15:00,Luka pada kaki,completed,100000,BPJS
APT04197,PAT01565,DOC09,08-03-2024,10:00,Cek gula darah,rescheduled,350000,BPJS
APT04198,PAT00203,DOC06,19-12-2024,12:00,Diare,completed,60000,Tunai
APT04199,PAT01660,DOC23,05/01/2025,15:00,Imunisasi anak,completed,100000,Tunai
APT04200,PAT00190,DOC22,05/10/2024,08:00,Gatal pada kulit,completed,175000,BPJS
APT04201,PAT00909,DOC07,09/06/2024,15:00,Batuk berdahak,completed,100000,BPJS
APT04202,PAT00065,DOC22,25/07/2022,13:00,Sembelit,completed,175000,BPJS
APT04203,PAT01493,DOC18,2023-10-22,08:00,Kelelahan,completed,275000,Tunai
APT04204,PAT00482,DOC06,22-03-2024,09:00,Sakit kepala,rescheduled,60000,BPJS
APT04205,PAT00644,DOC07,23/03/2023,09:00,Konsultasi kehamilan,no_show,100000,BPJS
APT04206,PAT01332,DOC14,2024-12-05,11:00,Sakit gigi,completed,175000,BPJS
APT04207,PAT00135,DOC23,31/10/2023,09:00,Konsultasi KB,completed,100000,BPJS
APT04208,PAT01831,DOC13,17-01-2024,11:00,Telinga sakit,completed,75000,BPJS
APT04209,PAT00914,DOC21,2024-03-22,13:00,Nyeri sendi,rescheduled,100000,Tunai
APT04210,PAT00498,DOC21,19/12/2024,16:00,Tekanan darah tinggi,completed,100000,BPJS
APT04211,PAT00620,DOC04,31/01/2024,14:00,Sembelit,completed,225000,Transfer
APT04212,PAT01975,DOC05,25/01/2025,10:00,Kontrol rutin,rescheduled,275000,Transfer
APT04213,PAT01891,DOC18,2023-03-18,12:00,Sakit pinggang,completed,275000,Asuransi
APT04214,PAT01409,DOC02,15/10/2022,16:00,Cek kesehatan umum,completed,275000,Transfer
APT04215,PAT00944,DOC04,11-06-2024,16:00,Cek mata kabur,completed,225000,Transfer
APT04216,PAT01955,DOC22,2022-07-29,16:00,Pilek dan flu,completed,175000,Transfer
APT04217,PAT01523,DOC06,28-10-2024,12:00,Konsultasi KB,completed,60000,Transfer
APT04218,PAT00401,DOC04,2024-07-21,13:00,Mata merah,completed,225000,BPJS
APT04219,PAT00694,DOC04,2023-04-27,11:00,Susah tidur,completed,225000,Transfer
APT04220,PAT00228,DOC08,2024-10-25,15:00,Sakit gigi,completed,175000,BPJS
APT04221,PAT00168,DOC14,23-12-2021,14:00,Demam dan batuk,completed,175000,BPJS
APT04222,PAT00559,DOC08,2023-01-19,15:00,Sakit kepala,completed,175000,BPJS
APT04223,PAT01541,DOC22,2024-11-05,11:00,Mual muntah,cancelled,175000,Tunai
APT04224,PAT00161,DOC05,2024-09-15,12:00,Vaksin flu,completed,275000,Tunai
APT04225,PAT00856,DOC20,04-11-2024,13:00,Mata merah,no_show,150000,Tunai
APT04226,PAT00357,DOC04,2023-12-16,16:00,Konsultasi KB,completed,225000,Transfer
APT04227,PAT01754,DOC01,2024-10-20,14:00,USG kehamilan,completed,225000,Transfer
APT04228,PAT00288,DOC20,2023-10-21,15:00,Pusing dan mual,completed,150000,BPJS
APT04229,PAT00559,DOC03,21/11/2024,14:00,Tekanan darah tinggi,no_show,250000,Transfer
APT04230,PAT00401,DOC03,2024-12-29,09:00,Mual muntah,completed,250000,BPJS
APT04231,PAT01131,DOC21,2023-12-22,13:00,Bisul,no_show,100000,Transfer
APT04232,PAT01414,DOC09,2024-09-29,12:00,Demam dan batuk,completed,350000,BPJS
APT04233,PAT01245,DOC05,2023-11-22,13:00,Mata merah,no_show,275000,Tunai
APT04234,PAT00928,DOC11,2024-02-11,08:00,Nyeri sendi,completed,200000,BPJS
APT04235,PAT01717,DOC04,18/11/2023,09:00,Sakit gigi,rescheduled,225000,Tunai
APT04236,PAT01109,DOC24,09-12-2022,08:00,Gatal pada kulit,completed,60000,Transfer
APT04237,PAT01788,DOC15,2023-04-01,14:00,Vaksin flu,no_show,150000,BPJS
APT04238,PAT00577,DOC12,2024-06-28,14:00,Pendarahan gusi,completed,350000,Asuransi
APT04239,PAT01192,DOC10,03/06/2023,12:00,Diare,completed,225000,Transfer
APT04240,PAT01913,DOC22,12-01-2025,08:00,USG kehamilan,completed,175000,BPJS
APT04241,PAT00804,DOC07,03-11-2023,08:00,Konsultasi kehamilan,completed,100000,Tunai
APT04242,PAT00677,DOC21,22/03/2023,10:00,Kelelahan,completed,100000,Tunai
APT04243,PAT00382,DOC07,03-06-2022,11:00,Pusing dan mual,cancelled,100000,Asuransi
APT04244,PAT01270,DOC14,2024-10-08,16:00,Konsultasi kehamilan,completed,175000,BPJS
APT04245,PAT00416,DOC12,02-12-2023,13:00,USG kehamilan,completed,350000,Asuransi
APT04246,PAT00222,DOC20,27-02-2024,15:00,Cek mata kabur,completed,150000,Tunai
APT04247,PAT01050,DOC12,15-11-2024,14:00,Sariawan parah,completed,350000,BPJS
APT04248,PAT00291,DOC11,2025-01-16,12:00,Gatal pada kulit,completed,200000,BPJS
APT04249,PAT01418,DOC14,2022-08-13,14:00,Kontrol diabetes,completed,175000,BPJS
APT04250,PAT01030,DOC16,2022-01-02,09:00,Luka pada kaki,completed,225000,Tunai
APT04251,PAT01977,DOC14,14-08-2023,11:00,Sakit pinggang,completed,175000,Transfer
APT04252,PAT01552,DOC11,24-08-2023,11:00,Konsultasi KB,completed,200000,Transfer
APT04253,PAT01895,DOC12,2024-09-24,08:00,Alergi kulit,completed,350000,Transfer
APT04254,PAT01068,DOC20,2023-06-07,16:00,Diare,completed,150000,Transfer
APT04255,PAT00540,DOC18,2024-11-13,11:00,Gigi berlubang,completed,275000,Asuransi
APT04256,PAT01176,DOC24,27-04-2024,10:00,Susah tidur,completed,60000,Transfer
APT04257,PAT00667,DOC23,28/09/2023,09:00,Asma kambuh,completed,100000,Transfer
APT04258,PAT00419,DOC23,24-11-2024,12:00,Gatal pada kulit,completed,100000,Tunai
APT04259,PAT00640,DOC19,24/11/2024,09:00,Nyeri sendi,completed,75000,BPJS
APT04260,PAT01866,DOC03,2024-06-02,12:00,Cek kesehatan umum,completed,250000,BPJS
APT04261,PAT01188,DOC13,12-05-2024,14:00,Pusing dan mual,completed,75000,Transfer
APT04262,PAT01864,DOC05,27/08/2024,13:00,Tidak nafsu makan,completed,275000,BPJS
APT04263,PAT00068,DOC10,2022-10-25,13:00,Tekanan darah tinggi,completed,225000,BPJS
APT04264,PAT01304,DOC23,09-01-2024,08:00,Imunisasi anak,completed,100000,BPJS
APT04265,PAT00516,DOC15,2024-04-07,14:00,Gatal pada kulit,completed,150000,Tunai
APT04266,PAT01976,DOC15,11/08/2024,15:00,Sariawan parah,no_show,150000,Transfer
APT04267,PAT01001,DOC11,15-12-2021,08:00,Pendarahan gusi,completed,200000,BPJS
APT04268,PAT00810,DOC23,07-09-2024,13:00,Sakit tenggorokan,completed,100000,Transfer
APT04269,PAT01743,DOC10,28/10/2022,15:00,Tekanan darah tinggi,completed,225000,BPJS
APT04270,PAT00575,DOC14,17-05-2023,13:00,Kontrol rutin,completed,175000,BPJS
APT04271,PAT00243,DOC23,2021-10-07,15:00,Gigi berlubang,cancelled,100000,Tunai
APT04272,PAT00314,DOC19,2022-10-12,10:00,Gigi berlubang,completed,75000,Transfer
APT04273,PAT00294,DOC11,25-11-2023,11:00,USG kehamilan,completed,200000,BPJS
APT04274,PAT00009,DOC06,2024-09-11,13:00,Kontrol rutin,completed,60000,Tunai
APT04275,PAT01604,DOC24,23/10/2022,12:00,Asma kambuh,completed,60000,BPJS
APT04276,PAT01850,DOC22,10/04/2024,10:00,USG kehamilan,no_show,175000,Asuransi
APT04277,PAT00113,DOC23,13/10/2023,13:00,Batuk berdahak,completed,100000,Asuransi
APT04278,PAT00493,DOC16,2024-08-13,11:00,USG kehamilan,completed,225000,Tunai
APT04279,PAT00518,DOC20,2024-01-13,13:00,Vaksin flu,rescheduled,150000,BPJS
APT04280,PAT00642,DOC13,2024-06-19,12:00,Sakit gigi,rescheduled,75000,BPJS
APT04281,PAT01689,DOC13,24-03-2024,11:00,Konsultasi kehamilan,completed,75000,BPJS
APT04282,PAT01591,DOC21,17/07/2024,16:00,Cek kesehatan umum,completed,100000,BPJS
APT04283,PAT00702,DOC03,11/06/2024,11:00,Sakit gigi,cancelled,250000,Tunai
APT04284,PAT00410,DOC02,2024-07-20,10:00,Sakit gigi,completed,275000,BPJS
APT04285,PAT00427,DOC02,22-02-2023,14:00,Gigi berlubang,completed,275000,BPJS
APT04286,PAT01356,DOC25,10-11-2024,12:00,Nyeri sendi,completed,350000,Asuransi
APT04287,PAT00085,DOC07,22/10/2023,11:00,Sakit gigi,completed,100000,BPJS
APT04288,PAT01977,DOC16,2024-04-02,11:00,Konsultasi kehamilan,completed,225000,Asuransi
APT04289,PAT01472,DOC22,2023-12-19,08:00,Luka pada kaki,completed,175000,Tunai
APT04290,PAT01121,DOC24,27/11/2024,10:00,Sakit tenggorokan,no_show,60000,Tunai
APT04291,PAT00327,DOC03,15-12-2024,14:00,Sakit kepala,completed,250000,Transfer
APT04292,PAT01363,DOC07,13/01/2023,11:00,Nyeri perut,completed,100000,Tunai
APT04293,PAT01902,DOC13,2023-10-07,16:00,Demam tinggi,completed,75000,Tunai
APT04294,PAT01355,DOC01,2024-08-15,08:00,Pusing dan mual,completed,225000,Tunai
APT04295,PAT01881,DOC18,28/01/2025,11:00,Kontrol diabetes,completed,275000,Transfer
APT04296,PAT01393,DOC16,21/04/2023,10:00,Telinga sakit,no_show,225000,BPJS
APT04297,PAT01246,DOC11,17-07-2024,13:00,Alergi kulit,completed,200000,BPJS
APT04298,PAT00554,DOC22,31/03/2023,09:00,Konsultasi KB,no_show,175000,Asuransi
APT04299,PAT00715,DOC10,04/03/2024,10:00,Susah tidur,completed,225000,BPJS
APT04300,PAT00510,DOC19,18-02-2024,14:00,Tekanan darah tinggi,completed,75000,BPJS
APT04301,PAT01654,DOC01,18-04-2022,11:00,Kelelahan,completed,225000,Asuransi
APT04302,PAT01983,DOC20,31-07-2022,08:00,Gatal pada kulit,rescheduled,150000,BPJS
APT04303,PAT00973,DOC21,26-05-2023,09:00,Nyeri sendi,completed,100000,Asuransi
APT04304,PAT00021,DOC20,09/03/2024,08:00,Imunisasi anak,completed,150000,Transfer
APT04305,PAT01383,DOC12,07/12/2024,15:00,Diare,completed,350000,Tunai
APT04306,PAT01833,DOC13,2024-09-29,11:00,USG kehamilan,no_show,75000,Asuransi
APT04307,PAT00483,DOC19,2024-05-17,09:00,Sakit kepala,completed,75000,Asuransi
APT04308,PAT01742,DOC23,06/08/2024,11:00,Gatal pada kulit,completed,100000,BPJS
APT04309,PAT01884,DOC17,2022-09-13,15:00,Mual muntah,completed,90000,Asuransi
APT04310,PAT01680,DOC07,27/01/2023,16:00,Gigi berlubang,completed,100000,BPJS
APT04311,PAT01418,DOC10,30-09-2024,14:00,Kontrol diabetes,no_show,225000,Tunai
APT04312,PAT01262,DOC19,2024-11-02,10:00,Mata merah,rescheduled,75000,Tunai
APT04313,PAT00742,DOC18,2024-02-14,13:00,Cek gula darah,cancelled,275000,BPJS
APT04314,PAT00151,DOC01,2023-09-14,13:00,Cek kesehatan umum,completed,225000,BPJS
APT04315,PAT01585,DOC10,24/10/2023,15:00,Konsultasi KB,completed,225000,BPJS
APT04316,PAT00009,DOC15,08/12/2022,08:00,Demam pada anak,completed,150000,Tunai
APT04317,PAT01636,DOC24,2024-12-19,08:00,Imunisasi anak,completed,60000,Tunai
APT04318,PAT00349,DOC04,22/07/2024,15:00,Luka pada kaki,completed,225000,BPJS
APT04319,PAT01261,DOC20,16/01/2023,10:00,Telinga sakit,completed,150000,BPJS
APT04320,PAT01533,DOC21,25-11-2024,16:00,Mata merah,completed,100000,Transfer
APT04321,PAT00153,DOC01,2023-02-25,10:00,Demam dan batuk,completed,225000,Transfer
APT04322,PAT00217,DOC24,07-02-2023,11:00,Tidak nafsu makan,completed,60000,BPJS
APT04323,PAT01041,DOC25,18-08-2022,08:00,Pusing dan mual,completed,350000,Transfer
APT04324,PAT00930,DOC06,02/10/2024,13:00,Asma kambuh,completed,60000,BPJS
APT04325,PAT00732,DOC04,14/07/2022,14:00,Konsultasi kehamilan,completed,225000,Tunai
APT04326,PAT00115,DOC21,09/02/2024,15:00,Konsultasi KB,completed,100000,Asuransi
APT04327,PAT01578,DOC21,10/02/2023,11:00,Sakit kepala,completed,100000,Tunai
APT04328,PAT00325,DOC12,13-03-2022,15:00,Mual muntah,completed,350000,Transfer
APT04329,PAT00895,DOC18,2024-01-21,09:00,Tekanan darah tinggi,completed,275000,BPJS
APT04330,PAT00586,DOC14,2024-04-26,09:00,Konsultasi kehamilan,completed,175000,BPJS
APT04331,PAT00621,DOC12,19/09/2024,13:00,Bisul,completed,350000,BPJS
APT04332,PAT01309,DOC20,04-09-2023,14:00,Telinga sakit,completed,150000,BPJS
APT04333,PAT00327,DOC03,02-05-2024,10:00,Konsultasi KB,completed,250000,Transfer
APT04334,PAT01731,DOC20,27/06/2023,12:00,Cek kesehatan umum,no_show,150000,Tunai
APT04335,PAT01538,DOC10,2024-09-20,13:00,Konsultasi kehamilan,completed,225000,Transfer
APT04336,PAT00876,DOC07,2023-12-18,16:00,Cek gula darah,completed,100000,BPJS
APT04337,PAT01969,DOC14,22/10/2023,16:00,Telinga sakit,completed,175000,Tunai
APT04338,PAT00878,DOC10,29-11-2024,14:00,Cek mata kabur,completed,225000,Transfer
APT04339,PAT00734,DOC22,21/08/2024,15:00,Tidak nafsu makan,completed,175000,Tunai
APT04340,PAT00659,DOC04,2024-07-19,13:00,Gigi berlubang,completed,225000,BPJS
APT04341,PAT00951,DOC20,11/01/2025,14:00,Sesak napas,completed,150000,BPJS
APT04342,PAT00137,DOC04,15-05-2023,08:00,Batuk berdahak,completed,225000,Transfer
APT04343,PAT00282,DOC11,2023-08-02,16:00,Luka pada kaki,completed,200000,BPJS
APT04344,PAT00636,DOC06,10/09/2023,12:00,Mual muntah,no_show,60000,Transfer
APT04345,PAT01024,DOC20,06-07-2024,08:00,Sembelit,completed,150000,BPJS
APT04346,PAT01609,DOC25,10-12-2023,14:00,Cek mata kabur,completed,350000,Tunai
APT04347,PAT01419,DOC21,20-04-2024,11:00,Kelelahan,completed,100000,BPJS
APT04348,PAT01034,DOC12,24-09-2021,12:00,Sakit tenggorokan,completed,350000,BPJS
APT04349,PAT00292,DOC25,17-07-2024,13:00,Demam dan batuk,rescheduled,350000,BPJS
APT04350,PAT00057,DOC21,31-03-2024,10:00,Cek gula darah,completed,100000,Asuransi
APT04351,PAT00358,DOC04,09-02-2023,11:00,Bisul,no_show,225000,BPJS
APT04352,PAT00358,DOC19,27/08/2023,12:00,Mual muntah,completed,75000,BPJS
APT04353,PAT01840,DOC16,2024-05-06,11:00,Batuk berdahak,rescheduled,225000,Asuransi
APT04354,PAT01817,DOC10,2023-09-27,15:00,Nyeri sendi,no_show,225000,Transfer
APT04355,PAT01747,DOC16,12/12/2024,09:00,Batuk berdahak,completed,225000,Tunai
APT04356,PAT00270,DOC22,06/10/2024,13:00,Sesak napas,completed,175000,BPJS
APT04357,PAT01544,DOC18,19-03-2024,16:00,Batuk berdahak,completed,275000,BPJS
APT04358,PAT01839,DOC21,2023-04-08,13:00,Kelelahan,rescheduled,100000,BPJS
APT04359,PAT01169,DOC20,21/01/2025,09:00,Alergi kulit,completed,150000,Transfer
APT04360,PAT00712,DOC08,2023-09-06,13:00,Pusing dan mual,cancelled,175000,BPJS
APT04361,PAT01127,DOC23,10/10/2024,13:00,Pilek dan flu,completed,100000,Tunai
APT04362,PAT00015,DOC19,2024-09-19,08:00,Nyeri perut,completed,75000,Tunai
APT04363,PAT00184,DOC16,2023-09-21,15:00,Mata merah,rescheduled,225000,BPJS
APT04364,PAT00251,DOC03,26-05-2024,14:00,Mata merah,completed,250000,Tunai
APT04365,PAT00868,DOC01,01-11-2024,16:00,USG kehamilan,cancelled,225000,BPJS
APT04366,PAT01904,DOC02,27-05-2024,08:00,Sakit gigi,completed,275000,BPJS
APT04367,PAT01240,DOC25,10/06/2024,09:00,USG kehamilan,completed,350000,BPJS
APT04368,PAT01843,DOC21,2024-05-29,08:00,Sakit kepala,completed,100000,BPJS
APT04369,PAT01264,DOC16,23-11-2023,16:00,Konsultasi kehamilan,completed,225000,Transfer
APT04370,PAT01866,DOC22,27/03/2024,13:00,Konsultasi KB,completed,175000,BPJS
APT04371,PAT00345,DOC03,2023-08-26,12:00,Tekanan darah tinggi,cancelled,250000,BPJS
APT04372,PAT01385,DOC17,06/10/2024,09:00,Kelelahan,completed,90000,BPJS
APT04373,PAT01117,DOC21,2024-07-06,13:00,Sesak napas,completed,100000,Transfer
APT04374,PAT00074,DOC15,03-11-2024,15:00,Cek gula darah,completed,150000,Transfer
APT04375,PAT00674,DOC02,2024-09-30,13:00,Cek kesehatan umum,completed,275000,BPJS
APT04376,PAT00686,DOC04,2024-05-26,08:00,Sariawan parah,completed,225000,BPJS
APT04377,PAT00938,DOC12,2024-10-03,15:00,Demam dan batuk,completed,350000,Transfer
APT04378,PAT01697,DOC19,29-06-2023,08:00,Kontrol diabetes,completed,75000,Tunai
APT04379,PAT01860,DOC22,15/09/2023,12:00,Demam tinggi,completed,175000,Asuransi
APT04380,PAT01558,DOC12,2024-03-22,10:00,Sembelit,completed,350000,Tunai
APT04381,PAT01615,DOC18,25-07-2022,14:00,Konsultasi KB,rescheduled,275000,Asuransi
APT04382,PAT01591,DOC12,17/09/2024,13:00,Sembelit,completed,350000,BPJS
APT04383,PAT00993,DOC15,23-07-2022,14:00,Pendarahan gusi,no_show,150000,Transfer
APT04384,PAT01734,DOC05,17/04/2024,14:00,Konsultasi KB,completed,275000,BPJS
APT04385,PAT01681,DOC12,04-03-2024,12:00,Konsultasi KB,completed,350000,BPJS
APT04386,PAT00891,DOC01,2024-12-28,16:00,Cek gula darah,completed,225000,BPJS
APT04387,PAT00870,DOC04,30-11-2023,08:00,Tekanan darah tinggi,completed,225000,Asuransi
APT04388,PAT00726,DOC03,21/07/2022,08:00,USG kehamilan,completed,250000,BPJS
APT04389,PAT00749,DOC19,2024-09-15,14:00,Pendarahan gusi,completed,75000,Asuransi
APT04390,PAT00685,DOC25,2024-11-01,11:00,Nyeri sendi,completed,350000,Transfer
APT04391,PAT00536,DOC07,2024-07-26,13:00,Alergi kulit,completed,100000,BPJS
APT04392,PAT00419,DOC16,28-07-2023,16:00,Sesak napas,completed,225000,Asuransi
APT04393,PAT01419,DOC03,2024-02-05,16:00,Vaksin flu,completed,250000,Tunai
APT04394,PAT01020,DOC01,03-03-2022,16:00,Susah tidur,no_show,225000,Tunai
APT04395,PAT01290,DOC22,2023-08-08,09:00,Gatal pada kulit,cancelled,175000,BPJS
APT04396,PAT01631,DOC16,14/11/2023,10:00,Konsultasi kehamilan,completed,225000,BPJS
APT04397,PAT00193,DOC09,15/04/2024,10:00,Sesak napas,completed,350000,Tunai
APT04398,PAT01290,DOC15,23-05-2023,15:00,Sakit tenggorokan,completed,150000,BPJS
APT04399,PAT01003,DOC17,2023-09-27,14:00,Mata merah,completed,90000,BPJS
APT04400,PAT01528,DOC17,19/02/2024,08:00,Kelelahan,completed,90000,BPJS
APT04401,PAT00394,DOC22,19/12/2024,10:00,Cek gula darah,completed,175000,Asuransi
APT04402,PAT01701,DOC17,13/05/2022,10:00,Gigi berlubang,completed,90000,BPJS
APT04403,PAT00578,DOC17,17-02-2024,11:00,Batuk berdahak,completed,90000,Tunai
APT04404,PAT01237,DOC16,20/04/2024,16:00,Sakit tenggorokan,completed,225000,Transfer
APT04405,PAT01804,DOC09,2024-12-03,13:00,Vaksin flu,completed,350000,BPJS
APT04406,PAT01645,DOC25,31-10-2022,12:00,Pusing dan mual,completed,350000,BPJS
APT04407,PAT01275,DOC19,2021-07-24,08:00,Cek gula darah,completed,75000,Tunai
APT04408,PAT00604,DOC06,2022-02-28,12:00,Sakit tenggorokan,completed,60000,BPJS
APT04409,PAT00090,DOC23,22-02-2022,16:00,Gatal pada kulit,completed,100000,BPJS
APT04410,PAT00489,DOC16,2024-12-24,12:00,Konsultasi kehamilan,completed,225000,Tunai
APT04411,PAT00072,DOC08,02-10-2023,13:00,Vaksin flu,completed,175000,Transfer
APT04412,PAT00350,DOC11,30/12/2024,09:00,Tidak nafsu makan,completed,200000,BPJS
APT04413,PAT00457,DOC08,2024-08-31,16:00,Demam tinggi,completed,175000,BPJS
APT04414,PAT00837,DOC17,01-05-2022,10:00,Gigi berlubang,completed,90000,Asuransi
APT04415,PAT01287,DOC11,2022-07-06,15:00,USG kehamilan,completed,200000,Transfer
APT04416,PAT01133,DOC12,2023-10-27,14:00,Cek gula darah,completed,350000,BPJS
APT04417,PAT00190,DOC13,22-12-2023,08:00,Gigi berlubang,completed,75000,BPJS
APT04418,PAT00337,DOC02,08/09/2024,10:00,Sakit tenggorokan,completed,275000,Tunai
APT04419,PAT00549,DOC01,2023-12-24,14:00,Alergi kulit,completed,225000,Tunai
APT04420,PAT01473,DOC21,2024-02-09,13:00,Konsultasi kehamilan,completed,100000,BPJS
APT04421,PAT00313,DOC19,18-01-2024,09:00,Mata merah,completed,75000,BPJS
APT04422,PAT00090,DOC21,04/01/2022,09:00,Mata merah,completed,100000,BPJS
APT04423,PAT00525,DOC20,2024-03-24,16:00,Pendarahan gusi,completed,150000,Transfer
APT04424,PAT00056,DOC19,2024-03-07,09:00,Susah tidur,completed,75000,BPJS
APT04425,PAT01042,DOC19,16-11-2024,12:00,Telinga sakit,no_show,75000,BPJS
APT04426,PAT01370,DOC24,2024-12-18,12:00,Konsultasi KB,completed,60000,Transfer
APT04427,PAT00289,DOC12,2024-06-04,15:00,Pusing dan mual,completed,350000,Asuransi
APT04428,PAT00592,DOC16,2023-08-09,12:00,Diare,completed,225000,BPJS
APT04429,PAT00918,DOC12,2023-12-11,11:00,Sariawan parah,completed,350000,BPJS
APT04430,PAT01202,DOC01,2024-03-02,14:00,Batuk berdahak,completed,225000,BPJS
APT04431,PAT01788,DOC10,2023-09-28,12:00,Cek kesehatan umum,completed,225000,BPJS
APT04432,PAT01421,DOC12,2024-08-13,12:00,Susah tidur,completed,350000,BPJS
APT04433,PAT01635,DOC10,10-07-2023,10:00,Batuk berdahak,completed,225000,Tunai
APT04434,PAT01441,DOC17,2024-10-21,16:00,Kontrol diabetes,completed,90000,Tunai
APT04435,PAT00777,DOC11,30/12/2022,16:00,USG kehamilan,completed,200000,BPJS
APT04436,PAT01834,DOC01,26/01/2024,11:00,Pilek dan flu,completed,225000,Transfer
APT04437,PAT01902,DOC18,2023-04-18,10:00,Nyeri perut,completed,275000,Tunai
APT04438,PAT01924,DOC20,2023-11-21,11:00,Alergi kulit,completed,150000,Asuransi
APT04439,PAT01265,DOC16,2024-08-26,12:00,Susah tidur,completed,225000,Tunai
APT04440,PAT01261,DOC07,2024-04-04,15:00,Vaksin flu,completed,100000,BPJS
APT04441,PAT01533,DOC25,06/09/2024,09:00,Demam pada anak,completed,350000,Tunai
APT04442,PAT01712,DOC05,2023-02-25,12:00,Demam tinggi,completed,275000,BPJS
APT04443,PAT00650,DOC25,28-10-2024,08:00,Konsultasi kehamilan,completed,350000,Asuransi
APT04444,PAT01388,DOC07,2023-08-11,09:00,Cek gula darah,completed,100000,Tunai
APT04445,PAT00973,DOC05,2022-12-08,11:00,Luka pada kaki,completed,275000,Asuransi
APT04446,PAT00090,DOC15,12/02/2023,09:00,Konsultasi KB,completed,150000,BPJS
APT04447,PAT00708,DOC07,30/10/2024,08:00,Gigi berlubang,cancelled,100000,BPJS
APT04448,PAT00484,DOC06,2023-06-22,16:00,Bisul,completed,60000,Transfer
APT04449,PAT01922,DOC15,2022-10-06,11:00,Demam pada anak,completed,150000,Tunai
APT04450,PAT00199,DOC01,12/11/2024,13:00,Susah tidur,completed,225000,BPJS
APT04451,PAT01982,DOC21,15-10-2023,13:00,Telinga sakit,completed,100000,Tunai
APT04452,PAT01828,DOC06,27/05/2024,11:00,Tekanan darah tinggi,completed,60000,BPJS
APT04453,PAT01081,DOC20,28/12/2022,13:00,Sakit tenggorokan,completed,150000,Tunai
APT04454,PAT01141,DOC17,2024-08-14,16:00,Sariawan parah,completed,90000,Asuransi
APT04455,PAT01057,DOC23,2022-08-06,16:00,Demam tinggi,no_show,100000,BPJS
APT04456,PAT01637,DOC20,08/08/2024,12:00,Cek gula darah,completed,150000,Tunai
APT04457,PAT00246,DOC16,2024-10-25,11:00,Sakit gigi,completed,225000,BPJS
APT04458,PAT01598,DOC21,2021-06-05,14:00,Nyeri sendi,completed,100000,BPJS
APT04459,PAT00411,DOC22,2024-06-22,13:00,Imunisasi anak,completed,175000,BPJS
APT04460,PAT00401,DOC07,2024-07-12,15:00,Sakit tenggorokan,completed,100000,Transfer
APT04461,PAT00911,DOC05,2022-03-24,12:00,Gigi berlubang,completed,275000,Transfer
APT04462,PAT01383,DOC07,11/07/2024,12:00,Pusing dan mual,completed,100000,BPJS
APT04463,PAT01588,DOC07,2024-08-09,08:00,Sakit kepala,completed,100000,Transfer
APT04464,PAT01322,DOC03,06-09-2024,11:00,Demam tinggi,completed,250000,BPJS
APT04465,PAT00395,DOC08,10-01-2023,12:00,Gatal pada kulit,rescheduled,175000,Tunai
APT04466,PAT01347,DOC17,11/09/2024,10:00,Cek kesehatan umum,no_show,90000,BPJS
APT04467,PAT00984,DOC17,20/02/2023,08:00,Tidak nafsu makan,completed,90000,BPJS
APT04468,PAT01835,DOC05,19-11-2021,10:00,Demam pada anak,completed,275000,BPJS
APT04469,PAT01269,DOC18,12-12-2024,14:00,Konsultasi KB,completed,275000,Tunai
APT04470,PAT00103,DOC05,09/04/2024,09:00,Sariawan parah,completed,275000,Tunai
APT04471,PAT01713,DOC22,05-11-2022,15:00,Tekanan darah tinggi,completed,175000,BPJS
APT04472,PAT00596,DOC21,27-06-2024,10:00,Kontrol rutin,no_show,100000,BPJS
APT04473,PAT00787,DOC19,2024-10-06,09:00,Telinga sakit,completed,75000,BPJS
APT04474,PAT01672,DOC18,06-08-2022,09:00,Pilek dan flu,completed,275000,Transfer
APT04475,PAT00950,DOC16,21/12/2024,13:00,Sakit tenggorokan,completed,225000,Asuransi
APT04476,PAT00831,DOC12,11/01/2024,09:00,Sembelit,completed,350000,BPJS
APT04477,PAT00108,DOC12,2024-07-24,12:00,Sakit kepala,completed,350000,BPJS
APT04478,PAT00956,DOC15,12-07-2024,08:00,Demam tinggi,completed,150000,Tunai
APT04479,PAT00456,DOC04,2024-03-03,10:00,Sakit pinggang,cancelled,225000,BPJS
APT04480,PAT00754,DOC03,2022-03-04,08:00,Sakit kepala,rescheduled,250000,Asuransi
APT04481,PAT00791,DOC14,23-08-2024,13:00,Vaksin flu,completed,175000,Asuransi
APT04482,PAT00490,DOC19,2024-05-02,11:00,Bisul,cancelled,75000,BPJS
APT04483,PAT01757,DOC15,2024-12-30,09:00,Sembelit,rescheduled,150000,Asuransi
APT04484,PAT01643,DOC12,04-12-2024,09:00,Mual muntah,completed,350000,BPJS
APT04485,PAT01764,DOC02,10/08/2022,09:00,Cek gula darah,completed,275000,Transfer
APT04486,PAT01649,DOC03,03/12/2024,10:00,Imunisasi anak,completed,250000,BPJS
APT04487,PAT00397,DOC16,25-01-2025,10:00,Sakit pinggang,completed,225000,BPJS
APT04488,PAT00192,DOC05,2024-11-17,08:00,Konsultasi kehamilan,completed,275000,BPJS
APT04489,PAT00108,DOC05,15/09/2024,10:00,Gatal pada kulit,completed,275000,BPJS
APT04490,PAT00051,DOC12,13/07/2022,14:00,Luka pada kaki,completed,350000,Tunai
APT04491,PAT01141,DOC24,18-05-2024,13:00,Tekanan darah tinggi,completed,60000,Tunai
APT04492,PAT01180,DOC06,28-06-2023,12:00,Kontrol diabetes,completed,60000,Transfer
APT04493,PAT01954,DOC25,20/04/2023,15:00,Mual muntah,completed,350000,BPJS
APT04494,PAT01663,DOC03,04/05/2024,09:00,Cek kesehatan umum,completed,250000,BPJS
APT04495,PAT00725,DOC20,2024-11-01,08:00,Konsultasi kehamilan,completed,150000,BPJS
APT04496,PAT00693,DOC08,2024-07-22,12:00,Tekanan darah tinggi,completed,175000,Asuransi
APT04497,PAT00904,DOC06,2024-03-29,14:00,Alergi kulit,completed,60000,Tunai
APT04498,PAT01776,DOC13,09-05-2024,10:00,Cek mata kabur,completed,75000,Transfer
APT04499,PAT00799,DOC03,21/12/2024,12:00,Asma kambuh,completed,250000,Transfer
APT04500,PAT00025,DOC09,2024-02-04,13:00,Tekanan darah tinggi,completed,350000,BPJS
APT04501,PAT00603,DOC24,10-10-2022,08:00,Demam pada anak,completed,60000,Transfer
APT04502,PAT01601,DOC14,19-03-2024,10:00,Demam pada anak,no_show,175000,BPJS
APT04503,PAT01238,DOC15,26/05/2024,08:00,Mual muntah,cancelled,150000,BPJS
APT04504,PAT00470,DOC16,24/02/2024,14:00,Kontrol rutin,completed,225000,BPJS
APT04505,PAT00595,DOC25,14-05-2024,15:00,Gatal pada kulit,completed,350000,Asuransi
APT04506,PAT00223,DOC14,2022-05-24,09:00,Telinga sakit,completed,175000,Transfer
APT04507,PAT01733,DOC11,18/10/2023,13:00,Cek gula darah,completed,200000,Tunai
APT04508,PAT00197,DOC25,29/08/2024,13:00,Sesak napas,completed,350000,BPJS
APT04509,PAT00523,DOC01,17-10-2022,13:00,Sakit kepala,completed,225000,BPJS
APT04510,PAT00438,DOC21,02/10/2024,08:00,Susah tidur,completed,100000,BPJS
APT04511,PAT01716,DOC18,2022-06-01,16:00,Kelelahan,completed,275000,Tunai
APT04512,PAT00694,DOC17,08/10/2024,13:00,Telinga sakit,cancelled,90000,Transfer
APT04513,PAT01321,DOC08,10/08/2024,12:00,Batuk berdahak,completed,175000,BPJS
APT04514,PAT01298,DOC18,2024-11-18,13:00,USG kehamilan,cancelled,275000,BPJS
APT04515,PAT01177,DOC19,2024-06-13,12:00,Diare,completed,75000,BPJS
APT04516,PAT01503,DOC10,14-08-2022,08:00,Cek kesehatan umum,completed,225000,BPJS
APT04517,PAT00788,DOC17,2022-12-11,15:00,Batuk berdahak,completed,90000,Transfer
APT04518,PAT01055,DOC09,2024-11-23,15:00,Susah tidur,completed,350000,BPJS
APT04519,PAT00127,DOC23,25/02/2024,16:00,Alergi kulit,completed,100000,BPJS
APT04520,PAT01898,DOC06,2023-09-26,11:00,Gigi berlubang,completed,60000,Asuransi
APT04521,PAT00220,DOC11,25/01/2025,08:00,Sembelit,completed,200000,BPJS
APT04522,PAT01974,DOC15,2024-10-08,12:00,Demam pada anak,completed,150000,Tunai
APT04523,PAT00221,DOC20,2024-08-10,10:00,Sakit gigi,completed,150000,Transfer
APT04524,PAT00988,DOC03,2024-09-04,10:00,Luka pada kaki,rescheduled,250000,BPJS
APT04525,PAT00351,DOC07,19-08-2024,09:00,Sakit kepala,completed,100000,Asuransi
APT04526,PAT01483,DOC05,05/09/2023,14:00,Imunisasi anak,completed,275000,BPJS
APT04527,PAT00152,DOC25,2024-07-20,15:00,Telinga sakit,completed,350000,BPJS
APT04528,PAT00114,DOC12,2024-04-02,10:00,Kontrol rutin,completed,350000,Transfer
APT04529,PAT01472,DOC08,13-05-2024,09:00,Gatal pada kulit,completed,175000,Tunai
APT04530,PAT00134,DOC10,19/05/2023,14:00,Sesak napas,completed,225000,BPJS
APT04531,PAT01274,DOC16,2023-12-22,12:00,Nyeri perut,completed,225000,BPJS
APT04532,PAT00433,DOC14,2023-09-30,13:00,Susah tidur,cancelled,175000,Tunai
APT04533,PAT00794,DOC19,20/12/2024,11:00,Pusing dan mual,completed,75000,Tunai
APT04534,PAT01828,DOC19,2023-12-26,08:00,Nyeri perut,completed,75000,BPJS
APT04535,PAT00935,DOC03,08-09-2022,08:00,Mata merah,completed,250000,BPJS
APT04536,PAT00058,DOC20,23/07/2024,09:00,Susah tidur,rescheduled,150000,BPJS
APT04537,PAT00844,DOC15,17/05/2022,16:00,Luka pada kaki,rescheduled,150000,Transfer
APT04538,PAT01638,DOC23,2023-07-23,15:00,Konsultasi kehamilan,completed,100000,BPJS
APT04539,PAT01997,DOC14,18-11-2024,10:00,Asma kambuh,completed,175000,BPJS
APT04540,PAT01249,DOC06,2024-03-01,12:00,Cek mata kabur,completed,60000,BPJS
APT04541,PAT00173,DOC02,2023-02-13,14:00,Konsultasi KB,completed,275000,Transfer
APT04542,PAT00964,DOC10,22/06/2023,08:00,Konsultasi KB,completed,225000,BPJS
APT04543,PAT00113,DOC03,2024-09-17,11:00,Diare,completed,250000,Asuransi
APT04544,PAT01290,DOC22,2024-06-21,14:00,Nyeri perut,cancelled,175000,Tunai
APT04545,PAT00018,DOC13,2023-08-09,08:00,Susah tidur,cancelled,75000,BPJS
APT04546,PAT01611,DOC08,2024-05-01,08:00,Demam dan batuk,completed,175000,BPJS
APT04547,PAT00128,DOC01,2024-05-27,08:00,Pusing dan mual,completed,225000,BPJS
APT04548,PAT00272,DOC24,30-11-2022,10:00,Kontrol diabetes,completed,60000,Tunai
APT04549,PAT01698,DOC07,2022-06-30,13:00,Sakit tenggorokan,completed,100000,BPJS
APT04550,PAT00250,DOC03,23/06/2024,09:00,Mual muntah,completed,250000,Transfer
APT04551,PAT00402,DOC09,09/01/2025,09:00,Demam dan batuk,cancelled,350000,Asuransi
APT04552,PAT01876,DOC15,01-09-2024,16:00,Vaksin flu,completed,150000,Tunai
APT04553,PAT00082,DOC04,29/12/2022,12:00,Pilek dan flu,cancelled,225000,Tunai
APT04554,PAT01621,DOC25,2024-04-19,11:00,Cek gula darah,completed,350000,Tunai
APT04555,PAT00307,DOC24,2023-09-21,13:00,Demam tinggi,completed,60000,Transfer
APT04556,PAT00781,DOC09,23/05/2024,13:00,Kelelahan,no_show,350000,BPJS
APT04557,PAT00249,DOC14,2023-12-22,10:00,Sakit tenggorokan,completed,175000,Tunai
APT04558,PAT01840,DOC16,2023-05-05,10:00,Batuk berdahak,completed,225000,Asuransi
APT04559,PAT01749,DOC10,06/12/2024,14:00,Batuk berdahak,completed,225000,BPJS
APT04560,PAT00074,DOC06,23/01/2025,12:00,Tekanan darah tinggi,completed,60000,Tunai
APT04561,PAT01730,DOC17,2024-11-24,10:00,Batuk berdahak,no_show,90000,BPJS
APT04562,PAT01304,DOC17,2021-09-12,13:00,Luka pada kaki,completed,90000,BPJS
APT04563,PAT01266,DOC11,17-04-2022,10:00,Sakit gigi,completed,200000,BPJS
APT04564,PAT01984,DOC09,06/01/2025,10:00,Cek mata kabur,completed,350000,BPJS
APT04565,PAT00502,DOC12,2023-11-09,11:00,Demam tinggi,completed,350000,Transfer
APT04566,PAT01289,DOC11,25/06/2024,16:00,Asma kambuh,completed,200000,Transfer
APT04567,PAT01932,DOC04,10/01/2025,11:00,Pusing dan mual,completed,225000,BPJS
APT04568,PAT00317,DOC01,28/10/2024,09:00,Konsultasi kehamilan,completed,225000,Transfer
APT04569,PAT01643,DOC21,19/11/2023,08:00,Mata merah,completed,100000,BPJS
APT04570,PAT01594,DOC17,09/12/2024,15:00,Alergi kulit,completed,90000,BPJS
APT04571,PAT00574,DOC10,31/01/2025,10:00,Cek gula darah,completed,225000,Tunai
APT04572,PAT01527,DOC16,01/02/2022,15:00,Imunisasi anak,completed,225000,Transfer
APT04573,PAT00127,DOC02,21/09/2023,14:00,Gatal pada kulit,completed,275000,BPJS
APT04574,PAT01430,DOC19,06/09/2023,14:00,Kontrol diabetes,completed,75000,Transfer
APT04575,PAT01552,DOC14,05-09-2022,14:00,Kontrol rutin,completed,175000,Tunai
APT04576,PAT01941,DOC23,22-11-2024,14:00,Cek kesehatan umum,completed,100000,Transfer
APT04577,PAT01226,DOC03,05-10-2024,08:00,Nyeri sendi,completed,250000,BPJS
APT04578,PAT00252,DOC14,04/07/2023,13:00,Nyeri sendi,completed,175000,BPJS
APT04579,PAT01307,DOC17,2023-12-07,12:00,Cek mata kabur,cancelled,90000,Transfer
APT04580,PAT00959,DOC15,01-06-2023,11:00,Asma kambuh,no_show,150000,Tunai
APT04581,PAT00706,DOC07,04/04/2023,10:00,Luka pada kaki,completed,100000,Transfer
APT04582,PAT01529,DOC19,18-03-2024,10:00,Susah tidur,completed,75000,BPJS
APT04583,PAT01577,DOC07,13/09/2023,10:00,Luka pada kaki,completed,100000,BPJS
APT04584,PAT00873,DOC11,2023-05-23,16:00,Sakit gigi,completed,200000,BPJS
APT04585,PAT01024,DOC10,2024-11-05,12:00,Alergi kulit,cancelled,225000,BPJS
APT04586,PAT00702,DOC21,08-10-2024,08:00,Imunisasi anak,completed,100000,Asuransi
APT04587,PAT01475,DOC01,23/08/2023,09:00,Cek kesehatan umum,no_show,225000,BPJS
APT04588,PAT00788,DOC14,23/05/2023,12:00,Telinga sakit,completed,175000,Tunai
APT04589,PAT01135,DOC18,2024-01-17,11:00,Diare,completed,275000,Tunai
APT04590,PAT00626,DOC11,2024-09-02,11:00,Telinga sakit,completed,200000,BPJS
APT04591,PAT00855,DOC17,14-12-2024,10:00,Diare,completed,90000,Tunai
APT04592,PAT01227,DOC24,2024-02-23,13:00,Vaksin flu,no_show,60000,BPJS
APT04593,PAT00622,DOC20,2025-01-02,10:00,Demam dan batuk,completed,150000,BPJS
APT04594,PAT01723,DOC23,2024-11-11,16:00,Demam dan batuk,completed,100000,Asuransi
APT04595,PAT00414,DOC08,2024-10-20,15:00,Kontrol diabetes,completed,175000,Asuransi
APT04596,PAT01623,DOC20,2023-11-01,13:00,Luka pada kaki,cancelled,150000,BPJS
APT04597,PAT01989,DOC01,14/03/2022,12:00,Pilek dan flu,completed,225000,Asuransi
APT04598,PAT01896,DOC03,2023-08-17,16:00,Sakit tenggorokan,completed,250000,BPJS
APT04599,PAT01716,DOC05,15-06-2023,09:00,Telinga sakit,completed,275000,Tunai
APT04600,PAT01249,DOC09,2022-04-25,16:00,Nyeri perut,completed,350000,BPJS
APT04601,PAT00734,DOC18,2024-10-31,14:00,Sakit pinggang,completed,275000,Tunai
APT04602,PAT01182,DOC25,26/01/2023,14:00,Imunisasi anak,completed,350000,Transfer
APT04603,PAT00919,DOC21,09-08-2023,08:00,Demam pada anak,rescheduled,100000,BPJS
APT04604,PAT01680,DOC24,23-10-2024,10:00,Demam tinggi,completed,60000,BPJS
APT04605,PAT00132,DOC02,2024-10-15,16:00,Pilek dan flu,completed,275000,BPJS
APT04606,PAT00063,DOC21,30/08/2023,12:00,Gatal pada kulit,completed,100000,BPJS
APT04607,PAT00073,DOC05,2024-02-12,15:00,Gatal pada kulit,completed,275000,Asuransi
APT04608,PAT01537,DOC01,14/08/2023,13:00,Kontrol diabetes,completed,225000,Asuransi
APT04609,PAT00593,DOC05,11-05-2024,14:00,Imunisasi anak,completed,275000,Tunai
APT04610,PAT00018,DOC21,2024-10-24,10:00,Mual muntah,completed,100000,BPJS
APT04611,PAT01914,DOC06,2024-01-23,15:00,Cek mata kabur,rescheduled,60000,BPJS
APT04612,PAT01424,DOC21,23/12/2021,09:00,Cek kesehatan umum,completed,100000,Tunai
APT04613,PAT00163,DOC24,15-10-2022,15:00,Sakit pinggang,cancelled,60000,Asuransi
APT04614,PAT01761,DOC20,09-12-2023,15:00,Pilek dan flu,completed,150000,BPJS
APT04615,PAT00223,DOC09,05-03-2023,14:00,Sakit gigi,completed,350000,Tunai
APT04616,PAT01213,DOC08,2023-09-06,14:00,Nyeri sendi,rescheduled,175000,BPJS
APT04617,PAT01820,DOC04,23-09-2023,11:00,Kelelahan,rescheduled,225000,BPJS
APT04618,PAT01708,DOC24,2024-11-13,09:00,Cek mata kabur,completed,60000,Tunai
APT04619,PAT00616,DOC23,08/07/2023,16:00,Konsultasi KB,completed,100000,Transfer
APT04620,PAT01861,DOC10,2021-09-13,13:00,Sembelit,cancelled,225000,BPJS
APT04621,PAT01345,DOC16,2024-03-25,11:00,Bisul,completed,225000,Transfer
APT04622,PAT00600,DOC16,30-05-2023,10:00,Kelelahan,completed,225000,Asuransi
APT04623,PAT00992,DOC06,28-04-2024,13:00,Konsultasi KB,completed,60000,BPJS
APT04624,PAT01869,DOC19,15-08-2024,10:00,Sakit gigi,completed,75000,BPJS
APT04625,PAT00707,DOC23,2023-01-26,08:00,Sesak napas,completed,100000,Tunai
APT04626,PAT00251,DOC01,2023-08-15,09:00,Cek kesehatan umum,completed,225000,Asuransi
APT04627,PAT01252,DOC13,01-03-2023,09:00,Vaksin flu,completed,75000,Tunai
APT04628,PAT01079,DOC11,16-01-2023,13:00,Konsultasi kehamilan,completed,200000,Transfer
APT04629,PAT01514,DOC21,2023-10-21,13:00,Asma kambuh,completed,100000,Asuransi
APT04630,PAT01120,DOC13,2023-12-05,10:00,Alergi kulit,completed,75000,Transfer
APT04631,PAT00362,DOC07,2024-01-15,13:00,Mata merah,completed,100000,BPJS
APT04632,PAT00067,DOC24,09/12/2024,10:00,Telinga sakit,completed,60000,Transfer
APT04633,PAT01930,DOC07,02/08/2024,13:00,Cek gula darah,completed,100000,BPJS
APT04634,PAT00820,DOC23,15/08/2024,15:00,Tidak nafsu makan,completed,100000,Tunai
APT04635,PAT00217,DOC06,18-12-2023,10:00,Cek kesehatan umum,completed,60000,BPJS
APT04636,PAT01088,DOC24,2024-12-19,08:00,Demam tinggi,completed,60000,BPJS
APT04637,PAT00195,DOC24,02/11/2024,09:00,Nyeri perut,completed,60000,BPJS
APT04638,PAT00719,DOC04,2024-08-30,11:00,Konsultasi kehamilan,completed,225000,BPJS
APT04639,PAT01142,DOC07,17-09-2024,10:00,Sakit gigi,completed,100000,Asuransi
APT04640,PAT01295,DOC06,11/10/2022,13:00,Pilek dan flu,completed,60000,BPJS
APT04641,PAT00879,DOC19,2023-10-01,12:00,Gatal pada kulit,completed,75000,Tunai
APT04642,PAT01015,DOC18,24-09-2023,09:00,Luka pada kaki,completed,275000,BPJS
APT04643,PAT00474,DOC11,15/05/2024,11:00,Telinga sakit,completed,200000,Asuransi
APT04644,PAT01395,DOC19,2022-09-22,08:00,Telinga sakit,completed,75000,Tunai
APT04645,PAT01103,DOC25,25-06-2024,13:00,Alergi kulit,rescheduled,350000,BPJS
APT04646,PAT01478,DOC16,07/06/2023,14:00,Sesak napas,completed,225000,BPJS
APT04647,PAT01379,DOC25,03/01/2024,09:00,Alergi kulit,completed,350000,Tunai
APT04648,PAT01572,DOC05,29-09-2022,10:00,Bisul,no_show,275000,BPJS
APT04649,PAT01354,DOC18,2024-08-04,15:00,Bisul,completed,275000,BPJS
APT04650,PAT00314,DOC22,20-04-2024,15:00,Vaksin flu,completed,175000,Asuransi
APT04651,PAT00211,DOC11,2023-05-19,14:00,Asma kambuh,no_show,200000,Tunai
APT04652,PAT00097,DOC23,2024-06-13,13:00,Kontrol rutin,cancelled,100000,Transfer
APT04653,PAT00770,DOC20,25/08/2024,09:00,Diare,cancelled,150000,Tunai
APT04654,PAT00643,DOC24,04-06-2024,16:00,Sakit pinggang,no_show,60000,Transfer
APT04655,PAT01764,DOC09,2023-04-02,09:00,Cek mata kabur,completed,350000,BPJS
APT04656,PAT01683,DOC19,2024-04-10,11:00,Sakit tenggorokan,completed,75000,Tunai
APT04657,PAT00179,DOC11,2024-04-17,16:00,Batuk berdahak,completed,200000,BPJS
APT04658,PAT01975,DOC01,28-08-2023,14:00,Diare,completed,225000,Tunai
APT04659,PAT01061,DOC02,2023-08-20,08:00,Mata merah,completed,275000,Asuransi
APT04660,PAT00512,DOC06,02-04-2023,13:00,Demam tinggi,cancelled,60000,Tunai
APT04661,PAT00667,DOC06,01-01-2023,09:00,Alergi kulit,completed,60000,Asuransi
APT04662,PAT00818,DOC03,23/11/2023,08:00,Asma kambuh,completed,250000,BPJS
APT04663,PAT01638,DOC20,12/09/2024,09:00,Sakit gigi,no_show,150000,Tunai
APT04664,PAT00593,DOC22,29/08/2023,12:00,Cek kesehatan umum,completed,175000,BPJS
APT04665,PAT00061,DOC01,30-07-2024,12:00,Sakit pinggang,completed,225000,Transfer
APT04666,PAT01512,DOC16,30/11/2024,12:00,Demam tinggi,completed,225000,Transfer
APT04667,PAT01841,DOC14,2023-12-08,09:00,Kelelahan,completed,175000,BPJS
APT04668,PAT00199,DOC13,2024-01-24,11:00,Cek gula darah,no_show,75000,BPJS
APT04669,PAT00455,DOC08,05-11-2023,11:00,Kontrol rutin,completed,175000,Asuransi
APT04670,PAT00936,DOC24,19/10/2024,15:00,Kelelahan,completed,60000,BPJS
APT04671,PAT00828,DOC02,30-10-2023,08:00,Cek gula darah,completed,275000,BPJS
APT04672,PAT00048,DOC15,13-11-2023,14:00,Alergi kulit,completed,150000,BPJS
APT04673,PAT01918,DOC13,28-09-2024,13:00,Sakit kepala,completed,75000,Tunai
APT04674,PAT01918,DOC12,2023-07-18,14:00,Pilek dan flu,cancelled,350000,BPJS
APT04675,PAT00862,DOC17,03-09-2024,14:00,Demam pada anak,cancelled,90000,BPJS
APT04676,PAT01761,DOC24,11-02-2023,10:00,Mual muntah,completed,60000,BPJS
APT04677,PAT01017,DOC09,2023-12-17,12:00,Nyeri perut,rescheduled,350000,Asuransi
APT04678,PAT01378,DOC09,13/12/2022,12:00,Imunisasi anak,completed,350000,Transfer
APT04679,PAT00893,DOC17,2024-03-21,16:00,Konsultasi kehamilan,cancelled,90000,BPJS
APT04680,PAT01195,DOC25,20-05-2023,08:00,Demam dan batuk,completed,350000,BPJS
APT04681,PAT01807,DOC03,13/12/2023,10:00,Demam dan batuk,rescheduled,250000,Transfer
APT04682,PAT01000,DOC04,2024-09-07,11:00,Susah tidur,completed,225000,Tunai
APT04683,PAT00250,DOC19,16/08/2022,10:00,Vaksin flu,completed,75000,BPJS
APT04684,PAT01160,DOC04,22/07/2024,11:00,Bisul,completed,225000,Tunai
APT04685,PAT01953,DOC20,20-03-2024,15:00,Konsultasi KB,completed,150000,Tunai
APT04686,PAT00198,DOC14,09-10-2024,08:00,Sakit tenggorokan,completed,175000,Asuransi
APT04687,PAT01957,DOC03,2024-01-28,13:00,Luka pada kaki,no_show,250000,BPJS
APT04688,PAT01525,DOC01,05/08/2023,16:00,Kontrol rutin,completed,225000,Tunai
APT04689,PAT00883,DOC23,10/01/2024,13:00,Diare,completed,100000,BPJS
APT04690,PAT00843,DOC05,18/02/2023,09:00,Sakit pinggang,completed,275000,BPJS
APT04691,PAT01406,DOC17,12/01/2025,11:00,Tekanan darah tinggi,completed,90000,Tunai
APT04692,PAT00220,DOC13,2024-10-21,13:00,Pilek dan flu,completed,75000,BPJS
APT04693,PAT01942,DOC16,28-03-2023,09:00,Konsultasi kehamilan,completed,225000,Tunai
APT04694,PAT01733,DOC20,05/06/2024,12:00,Sariawan parah,completed,150000,Tunai
APT04695,PAT00237,DOC08,14/04/2024,10:00,Tidak nafsu makan,completed,175000,BPJS
APT04696,PAT01639,DOC06,2025-01-14,13:00,Sakit pinggang,no_show,60000,Transfer
APT04697,PAT00506,DOC16,15/05/2024,13:00,Nyeri perut,no_show,225000,BPJS
APT04698,PAT01765,DOC17,2022-02-26,13:00,Alergi kulit,completed,90000,Transfer
APT04699,PAT01283,DOC25,29-04-2023,09:00,Mual muntah,completed,350000,BPJS
APT04700,PAT01221,DOC04,19/09/2024,10:00,Vaksin flu,completed,225000,BPJS
APT04701,PAT01572,DOC11,2023-06-13,16:00,Imunisasi anak,completed,200000,BPJS
APT04702,PAT00353,DOC18,09/08/2022,11:00,Sakit gigi,completed,275000,BPJS
APT04703,PAT00480,DOC11,2022-05-05,11:00,Imunisasi anak,completed,200000,Transfer
APT04704,PAT00824,DOC01,26-01-2024,12:00,Pendarahan gusi,completed,225000,Asuransi
APT04705,PAT01732,DOC21,2024-03-31,15:00,Batuk berdahak,completed,100000,Transfer
APT04706,PAT00618,DOC21,09/03/2024,14:00,Batuk berdahak,completed,100000,BPJS
APT04707,PAT01452,DOC09,2024-10-15,10:00,Demam tinggi,completed,350000,Asuransi
APT04708,PAT01736,DOC16,2023-01-30,16:00,Cek gula darah,completed,225000,BPJS
APT04709,PAT01553,DOC05,2025-01-15,13:00,Batuk berdahak,completed,275000,Transfer
APT04710,PAT01113,DOC16,02-02-2024,12:00,Kontrol rutin,completed,225000,Transfer
APT04711,PAT00119,DOC07,12/10/2021,13:00,Nyeri perut,completed,100000,BPJS
APT04712,PAT00636,DOC25,14/05/2024,14:00,Demam pada anak,completed,350000,Asuransi
APT04713,PAT01118,DOC23,05/09/2024,13:00,Cek mata kabur,completed,100000,Transfer
APT04714,PAT01153,DOC14,25-02-2024,16:00,Tidak nafsu makan,completed,175000,BPJS
APT04715,PAT00601,DOC16,13-05-2024,09:00,Gatal pada kulit,completed,225000,Transfer
APT04716,PAT00178,DOC06,29-02-2024,11:00,Susah tidur,cancelled,60000,BPJS
APT04717,PAT00540,DOC03,2024-04-29,14:00,Demam pada anak,completed,250000,Transfer
APT04718,PAT01694,DOC05,02-08-2024,15:00,Cek mata kabur,no_show,275000,BPJS
APT04719,PAT00751,DOC14,18/04/2022,08:00,Cek mata kabur,completed,175000,BPJS
APT04720,PAT01294,DOC02,25-07-2024,11:00,Konsultasi kehamilan,completed,275000,BPJS
APT04721,PAT00903,DOC22,07/12/2024,15:00,Nyeri sendi,completed,175000,BPJS
APT04722,PAT01735,DOC04,14/07/2023,16:00,Nyeri sendi,no_show,225000,BPJS
APT04723,PAT01199,DOC16,14-04-2022,09:00,Susah tidur,completed,225000,BPJS
APT04724,PAT01444,DOC02,24/08/2022,11:00,Sesak napas,completed,275000,Tunai
APT04725,PAT01275,DOC24,2022-11-04,13:00,Kelelahan,completed,60000,BPJS
APT04726,PAT00978,DOC24,2024-12-25,09:00,Tidak nafsu makan,completed,60000,Tunai
APT04727,PAT01408,DOC24,10/08/2023,08:00,Konsultasi kehamilan,completed,60000,BPJS
APT04728,PAT01361,DOC01,2024-02-20,14:00,Kontrol diabetes,rescheduled,225000,Transfer
APT04729,PAT01846,DOC14,10-05-2024,13:00,Sakit tenggorokan,completed,175000,Transfer
APT04730,PAT01909,DOC09,2024-10-03,16:00,Kelelahan,completed,350000,BPJS
APT04731,PAT01467,DOC21,19-08-2024,16:00,Bisul,completed,100000,Asuransi
APT04732,PAT00624,DOC12,09-09-2024,16:00,Tidak nafsu makan,completed,350000,Asuransi
APT04733,PAT01501,DOC12,07/08/2023,15:00,Pilek dan flu,completed,350000,BPJS
APT04734,PAT00599,DOC20,2022-11-15,15:00,Konsultasi KB,completed,150000,BPJS
APT04735,PAT00854,DOC03,01-10-2024,08:00,Mual muntah,completed,250000,Transfer
APT04736,PAT01451,DOC06,2023-01-01,13:00,Sakit tenggorokan,completed,60000,BPJS
APT04737,PAT01104,DOC21,2024-12-09,11:00,Diare,completed,100000,Tunai
APT04738,PAT01374,DOC17,2023-08-24,14:00,Susah tidur,completed,90000,Asuransi
APT04739,PAT01111,DOC22,2025-01-10,12:00,Pusing dan mual,completed,175000,BPJS
APT04740,PAT00043,DOC08,19/06/2022,14:00,Sakit pinggang,completed,175000,Tunai
APT04741,PAT01314,DOC08,14-10-2023,13:00,Diare,completed,175000,BPJS
APT04742,PAT00193,DOC04,24/05/2024,10:00,Kontrol rutin,completed,225000,Transfer
APT04743,PAT00834,DOC12,31-12-2024,09:00,Gatal pada kulit,completed,350000,Asuransi
APT04744,PAT00691,DOC06,2024-09-28,13:00,Vaksin flu,rescheduled,60000,BPJS
APT04745,PAT00109,DOC08,19-07-2024,14:00,Nyeri perut,completed,175000,Tunai
APT04746,PAT01106,DOC09,13-02-2024,15:00,Gigi berlubang,rescheduled,350000,BPJS
APT04747,PAT01583,DOC11,05/04/2023,16:00,Alergi kulit,no_show,200000,Tunai
APT04748,PAT00910,DOC13,18/05/2022,10:00,Sariawan parah,completed,75000,Transfer
APT04749,PAT00843,DOC16,12-07-2023,10:00,Demam tinggi,completed,225000,BPJS
APT04750,PAT00687,DOC10,10/10/2024,14:00,Nyeri perut,completed,225000,Tunai
APT04751,PAT01478,DOC08,04-03-2023,13:00,Imunisasi anak,completed,175000,Tunai
APT04752,PAT01284,DOC07,2024-08-07,12:00,Bisul,completed,100000,Transfer
APT04753,PAT01778,DOC19,2024-02-06,11:00,Nyeri perut,completed,75000,BPJS
APT04754,PAT01783,DOC02,05-08-2021,16:00,Sakit pinggang,completed,275000,Transfer
APT04755,PAT01890,DOC02,2023-03-01,08:00,Sakit kepala,completed,275000,BPJS
APT04756,PAT00573,DOC04,03-12-2024,15:00,Kontrol rutin,completed,225000,BPJS
APT04757,PAT00829,DOC23,29/08/2023,10:00,Mata merah,completed,100000,Transfer
APT04758,PAT01481,DOC08,12/09/2023,09:00,Konsultasi kehamilan,completed,175000,BPJS
APT04759,PAT01674,DOC21,18-10-2022,12:00,Nyeri perut,completed,100000,Tunai
APT04760,PAT01812,DOC21,12/07/2024,09:00,Kelelahan,completed,100000,Asuransi
APT04761,PAT01841,DOC16,13-03-2024,10:00,Nyeri perut,no_show,225000,BPJS
APT04762,PAT01605,DOC16,2024-12-27,12:00,Pusing dan mual,completed,225000,Asuransi
APT04763,PAT00364,DOC04,19-10-2021,09:00,Tidak nafsu makan,completed,225000,Asuransi
APT04764,PAT01016,DOC09,15/07/2024,10:00,Pilek dan flu,completed,350000,BPJS
APT04765,PAT01830,DOC03,2024-09-19,13:00,Sakit kepala,completed,250000,Transfer
APT04766,PAT01401,DOC19,12-06-2024,11:00,Pilek dan flu,completed,75000,BPJS
APT04767,PAT00295,DOC09,2023-10-20,12:00,Pendarahan gusi,completed,350000,BPJS
APT04768,PAT01673,DOC03,05/08/2024,13:00,Pilek dan flu,completed,250000,Transfer
APT04769,PAT00812,DOC13,2023-04-15,15:00,Pilek dan flu,completed,75000,BPJS
APT04770,PAT00719,DOC16,2023-06-07,14:00,Batuk berdahak,completed,225000,Tunai
APT04771,PAT01847,DOC23,18/10/2024,16:00,Alergi kulit,completed,100000,BPJS
APT04772,PAT01712,DOC25,25-01-2025,11:00,Asma kambuh,completed,350000,Tunai
APT04773,PAT00762,DOC23,27/01/2025,15:00,Luka pada kaki,completed,100000,Tunai
APT04774,PAT01385,DOC15,10/07/2024,10:00,Nyeri perut,completed,150000,Transfer
APT04775,PAT01210,DOC19,21/11/2022,09:00,Tidak nafsu makan,completed,75000,BPJS
APT04776,PAT01478,DOC24,2024-03-04,08:00,Tidak nafsu makan,completed,60000,BPJS
APT04777,PAT00003,DOC05,2024-06-11,15:00,Sariawan parah,completed,275000,Transfer
APT04778,PAT01587,DOC06,30/06/2024,12:00,Cek kesehatan umum,rescheduled,60000,Transfer
APT04779,PAT00375,DOC15,2025-01-31,12:00,Imunisasi anak,completed,150000,Tunai
APT04780,PAT01433,DOC01,30/05/2023,16:00,Tidak nafsu makan,completed,225000,Tunai
APT04781,PAT01305,DOC25,2022-09-13,14:00,Sakit gigi,completed,350000,BPJS
APT04782,PAT01840,DOC11,2024-11-12,12:00,Konsultasi KB,no_show,200000,Asuransi
APT04783,PAT01349,DOC25,24/10/2024,16:00,Cek mata kabur,completed,350000,Asuransi
APT04784,PAT01323,DOC24,18/08/2024,16:00,Tidak nafsu makan,no_show,60000,BPJS
APT04785,PAT01234,DOC23,2023-04-08,10:00,Demam dan batuk,completed,100000,Tunai
APT04786,PAT01479,DOC19,19-07-2022,10:00,Mual muntah,completed,75000,Tunai
APT04787,PAT01760,DOC13,11-10-2023,15:00,Sakit kepala,completed,75000,BPJS
APT04788,PAT00964,DOC12,16-05-2024,15:00,Sembelit,completed,350000,BPJS
APT04789,PAT01610,DOC10,2024-02-26,15:00,Mual muntah,no_show,225000,BPJS
APT04790,PAT00440,DOC01,2024-03-23,10:00,Nyeri sendi,rescheduled,225000,Transfer
APT04791,PAT00590,DOC07,22-09-2023,16:00,Demam tinggi,completed,100000,BPJS
APT04792,PAT00265,DOC05,2022-08-15,13:00,Luka pada kaki,completed,275000,BPJS
APT04793,PAT00040,DOC09,26-02-2024,10:00,Tekanan darah tinggi,rescheduled,350000,BPJS
APT04794,PAT00806,DOC10,02/10/2022,13:00,Demam dan batuk,completed,225000,Transfer
APT04795,PAT00576,DOC11,24-11-2023,15:00,Gatal pada kulit,completed,200000,BPJS
APT04796,PAT00587,DOC25,2024-08-11,10:00,Alergi kulit,completed,350000,BPJS
APT04797,PAT00364,DOC05,09/01/2023,15:00,Asma kambuh,cancelled,275000,Asuransi
APT04798,PAT00005,DOC07,19/01/2024,10:00,Kelelahan,completed,100000,BPJS
APT04799,PAT00986,DOC03,15/03/2022,08:00,Pusing dan mual,cancelled,250000,Transfer
APT04800,PAT00648,DOC17,2024-08-18,14:00,Sesak napas,completed,90000,BPJS
APT04801,PAT01289,DOC15,2024-12-30,11:00,Konsultasi KB,completed,150000,Asuransi
APT04802,PAT01717,DOC13,2024-11-17,15:00,Konsultasi KB,completed,75000,Tunai
APT04803,PAT01348,DOC25,2025-01-01,11:00,USG kehamilan,completed,350000,Tunai
APT04804,PAT00504,DOC17,30/01/2023,11:00,Susah tidur,completed,90000,Tunai
APT04805,PAT01678,DOC14,2023-11-18,16:00,Konsultasi kehamilan,completed,175000,Tunai
APT04806,PAT01474,DOC13,04-04-2024,16:00,Pusing dan mual,completed,75000,BPJS
APT04807,PAT01051,DOC04,04-12-2023,11:00,Bisul,completed,225000,BPJS
APT04808,PAT01980,DOC18,02/02/2023,14:00,Telinga sakit,cancelled,275000,Asuransi
APT04809,PAT01522,DOC05,24/10/2022,13:00,Kontrol rutin,no_show,275000,BPJS
APT04810,PAT01656,DOC21,2024-07-30,11:00,Vaksin flu,completed,100000,Tunai
APT04811,PAT01997,DOC16,2024-02-01,13:00,Diare,completed,225000,BPJS
APT04812,PAT01188,DOC20,2024-06-12,08:00,Mual muntah,completed,150000,Asuransi
APT04813,PAT00524,DOC20,16-11-2023,08:00,Imunisasi anak,completed,150000,Asuransi
APT04814,PAT01903,DOC10,07-03-2024,13:00,Gigi berlubang,completed,225000,Tunai
APT04815,PAT00809,DOC15,10/09/2023,10:00,Cek mata kabur,rescheduled,150000,Asuransi
APT04816,PAT00380,DOC18,09/08/2022,08:00,Asma kambuh,completed,275000,BPJS
APT04817,PAT00902,DOC15,24/12/2024,15:00,Sembelit,completed,150000,BPJS
APT04818,PAT01970,DOC15,10-04-2024,11:00,Konsultasi KB,completed,150000,BPJS
APT04819,PAT00155,DOC18,2023-12-02,08:00,Telinga sakit,completed,275000,Transfer
APT04820,PAT00897,DOC09,2025-01-09,14:00,Kelelahan,completed,350000,Transfer
APT04821,PAT01833,DOC19,14/03/2024,11:00,Kontrol rutin,completed,75000,Asuransi
APT04822,PAT00442,DOC23,20/05/2024,12:00,Kontrol rutin,cancelled,100000,Asuransi
APT04823,PAT00324,DOC09,18/01/2024,14:00,Demam tinggi,completed,350000,BPJS
APT04824,PAT01453,DOC08,11/05/2024,10:00,Sesak napas,cancelled,175000,Tunai
APT04825,PAT01420,DOC16,2024-09-08,11:00,Mual muntah,no_show,225000,Asuransi
APT04826,PAT00223,DOC17,01/09/2023,09:00,USG kehamilan,completed,90000,Asuransi
APT04827,PAT01688,DOC14,2024-07-15,14:00,Pilek dan flu,completed,175000,BPJS
APT04828,PAT00290,DOC19,2024-02-22,08:00,Kontrol diabetes,completed,75000,BPJS
APT04829,PAT01935,DOC12,10-09-2024,10:00,Nyeri sendi,completed,350000,Tunai
APT04830,PAT00826,DOC07,23/08/2024,16:00,Telinga sakit,completed,100000,Transfer
APT04831,PAT01568,DOC05,16-08-2024,14:00,Susah tidur,cancelled,275000,Transfer
APT04832,PAT00071,DOC01,2024-02-27,10:00,Bisul,completed,225000,Tunai
APT04833,PAT01728,DOC08,22-10-2023,13:00,Susah tidur,completed,175000,BPJS
APT04834,PAT00056,DOC19,2024-11-13,16:00,Alergi kulit,completed,75000,BPJS
APT04835,PAT01842,DOC22,08/08/2024,10:00,Sesak napas,completed,175000,BPJS
APT04836,PAT01414,DOC01,07-07-2024,09:00,Sesak napas,completed,225000,Transfer
APT04837,PAT00059,DOC10,17/07/2024,15:00,Gatal pada kulit,completed,225000,BPJS
APT04838,PAT01477,DOC20,24/02/2024,13:00,Sesak napas,completed,150000,Asuransi
APT04839,PAT01713,DOC10,2025-01-04,13:00,Mata merah,completed,225000,BPJS
APT04840,PAT01723,DOC10,2024-11-18,14:00,Sakit tenggorokan,completed,225000,Asuransi
APT04841,PAT00999,DOC16,31-10-2024,15:00,Luka pada kaki,completed,225000,Tunai
APT04842,PAT00307,DOC06,10-09-2023,14:00,Cek kesehatan umum,cancelled,60000,BPJS
APT04843,PAT01496,DOC22,13/03/2022,13:00,Mata merah,rescheduled,175000,Tunai
APT04844,PAT01946,DOC02,22/06/2021,10:00,Tidak nafsu makan,completed,275000,Tunai
APT04845,PAT00279,DOC15,2024-10-20,13:00,Gigi berlubang,rescheduled,150000,Transfer
APT04846,PAT01726,DOC14,23/07/2024,14:00,Sariawan parah,completed,175000,BPJS
APT04847,PAT01754,DOC18,04-11-2024,08:00,Batuk berdahak,completed,275000,Tunai
APT04848,PAT00517,DOC12,25/12/2022,16:00,Mual muntah,cancelled,350000,Transfer
APT04849,PAT01388,DOC01,21-09-2022,14:00,Susah tidur,rescheduled,225000,Tunai
APT04850,PAT00318,DOC25,2022-10-13,15:00,Sakit pinggang,completed,350000,Tunai
APT04851,PAT00112,DOC01,2023-11-08,09:00,Telinga sakit,completed,225000,BPJS
APT04852,PAT01085,DOC12,2024-08-17,10:00,Pusing dan mual,completed,350000,BPJS
APT04853,PAT00525,DOC11,2024-02-09,14:00,Sakit pinggang,completed,200000,Tunai
APT04854,PAT00435,DOC06,2023-02-20,09:00,Cek kesehatan umum,completed,60000,Tunai
APT04855,PAT01260,DOC10,2023-09-14,09:00,Imunisasi anak,completed,225000,Transfer
APT04856,PAT01642,DOC25,17-11-2024,13:00,Pilek dan flu,no_show,350000,Transfer
APT04857,PAT00824,DOC19,2024-10-11,11:00,Konsultasi kehamilan,completed,75000,Asuransi
APT04858,PAT00489,DOC18,28/10/2023,13:00,Alergi kulit,rescheduled,275000,Transfer
APT04859,PAT00670,DOC19,25-08-2021,15:00,Demam dan batuk,completed,75000,BPJS
APT04860,PAT01512,DOC22,2024-10-26,13:00,Nyeri perut,cancelled,175000,Tunai
APT04861,PAT01720,DOC14,2023-07-02,14:00,Demam tinggi,completed,175000,BPJS
APT04862,PAT01655,DOC05,28/04/2024,15:00,Sakit gigi,completed,275000,BPJS
APT04863,PAT01444,DOC17,2024-06-05,09:00,Nyeri perut,completed,90000,Transfer
APT04864,PAT01695,DOC07,11/04/2023,14:00,Sariawan parah,completed,100000,Asuransi
APT04865,PAT00470,DOC17,2024-03-27,09:00,Sesak napas,completed,90000,BPJS
APT04866,PAT00272,DOC18,28/10/2023,16:00,Pendarahan gusi,completed,275000,Transfer
APT04867,PAT01552,DOC19,13/11/2024,14:00,Diare,completed,75000,Asuransi
APT04868,PAT01181,DOC08,28-08-2023,10:00,Bisul,completed,175000,Transfer
APT04869,PAT00116,DOC12,07/02/2023,09:00,Kelelahan,completed,350000,BPJS
APT04870,PAT00097,DOC11,2024-02-19,08:00,Bisul,completed,200000,Tunai
APT04871,PAT01524,DOC04,11/06/2024,10:00,Cek mata kabur,completed,225000,BPJS
APT04872,PAT00538,DOC23,26/11/2024,16:00,Telinga sakit,completed,100000,Tunai
APT04873,PAT01162,DOC14,12-06-2024,12:00,USG kehamilan,rescheduled,175000,Tunai
APT04874,PAT00140,DOC18,2023-07-10,12:00,Demam dan batuk,no_show,275000,Transfer
APT04875,PAT01790,DOC08,2024-10-09,14:00,Telinga sakit,completed,175000,Asuransi
APT04876,PAT00941,DOC03,26/11/2024,10:00,Tidak nafsu makan,rescheduled,250000,BPJS
APT04877,PAT01408,DOC12,2023-12-09,16:00,Luka pada kaki,completed,350000,BPJS
APT04878,PAT01085,DOC16,2024-05-15,13:00,Kontrol diabetes,completed,225000,BPJS
APT04879,PAT00314,DOC08,2022-06-07,08:00,Demam pada anak,completed,175000,Asuransi
APT04880,PAT00014,DOC19,06-11-2023,12:00,Kontrol diabetes,completed,75000,BPJS
APT04881,PAT00739,DOC01,22/12/2024,09:00,Diare,completed,225000,BPJS
APT04882,PAT01878,DOC11,05-03-2022,14:00,Kontrol diabetes,completed,200000,BPJS
APT04883,PAT01761,DOC13,2023-09-28,08:00,Demam pada anak,completed,75000,BPJS
APT04884,PAT00715,DOC20,2021-10-04,16:00,Demam pada anak,completed,150000,BPJS
APT04885,PAT01426,DOC15,09-07-2023,13:00,Tidak nafsu makan,cancelled,150000,Tunai
APT04886,PAT01826,DOC19,2024-06-29,15:00,Sariawan parah,completed,75000,BPJS
APT04887,PAT01196,DOC04,2024-12-12,12:00,Tidak nafsu makan,completed,225000,BPJS
APT04888,PAT00463,DOC15,2023-06-14,08:00,Imunisasi anak,cancelled,150000,Transfer
APT04889,PAT01781,DOC05,17-11-2021,14:00,Sakit kepala,completed,275000,Transfer
APT04890,PAT00256,DOC01,2022-04-03,15:00,Alergi kulit,completed,225000,BPJS
APT04891,PAT01019,DOC03,04/04/2023,10:00,Nyeri sendi,completed,250000,BPJS
APT04892,PAT00345,DOC03,21-11-2023,09:00,Pendarahan gusi,cancelled,250000,BPJS
APT04893,PAT00268,DOC14,2024-07-02,10:00,Mata merah,rescheduled,175000,Transfer
APT04894,PAT00922,DOC07,13/11/2024,16:00,Sakit tenggorokan,completed,100000,BPJS
APT04895,PAT01943,DOC08,2021-08-24,16:00,Mata merah,completed,175000,BPJS
APT04896,PAT00539,DOC12,02-01-2023,11:00,Tidak nafsu makan,completed,350000,Tunai
APT04897,PAT01887,DOC25,28-07-2024,08:00,Konsultasi kehamilan,completed,350000,Asuransi
APT04898,PAT00791,DOC07,24-09-2022,10:00,Kelelahan,completed,100000,Tunai
APT04899,PAT00542,DOC21,12/12/2023,13:00,Cek mata kabur,completed,100000,BPJS
APT04900,PAT00827,DOC18,07/11/2023,14:00,Sembelit,completed,275000,BPJS
APT04901,PAT01532,DOC22,2024-06-05,16:00,Kontrol rutin,completed,175000,BPJS
APT04902,PAT00102,DOC23,18-08-2023,16:00,Sariawan parah,completed,100000,BPJS
APT04903,PAT01886,DOC23,27-11-2022,16:00,Demam tinggi,completed,100000,BPJS
APT04904,PAT00961,DOC12,17-09-2021,09:00,Batuk berdahak,completed,350000,Transfer
APT04905,PAT00453,DOC22,30/10/2024,13:00,Luka pada kaki,completed,175000,Tunai
APT04906,PAT00219,DOC18,2021-12-02,15:00,Luka pada kaki,completed,275000,Transfer
APT04907,PAT01980,DOC23,2025-01-17,12:00,USG kehamilan,completed,100000,Asuransi
APT04908,PAT01637,DOC10,2024-05-08,16:00,Demam tinggi,completed,225000,BPJS
APT04909,PAT01372,DOC25,2022-07-10,12:00,Sesak napas,completed,350000,BPJS
APT04910,PAT00833,DOC03,04/10/2024,13:00,Nyeri sendi,completed,250000,Asuransi
APT04911,PAT00931,DOC03,02/05/2022,08:00,Cek mata kabur,completed,250000,BPJS
APT04912,PAT00850,DOC05,22/10/2023,14:00,Alergi kulit,completed,275000,Tunai
APT04913,PAT01134,DOC12,2024-02-27,13:00,Sakit pinggang,completed,350000,Tunai
APT04914,PAT01592,DOC21,09-12-2024,11:00,Tidak nafsu makan,rescheduled,100000,Tunai
APT04915,PAT00872,DOC14,2023-06-09,13:00,USG kehamilan,completed,175000,Transfer
APT04916,PAT00094,DOC06,2024-07-25,12:00,Sakit gigi,completed,60000,BPJS
APT04917,PAT00478,DOC18,2023-11-14,14:00,Cek gula darah,cancelled,275000,BPJS
APT04918,PAT00781,DOC14,30/07/2024,16:00,Cek kesehatan umum,completed,175000,Transfer
APT04919,PAT01324,DOC04,19/01/2025,14:00,Sakit tenggorokan,rescheduled,225000,BPJS
APT04920,PAT00789,DOC06,2024-09-28,16:00,Gatal pada kulit,completed,60000,BPJS
APT04921,PAT00447,DOC23,18-04-2023,16:00,Gigi berlubang,cancelled,100000,Transfer
APT04922,PAT01540,DOC07,04/10/2022,09:00,Demam pada anak,cancelled,100000,BPJS
APT04923,PAT01291,DOC07,2022-01-12,11:00,Telinga sakit,completed,100000,Transfer
APT04924,PAT00233,DOC04,03/04/2024,08:00,Tekanan darah tinggi,completed,225000,BPJS
APT04925,PAT01038,DOC10,2023-11-11,11:00,Cek kesehatan umum,cancelled,225000,Transfer
APT04926,PAT00935,DOC19,12-09-2022,15:00,Tekanan darah tinggi,cancelled,75000,BPJS
APT04927,PAT00465,DOC25,2024-02-19,09:00,Vaksin flu,completed,350000,BPJS
APT04928,PAT00156,DOC20,15-10-2024,14:00,Bisul,rescheduled,150000,Asuransi
APT04929,PAT01805,DOC06,11/05/2023,16:00,Sembelit,completed,60000,BPJS
APT04930,PAT01365,DOC17,13/12/2023,11:00,Demam tinggi,completed,90000,Tunai
APT04931,PAT01300,DOC23,2023-05-20,15:00,Cek kesehatan umum,completed,100000,Tunai
APT04932,PAT01081,DOC15,20/02/2023,15:00,Sesak napas,completed,150000,Tunai
APT04933,PAT01773,DOC15,2022-09-27,15:00,Pusing dan mual,completed,150000,Transfer
APT04934,PAT01288,DOC14,2021-12-31,15:00,Telinga sakit,completed,175000,Transfer
APT04935,PAT00700,DOC15,2024-10-31,08:00,Mual muntah,completed,150000,BPJS
APT04936,PAT01038,DOC08,09/08/2024,12:00,Nyeri sendi,completed,175000,Tunai
APT04937,PAT00674,DOC04,04-01-2023,16:00,Kontrol rutin,completed,225000,Transfer
APT04938,PAT00648,DOC09,17/07/2023,13:00,Nyeri perut,cancelled,350000,Transfer
APT04939,PAT01839,DOC22,14/09/2022,12:00,Sakit tenggorokan,completed,175000,BPJS
APT04940,PAT01889,DOC05,07/10/2024,14:00,Mata merah,no_show,275000,BPJS
APT04941,PAT01121,DOC09,09-10-2023,09:00,Alergi kulit,no_show,350000,BPJS
APT04942,PAT01374,DOC15,2021-09-07,14:00,Nyeri sendi,completed,150000,Transfer
APT04943,PAT01864,DOC04,12-04-2023,12:00,Batuk berdahak,cancelled,225000,BPJS
APT04944,PAT00503,DOC16,29/08/2023,10:00,Sakit kepala,completed,225000,BPJS
APT04945,PAT01678,DOC12,2023-05-25,09:00,Sesak napas,completed,350000,BPJS
APT04946,PAT01927,DOC22,06/12/2023,14:00,Cek kesehatan umum,completed,175000,BPJS
APT04947,PAT00719,DOC16,2023-12-05,11:00,Vaksin flu,completed,225000,BPJS
APT04948,PAT01835,DOC17,06/12/2022,08:00,USG kehamilan,completed,90000,BPJS
APT04949,PAT00413,DOC09,06/06/2022,15:00,Kelelahan,completed,350000,Asuransi
APT04950,PAT00032,DOC20,2023-08-08,15:00,Demam tinggi,completed,150000,Transfer
APT04951,PAT00767,DOC16,2024-05-29,09:00,Cek kesehatan umum,completed,225000,Asuransi
APT04952,PAT00209,DOC10,11/08/2024,13:00,Sakit tenggorokan,no_show,225000,BPJS
APT04953,PAT01193,DOC23,25/01/2025,13:00,Batuk berdahak,completed,100000,Tunai
APT04954,PAT01587,DOC07,14-12-2023,15:00,Konsultasi kehamilan,completed,100000,Transfer
APT04955,PAT01125,DOC02,03/11/2024,10:00,Konsultasi KB,completed,275000,BPJS
APT04956,PAT00874,DOC24,2021-11-28,16:00,Gigi berlubang,completed,60000,Tunai
APT04957,PAT00527,DOC08,2025-01-25,16:00,Susah tidur,rescheduled,175000,BPJS
APT04958,PAT00784,DOC18,24/04/2024,16:00,Diare,completed,275000,Transfer
APT04959,PAT01462,DOC06,22-03-2024,08:00,Konsultasi KB,completed,60000,Transfer
APT04960,PAT00065,DOC15,02/09/2021,12:00,Mual muntah,completed,150000,BPJS
APT04961,PAT00514,DOC11,14-04-2023,11:00,Sakit kepala,completed,200000,BPJS
APT04962,PAT00774,DOC22,20/06/2023,12:00,Telinga sakit,completed,175000,BPJS
APT04963,PAT01381,DOC20,21-01-2024,08:00,Kelelahan,completed,150000,Tunai
APT04964,PAT01718,DOC17,10/11/2024,11:00,Konsultasi kehamilan,completed,90000,BPJS
APT04965,PAT00059,DOC06,12/07/2024,14:00,Mata merah,no_show,60000,BPJS
APT04966,PAT01655,DOC15,11-06-2022,10:00,Konsultasi kehamilan,completed,150000,BPJS
APT04967,PAT00455,DOC14,07/11/2024,13:00,Gigi berlubang,completed,175000,Asuransi
APT04968,PAT01703,DOC07,21/01/2023,14:00,Kontrol rutin,completed,100000,Transfer
APT04969,PAT01199,DOC02,23/01/2023,15:00,Gatal pada kulit,completed,275000,BPJS
APT04970,PAT00432,DOC11,02/01/2025,10:00,Tekanan darah tinggi,completed,200000,Transfer
APT04971,PAT01552,DOC22,02-10-2023,12:00,Pendarahan gusi,completed,175000,Tunai
APT04972,PAT00108,DOC25,28/08/2024,11:00,Sariawan parah,completed,350000,BPJS
APT04973,PAT01820,DOC07,2023-11-11,13:00,Sakit tenggorokan,completed,100000,BPJS
APT04974,PAT01387,DOC22,27/08/2024,14:00,Sakit gigi,completed,175000,Tunai
APT04975,PAT00862,DOC02,20/09/2024,14:00,Gigi berlubang,completed,275000,BPJS
APT04976,PAT01250,DOC18,03/05/2024,15:00,Tekanan darah tinggi,completed,275000,Transfer
APT04977,PAT00523,DOC01,2024-01-12,09:00,Nyeri sendi,completed,225000,BPJS
APT04978,PAT00235,DOC13,20-02-2023,09:00,Nyeri perut,completed,75000,Asuransi
APT04979,PAT01260,DOC03,2023-04-04,14:00,Demam pada anak,no_show,250000,BPJS
APT04980,PAT00636,DOC23,2022-08-22,10:00,Demam pada anak,cancelled,100000,Asuransi
APT04981,PAT01813,DOC06,18/04/2024,08:00,Kontrol rutin,completed,60000,BPJS
APT04982,PAT00261,DOC18,2025-01-11,10:00,Tekanan darah tinggi,cancelled,275000,BPJS
APT04983,PAT01067,DOC09,23/02/2023,13:00,Luka pada kaki,completed,350000,Transfer
APT04984,PAT01871,DOC20,12/08/2024,16:00,Konsultasi KB,completed,150000,Asuransi
APT04985,PAT01892,DOC19,2024-07-10,13:00,Bisul,completed,75000,Transfer
APT04986,PAT00343,DOC05,15/08/2023,09:00,Vaksin flu,completed,275000,Tunai
APT04987,PAT01777,DOC16,14/06/2023,10:00,Konsultasi KB,completed,225000,Asuransi
APT04988,PAT01276,DOC15,15/03/2024,13:00,Kontrol diabetes,completed,150000,BPJS
APT04989,PAT00645,DOC04,2024-05-18,16:00,Kelelahan,completed,225000,Transfer
APT04990,PAT01375,DOC11,30/08/2024,11:00,Sembelit,no_show,200000,BPJS
APT04991,PAT00877,DOC16,06/07/2024,14:00,Telinga sakit,completed,225000,BPJS
APT04992,PAT00120,DOC07,2024-02-23,08:00,Pilek dan flu,completed,100000,BPJS
APT04993,PAT00262,DOC21,11/10/2022,11:00,Gatal pada kulit,completed,100000,Tunai
APT04994,PAT01010,DOC12,2022-08-05,12:00,Cek gula darah,completed,350000,Tunai
APT04995,PAT00618,DOC10,2024-10-16,11:00,Sakit pinggang,completed,225000,BPJS
APT04996,PAT01385,DOC25,2024-10-25,15:00,Sakit gigi,completed,350000,Transfer
APT04997,PAT01038,DOC17,2024-07-11,11:00,USG kehamilan,cancelled,90000,Transfer
APT04998,PAT01814,DOC17,30-01-2023,16:00,Diare,completed,90000,BPJS
APT04999,PAT00309,DOC12,2023-01-08,11:00,Kontrol rutin,no_show,350000,Transfer
APT05000,PAT01756,DOC07,29/01/2024,11:00,Sakit pinggang,completed,100000,BPJS
