diagnosis_id,appt_id,icd_code,description,severity,follow_up_required,notes
DGN0001,APT02718,Z00,General medical examination / cek kesehatan,mild,false,Pasien kooperatif
DGN0002,APT02558,K30,Dispepsia fungsional,moderate,true,Edukasi keluarga
DGN0003,APT00328,M54,Nyeri punggung bawah (low back pain),moderate,false,Edukasi keluarga
DGN0004,APT02863,J02,Faringitis akut,moderate,false,
DGN0005,APT01656,R51,Sakit kepala / nyeri kepala,mild,false,Hindari makanan pedas
DGN0006,APT01622,,Klinis sesuai keluhan utama,moderate,false,
DGN0007,APT01673,A09,Gastroenteritis akut / diare,mild,false,
DGN0008,APT04602,J03,Tonsilitis akut,moderate,true,Hindari paparan alergen
DGN0009,APT00390,Z30,Konsultasi KB / kontrasepsi,mild,false,Cek lab ulang 2 minggu
DGN0010,APT03710,K02,Karies gigi,mild,false,Observasi suhu
DGN0011,APT04022,L23,Dermatitis kontak alergi,mild,false,Edukasi pola makan
DGN0012,APT03625,R05,Batuk,mild,false,Pasien tampak membaik
DGN0013,APT03189,,Diperlukan evaluasi lebih lanjut,mild,false,Lanjut terapi sebelumnya
DGN0014,APT03465,R50,Demam tidak diketahui sebabnya,mild,false,Pasien kooperatif
DGN0015,APT02291,H66,Otitis media supuratif,mild,true,
DGN0016,APT00147,E78,Dislipidemia,mild,false,
DGN0017,APT03269,I11,Penyakit jantung hipertensi,mild,false,
DGN0018,APT00882,J00,Common cold (nasopharyngitis akut),mild,true,
DGN0019,APT01503,J20,Bronkitis akut,moderate,false,Edukasi keluarga
DGN0020,APT01717,Z30,Konsultasi KB / kontrasepsi,mild,false,
DGN0021,APT02408,K29,Gastritis,mild,false,Kontrol 1 minggu lagi
DGN0022,APT04618,J45,Asma bronkial,moderate,false,Kontrol 1 minggu lagi
DGN0023,APT00891,,Diagnosis klinis tanpa kode,moderate,false,Edukasi pola makan
DGN0024,APT03491,,Gejala umum tidak spesifik,severe,true,Pasien tampak membaik
DGN0025,APT04430,R05,Batuk,mild,false,Pasien tampak membaik
DGN0026,APT02249,H66,Otitis media supuratif,mild,false,Edukasi keluarga
DGN0027,APT02063,L23,Dermatitis kontak alergi,moderate,true,Tidak ada tanda komplikasi
DGN0028,APT02226,K02,Karies gigi,mild,false,Pasien sadar dan kooperatif
DGN0029,APT02605,J11,Influenza,moderate,true,Edukasi keluarga
DGN0030,APT04569,Z00,General medical examination / cek kesehatan,moderate,true,Hindari makanan pedas
DGN0031,APT02209,L50,Urtikaria / biduran,mild,false,Tetap minum obat teratur
DGN0032,APT00371,J11,Influenza,severe,true,
DGN0033,APT01475,A09,Gastroenteritis akut / diare,mild,false,
DGN0034,APT02832,,Gejala umum tidak spesifik,mild,true,Kontrol 1 minggu lagi
DGN0035,APT00104,H10,Konjungtivitis,severe,true,Kontrol 1 minggu lagi
DGN0036,APT02892,,Diagnosis sementara,mild,false,Pasien tampak membaik
DGN0037,APT03975,H10,Konjungtivitis,mild,true,
DGN0038,APT00414,,Diagnosis klinis tanpa kode,mild,false,
DGN0039,APT00978,J20,Bronkitis akut,moderate,false,Tetap minum obat teratur
DGN0040,APT01399,Z34,Supervisi kehamilan normal,mild,true,Tetap minum obat teratur
DGN0041,APT01941,R51,Sakit kepala / nyeri kepala,mild,true,
DGN0042,APT01558,R51,Sakit kepala / nyeri kepala,mild,false,
DGN0043,APT00016,,Klinis sesuai keluhan utama,mild,false,
DGN0044,APT01511,M25,Nyeri sendi,severe,false,Edukasi pola makan
DGN0045,APT01275,Z30,Konsultasi KB / kontrasepsi,mild,false,Pasien kooperatif
DGN0046,APT00499,K59,Konstipasi,severe,false,Tidak ada tanda komplikasi
DGN0047,APT03834,L50,Urtikaria / biduran,mild,false,Anjurkan istirahat cukup
DGN0048,APT00022,J11,Influenza,mild,false,
DGN0049,APT04705,K05,Gingivitis,moderate,false,Anjuran banyak minum air
DGN0050,APT02895,M54,Nyeri punggung bawah (low back pain),mild,false,Anjuran banyak minum air
DGN0051,APT04796,H10,Konjungtivitis,mild,false,Observasi suhu
DGN0052,APT02924,J03,Tonsilitis akut,mild,false,Kontrol 1 minggu lagi
DGN0053,APT01076,H66,Otitis media supuratif,mild,false,
DGN0054,APT03860,I11,Penyakit jantung hipertensi,severe,true,
DGN0055,APT03353,R50,Demam tidak diketahui sebabnya,mild,true,Observasi suhu
DGN0056,APT02482,J00,Common cold (nasopharyngitis akut),mild,false,Pasien kooperatif
DGN0057,APT02039,H66,Otitis media supuratif,moderate,false,Anjurkan istirahat cukup
DGN0058,APT03546,,Diagnosis klinis tanpa kode,mild,false,Tetap minum obat teratur
DGN0059,APT03129,J11,Influenza,severe,false,
DGN0060,APT02856,E78,Dislipidemia,moderate,false,Edukasi keluarga
DGN0061,APT01254,J06,Infeksi saluran napas atas akut,mild,true,
DGN0062,APT01339,J03,Tonsilitis akut,mild,true,Observasi suhu
DGN0063,APT00745,,Klinis sesuai keluhan utama,mild,false,Tetap minum obat teratur
DGN0064,APT03919,J20,Bronkitis akut,mild,false,Pasien kooperatif
DGN0065,APT04685,K02,Karies gigi,mild,false,Kontrol 1 minggu lagi
DGN0066,APT02051,N39,Infeksi saluran kemih,moderate,false,
DGN0067,APT01913,J20,Bronkitis akut,mild,false,
DGN0068,APT00687,J00,Common cold (nasopharyngitis akut),mild,false,Anjuran banyak minum air
DGN0069,APT01878,I10,Hipertensi esensial,mild,true,Pasien tampak membaik
DGN0070,APT03372,,Klinis sesuai keluhan utama,mild,false,Anjurkan istirahat cukup
DGN0071,APT02977,R05,Batuk,mild,false,Observasi suhu
DGN0072,APT01945,K05,Gingivitis,severe,false,Edukasi pola makan
DGN0073,APT02674,N39,Infeksi saluran kemih,mild,false,Hindari makanan pedas
DGN0074,APT02323,,Diagnosis klinis tanpa kode,mild,false,Hindari makanan pedas
DGN0075,APT03664,L50,Urtikaria / biduran,severe,false,Tidak ada tanda komplikasi
DGN0076,APT04673,R10,Nyeri perut tidak spesifik,mild,true,Cek lab ulang 2 minggu
DGN0077,APT03446,E78,Dislipidemia,mild,false,Anjuran banyak minum air
DGN0078,APT01999,K30,Dispepsia fungsional,mild,false,Tetap minum obat teratur
DGN0079,APT02955,A09,Gastroenteritis akut / diare,mild,false,Anjurkan istirahat cukup
DGN0080,APT02792,,Diagnosis sementara,moderate,false,Edukasi pola makan
DGN0081,APT00768,R51,Sakit kepala / nyeri kepala,mild,false,
DGN0082,APT00460,M25,Nyeri sendi,mild,false,
DGN0083,APT01156,J02,Faringitis akut,mild,true,Pasien tampak membaik
DGN0084,APT01144,M54,Nyeri punggung bawah (low back pain),moderate,true,
DGN0085,APT01047,J20,Bronkitis akut,mild,true,
DGN0086,APT03675,,Gejala umum tidak spesifik,mild,false,Observasi suhu
DGN0087,APT01087,R05,Batuk,mild,true,Tetap minum obat teratur
DGN0088,APT04133,,Diagnosis sementara,moderate,false,Lanjut terapi sebelumnya
DGN0089,APT03588,E11,Diabetes mellitus tipe 2,mild,true,Edukasi pola makan
DGN0090,APT02899,J20,Bronkitis akut,mild,true,Tidak ada tanda komplikasi
DGN0091,APT01039,K59,Konstipasi,mild,false,Pasien sadar dan kooperatif
DGN0092,APT02484,,Klinis sesuai keluhan utama,mild,false,
DGN0093,APT02593,K05,Gingivitis,mild,false,Hindari paparan alergen
DGN0094,APT02326,E11,Diabetes mellitus tipe 2,severe,true,Edukasi pola makan
DGN0095,APT00162,R10,Nyeri perut tidak spesifik,mild,true,
DGN0096,APT02903,N39,Infeksi saluran kemih,mild,false,
DGN0097,APT00867,J03,Tonsilitis akut,moderate,false,Hindari makanan pedas
DGN0098,APT02214,L23,Dermatitis kontak alergi,mild,false,Pasien tampak membaik
DGN0099,APT04867,J00,Common cold (nasopharyngitis akut),moderate,false,
DGN0100,APT01370,N39,Infeksi saluran kemih,mild,true,Kontrol 1 minggu lagi
DGN0101,APT04850,K30,Dispepsia fungsional,severe,false,Pasien sadar dan kooperatif
DGN0102,APT02569,Z30,Konsultasi KB / kontrasepsi,mild,false,
DGN0103,APT02928,R05,Batuk,severe,false,
DGN0104,APT03858,H66,Otitis media supuratif,mild,false,
DGN0105,APT03417,K05,Gingivitis,moderate,false,
DGN0106,APT01943,M54,Nyeri punggung bawah (low back pain),moderate,false,
DGN0107,APT00569,Z30,Konsultasi KB / kontrasepsi,mild,false,Hindari makanan pedas
DGN0108,APT04810,J00,Common cold (nasopharyngitis akut),mild,false,
DGN0109,APT02746,,Gejala umum tidak spesifik,moderate,false,Anjuran banyak minum air
DGN0110,APT04754,E11,Diabetes mellitus tipe 2,moderate,false,
DGN0111,APT04121,E78,Dislipidemia,mild,false,
DGN0112,APT00468,N39,Infeksi saluran kemih,mild,true,
DGN0113,APT03173,Z34,Supervisi kehamilan normal,moderate,false,Edukasi keluarga
DGN0114,APT04881,J11,Influenza,severe,false,Observasi suhu
DGN0115,APT02683,,Gejala umum tidak spesifik,mild,false,
DGN0116,APT00681,J11,Influenza,mild,false,
DGN0117,APT00842,Z00,General medical examination / cek kesehatan,moderate,true,Anjuran banyak minum air
DGN0118,APT00924,K29,Gastritis,moderate,true,
DGN0119,APT00618,R51,Sakit kepala / nyeri kepala,mild,true,
DGN0120,APT00871,K05,Gingivitis,mild,true,Anjurkan istirahat cukup
DGN0121,APT01825,,Diagnosis sementara,moderate,true,Tetap minum obat teratur
DGN0122,APT00851,M25,Nyeri sendi,severe,false,
DGN0123,APT00712,K59,Konstipasi,mild,true,
DGN0124,APT01293,R05,Batuk,mild,true,
DGN0125,APT01141,L23,Dermatitis kontak alergi,mild,false,Pasien tampak membaik
DGN0126,APT00585,J02,Faringitis akut,mild,false,Pasien kooperatif
DGN0127,APT01031,,Diperlukan evaluasi lebih lanjut,moderate,false,
DGN0128,APT03605,K02,Karies gigi,mild,false,
DGN0129,APT02054,K05,Gingivitis,moderate,false,
DGN0130,APT03780,L23,Dermatitis kontak alergi,mild,false,Anjurkan istirahat cukup
DGN0131,APT04903,J06,Infeksi saluran napas atas akut,moderate,false,Cek lab ulang 2 minggu
DGN0132,APT03879,M54,Nyeri punggung bawah (low back pain),mild,false,Kontrol 1 minggu lagi
DGN0133,APT04769,M79,Mialgia / nyeri otot,mild,false,Anjuran banyak minum air
DGN0134,APT00671,K05,Gingivitis,mild,false,
DGN0135,APT01011,R50,Demam tidak diketahui sebabnya,mild,true,
DGN0136,APT04640,Z00,General medical examination / cek kesehatan,mild,false,Tidak ada tanda komplikasi
DGN0137,APT02956,Z34,Supervisi kehamilan normal,mild,false,
DGN0138,APT00938,K05,Gingivitis,moderate,false,Hindari paparan alergen
DGN0139,APT01381,M54,Nyeri punggung bawah (low back pain),mild,true,
DGN0140,APT01661,,Diperlukan evaluasi lebih lanjut,moderate,true,
DGN0141,APT04128,H66,Otitis media supuratif,mild,false,
DGN0142,APT02673,J45,Asma bronkial,severe,false,Pasien sadar dan kooperatif
DGN0143,APT01286,L23,Dermatitis kontak alergi,moderate,true,Tidak ada tanda komplikasi
DGN0144,APT01492,I10,Hipertensi esensial,mild,false,Kontrol 1 minggu lagi
DGN0145,APT00226,H10,Konjungtivitis,severe,false,Tetap minum obat teratur
DGN0146,APT03411,Z30,Konsultasi KB / kontrasepsi,mild,false,Hindari paparan alergen
DGN0147,APT03700,,Diagnosis klinis tanpa kode,severe,false,Hindari paparan alergen
DGN0148,APT01130,M79,Mialgia / nyeri otot,mild,true,Tidak ada tanda komplikasi
DGN0149,APT04224,M25,Nyeri sendi,moderate,false,Pasien sadar dan kooperatif
DGN0150,APT03014,K05,Gingivitis,mild,false,Anjuran banyak minum air
DGN0151,APT03889,E78,Dislipidemia,moderate,true,Anjuran banyak minum air
DGN0152,APT03228,E78,Dislipidemia,moderate,false,
DGN0153,APT03568,J03,Tonsilitis akut,moderate,true,Pasien tampak membaik
DGN0154,APT03355,K30,Dispepsia fungsional,mild,false,Hindari paparan alergen
DGN0155,APT01642,L23,Dermatitis kontak alergi,mild,true,
DGN0156,APT04511,R50,Demam tidak diketahui sebabnya,mild,true,Observasi suhu
DGN0157,APT02798,N39,Infeksi saluran kemih,mild,false,Anjuran banyak minum air
DGN0158,APT01766,I10,Hipertensi esensial,mild,true,
DGN0159,APT03187,J11,Influenza,mild,true,
DGN0160,APT03180,R10,Nyeri perut tidak spesifik,mild,false,Lanjut terapi sebelumnya
DGN0161,APT02434,E78,Dislipidemia,moderate,true,
DGN0162,APT00800,L50,Urtikaria / biduran,mild,false,Hindari makanan pedas
DGN0163,APT04715,Z30,Konsultasi KB / kontrasepsi,moderate,false,Hindari paparan alergen
DGN0164,APT00628,K30,Dispepsia fungsional,moderate,false,Tidak ada tanda komplikasi
DGN0165,APT03667,,Klinis sesuai keluhan utama,mild,true,Hindari makanan pedas
DGN0166,APT04384,K29,Gastritis,mild,false,Pasien tampak membaik
DGN0167,APT01802,J00,Common cold (nasopharyngitis akut),moderate,true,
DGN0168,APT03826,Z00,General medical examination / cek kesehatan,mild,false,Observasi suhu
DGN0169,APT02654,J11,Influenza,mild,false,
DGN0170,APT03484,M79,Mialgia / nyeri otot,moderate,false,Kontrol 1 minggu lagi
DGN0171,APT02931,A09,Gastroenteritis akut / diare,mild,true,Kontrol 1 minggu lagi
DGN0172,APT03160,H66,Otitis media supuratif,severe,true,
DGN0173,APT01810,A09,Gastroenteritis akut / diare,moderate,true,Tidak ada tanda komplikasi
DGN0174,APT00944,Z30,Konsultasi KB / kontrasepsi,moderate,false,Tidak ada tanda komplikasi
DGN0175,APT03518,,Diagnosis klinis tanpa kode,severe,false,Tetap minum obat teratur
DGN0176,APT01909,N39,Infeksi saluran kemih,mild,true,
DGN0177,APT03926,,Klinis sesuai keluhan utama,mild,false,Pasien sadar dan kooperatif
DGN0178,APT03788,K59,Konstipasi,moderate,true,Edukasi keluarga
DGN0179,APT02300,L23,Dermatitis kontak alergi,mild,false,
DGN0180,APT04299,J06,Infeksi saluran napas atas akut,mild,true,
DGN0181,APT03332,H10,Konjungtivitis,mild,false,Pasien tampak membaik
DGN0182,APT02996,J06,Infeksi saluran napas atas akut,severe,true,
DGN0183,APT04506,L20,Dermatitis atopik,moderate,true,Hindari makanan pedas
DGN0184,APT04291,L23,Dermatitis kontak alergi,moderate,true,Anjuran banyak minum air
DGN0185,APT02321,L50,Urtikaria / biduran,mild,true,
DGN0186,APT02197,J20,Bronkitis akut,mild,false,
DGN0187,APT04515,J03,Tonsilitis akut,mild,true,
DGN0188,APT03248,K05,Gingivitis,mild,false,Pasien sadar dan kooperatif
DGN0189,APT03800,J03,Tonsilitis akut,moderate,false,Edukasi pola makan
DGN0190,APT03242,,Diperlukan evaluasi lebih lanjut,moderate,false,Pasien sadar dan kooperatif
DGN0191,APT01613,K29,Gastritis,mild,false,Pasien tampak membaik
DGN0192,APT01231,,Gejala umum tidak spesifik,moderate,false,Edukasi pola makan
DGN0193,APT01318,K30,Dispepsia fungsional,moderate,false,Hindari paparan alergen
DGN0194,APT04064,,Gejala umum tidak spesifik,mild,true,
DGN0195,APT04308,,Diperlukan evaluasi lebih lanjut,mild,true,Cek lab ulang 2 minggu
DGN0196,APT03760,M79,Mialgia / nyeri otot,moderate,true,Observasi suhu
DGN0197,APT03471,,Diperlukan evaluasi lebih lanjut,moderate,false,Hindari paparan alergen
DGN0198,APT02783,,Diagnosis klinis tanpa kode,moderate,false,Cek lab ulang 2 minggu
DGN0199,APT01972,J11,Influenza,mild,true,Cek lab ulang 2 minggu
DGN0200,APT04861,,Diperlukan evaluasi lebih lanjut,moderate,false,
DGN0201,APT00648,J45,Asma bronkial,moderate,false,Hindari makanan pedas
DGN0202,APT03995,H10,Konjungtivitis,moderate,false,Cek lab ulang 2 minggu
DGN0203,APT01196,E78,Dislipidemia,severe,false,Pasien kooperatif
DGN0204,APT00632,K29,Gastritis,moderate,true,Observasi suhu
DGN0205,APT02546,M54,Nyeri punggung bawah (low back pain),mild,false,
DGN0206,APT01797,J00,Common cold (nasopharyngitis akut),moderate,false,
DGN0207,APT00431,J00,Common cold (nasopharyngitis akut),mild,true,Hindari paparan alergen
DGN0208,APT04007,I10,Hipertensi esensial,mild,false,Edukasi pola makan
DGN0209,APT00601,,Diagnosis sementara,mild,false,
DGN0210,APT02741,Z34,Supervisi kehamilan normal,moderate,false,
DGN0211,APT01808,K05,Gingivitis,mild,false,Anjurkan istirahat cukup
DGN0212,APT01309,,Klinis sesuai keluhan utama,mild,true,Edukasi pola makan
DGN0213,APT02867,Z00,General medical examination / cek kesehatan,mild,false,Hindari makanan pedas
DGN0214,APT00108,R50,Demam tidak diketahui sebabnya,severe,false,Pasien tampak membaik
DGN0215,APT02886,Z00,General medical examination / cek kesehatan,mild,false,Anjuran banyak minum air
DGN0216,APT04277,K05,Gingivitis,mild,true,Edukasi keluarga
DGN0217,APT04516,N39,Infeksi saluran kemih,mild,false,
DGN0218,APT00678,L23,Dermatitis kontak alergi,moderate,false,Pasien kooperatif
DGN0219,APT03459,I11,Penyakit jantung hipertensi,mild,false,Cek lab ulang 2 minggu
DGN0220,APT04818,K30,Dispepsia fungsional,mild,false,Tidak ada tanda komplikasi
DGN0221,APT00234,K02,Karies gigi,mild,false,
DGN0222,APT04341,K29,Gastritis,mild,false,Pasien tampak membaik
DGN0223,APT01004,M25,Nyeri sendi,mild,false,Observasi suhu
DGN0224,APT03776,Z34,Supervisi kehamilan normal,moderate,true,
DGN0225,APT03962,Z30,Konsultasi KB / kontrasepsi,mild,true,
DGN0226,APT03915,K02,Karies gigi,mild,true,Anjuran banyak minum air
DGN0227,APT02755,K30,Dispepsia fungsional,mild,false,
DGN0228,APT02552,,Gejala umum tidak spesifik,mild,true,Observasi suhu
DGN0229,APT03795,J03,Tonsilitis akut,moderate,true,
DGN0230,APT00752,K29,Gastritis,severe,false,
DGN0231,APT01013,M79,Mialgia / nyeri otot,moderate,false,Edukasi pola makan
DGN0232,APT00303,Z30,Konsultasi KB / kontrasepsi,mild,true,Lanjut terapi sebelumnya
DGN0233,APT03350,K02,Karies gigi,mild,false,
DGN0234,APT04100,J06,Infeksi saluran napas atas akut,mild,true,
DGN0235,APT03527,J20,Bronkitis akut,moderate,true,Anjurkan istirahat cukup
DGN0236,APT03088,,Gejala umum tidak spesifik,mild,false,Edukasi keluarga
DGN0237,APT03263,L50,Urtikaria / biduran,mild,false,Tidak ada tanda komplikasi
DGN0238,APT02945,M25,Nyeri sendi,mild,true,
DGN0239,APT03335,K02,Karies gigi,moderate,false,
DGN0240,APT00474,,Klinis sesuai keluhan utama,mild,false,Anjurkan istirahat cukup
DGN0241,APT01176,M25,Nyeri sendi,moderate,false,Tidak ada tanda komplikasi
DGN0242,APT04807,I11,Penyakit jantung hipertensi,moderate,true,Anjurkan istirahat cukup
DGN0243,APT02265,L20,Dermatitis atopik,moderate,false,Anjurkan istirahat cukup
DGN0244,APT00021,E78,Dislipidemia,mild,true,
DGN0245,APT00890,Z30,Konsultasi KB / kontrasepsi,severe,false,Anjuran banyak minum air
DGN0246,APT00172,H10,Konjungtivitis,mild,true,Anjurkan istirahat cukup
DGN0247,APT02206,,Klinis sesuai keluhan utama,mild,true,Tidak ada tanda komplikasi
DGN0248,APT01192,E78,Dislipidemia,severe,false,Pasien tampak membaik
DGN0249,APT01187,M25,Nyeri sendi,moderate,true,Anjurkan istirahat cukup
DGN0250,APT02601,J45,Asma bronkial,mild,false,
DGN0251,APT02470,,Diagnosis sementara,severe,false,Hindari paparan alergen
DGN0252,APT00650,K02,Karies gigi,mild,false,Hindari paparan alergen
DGN0253,APT01190,R51,Sakit kepala / nyeri kepala,mild,true,
DGN0254,APT00929,I10,Hipertensi esensial,severe,false,Pasien tampak membaik
DGN0255,APT01576,K05,Gingivitis,moderate,true,
DGN0256,APT01728,E78,Dislipidemia,moderate,false,Pasien tampak membaik
DGN0257,APT04165,R51,Sakit kepala / nyeri kepala,moderate,true,Hindari paparan alergen
DGN0258,APT01684,R51,Sakit kepala / nyeri kepala,moderate,true,
DGN0259,APT02307,,Diagnosis sementara,moderate,false,
DGN0260,APT03835,L20,Dermatitis atopik,mild,false,Pasien kooperatif
DGN0261,APT04594,J00,Common cold (nasopharyngitis akut),mild,false,
DGN0262,APT00516,,Gejala umum tidak spesifik,moderate,true,Cek lab ulang 2 minggu
DGN0263,APT01772,Z00,General medical examination / cek kesehatan,moderate,false,
DGN0264,APT02004,,Klinis sesuai keluhan utama,mild,false,Edukasi pola makan
DGN0265,APT01232,K02,Karies gigi,moderate,false,
DGN0266,APT01455,L20,Dermatitis atopik,mild,false,
DGN0267,APT00775,J20,Bronkitis akut,mild,false,Hindari makanan pedas
DGN0268,APT03121,I11,Penyakit jantung hipertensi,mild,false,
DGN0269,APT04969,,Diagnosis klinis tanpa kode,moderate,false,
DGN0270,APT02253,,Diperlukan evaluasi lebih lanjut,severe,false,Anjurkan istirahat cukup
DGN0271,APT03069,,Diperlukan evaluasi lebih lanjut,moderate,true,
DGN0272,APT04150,M79,Mialgia / nyeri otot,mild,false,
DGN0273,APT03437,K29,Gastritis,mild,false,
DGN0274,APT04632,,Diperlukan evaluasi lebih lanjut,mild,true,Hindari makanan pedas
DGN0275,APT03468,Z30,Konsultasi KB / kontrasepsi,moderate,false,Kontrol 1 minggu lagi
DGN0276,APT02842,,Klinis sesuai keluhan utama,severe,true,Cek lab ulang 2 minggu
DGN0277,APT02702,J06,Infeksi saluran napas atas akut,moderate,true,Lanjut terapi sebelumnya
DGN0278,APT01611,I11,Penyakit jantung hipertensi,mild,false,Hindari paparan alergen
DGN0279,APT02754,A09,Gastroenteritis akut / diare,moderate,true,Cek lab ulang 2 minggu
DGN0280,APT02140,J20,Bronkitis akut,mild,false,Tetap minum obat teratur
DGN0281,APT03677,L23,Dermatitis kontak alergi,mild,false,
DGN0282,APT01621,,Diperlukan evaluasi lebih lanjut,mild,false,Anjurkan istirahat cukup
DGN0283,APT03262,K05,Gingivitis,mild,false,Anjuran banyak minum air
DGN0284,APT01427,Z34,Supervisi kehamilan normal,mild,false,Tetap minum obat teratur
DGN0285,APT00557,M54,Nyeri punggung bawah (low back pain),moderate,false,Tidak ada tanda komplikasi
DGN0286,APT02613,Z30,Konsultasi KB / kontrasepsi,mild,false,Edukasi keluarga
DGN0287,APT00791,J06,Infeksi saluran napas atas akut,moderate,false,
DGN0288,APT02359,Z30,Konsultasi KB / kontrasepsi,moderate,false,Anjuran banyak minum air
DGN0289,APT01703,Z00,General medical examination / cek kesehatan,mild,false,
DGN0290,APT03337,H66,Otitis media supuratif,moderate,false,
DGN0291,APT04527,N39,Infeksi saluran kemih,mild,false,Hindari paparan alergen
DGN0292,APT02047,J11,Influenza,mild,true,Observasi suhu
DGN0293,APT01863,R10,Nyeri perut tidak spesifik,severe,false,Edukasi keluarga
DGN0294,APT02203,M54,Nyeri punggung bawah (low back pain),mild,false,
DGN0295,APT02164,L50,Urtikaria / biduran,mild,false,Pasien tampak membaik
DGN0296,APT02994,K02,Karies gigi,mild,false,
DGN0297,APT04826,,Diagnosis klinis tanpa kode,severe,false,Edukasi pola makan
DGN0298,APT01276,Z00,General medical examination / cek kesehatan,mild,true,
DGN0299,APT03295,,Diperlukan evaluasi lebih lanjut,mild,true,Observasi suhu
DGN0300,APT03909,J02,Faringitis akut,moderate,true,
DGN0301,APT03712,H66,Otitis media supuratif,moderate,true,
DGN0302,APT00339,R51,Sakit kepala / nyeri kepala,mild,false,Cek lab ulang 2 minggu
DGN0303,APT00826,E11,Diabetes mellitus tipe 2,severe,false,
DGN0304,APT01580,L23,Dermatitis kontak alergi,moderate,false,Lanjut terapi sebelumnya
DGN0305,APT00281,K02,Karies gigi,mild,false,
DGN0306,APT00438,M25,Nyeri sendi,moderate,false,Kontrol 1 minggu lagi
DGN0307,APT03375,M79,Mialgia / nyeri otot,moderate,true,Edukasi keluarga
DGN0308,APT02721,,Gejala umum tidak spesifik,mild,false,Pasien tampak membaik
DGN0309,APT03999,K02,Karies gigi,moderate,false,Edukasi pola makan
DGN0310,APT02294,J00,Common cold (nasopharyngitis akut),mild,false,
DGN0311,APT01963,I11,Penyakit jantung hipertensi,moderate,false,Observasi suhu
DGN0312,APT01411,J02,Faringitis akut,mild,false,
DGN0313,APT04916,,Klinis sesuai keluhan utama,mild,true,
DGN0314,APT04255,K02,Karies gigi,severe,false,Anjurkan istirahat cukup
DGN0315,APT04066,N39,Infeksi saluran kemih,moderate,true,Lanjut terapi sebelumnya
DGN0316,APT04248,L23,Dermatitis kontak alergi,mild,false,Anjuran banyak minum air
DGN0317,APT02433,J20,Bronkitis akut,mild,false,
DGN0318,APT00267,,Diagnosis sementara,moderate,false,Pasien sadar dan kooperatif
DGN0319,APT02101,,Gejala umum tidak spesifik,severe,false,
DGN0320,APT02014,,Gejala umum tidak spesifik,mild,true,
DGN0321,APT02679,K29,Gastritis,moderate,true,Tetap minum obat teratur
DGN0322,APT01327,M54,Nyeri punggung bawah (low back pain),mild,false,Pasien tampak membaik
DGN0323,APT04207,K02,Karies gigi,moderate,true,Lanjut terapi sebelumnya
DGN0324,APT03419,L23,Dermatitis kontak alergi,severe,false,
DGN0325,APT00068,K02,Karies gigi,mild,true,Kontrol 1 minggu lagi
DGN0326,APT03149,M25,Nyeri sendi,moderate,true,Pasien sadar dan kooperatif
DGN0327,APT04118,Z00,General medical examination / cek kesehatan,moderate,true,Observasi suhu
DGN0328,APT04445,E78,Dislipidemia,mild,false,Hindari makanan pedas
DGN0329,APT03494,L20,Dermatitis atopik,mild,false,Tetap minum obat teratur
DGN0330,APT03300,,Diagnosis klinis tanpa kode,mild,false,Kontrol 1 minggu lagi
DGN0331,APT00696,J03,Tonsilitis akut,mild,false,
DGN0332,APT00374,R51,Sakit kepala / nyeri kepala,moderate,true,Cek lab ulang 2 minggu
DGN0333,APT02061,K05,Gingivitis,mild,false,
DGN0334,APT03878,J11,Influenza,severe,false,
DGN0335,APT02622,R50,Demam tidak diketahui sebabnya,mild,true,
DGN0336,APT00253,L50,Urtikaria / biduran,moderate,false,Tidak ada tanda komplikasi
DGN0337,APT02298,,Gejala umum tidak spesifik,mild,false,Lanjut terapi sebelumnya
DGN0338,APT04680,M54,Nyeri punggung bawah (low back pain),moderate,true,Pasien sadar dan kooperatif
DGN0339,APT03662,K02,Karies gigi,moderate,true,Lanjut terapi sebelumnya
DGN0340,APT00091,L50,Urtikaria / biduran,mild,false,
DGN0341,APT03477,R50,Demam tidak diketahui sebabnya,moderate,false,
DGN0342,APT00058,K59,Konstipasi,mild,false,Pasien kooperatif
DGN0343,APT01145,,Diagnosis klinis tanpa kode,mild,false,Pasien kooperatif
DGN0344,APT03102,R50,Demam tidak diketahui sebabnya,mild,false,Tetap minum obat teratur
DGN0345,APT02261,A09,Gastroenteritis akut / diare,mild,false,
DGN0346,APT04923,L20,Dermatitis atopik,mild,true,Pasien sadar dan kooperatif
DGN0347,APT00815,,Diperlukan evaluasi lebih lanjut,moderate,false,Tetap minum obat teratur
DGN0348,APT04753,,Klinis sesuai keluhan utama,moderate,true,
DGN0349,APT02044,J20,Bronkitis akut,mild,true,Kontrol 1 minggu lagi
DGN0350,APT02534,,Klinis sesuai keluhan utama,moderate,false,
DGN0351,APT00245,H66,Otitis media supuratif,mild,true,Cek lab ulang 2 minggu
DGN0352,APT04256,J11,Influenza,mild,false,
DGN0353,APT01169,J03,Tonsilitis akut,mild,true,Hindari paparan alergen
DGN0354,APT02038,Z00,General medical examination / cek kesehatan,mild,true,
DGN0355,APT04742,J45,Asma bronkial,moderate,true,Hindari makanan pedas
DGN0356,APT00778,K05,Gingivitis,mild,false,
DGN0357,APT02869,H10,Konjungtivitis,severe,false,Edukasi pola makan
DGN0358,APT00191,K02,Karies gigi,moderate,true,Tetap minum obat teratur
DGN0359,APT00095,,Diperlukan evaluasi lebih lanjut,mild,false,Pasien sadar dan kooperatif
DGN0360,APT03406,,Diperlukan evaluasi lebih lanjut,mild,false,Edukasi pola makan
DGN0361,APT02198,M25,Nyeri sendi,moderate,false,Observasi suhu
DGN0362,APT02958,J06,Infeksi saluran napas atas akut,mild,false,Hindari makanan pedas
DGN0363,APT02216,Z34,Supervisi kehamilan normal,mild,false,
DGN0364,APT02208,M54,Nyeri punggung bawah (low back pain),moderate,false,Pasien tampak membaik
DGN0365,APT01666,,Diperlukan evaluasi lebih lanjut,mild,false,
DGN0366,APT03396,K29,Gastritis,mild,false,Pasien sadar dan kooperatif
DGN0367,APT01279,R05,Batuk,moderate,true,
DGN0368,APT00347,H66,Otitis media supuratif,mild,true,Pasien tampak membaik
DGN0369,APT00318,K02,Karies gigi,mild,false,Hindari paparan alergen
DGN0370,APT01974,R05,Batuk,mild,false,
DGN0371,APT04906,L23,Dermatitis kontak alergi,severe,false,Tetap minum obat teratur
DGN0372,APT03492,J45,Asma bronkial,mild,false,
DGN0373,APT00570,M25,Nyeri sendi,mild,true,Anjuran banyak minum air
DGN0374,APT01391,K29,Gastritis,mild,false,
DGN0375,APT03985,L50,Urtikaria / biduran,mild,false,
DGN0376,APT02965,,Diagnosis klinis tanpa kode,mild,false,Tetap minum obat teratur
DGN0377,APT00649,E78,Dislipidemia,mild,false,Pasien sadar dan kooperatif
DGN0378,APT04460,M25,Nyeri sendi,moderate,false,Lanjut terapi sebelumnya
DGN0379,APT04410,,Diagnosis klinis tanpa kode,moderate,false,
DGN0380,APT03271,E11,Diabetes mellitus tipe 2,mild,true,
DGN0381,APT00825,J06,Infeksi saluran napas atas akut,moderate,false,Pasien kooperatif
DGN0382,APT03811,,Gejala umum tidak spesifik,mild,true,Cek lab ulang 2 minggu
DGN0383,APT02245,,Diagnosis klinis tanpa kode,mild,false,Pasien tampak membaik
DGN0384,APT01947,L23,Dermatitis kontak alergi,moderate,true,Tetap minum obat teratur
DGN0385,APT04338,,Diperlukan evaluasi lebih lanjut,moderate,false,
DGN0386,APT04902,R50,Demam tidak diketahui sebabnya,mild,false,Tidak ada tanda komplikasi
DGN0387,APT04581,R50,Demam tidak diketahui sebabnya,mild,false,Lanjut terapi sebelumnya
DGN0388,APT01612,E78,Dislipidemia,mild,false,Hindari paparan alergen
DGN0389,APT03138,Z34,Supervisi kehamilan normal,mild,true,Edukasi pola makan
DGN0390,APT04615,A09,Gastroenteritis akut / diare,mild,false,Hindari makanan pedas
DGN0391,APT01071,,Klinis sesuai keluhan utama,mild,true,
DGN0392,APT03004,,Gejala umum tidak spesifik,mild,false,
DGN0393,APT03947,R50,Demam tidak diketahui sebabnya,mild,true,Hindari makanan pedas
DGN0394,APT02355,,Klinis sesuai keluhan utama,moderate,false,Edukasi pola makan
DGN0395,APT00343,J11,Influenza,severe,false,
DGN0396,APT02932,R51,Sakit kepala / nyeri kepala,mild,false,Kontrol 1 minggu lagi
DGN0397,APT00497,K30,Dispepsia fungsional,mild,true,
DGN0398,APT04814,I10,Hipertensi esensial,moderate,false,Cek lab ulang 2 minggu
DGN0399,APT00673,K59,Konstipasi,severe,true,
DGN0400,APT04202,Z34,Supervisi kehamilan normal,mild,false,
DGN0401,APT04039,N39,Infeksi saluran kemih,mild,false,Hindari paparan alergen
DGN0402,APT04786,H10,Konjungtivitis,mild,true,Cek lab ulang 2 minggu
DGN0403,APT04879,R51,Sakit kepala / nyeri kepala,moderate,false,
DGN0404,APT01439,,Diagnosis sementara,mild,false,Observasi suhu
DGN0405,APT04776,L20,Dermatitis atopik,moderate,false,
DGN0406,APT03562,Z34,Supervisi kehamilan normal,mild,false,Anjuran banyak minum air
DGN0407,APT02289,Z34,Supervisi kehamilan normal,severe,false,
DGN0408,APT00704,J03,Tonsilitis akut,mild,false,Pasien tampak membaik
DGN0409,APT02961,R05,Batuk,moderate,false,Tidak ada tanda komplikasi
DGN0410,APT03917,,Gejala umum tidak spesifik,mild,false,Pasien kooperatif
DGN0411,APT01512,J11,Influenza,mild,false,
DGN0412,APT02258,,Diagnosis klinis tanpa kode,mild,false,
DGN0413,APT04733,R50,Demam tidak diketahui sebabnya,mild,false,
DGN0414,APT02933,R05,Batuk,moderate,false,
DGN0415,APT04232,L23,Dermatitis kontak alergi,severe,false,
DGN0416,APT04467,J03,Tonsilitis akut,mild,false,Pasien sadar dan kooperatif
DGN0417,APT02256,J20,Bronkitis akut,moderate,true,Lanjut terapi sebelumnya
DGN0418,APT03517,K29,Gastritis,moderate,false,
DGN0419,APT04574,J02,Faringitis akut,severe,true,Kontrol 1 minggu lagi
DGN0420,APT04929,,Diagnosis klinis tanpa kode,mild,false,
DGN0421,APT04234,I11,Penyakit jantung hipertensi,mild,true,
DGN0422,APT04288,,Diagnosis klinis tanpa kode,severe,true,Hindari paparan alergen
DGN0423,APT02551,,Diagnosis sementara,moderate,true,
DGN0424,APT03176,R10,Nyeri perut tidak spesifik,severe,true,Tidak ada tanda komplikasi
DGN0425,APT01472,K29,Gastritis,severe,false,
DGN0426,APT03123,,Diperlukan evaluasi lebih lanjut,severe,false,Pasien sadar dan kooperatif
DGN0427,APT02526,K29,Gastritis,moderate,true,Anjurkan istirahat cukup
DGN0428,APT03177,J06,Infeksi saluran napas atas akut,moderate,false,
DGN0429,APT01103,R10,Nyeri perut tidak spesifik,mild,false,Anjurkan istirahat cukup
DGN0430,APT04083,K05,Gingivitis,mild,false,Kontrol 1 minggu lagi
DGN0431,APT03609,R05,Batuk,moderate,false,Edukasi keluarga
DGN0432,APT01818,J45,Asma bronkial,mild,false,
DGN0433,APT01685,M25,Nyeri sendi,mild,false,Anjurkan istirahat cukup
DGN0434,APT04213,J45,Asma bronkial,moderate,false,Cek lab ulang 2 minggu
DGN0435,APT04042,M25,Nyeri sendi,severe,false,Tidak ada tanda komplikasi
DGN0436,APT04777,L20,Dermatitis atopik,severe,false,Pasien sadar dan kooperatif
DGN0437,APT04880,,Diagnosis klinis tanpa kode,moderate,false,Lanjut terapi sebelumnya
DGN0438,APT04274,M25,Nyeri sendi,mild,true,
DGN0439,APT00566,E78,Dislipidemia,mild,false,
DGN0440,APT02971,J03,Tonsilitis akut,mild,false,
DGN0441,APT01872,E78,Dislipidemia,mild,true,Pasien kooperatif
DGN0442,APT01267,Z34,Supervisi kehamilan normal,mild,true,
DGN0443,APT03343,R50,Demam tidak diketahui sebabnya,moderate,false,
DGN0444,APT00606,R10,Nyeri perut tidak spesifik,mild,false,Lanjut terapi sebelumnya
DGN0445,APT01000,L50,Urtikaria / biduran,mild,false,Edukasi keluarga
DGN0446,APT04851,L20,Dermatitis atopik,moderate,true,Kontrol 1 minggu lagi
DGN0447,APT00029,L50,Urtikaria / biduran,moderate,false,
DGN0448,APT00933,E78,Dislipidemia,mild,false,Observasi suhu
DGN0449,APT00121,,Klinis sesuai keluhan utama,mild,false,
DGN0450,APT01259,N39,Infeksi saluran kemih,mild,false,Hindari paparan alergen
DGN0451,APT03509,I11,Penyakit jantung hipertensi,severe,false,Tidak ada tanda komplikasi
DGN0452,APT02311,E11,Diabetes mellitus tipe 2,mild,false,
DGN0453,APT02204,K29,Gastritis,mild,false,Cek lab ulang 2 minggu
DGN0454,APT02485,,Diagnosis klinis tanpa kode,mild,true,Cek lab ulang 2 minggu
DGN0455,APT02314,H10,Konjungtivitis,moderate,true,
DGN0456,APT00415,M54,Nyeri punggung bawah (low back pain),severe,false,Hindari makanan pedas
DGN0457,APT02453,E11,Diabetes mellitus tipe 2,mild,false,
DGN0458,APT02217,,Klinis sesuai keluhan utama,mild,false,Edukasi keluarga
DGN0459,APT01257,K59,Konstipasi,mild,false,
DGN0460,APT01383,M54,Nyeri punggung bawah (low back pain),mild,false,Hindari makanan pedas
DGN0461,APT02672,M54,Nyeri punggung bawah (low back pain),severe,false,
DGN0462,APT02348,I11,Penyakit jantung hipertensi,mild,false,Tetap minum obat teratur
DGN0463,APT04755,E11,Diabetes mellitus tipe 2,mild,false,Kontrol 1 minggu lagi
DGN0464,APT00709,,Diperlukan evaluasi lebih lanjut,mild,false,Hindari paparan alergen
DGN0465,APT03864,K29,Gastritis,mild,false,Pasien kooperatif
DGN0466,APT01210,Z30,Konsultasi KB / kontrasepsi,moderate,false,Kontrol 1 minggu lagi
DGN0467,APT03782,K02,Karies gigi,mild,false,Lanjut terapi sebelumnya
DGN0468,APT02981,M79,Mialgia / nyeri otot,mild,true,Edukasi pola makan
DGN0469,APT03087,H66,Otitis media supuratif,mild,true,
DGN0470,APT04321,,Klinis sesuai keluhan utama,mild,true,Hindari paparan alergen
DGN0471,APT03532,K30,Dispepsia fungsional,mild,false,Tetap minum obat teratur
DGN0472,APT00214,Z34,Supervisi kehamilan normal,moderate,false,Edukasi pola makan
DGN0473,APT03012,,Gejala umum tidak spesifik,mild,false,Pasien tampak membaik
DGN0474,APT00670,K02,Karies gigi,severe,false,
DGN0475,APT04643,R05,Batuk,mild,false,
DGN0476,APT00730,E11,Diabetes mellitus tipe 2,mild,false,Kontrol 1 minggu lagi
DGN0477,APT03742,M79,Mialgia / nyeri otot,moderate,false,Kontrol 1 minggu lagi
DGN0478,APT04027,,Klinis sesuai keluhan utama,mild,false,Kontrol 1 minggu lagi
DGN0479,APT01113,R50,Demam tidak diketahui sebabnya,mild,false,
DGN0480,APT00593,R51,Sakit kepala / nyeri kepala,moderate,false,
DGN0481,APT01446,M54,Nyeri punggung bawah (low back pain),mild,false,Edukasi keluarga
DGN0482,APT01625,M54,Nyeri punggung bawah (low back pain),mild,false,Anjuran banyak minum air
DGN0483,APT02518,R05,Batuk,moderate,true,Tidak ada tanda komplikasi
DGN0484,APT00777,,Diperlukan evaluasi lebih lanjut,moderate,true,
DGN0485,APT00961,R05,Batuk,mild,false,Kontrol 1 minggu lagi
DGN0486,APT00375,K02,Karies gigi,moderate,false,Hindari paparan alergen
DGN0487,APT00161,R51,Sakit kepala / nyeri kepala,moderate,false,Tidak ada tanda komplikasi
DGN0488,APT03298,M25,Nyeri sendi,mild,false,Edukasi keluarga
DGN0489,APT04216,L23,Dermatitis kontak alergi,mild,false,Kontrol 1 minggu lagi
DGN0490,APT02860,I10,Hipertensi esensial,mild,true,Pasien sadar dan kooperatif
DGN0491,APT04931,,Klinis sesuai keluhan utama,mild,true,
DGN0492,APT00594,K30,Dispepsia fungsional,mild,false,
DGN0493,APT03916,N39,Infeksi saluran kemih,mild,true,
DGN0494,APT01149,,Diperlukan evaluasi lebih lanjut,moderate,false,
DGN0495,APT01498,I11,Penyakit jantung hipertensi,mild,false,Edukasi keluarga
DGN0496,APT01244,E11,Diabetes mellitus tipe 2,moderate,false,
DGN0497,APT04853,K05,Gingivitis,mild,false,Edukasi keluarga
DGN0498,APT04333,E11,Diabetes mellitus tipe 2,moderate,false,Observasi suhu
DGN0499,APT04791,M79,Mialgia / nyeri otot,mild,true,Hindari makanan pedas
DGN0500,APT00296,A09,Gastroenteritis akut / diare,mild,true,Kontrol 1 minggu lagi
DGN0501,APT03832,,Diperlukan evaluasi lebih lanjut,moderate,false,Tetap minum obat teratur
DGN0502,APT04638,J03,Tonsilitis akut,mild,false,
DGN0503,APT04967,M25,Nyeri sendi,mild,false,Hindari paparan alergen
DGN0504,APT04307,,Diagnosis sementara,mild,false,Cek lab ulang 2 minggu
DGN0505,APT01500,A09,Gastroenteritis akut / diare,moderate,false,
DGN0506,APT03420,E11,Diabetes mellitus tipe 2,moderate,false,Kontrol 1 minggu lagi
DGN0507,APT00116,R05,Batuk,mild,true,
DGN0508,APT04316,L20,Dermatitis atopik,moderate,false,Tidak ada tanda komplikasi
DGN0509,APT03984,K59,Konstipasi,mild,false,Anjurkan istirahat cukup
DGN0510,APT03264,E78,Dislipidemia,moderate,false,Kontrol 1 minggu lagi
DGN0511,APT04420,R10,Nyeri perut tidak spesifik,moderate,false,
DGN0512,APT01650,J45,Asma bronkial,moderate,false,
DGN0513,APT04376,J02,Faringitis akut,moderate,false,Cek lab ulang 2 minggu
DGN0514,APT01167,H66,Otitis media supuratif,moderate,true,Observasi suhu
DGN0515,APT04286,,Diagnosis sementara,moderate,false,Pasien tampak membaik
DGN0516,APT03968,H66,Otitis media supuratif,mild,true,Tidak ada tanda komplikasi
DGN0517,APT01816,J02,Faringitis akut,mild,false,
DGN0518,APT04287,K30,Dispepsia fungsional,moderate,false,
DGN0519,APT00683,Z34,Supervisi kehamilan normal,moderate,true,Hindari paparan alergen
DGN0520,APT00155,,Diagnosis klinis tanpa kode,severe,true,
DGN0521,APT02368,,Klinis sesuai keluhan utama,moderate,false,
DGN0522,APT04543,J11,Influenza,mild,false,
DGN0523,APT00344,J20,Bronkitis akut,moderate,false,Pasien kooperatif
DGN0524,APT02317,R05,Batuk,severe,false,Edukasi keluarga
DGN0525,APT03944,,Diperlukan evaluasi lebih lanjut,moderate,false,Pasien tampak membaik
DGN0526,APT03257,Z00,General medical examination / cek kesehatan,mild,true,
DGN0527,APT02090,K29,Gastritis,mild,false,
DGN0528,APT00411,E78,Dislipidemia,mild,true,
DGN0529,APT02239,,Gejala umum tidak spesifik,moderate,false,Lanjut terapi sebelumnya
DGN0530,APT01131,Z30,Konsultasi KB / kontrasepsi,moderate,false,Edukasi keluarga
DGN0531,APT02151,N39,Infeksi saluran kemih,mild,false,
DGN0532,APT00758,,Gejala umum tidak spesifik,mild,false,
DGN0533,APT01645,J02,Faringitis akut,moderate,false,
DGN0534,APT01597,J11,Influenza,mild,false,Edukasi pola makan
DGN0535,APT03684,,Diperlukan evaluasi lebih lanjut,mild,true,Pasien tampak membaik
DGN0536,APT00840,K59,Konstipasi,moderate,false,
DGN0537,APT02507,,Klinis sesuai keluhan utama,moderate,false,Hindari paparan alergen
DGN0538,APT03217,K05,Gingivitis,mild,false,
DGN0539,APT03274,R10,Nyeri perut tidak spesifik,mild,false,
DGN0540,APT04080,H10,Konjungtivitis,mild,false,
DGN0541,APT00450,K29,Gastritis,severe,false,Hindari paparan alergen
DGN0542,APT03939,,Klinis sesuai keluhan utama,mild,false,
DGN0543,APT01795,,Diagnosis klinis tanpa kode,mild,true,Tidak ada tanda komplikasi
DGN0544,APT02529,,Gejala umum tidak spesifik,mild,false,Tidak ada tanda komplikasi
DGN0545,APT04088,E11,Diabetes mellitus tipe 2,moderate,false,Pasien kooperatif
DGN0546,APT01025,J02,Faringitis akut,moderate,false,Observasi suhu
DGN0547,APT04854,,Klinis sesuai keluhan utama,moderate,false,
DGN0548,APT03506,K05,Gingivitis,mild,true,
DGN0549,APT01229,,Diagnosis sementara,mild,false,Kontrol 1 minggu lagi
DGN0550,APT04086,Z34,Supervisi kehamilan normal,mild,false,
DGN0551,APT03444,K59,Konstipasi,mild,false,
DGN0552,APT03647,M25,Nyeri sendi,mild,true,
DGN0553,APT00806,Z00,General medical examination / cek kesehatan,mild,false,Pasien tampak membaik
DGN0554,APT03516,H10,Konjungtivitis,mild,false,Hindari paparan alergen
DGN0555,APT01142,,Diperlukan evaluasi lebih lanjut,mild,false,Anjuran banyak minum air
DGN0556,APT00567,J45,Asma bronkial,moderate,false,Hindari makanan pedas
DGN0557,APT01902,L20,Dermatitis atopik,moderate,false,Observasi suhu
DGN0558,APT01845,Z30,Konsultasi KB / kontrasepsi,moderate,false,Anjurkan istirahat cukup
DGN0559,APT01132,,Diagnosis sementara,mild,false,Observasi suhu
DGN0560,APT03158,,Diagnosis sementara,mild,false,Pasien kooperatif
DGN0561,APT00358,R10,Nyeri perut tidak spesifik,mild,false,
DGN0562,APT02234,H66,Otitis media supuratif,severe,false,
DGN0563,APT04218,M25,Nyeri sendi,mild,true,
DGN0564,APT02651,J20,Bronkitis akut,moderate,false,
DGN0565,APT00914,L20,Dermatitis atopik,severe,true,Pasien tampak membaik
DGN0566,APT03193,L23,Dermatitis kontak alergi,mild,false,Pasien tampak membaik
DGN0567,APT04024,E78,Dislipidemia,mild,false,Anjuran banyak minum air
DGN0568,APT04385,M54,Nyeri punggung bawah (low back pain),mild,false,Tidak ada tanda komplikasi
DGN0569,APT00173,J00,Common cold (nasopharyngitis akut),moderate,true,
DGN0570,APT03977,,Diagnosis klinis tanpa kode,moderate,false,Tidak ada tanda komplikasi
DGN0571,APT00866,J11,Influenza,mild,true,Anjurkan istirahat cukup
DGN0572,APT02631,K59,Konstipasi,mild,true,Hindari makanan pedas
DGN0573,APT02942,R51,Sakit kepala / nyeri kepala,mild,false,
DGN0574,APT01060,L20,Dermatitis atopik,severe,false,
DGN0575,APT02897,K30,Dispepsia fungsional,mild,false,
DGN0576,APT01848,,Gejala umum tidak spesifik,mild,true,
DGN0577,APT00848,E78,Dislipidemia,severe,true,
DGN0578,APT01171,Z34,Supervisi kehamilan normal,moderate,false,Tidak ada tanda komplikasi
DGN0579,APT02545,K05,Gingivitis,mild,false,Pasien kooperatif
DGN0580,APT01896,M25,Nyeri sendi,moderate,false,Anjurkan istirahat cukup
DGN0581,APT04676,K05,Gingivitis,mild,true,Lanjut terapi sebelumnya
DGN0582,APT04781,M25,Nyeri sendi,severe,false,Anjuran banyak minum air
DGN0583,APT01854,R50,Demam tidak diketahui sebabnya,moderate,true,
DGN0584,APT02773,K29,Gastritis,moderate,false,Pasien kooperatif
DGN0585,APT04995,K59,Konstipasi,mild,true,
DGN0586,APT00177,J00,Common cold (nasopharyngitis akut),severe,true,Pasien tampak membaik
DGN0587,APT02231,E11,Diabetes mellitus tipe 2,severe,true,Tetap minum obat teratur
DGN0588,APT00286,J45,Asma bronkial,severe,false,Pasien kooperatif
DGN0589,APT04426,J02,Faringitis akut,mild,false,Tidak ada tanda komplikasi
DGN0590,APT04833,K29,Gastritis,mild,false,Cek lab ulang 2 minggu
DGN0591,APT01641,R05,Batuk,moderate,true,Observasi suhu
DGN0592,APT01274,H10,Konjungtivitis,moderate,true,
DGN0593,APT02742,,Diagnosis klinis tanpa kode,moderate,true,Kontrol 1 minggu lagi
DGN0594,APT02745,,Klinis sesuai keluhan utama,mild,false,Anjuran banyak minum air
DGN0595,APT04750,N39,Infeksi saluran kemih,severe,false,Anjuran banyak minum air
DGN0596,APT02655,L23,Dermatitis kontak alergi,mild,true,Hindari makanan pedas
DGN0597,APT03980,Z34,Supervisi kehamilan normal,moderate,false,Pasien tampak membaik
DGN0598,APT01476,A09,Gastroenteritis akut / diare,mild,true,Tetap minum obat teratur
DGN0599,APT00167,J03,Tonsilitis akut,moderate,true,
DGN0600,APT01515,,Diagnosis sementara,moderate,false,Edukasi keluarga
DGN0601,APT04591,K59,Konstipasi,moderate,true,Anjurkan istirahat cukup
DGN0602,APT03812,Z34,Supervisi kehamilan normal,severe,false,Lanjut terapi sebelumnya
DGN0603,APT00127,R10,Nyeri perut tidak spesifik,severe,false,Kontrol 1 minggu lagi
DGN0604,APT00212,,Gejala umum tidak spesifik,mild,true,Edukasi keluarga
DGN0605,APT03683,J20,Bronkitis akut,mild,false,
DGN0606,APT04927,K59,Konstipasi,moderate,false,Pasien tampak membaik
DGN0607,APT04664,Z34,Supervisi kehamilan normal,mild,false,Kontrol 1 minggu lagi
DGN0608,APT00372,J06,Infeksi saluran napas atas akut,mild,false,Hindari makanan pedas
DGN0609,APT00164,K30,Dispepsia fungsional,mild,false,Hindari makanan pedas
DGN0610,APT01807,E11,Diabetes mellitus tipe 2,mild,true,
DGN0611,APT01958,E78,Dislipidemia,mild,true,Anjurkan istirahat cukup
DGN0612,APT04372,Z34,Supervisi kehamilan normal,moderate,false,
DGN0613,APT00693,Z34,Supervisi kehamilan normal,mild,true,Tidak ada tanda komplikasi
DGN0614,APT02274,M54,Nyeri punggung bawah (low back pain),mild,true,
DGN0615,APT03333,,Diagnosis sementara,mild,false,
DGN0616,APT01108,E78,Dislipidemia,moderate,true,Observasi suhu
DGN0617,APT00916,,Klinis sesuai keluhan utama,severe,false,Kontrol 1 minggu lagi
DGN0618,APT02428,,Diperlukan evaluasi lebih lanjut,mild,true,Edukasi pola makan
DGN0619,APT01338,R05,Batuk,mild,false,
DGN0620,APT01016,L20,Dermatitis atopik,mild,true,Observasi suhu
DGN0621,APT04945,K02,Karies gigi,mild,false,
DGN0622,APT00937,,Diagnosis klinis tanpa kode,moderate,false,Observasi suhu
DGN0623,APT01937,H10,Konjungtivitis,moderate,false,Anjurkan istirahat cukup
DGN0624,APT04106,Z00,General medical examination / cek kesehatan,mild,false,Edukasi pola makan
DGN0625,APT03296,L50,Urtikaria / biduran,mild,false,
DGN0626,APT02587,K02,Karies gigi,severe,false,
DGN0627,APT01345,J02,Faringitis akut,mild,false,Pasien tampak membaik
DGN0628,APT04659,R05,Batuk,mild,true,
DGN0629,APT04700,K59,Konstipasi,mild,false,Kontrol 1 minggu lagi
DGN0630,APT04649,J45,Asma bronkial,mild,false,
DGN0631,APT04071,L50,Urtikaria / biduran,moderate,true,Pasien tampak membaik
DGN0632,APT00699,K30,Dispepsia fungsional,mild,false,Lanjut terapi sebelumnya
DGN0633,APT00220,Z30,Konsultasi KB / kontrasepsi,moderate,true,
DGN0634,APT02825,L50,Urtikaria / biduran,mild,false,
DGN0635,APT02387,J11,Influenza,mild,false,Edukasi keluarga
DGN0636,APT04092,R10,Nyeri perut tidak spesifik,moderate,false,Pasien tampak membaik
DGN0637,APT04882,J00,Common cold (nasopharyngitis akut),mild,true,
DGN0638,APT02210,E78,Dislipidemia,moderate,true,
DGN0639,APT01061,,Klinis sesuai keluhan utama,mild,false,Tetap minum obat teratur
DGN0640,APT00462,K29,Gastritis,mild,true,
DGN0641,APT00276,I11,Penyakit jantung hipertensi,mild,true,
DGN0642,APT03003,M54,Nyeri punggung bawah (low back pain),mild,false,
DGN0643,APT01607,K05,Gingivitis,moderate,false,
DGN0644,APT03934,Z00,General medical examination / cek kesehatan,severe,false,
DGN0645,APT04614,I10,Hipertensi esensial,mild,false,
DGN0646,APT00301,R10,Nyeri perut tidak spesifik,mild,false,Edukasi keluarga
DGN0647,APT04374,J02,Faringitis akut,severe,false,Hindari paparan alergen
DGN0648,APT03119,,Diagnosis klinis tanpa kode,moderate,false,Tidak ada tanda komplikasi
DGN0649,APT04907,M54,Nyeri punggung bawah (low back pain),mild,false,
DGN0650,APT03475,J06,Infeksi saluran napas atas akut,mild,true,
DGN0651,APT02936,M79,Mialgia / nyeri otot,mild,false,
DGN0652,APT03559,R05,Batuk,moderate,false,Edukasi keluarga
DGN0653,APT02836,Z30,Konsultasi KB / kontrasepsi,moderate,true,
DGN0654,APT02799,R50,Demam tidak diketahui sebabnya,moderate,false,Edukasi keluarga
DGN0655,APT04265,,Diagnosis sementara,moderate,true,
DGN0656,APT04712,M79,Mialgia / nyeri otot,mild,true,
DGN0657,APT02350,J06,Infeksi saluran napas atas akut,moderate,false,Tetap minum obat teratur
DGN0658,APT04702,J02,Faringitis akut,moderate,true,Tetap minum obat teratur
DGN0659,APT02991,I10,Hipertensi esensial,mild,true,Edukasi pola makan
DGN0660,APT01413,,Klinis sesuai keluhan utama,mild,false,Edukasi keluarga
DGN0661,APT00576,J06,Infeksi saluran napas atas akut,severe,false,Hindari makanan pedas
DGN0662,APT04671,J20,Bronkitis akut,moderate,false,Observasi suhu
DGN0663,APT02881,,Gejala umum tidak spesifik,mild,false,
DGN0664,APT01336,J20,Bronkitis akut,mild,false,Lanjut terapi sebelumnya
DGN0665,APT03740,M25,Nyeri sendi,moderate,false,Lanjut terapi sebelumnya
DGN0666,APT04143,R50,Demam tidak diketahui sebabnya,mild,false,Lanjut terapi sebelumnya
DGN0667,APT02835,J45,Asma bronkial,mild,false,
DGN0668,APT01689,J11,Influenza,mild,true,Observasi suhu
DGN0669,APT01127,Z34,Supervisi kehamilan normal,moderate,false,Edukasi pola makan
DGN0670,APT02883,,Diagnosis sementara,moderate,false,
DGN0671,APT04095,K05,Gingivitis,severe,false,
DGN0672,APT01317,J20,Bronkitis akut,moderate,true,
DGN0673,APT00857,,Klinis sesuai keluhan utama,mild,true,
DGN0674,APT01030,K02,Karies gigi,mild,true,
DGN0675,APT03194,N39,Infeksi saluran kemih,moderate,false,Hindari makanan pedas
DGN0676,APT03153,J11,Influenza,mild,false,Anjurkan istirahat cukup
DGN0677,APT04051,L50,Urtikaria / biduran,moderate,true,Tidak ada tanda komplikasi
DGN0678,APT02364,M79,Mialgia / nyeri otot,severe,true,Observasi suhu
DGN0679,APT02105,I10,Hipertensi esensial,mild,false,Cek lab ulang 2 minggu
DGN0680,APT01883,M54,Nyeri punggung bawah (low back pain),mild,true,
DGN0681,APT02402,,Gejala umum tidak spesifik,moderate,false,Tetap minum obat teratur
DGN0682,APT04182,M54,Nyeri punggung bawah (low back pain),mild,false,
DGN0683,APT01526,,Klinis sesuai keluhan utama,mild,true,
DGN0684,APT04798,K02,Karies gigi,mild,false,Edukasi keluarga
DGN0685,APT02391,J45,Asma bronkial,mild,true,Hindari paparan alergen
DGN0686,APT02187,R10,Nyeri perut tidak spesifik,moderate,true,
DGN0687,APT01384,J06,Infeksi saluran napas atas akut,moderate,true,
DGN0688,APT02941,Z00,General medical examination / cek kesehatan,severe,true,Tidak ada tanda komplikasi
DGN0689,APT04756,Z34,Supervisi kehamilan normal,mild,false,Anjuran banyak minum air
DGN0690,APT01295,I11,Penyakit jantung hipertensi,mild,false,
DGN0691,APT00154,J06,Infeksi saluran napas atas akut,severe,false,Hindari makanan pedas
DGN0692,APT00631,K05,Gingivitis,mild,false,Lanjut terapi sebelumnya
DGN0693,APT01861,Z30,Konsultasi KB / kontrasepsi,mild,true,Pasien tampak membaik
DGN0694,APT03729,E11,Diabetes mellitus tipe 2,mild,false,Pasien tampak membaik
DGN0695,APT02528,K05,Gingivitis,moderate,false,Observasi suhu
DGN0696,APT02898,M54,Nyeri punggung bawah (low back pain),moderate,false,Pasien sadar dan kooperatif
DGN0697,APT02227,,Diperlukan evaluasi lebih lanjut,mild,false,Observasi suhu
DGN0698,APT00919,A09,Gastroenteritis akut / diare,severe,false,
DGN0699,APT03809,I11,Penyakit jantung hipertensi,mild,false,
DGN0700,APT02117,M79,Mialgia / nyeri otot,mild,true,
DGN0701,APT02293,E11,Diabetes mellitus tipe 2,moderate,true,Tidak ada tanda komplikasi
DGN0702,APT01984,,Klinis sesuai keluhan utama,mild,false,Hindari makanan pedas
DGN0703,APT02969,E78,Dislipidemia,mild,true,Kontrol 1 minggu lagi
DGN0704,APT00198,K30,Dispepsia fungsional,mild,false,
DGN0705,APT02332,J11,Influenza,mild,false,
DGN0706,APT01003,J03,Tonsilitis akut,moderate,false,
DGN0707,APT04476,J02,Faringitis akut,mild,true,
DGN0708,APT02024,,Diagnosis sementara,mild,false,Tidak ada tanda komplikasi
DGN0709,APT04623,H10,Konjungtivitis,mild,true,Kontrol 1 minggu lagi
DGN0710,APT03571,I11,Penyakit jantung hipertensi,moderate,false,Hindari makanan pedas
DGN0711,APT00779,,Gejala umum tidak spesifik,mild,false,
DGN0712,APT00065,I11,Penyakit jantung hipertensi,severe,false,Tetap minum obat teratur
DGN0713,APT02775,R50,Demam tidak diketahui sebabnya,mild,false,
DGN0714,APT00953,M79,Mialgia / nyeri otot,moderate,true,Tidak ada tanda komplikasi
DGN0715,APT04764,J03,Tonsilitis akut,mild,true,Edukasi keluarga
DGN0716,APT03693,J02,Faringitis akut,moderate,false,Tidak ada tanda komplikasi
DGN0717,APT04567,J11,Influenza,moderate,true,Edukasi pola makan
DGN0718,APT01614,Z34,Supervisi kehamilan normal,mild,false,
DGN0719,APT03235,R10,Nyeri perut tidak spesifik,mild,true,
DGN0720,APT01120,L50,Urtikaria / biduran,mild,false,Pasien tampak membaik
DGN0721,APT04112,H66,Otitis media supuratif,mild,true,Edukasi pola makan
DGN0722,APT04548,M54,Nyeri punggung bawah (low back pain),moderate,true,
DGN0723,APT02967,K29,Gastritis,moderate,true,Kontrol 1 minggu lagi
DGN0724,APT03071,K29,Gastritis,moderate,false,
DGN0725,APT03561,K02,Karies gigi,mild,false,Pasien kooperatif
DGN0726,APT02040,,Gejala umum tidak spesifik,mild,false,Edukasi pola makan
DGN0727,APT00552,I10,Hipertensi esensial,severe,false,
DGN0728,APT03892,,Klinis sesuai keluhan utama,mild,false,Anjuran banyak minum air
DGN0729,APT01548,J11,Influenza,mild,false,Hindari makanan pedas
DGN0730,APT04571,I10,Hipertensi esensial,moderate,false,Hindari paparan alergen
DGN0731,APT04550,,Gejala umum tidak spesifik,moderate,false,Pasien tampak membaik
DGN0732,APT02130,J06,Infeksi saluran napas atas akut,moderate,false,Hindari paparan alergen
DGN0733,APT04322,J02,Faringitis akut,moderate,false,Observasi suhu
DGN0734,APT01091,J20,Bronkitis akut,severe,true,Hindari makanan pedas
DGN0735,APT04732,J06,Infeksi saluran napas atas akut,mild,true,
DGN0736,APT04431,E78,Dislipidemia,mild,true,
DGN0737,APT01362,I11,Penyakit jantung hipertensi,mild,true,Hindari paparan alergen
DGN0738,APT04871,J45,Asma bronkial,mild,false,
DGN0739,APT00269,,Diperlukan evaluasi lebih lanjut,severe,false,Kontrol 1 minggu lagi
DGN0740,APT02018,E78,Dislipidemia,moderate,false,Anjurkan istirahat cukup
DGN0741,APT04572,R50,Demam tidak diketahui sebabnya,mild,false,Tidak ada tanda komplikasi
DGN0742,APT03256,J45,Asma bronkial,severe,false,
DGN0743,APT00820,,Gejala umum tidak spesifik,mild,false,Pasien tampak membaik
DGN0744,APT00336,,Gejala umum tidak spesifik,moderate,false,Edukasi pola makan
DGN0745,APT03470,,Klinis sesuai keluhan utama,moderate,false,
DGN0746,APT02802,I11,Penyakit jantung hipertensi,mild,false,Lanjut terapi sebelumnya
DGN0747,APT00204,K05,Gingivitis,severe,false,
DGN0748,APT01648,H66,Otitis media supuratif,mild,false,
DGN0749,APT01933,,Klinis sesuai keluhan utama,moderate,false,
DGN0750,APT03982,A09,Gastroenteritis akut / diare,mild,false,Kontrol 1 minggu lagi
DGN0751,APT02625,Z00,General medical examination / cek kesehatan,moderate,false,Lanjut terapi sebelumnya
DGN0752,APT03472,M54,Nyeri punggung bawah (low back pain),mild,false,
DGN0753,APT03779,,Diagnosis klinis tanpa kode,mild,true,
DGN0754,APT03116,J45,Asma bronkial,moderate,true,Pasien kooperatif
DGN0755,APT04167,R10,Nyeri perut tidak spesifik,moderate,true,
DGN0756,APT03399,K02,Karies gigi,severe,false,Pasien tampak membaik
DGN0757,APT03564,L23,Dermatitis kontak alergi,mild,true,
DGN0758,APT02559,,Gejala umum tidak spesifik,mild,false,
DGN0759,APT02489,Z34,Supervisi kehamilan normal,mild,false,Pasien kooperatif
DGN0760,APT02087,M54,Nyeri punggung bawah (low back pain),mild,false,
DGN0761,APT02390,K59,Konstipasi,mild,false,Hindari makanan pedas
DGN0762,APT03143,,Diagnosis klinis tanpa kode,mild,false,Hindari paparan alergen
DGN0763,APT03286,E11,Diabetes mellitus tipe 2,severe,true,
DGN0764,APT04813,M25,Nyeri sendi,mild,false,Pasien tampak membaik
DGN0765,APT01657,L23,Dermatitis kontak alergi,mild,false,Pasien tampak membaik
DGN0766,APT01714,M54,Nyeri punggung bawah (low back pain),mild,true,Lanjut terapi sebelumnya
DGN0767,APT04076,R10,Nyeri perut tidak spesifik,mild,true,
DGN0768,APT00751,R51,Sakit kepala / nyeri kepala,mild,true,Edukasi pola makan
DGN0769,APT02443,L50,Urtikaria / biduran,mild,false,Tidak ada tanda komplikasi
DGN0770,APT04713,K02,Karies gigi,mild,false,
DGN0771,APT00703,M25,Nyeri sendi,mild,true,
DGN0772,APT04847,L20,Dermatitis atopik,mild,true,Anjurkan istirahat cukup
DGN0773,APT00354,N39,Infeksi saluran kemih,moderate,false,Tetap minum obat teratur
DGN0774,APT02616,E11,Diabetes mellitus tipe 2,mild,true,Anjuran banyak minum air
DGN0775,APT00439,K05,Gingivitis,mild,false,
DGN0776,APT01926,M79,Mialgia / nyeri otot,mild,false,
DGN0777,APT00084,N39,Infeksi saluran kemih,moderate,true,Hindari paparan alergen
DGN0778,APT02583,,Diagnosis sementara,mild,false,
DGN0779,APT00273,L50,Urtikaria / biduran,moderate,false,Kontrol 1 minggu lagi
DGN0780,APT04328,J06,Infeksi saluran napas atas akut,mild,false,Edukasi pola makan
DGN0781,APT02021,,Gejala umum tidak spesifik,severe,true,Anjuran banyak minum air
DGN0782,APT04111,J20,Bronkitis akut,moderate,false,Edukasi keluarga
DGN0783,APT02340,A09,Gastroenteritis akut / diare,mild,true,
DGN0784,APT04289,J03,Tonsilitis akut,moderate,false,Observasi suhu
DGN0785,APT00878,J03,Tonsilitis akut,severe,false,
DGN0786,APT02095,Z00,General medical examination / cek kesehatan,mild,true,Anjurkan istirahat cukup
DGN0787,APT02183,J45,Asma bronkial,mild,false,Edukasi keluarga
DGN0788,APT00789,N39,Infeksi saluran kemih,mild,true,Cek lab ulang 2 minggu
DGN0789,APT00558,,Klinis sesuai keluhan utama,mild,false,
DGN0790,APT00838,E78,Dislipidemia,mild,false,
DGN0791,APT00503,K02,Karies gigi,moderate,true,Observasi suhu
DGN0792,APT04509,,Diagnosis klinis tanpa kode,mild,false,Pasien tampak membaik
DGN0793,APT02195,J06,Infeksi saluran napas atas akut,moderate,false,Edukasi pola makan
DGN0794,APT03594,L23,Dermatitis kontak alergi,moderate,false,
DGN0795,APT01367,H10,Konjungtivitis,severe,false,Cek lab ulang 2 minggu
DGN0796,APT01837,,Gejala umum tidak spesifik,moderate,false,
DGN0797,APT03168,A09,Gastroenteritis akut / diare,mild,false,Pasien sadar dan kooperatif
DGN0798,APT00530,H66,Otitis media supuratif,mild,false,
DGN0799,APT02235,,Klinis sesuai keluhan utama,mild,true,
DGN0800,APT04081,Z30,Konsultasi KB / kontrasepsi,mild,false,Anjurkan istirahat cukup
DGN0801,APT03808,J20,Bronkitis akut,mild,false,
DGN0802,APT03126,K29,Gastritis,mild,false,Hindari paparan alergen
DGN0803,APT02237,J00,Common cold (nasopharyngitis akut),moderate,false,Pasien kooperatif
DGN0804,APT02386,Z30,Konsultasi KB / kontrasepsi,severe,false,Anjurkan istirahat cukup
DGN0805,APT00237,K05,Gingivitis,mild,false,
DGN0806,APT03390,H10,Konjungtivitis,mild,true,
DGN0807,APT04117,J00,Common cold (nasopharyngitis akut),mild,false,Edukasi pola makan
DGN0808,APT01389,K02,Karies gigi,mild,false,
DGN0809,APT01436,L20,Dermatitis atopik,mild,true,Tetap minum obat teratur
DGN0810,APT01821,J02,Faringitis akut,moderate,false,
DGN0811,APT00072,H10,Konjungtivitis,mild,false,
DGN0812,APT02831,L23,Dermatitis kontak alergi,mild,false,Hindari makanan pedas
DGN0813,APT03237,M25,Nyeri sendi,moderate,false,
DGN0814,APT04101,K05,Gingivitis,mild,false,Tidak ada tanda komplikasi
DGN0815,APT04090,I11,Penyakit jantung hipertensi,mild,false,Edukasi pola makan
DGN0816,APT00397,L23,Dermatitis kontak alergi,moderate,true,Hindari makanan pedas
DGN0817,APT01121,A09,Gastroenteritis akut / diare,mild,false,Edukasi pola makan
DGN0818,APT03674,H66,Otitis media supuratif,mild,false,Hindari makanan pedas
DGN0819,APT01283,J45,Asma bronkial,moderate,false,Hindari paparan alergen
DGN0820,APT03346,J11,Influenza,severe,false,
DGN0821,APT01986,,Diagnosis sementara,mild,true,Cek lab ulang 2 minggu
DGN0822,APT01876,E11,Diabetes mellitus tipe 2,mild,false,Pasien kooperatif
DGN0823,APT04792,L50,Urtikaria / biduran,mild,false,Pasien tampak membaik
DGN0824,APT02169,Z00,General medical examination / cek kesehatan,mild,false,Anjurkan istirahat cukup
DGN0825,APT04933,H10,Konjungtivitis,mild,false,Pasien tampak membaik
DGN0826,APT01541,,Diagnosis klinis tanpa kode,severe,false,
DGN0827,APT03013,J02,Faringitis akut,mild,false,Cek lab ulang 2 minggu
DGN0828,APT04934,J06,Infeksi saluran napas atas akut,mild,true,
DGN0829,APT03042,,Gejala umum tidak spesifik,moderate,false,
DGN0830,APT02059,K29,Gastritis,mild,false,
DGN0831,APT01497,R10,Nyeri perut tidak spesifik,mild,true,
DGN0832,APT01136,,Diperlukan evaluasi lebih lanjut,mild,true,
DGN0833,APT04260,R10,Nyeri perut tidak spesifik,moderate,false,
DGN0834,APT00387,J03,Tonsilitis akut,mild,false,Edukasi pola makan
DGN0835,APT00969,A09,Gastroenteritis akut / diare,mild,false,Pasien sadar dan kooperatif
DGN0836,APT01905,,Klinis sesuai keluhan utama,mild,true,Pasien kooperatif
DGN0837,APT00531,L23,Dermatitis kontak alergi,mild,true,
DGN0838,APT00096,R51,Sakit kepala / nyeri kepala,mild,false,
DGN0839,APT00755,L50,Urtikaria / biduran,severe,false,
DGN0840,APT01329,R05,Batuk,moderate,false,
DGN0841,APT00437,K05,Gingivitis,mild,true,Observasi suhu
DGN0842,APT02663,Z00,General medical examination / cek kesehatan,mild,false,Pasien sadar dan kooperatif
DGN0843,APT00326,M54,Nyeri punggung bawah (low back pain),severe,false,
DGN0844,APT03469,M54,Nyeri punggung bawah (low back pain),mild,false,
DGN0845,APT03555,K05,Gingivitis,moderate,false,
DGN0846,APT02030,,Klinis sesuai keluhan utama,moderate,false,Pasien kooperatif
DGN0847,APT01525,J11,Influenza,mild,false,Tidak ada tanda komplikasi
DGN0848,APT03910,K30,Dispepsia fungsional,moderate,false,
DGN0849,APT02457,Z00,General medical examination / cek kesehatan,mild,true,
DGN0850,APT03277,,Diagnosis klinis tanpa kode,moderate,true,
DGN0851,APT04963,H10,Konjungtivitis,mild,false,Pasien sadar dan kooperatif
DGN0852,APT03618,,Diagnosis sementara,severe,false,Tidak ada tanda komplikasi
DGN0853,APT03422,,Diperlukan evaluasi lebih lanjut,moderate,false,
DGN0854,APT01993,J03,Tonsilitis akut,mild,false,Lanjut terapi sebelumnya
DGN0855,APT00912,Z00,General medical examination / cek kesehatan,moderate,false,
DGN0856,APT04228,Z34,Supervisi kehamilan normal,mild,true,Anjuran banyak minum air
DGN0857,APT01084,R10,Nyeri perut tidak spesifik,mild,false,
DGN0858,APT00379,,Gejala umum tidak spesifik,moderate,false,Kontrol 1 minggu lagi
DGN0859,APT01530,N39,Infeksi saluran kemih,severe,false,Kontrol 1 minggu lagi
DGN0860,APT03580,Z30,Konsultasi KB / kontrasepsi,mild,false,
DGN0861,APT00120,J02,Faringitis akut,mild,false,Edukasi pola makan
DGN0862,APT02392,L50,Urtikaria / biduran,severe,false,Pasien tampak membaik
DGN0863,APT01557,,Diperlukan evaluasi lebih lanjut,moderate,false,Lanjut terapi sebelumnya
DGN0864,APT01688,I11,Penyakit jantung hipertensi,severe,true,
DGN0865,APT02889,K59,Konstipasi,mild,true,Lanjut terapi sebelumnya
DGN0866,APT04757,L20,Dermatitis atopik,mild,false,
DGN0867,APT01624,,Gejala umum tidak spesifik,mild,true,Anjurkan istirahat cukup
DGN0868,APT01725,M79,Mialgia / nyeri otot,mild,false,Anjurkan istirahat cukup
DGN0869,APT03510,E78,Dislipidemia,mild,false,
DGN0870,APT01153,,Diperlukan evaluasi lebih lanjut,moderate,true,Anjurkan istirahat cukup
DGN0871,APT03536,I11,Penyakit jantung hipertensi,mild,false,Hindari paparan alergen
DGN0872,APT04600,M54,Nyeri punggung bawah (low back pain),mild,true,
DGN0873,APT02319,K30,Dispepsia fungsional,severe,false,Edukasi pola makan
DGN0874,APT03385,,Diperlukan evaluasi lebih lanjut,moderate,false,Anjurkan istirahat cukup
DGN0875,APT01385,,Diagnosis sementara,mild,true,
DGN0876,APT02914,,Gejala umum tidak spesifik,severe,true,Pasien tampak membaik
DGN0877,APT02450,L20,Dermatitis atopik,moderate,false,
DGN0878,APT00194,H66,Otitis media supuratif,mild,false,
DGN0879,APT04440,,Diagnosis sementara,moderate,false,Tetap minum obat teratur
DGN0880,APT04048,I11,Penyakit jantung hipertensi,mild,true,Cek lab ulang 2 minggu
DGN0881,APT02870,M54,Nyeri punggung bawah (low back pain),severe,false,Lanjut terapi sebelumnya
DGN0882,APT00781,J03,Tonsilitis akut,mild,false,Tidak ada tanda komplikasi
DGN0883,APT00669,K29,Gastritis,mild,false,
DGN0884,APT03305,K59,Konstipasi,mild,true,
DGN0885,APT03185,N39,Infeksi saluran kemih,mild,true,
DGN0886,APT00610,J06,Infeksi saluran napas atas akut,mild,false,Pasien sadar dan kooperatif
DGN0887,APT00061,Z34,Supervisi kehamilan normal,mild,false,
DGN0888,APT02715,L50,Urtikaria / biduran,mild,false,
DGN0889,APT01206,E11,Diabetes mellitus tipe 2,mild,true,Lanjut terapi sebelumnya
DGN0890,APT04785,,Diagnosis klinis tanpa kode,moderate,false,Edukasi pola makan
DGN0891,APT01033,R10,Nyeri perut tidak spesifik,mild,false,Anjuran banyak minum air
DGN0892,APT02610,,Gejala umum tidak spesifik,mild,false,Edukasi keluarga
DGN0893,APT01203,K59,Konstipasi,moderate,false,
DGN0894,APT03369,E78,Dislipidemia,moderate,false,Observasi suhu
DGN0895,APT02057,A09,Gastroenteritis akut / diare,severe,false,Anjurkan istirahat cukup
DGN0896,APT01008,K29,Gastritis,moderate,false,Pasien tampak membaik
DGN0897,APT04621,L50,Urtikaria / biduran,moderate,false,
DGN0898,APT00012,R51,Sakit kepala / nyeri kepala,severe,true,
DGN0899,APT00144,,Diagnosis klinis tanpa kode,moderate,false,Kontrol 1 minggu lagi
DGN0900,APT03685,J02,Faringitis akut,mild,false,
DGN0901,APT00153,,Diagnosis sementara,moderate,false,Pasien kooperatif
DGN0902,APT01653,,Diagnosis sementara,severe,true,
DGN0903,APT00662,K30,Dispepsia fungsional,mild,false,Edukasi keluarga
DGN0904,APT04140,J20,Bronkitis akut,mild,true,Tidak ada tanda komplikasi
DGN0905,APT04423,R51,Sakit kepala / nyeri kepala,moderate,true,Cek lab ulang 2 minggu
DGN0906,APT02830,R51,Sakit kepala / nyeri kepala,moderate,false,
DGN0907,APT01762,R50,Demam tidak diketahui sebabnya,mild,false,
DGN0908,APT03415,I11,Penyakit jantung hipertensi,moderate,false,
DGN0909,APT02656,Z30,Konsultasi KB / kontrasepsi,moderate,false,Cek lab ulang 2 minggu
DGN0910,APT03055,J45,Asma bronkial,mild,true,Hindari paparan alergen
DGN0911,APT03854,Z30,Konsultasi KB / kontrasepsi,moderate,false,Pasien kooperatif
DGN0912,APT00509,E78,Dislipidemia,moderate,false,Pasien tampak membaik
DGN0913,APT02765,,Diperlukan evaluasi lebih lanjut,severe,true,
DGN0914,APT03952,J06,Infeksi saluran napas atas akut,mild,false,Pasien tampak membaik
DGN0915,APT04230,J06,Infeksi saluran napas atas akut,moderate,false,Pasien sadar dan kooperatif
DGN0916,APT01819,R50,Demam tidak diketahui sebabnya,moderate,false,
DGN0917,APT03495,,Klinis sesuai keluhan utama,moderate,false,
DGN0918,APT00185,J00,Common cold (nasopharyngitis akut),severe,false,Pasien sadar dan kooperatif
DGN0919,APT00325,Z30,Konsultasi KB / kontrasepsi,mild,false,
DGN0920,APT04428,M79,Mialgia / nyeri otot,mild,true,
DGN0921,APT04913,N39,Infeksi saluran kemih,mild,true,
DGN0922,APT01250,Z34,Supervisi kehamilan normal,moderate,true,
DGN0923,APT01569,R05,Batuk,mild,false,
DGN0924,APT03950,H66,Otitis media supuratif,moderate,false,Edukasi pola makan
DGN0925,APT03545,A09,Gastroenteritis akut / diare,mild,false,
DGN0926,APT02817,R50,Demam tidak diketahui sebabnya,moderate,false,Hindari makanan pedas
DGN0927,APT04970,J11,Influenza,mild,false,Hindari paparan alergen
DGN0928,APT02539,E11,Diabetes mellitus tipe 2,mild,true,
DGN0929,APT04968,K30,Dispepsia fungsional,mild,false,Pasien tampak membaik
DGN0930,APT00651,R51,Sakit kepala / nyeri kepala,mild,false,
DGN0931,APT04991,Z30,Konsultasi KB / kontrasepsi,severe,false,
DGN0932,APT02365,R05,Batuk,severe,false,
DGN0933,APT03898,J20,Bronkitis akut,mild,false,
DGN0934,APT01459,,Diagnosis klinis tanpa kode,moderate,true,Hindari paparan alergen
DGN0935,APT04481,,Klinis sesuai keluhan utama,severe,false,
DGN0936,APT02026,R10,Nyeri perut tidak spesifik,mild,false,Observasi suhu
DGN0937,APT00896,L23,Dermatitis kontak alergi,mild,false,Edukasi pola makan
DGN0938,APT03690,,Diagnosis klinis tanpa kode,mild,true,Edukasi keluarga
DGN0939,APT01815,R05,Batuk,mild,true,Anjurkan istirahat cukup
DGN0940,APT03587,K02,Karies gigi,mild,false,
DGN0941,APT02342,H10,Konjungtivitis,severe,false,Kontrol 1 minggu lagi
DGN0942,APT02873,R05,Batuk,mild,false,
DGN0943,APT02185,,Diperlukan evaluasi lebih lanjut,mild,true,Hindari makanan pedas
DGN0944,APT03294,I10,Hipertensi esensial,mild,false,Cek lab ulang 2 minggu
DGN0945,APT02632,H10,Konjungtivitis,mild,false,
DGN0946,APT00063,E78,Dislipidemia,mild,false,Lanjut terapi sebelumnya
DGN0947,APT03387,,Klinis sesuai keluhan utama,severe,false,
DGN0948,APT00932,M25,Nyeri sendi,severe,false,
DGN0949,APT01939,E78,Dislipidemia,moderate,false,Lanjut terapi sebelumnya
DGN0950,APT02221,R50,Demam tidak diketahui sebabnya,mild,true,Pasien kooperatif
DGN0951,APT01630,J00,Common cold (nasopharyngitis akut),moderate,false,Lanjut terapi sebelumnya
DGN0952,APT03349,J06,Infeksi saluran napas atas akut,mild,false,
DGN0953,APT03733,,Klinis sesuai keluhan utama,moderate,false,
DGN0954,APT01789,K02,Karies gigi,moderate,false,
DGN0955,APT03137,K29,Gastritis,mild,false,Observasi suhu
DGN0956,APT04607,M79,Mialgia / nyeri otot,mild,false,Cek lab ulang 2 minggu
DGN0957,APT00753,E11,Diabetes mellitus tipe 2,mild,false,
DGN0958,APT02113,,Klinis sesuai keluhan utama,severe,true,
DGN0959,APT03366,I11,Penyakit jantung hipertensi,moderate,true,Pasien kooperatif
DGN0960,APT04319,,Diagnosis sementara,moderate,false,Edukasi keluarga
DGN0961,APT00682,H66,Otitis media supuratif,moderate,false,
DGN0962,APT03443,K59,Konstipasi,mild,false,
DGN0963,APT01241,K02,Karies gigi,moderate,true,
DGN0964,APT03136,M79,Mialgia / nyeri otot,mild,false,
DGN0965,APT00988,L23,Dermatitis kontak alergi,mild,false,Edukasi keluarga
DGN0966,APT02327,E78,Dislipidemia,mild,true,
DGN0967,APT00564,,Gejala umum tidak spesifik,mild,true,
DGN0968,APT04899,A09,Gastroenteritis akut / diare,severe,false,Edukasi keluarga
DGN0969,APT03191,,Klinis sesuai keluhan utama,mild,false,Pasien tampak membaik
DGN0970,APT02194,,Diagnosis sementara,severe,false,
DGN0971,APT00629,M79,Mialgia / nyeri otot,moderate,false,Anjurkan istirahat cukup
DGN0972,APT04357,K59,Konstipasi,severe,false,Edukasi pola makan
DGN0973,APT02467,R51,Sakit kepala / nyeri kepala,mild,true,Hindari makanan pedas
DGN0974,APT03362,,Diagnosis sementara,mild,true,Pasien sadar dan kooperatif
DGN0975,APT00367,R05,Batuk,mild,true,
DGN0976,APT03748,L50,Urtikaria / biduran,mild,false,Lanjut terapi sebelumnya
DGN0977,APT00702,L23,Dermatitis kontak alergi,mild,true,
DGN0978,APT04359,J11,Influenza,severe,true,
DGN0979,APT00004,N39,Infeksi saluran kemih,mild,false,Pasien sadar dan kooperatif
DGN0980,APT04560,R50,Demam tidak diketahui sebabnya,severe,false,
DGN0981,APT03871,M25,Nyeri sendi,moderate,false,Kontrol 1 minggu lagi
DGN0982,APT01315,N39,Infeksi saluran kemih,mild,false,
DGN0983,APT04340,M79,Mialgia / nyeri otot,moderate,false,Observasi suhu
DGN0984,APT01314,K05,Gingivitis,mild,false,
DGN0985,APT04598,I11,Penyakit jantung hipertensi,mild,false,
DGN0986,APT04102,,Diagnosis klinis tanpa kode,mild,false,Edukasi keluarga
DGN0987,APT04549,L50,Urtikaria / biduran,severe,false,Edukasi pola makan
DGN0988,APT02794,,Klinis sesuai keluhan utama,mild,false,
DGN0989,APT03581,E11,Diabetes mellitus tipe 2,severe,false,Tidak ada tanda komplikasi
DGN0990,APT03771,N39,Infeksi saluran kemih,mild,false,Hindari makanan pedas
DGN0991,APT02720,Z30,Konsultasi KB / kontrasepsi,mild,false,Pasien sadar dan kooperatif
DGN0992,APT03115,L50,Urtikaria / biduran,severe,false,
DGN0993,APT03380,N39,Infeksi saluran kemih,mild,false,
DGN0994,APT02427,J00,Common cold (nasopharyngitis akut),mild,false,Hindari paparan alergen
DGN0995,APT04441,M54,Nyeri punggung bawah (low back pain),mild,false,Cek lab ulang 2 minggu
DGN0996,APT02682,Z30,Konsultasi KB / kontrasepsi,mild,false,
DGN0997,APT04768,K02,Karies gigi,mild,false,Cek lab ulang 2 minggu
DGN0998,APT00853,R50,Demam tidak diketahui sebabnya,mild,false,Observasi suhu
DGN0999,APT03019,L50,Urtikaria / biduran,mild,true,
DGN1000,APT01502,R10,Nyeri perut tidak spesifik,mild,true,Tidak ada tanda komplikasi
DGN1001,APT02604,J11,Influenza,severe,false,Observasi suhu
DGN1002,APT02352,R05,Batuk,mild,false,
DGN1003,APT02771,L50,Urtikaria / biduran,moderate,false,
DGN1004,APT02125,J11,Influenza,severe,true,
DGN1005,APT03976,L20,Dermatitis atopik,mild,false,
DGN1006,APT04635,,Diperlukan evaluasi lebih lanjut,severe,true,Kontrol 1 minggu lagi
DGN1007,APT00868,Z00,General medical examination / cek kesehatan,moderate,false,Anjuran banyak minum air
DGN1008,APT01723,K29,Gastritis,mild,false,Tetap minum obat teratur
DGN1009,APT01733,,Diagnosis klinis tanpa kode,mild,false,
DGN1010,APT04956,A09,Gastroenteritis akut / diare,moderate,false,Kontrol 1 minggu lagi
DGN1011,APT00934,R50,Demam tidak diketahui sebabnya,moderate,false,
DGN1012,APT03943,J45,Asma bronkial,mild,false,
DGN1013,APT00943,R51,Sakit kepala / nyeri kepala,mild,false,Anjuran banyak minum air
DGN1014,APT02531,L23,Dermatitis kontak alergi,moderate,false,Tetap minum obat teratur
DGN1015,APT04590,Z30,Konsultasi KB / kontrasepsi,mild,false,Edukasi keluarga
DGN1016,APT03699,I11,Penyakit jantung hipertensi,mild,false,Tidak ada tanda komplikasi
DGN1017,APT03558,J02,Faringitis akut,mild,false,Kontrol 1 minggu lagi
DGN1018,APT01052,K02,Karies gigi,mild,false,Pasien sadar dan kooperatif
DGN1019,APT04707,K02,Karies gigi,mild,true,Cek lab ulang 2 minggu
DGN1020,APT00283,L23,Dermatitis kontak alergi,moderate,false,
DGN1021,APT04330,K05,Gingivitis,moderate,false,
DGN1022,APT03770,Z30,Konsultasi KB / kontrasepsi,moderate,false,
DGN1023,APT03034,H10,Konjungtivitis,moderate,false,Lanjut terapi sebelumnya
DGN1024,APT02037,Z00,General medical examination / cek kesehatan,moderate,true,Pasien tampak membaik
DGN1025,APT01522,A09,Gastroenteritis akut / diare,mild,false,Kontrol 1 minggu lagi
DGN1026,APT01024,L20,Dermatitis atopik,mild,false,
DGN1027,APT01805,I10,Hipertensi esensial,moderate,true,Cek lab ulang 2 minggu
DGN1028,APT00860,R05,Batuk,mild,false,
DGN1029,APT02172,E78,Dislipidemia,mild,true,
DGN1030,APT03688,K59,Konstipasi,mild,false,Anjuran banyak minum air
DGN1031,APT04865,E11,Diabetes mellitus tipe 2,mild,false,Lanjut terapi sebelumnya
DGN1032,APT01416,J20,Bronkitis akut,mild,false,Cek lab ulang 2 minggu
DGN1033,APT04401,J20,Bronkitis akut,mild,false,Cek lab ulang 2 minggu
DGN1034,APT03065,R05,Batuk,moderate,true,Hindari paparan alergen
DGN1035,APT04146,H10,Konjungtivitis,mild,true,Anjurkan istirahat cukup
DGN1036,APT01871,Z00,General medical examination / cek kesehatan,moderate,true,Cek lab ulang 2 minggu
DGN1037,APT01581,J03,Tonsilitis akut,mild,false,Pasien sadar dan kooperatif
DGN1038,APT04028,,Diagnosis sementara,mild,false,Edukasi pola makan
DGN1039,APT01692,N39,Infeksi saluran kemih,moderate,false,Edukasi pola makan
DGN1040,APT01379,Z34,Supervisi kehamilan normal,mild,true,Pasien tampak membaik
DGN1041,APT02693,,Klinis sesuai keluhan utama,mild,false,Hindari makanan pedas
DGN1042,APT01180,,Diagnosis sementara,mild,false,Anjurkan istirahat cukup
DGN1043,APT04812,Z00,General medical examination / cek kesehatan,mild,false,Tetap minum obat teratur
DGN1044,APT02638,E11,Diabetes mellitus tipe 2,mild,false,Hindari makanan pedas
DGN1045,APT01636,R05,Batuk,mild,false,
DGN1046,APT03460,,Diagnosis sementara,moderate,true,Tetap minum obat teratur
DGN1047,APT01037,N39,Infeksi saluran kemih,moderate,false,
DGN1048,APT01479,N39,Infeksi saluran kemih,mild,false,
DGN1049,APT02641,H10,Konjungtivitis,severe,false,Hindari paparan alergen
DGN1050,APT02517,,Gejala umum tidak spesifik,moderate,true,Anjurkan istirahat cukup
DGN1051,APT04087,M54,Nyeri punggung bawah (low back pain),moderate,true,Edukasi keluarga
DGN1052,APT00136,,Gejala umum tidak spesifik,mild,false,Cek lab ulang 2 minggu
DGN1053,APT01922,M25,Nyeri sendi,moderate,false,
DGN1054,APT04168,E78,Dislipidemia,severe,false,
DGN1055,APT02080,H66,Otitis media supuratif,mild,false,Cek lab ulang 2 minggu
DGN1056,APT04163,A09,Gastroenteritis akut / diare,moderate,false,
DGN1057,APT01282,Z34,Supervisi kehamilan normal,mild,false,Edukasi keluarga
DGN1058,APT01352,Z00,General medical examination / cek kesehatan,mild,false,
DGN1059,APT02769,H10,Konjungtivitis,mild,false,Edukasi keluarga
DGN1060,APT03680,,Klinis sesuai keluhan utama,mild,false,Anjurkan istirahat cukup
DGN1061,APT03734,J02,Faringitis akut,moderate,false,Lanjut terapi sebelumnya
DGN1062,APT03002,,Diperlukan evaluasi lebih lanjut,mild,true,
DGN1063,APT02418,K30,Dispepsia fungsional,mild,false,Lanjut terapi sebelumnya
DGN1064,APT04597,K05,Gingivitis,mild,false,Cek lab ulang 2 minggu
DGN1065,APT00574,,Diagnosis sementara,mild,false,Tidak ada tanda komplikasi
DGN1066,APT02575,I10,Hipertensi esensial,mild,true,Cek lab ulang 2 minggu
DGN1067,APT01586,M25,Nyeri sendi,moderate,true,Observasi suhu
DGN1068,APT04485,K05,Gingivitis,mild,true,Anjurkan istirahat cukup
DGN1069,APT04725,K29,Gastritis,mild,true,Anjuran banyak minum air
DGN1070,APT03072,H66,Otitis media supuratif,mild,false,
DGN1071,APT01910,A09,Gastroenteritis akut / diare,mild,false,Anjuran banyak minum air
DGN1072,APT00088,,Diagnosis sementara,mild,true,Tidak ada tanda komplikasi
DGN1073,APT03521,M25,Nyeri sendi,moderate,false,Hindari makanan pedas
DGN1074,APT01964,R50,Demam tidak diketahui sebabnya,mild,true,Hindari makanan pedas
DGN1075,APT01540,,Diagnosis sementara,mild,false,
DGN1076,APT04343,,Diagnosis klinis tanpa kode,mild,false,Cek lab ulang 2 minggu
DGN1077,APT01536,,Diperlukan evaluasi lebih lanjut,mild,false,Pasien sadar dan kooperatif
DGN1078,APT03094,J06,Infeksi saluran napas atas akut,mild,false,Edukasi keluarga
DGN1079,APT02582,,Klinis sesuai keluhan utama,mild,false,Pasien kooperatif
DGN1080,APT03620,K05,Gingivitis,mild,true,
DGN1081,APT01260,J45,Asma bronkial,mild,false,Tetap minum obat teratur
DGN1082,APT04763,,Klinis sesuai keluhan utama,moderate,false,
DGN1083,APT03607,K30,Dispepsia fungsional,mild,true,Anjurkan istirahat cukup
DGN1084,APT03418,,Klinis sesuai keluhan utama,moderate,false,
DGN1085,APT01154,E78,Dislipidemia,mild,true,
DGN1086,APT02186,N39,Infeksi saluran kemih,mild,true,Hindari makanan pedas
DGN1087,APT03489,,Diagnosis sementara,mild,false,Observasi suhu
DGN1088,APT00764,J11,Influenza,moderate,false,Tidak ada tanda komplikasi
DGN1089,APT03508,K30,Dispepsia fungsional,moderate,false,
DGN1090,APT01443,,Diagnosis klinis tanpa kode,mild,false,
DGN1091,APT02585,,Diagnosis klinis tanpa kode,mild,false,
DGN1092,APT02478,,Gejala umum tidak spesifik,mild,false,Tidak ada tanda komplikasi
DGN1093,APT01473,J00,Common cold (nasopharyngitis akut),severe,false,Anjurkan istirahat cukup
DGN1094,APT02056,L50,Urtikaria / biduran,moderate,false,Edukasi keluarga
DGN1095,APT02949,J03,Tonsilitis akut,mild,false,Edukasi pola makan
DGN1096,APT02589,K02,Karies gigi,severe,false,Lanjut terapi sebelumnya
DGN1097,APT00407,J06,Infeksi saluran napas atas akut,moderate,false,
DGN1098,APT00987,,Diagnosis klinis tanpa kode,mild,true,Anjuran banyak minum air
DGN1099,APT01832,A09,Gastroenteritis akut / diare,mild,false,Lanjut terapi sebelumnya
DGN1100,APT01062,,Gejala umum tidak spesifik,moderate,false,Kontrol 1 minggu lagi
DGN1101,APT03743,E78,Dislipidemia,moderate,false,Cek lab ulang 2 minggu
DGN1102,APT01904,J00,Common cold (nasopharyngitis akut),severe,false,Edukasi pola makan
DGN1103,APT00351,I11,Penyakit jantung hipertensi,moderate,false,
DGN1104,APT02984,N39,Infeksi saluran kemih,moderate,false,
DGN1105,APT01934,M25,Nyeri sendi,mild,false,Edukasi keluarga
DGN1106,APT01552,,Diagnosis sementara,mild,false,Anjurkan istirahat cukup
DGN1107,APT04554,L23,Dermatitis kontak alergi,mild,true,
DGN1108,APT04988,I10,Hipertensi esensial,moderate,false,Pasien sadar dan kooperatif
DGN1109,APT04175,K30,Dispepsia fungsional,moderate,false,Observasi suhu
DGN1110,APT04010,L20,Dermatitis atopik,mild,true,
DGN1111,APT00964,,Diagnosis klinis tanpa kode,mild,false,Anjuran banyak minum air
DGN1112,APT02033,J00,Common cold (nasopharyngitis akut),moderate,false,
DGN1113,APT01340,Z00,General medical examination / cek kesehatan,moderate,true,Edukasi keluarga
DGN1114,APT02492,J20,Bronkitis akut,severe,true,
DGN1115,APT03239,M25,Nyeri sendi,moderate,true,
DGN1116,APT03749,R10,Nyeri perut tidak spesifik,moderate,false,
DGN1117,APT04211,Z00,General medical examination / cek kesehatan,mild,false,
DGN1118,APT04714,I10,Hipertensi esensial,mild,true,Pasien sadar dan kooperatif
DGN1119,APT04619,J02,Faringitis akut,moderate,false,
DGN1120,APT04895,R50,Demam tidak diketahui sebabnya,mild,false,
DGN1121,APT01321,H66,Otitis media supuratif,mild,false,Pasien tampak membaik
DGN1122,APT03578,K05,Gingivitis,mild,true,
DGN1123,APT00275,L20,Dermatitis atopik,mild,false,Lanjut terapi sebelumnya
DGN1124,APT00119,R05,Batuk,mild,true,Pasien kooperatif
DGN1125,APT01253,R50,Demam tidak diketahui sebabnya,moderate,false,Edukasi pola makan
DGN1126,APT02864,K02,Karies gigi,mild,true,
DGN1127,APT01139,E11,Diabetes mellitus tipe 2,mild,false,
DGN1128,APT01760,L23,Dermatitis kontak alergi,mild,false,Lanjut terapi sebelumnya
DGN1129,APT01022,,Diperlukan evaluasi lebih lanjut,moderate,false,Edukasi pola makan
DGN1130,APT01799,J45,Asma bronkial,moderate,false,
DGN1131,APT00502,E11,Diabetes mellitus tipe 2,moderate,false,Anjuran banyak minum air
DGN1132,APT03308,K02,Karies gigi,mild,false,
DGN1133,APT00959,K30,Dispepsia fungsional,mild,true,Observasi suhu
DGN1134,APT00261,K30,Dispepsia fungsional,severe,false,
DGN1135,APT04318,L20,Dermatitis atopik,severe,true,
DGN1136,APT03756,Z30,Konsultasi KB / kontrasepsi,mild,true,Tidak ada tanda komplikasi
DGN1137,APT04540,,Diagnosis sementara,mild,false,Tidak ada tanda komplikasi
DGN1138,APT04456,J00,Common cold (nasopharyngitis akut),moderate,false,
DGN1139,APT04040,R10,Nyeri perut tidak spesifik,mild,false,Hindari paparan alergen
DGN1140,APT00830,M54,Nyeri punggung bawah (low back pain),mild,false,
DGN1141,APT01434,,Diagnosis klinis tanpa kode,moderate,false,Anjuran banyak minum air
DGN1142,APT03593,M79,Mialgia / nyeri otot,mild,false,Pasien kooperatif
DGN1143,APT04887,K05,Gingivitis,mild,false,Edukasi pola makan
DGN1144,APT01698,Z00,General medical examination / cek kesehatan,moderate,false,
DGN1145,APT02753,J00,Common cold (nasopharyngitis akut),moderate,true,Pasien kooperatif
DGN1146,APT03084,J20,Bronkitis akut,mild,false,
DGN1147,APT03038,J02,Faringitis akut,moderate,false,Edukasi pola makan
DGN1148,APT03948,H10,Konjungtivitis,severe,true,Cek lab ulang 2 minggu
DGN1149,APT04726,Z00,General medical examination / cek kesehatan,mild,false,
DGN1150,APT04962,K59,Konstipasi,severe,true,
DGN1151,APT03234,K02,Karies gigi,mild,true,
DGN1152,APT03155,M25,Nyeri sendi,mild,false,Pasien sadar dan kooperatif
DGN1153,APT00917,J02,Faringitis akut,mild,false,Lanjut terapi sebelumnya
DGN1154,APT01928,,Klinis sesuai keluhan utama,mild,false,Hindari makanan pedas
DGN1155,APT00418,J20,Bronkitis akut,mild,false,
DGN1156,APT00637,J02,Faringitis akut,moderate,true,Pasien kooperatif
DGN1157,APT00247,K02,Karies gigi,mild,true,Anjurkan istirahat cukup
DGN1158,APT02301,M79,Mialgia / nyeri otot,moderate,false,Tidak ada tanda komplikasi
DGN1159,APT02404,Z00,General medical examination / cek kesehatan,mild,false,Anjurkan istirahat cukup
DGN1160,APT04886,M25,Nyeri sendi,severe,true,
DGN1161,APT03865,M79,Mialgia / nyeri otot,moderate,false,
DGN1162,APT02736,J11,Influenza,severe,false,
DGN1163,APT04245,Z00,General medical examination / cek kesehatan,moderate,false,Hindari makanan pedas
DGN1164,APT03563,K02,Karies gigi,severe,false,Pasien sadar dan kooperatif
DGN1165,APT04606,N39,Infeksi saluran kemih,moderate,false,
DGN1166,APT01551,I10,Hipertensi esensial,severe,false,Kontrol 1 minggu lagi
DGN1167,APT04568,R51,Sakit kepala / nyeri kepala,mild,false,
DGN1168,APT04884,N39,Infeksi saluran kemih,moderate,false,
DGN1169,APT00238,R10,Nyeri perut tidak spesifik,moderate,true,Hindari makanan pedas
DGN1170,APT02223,E11,Diabetes mellitus tipe 2,mild,false,
DGN1171,APT02511,I11,Penyakit jantung hipertensi,mild,true,Edukasi keluarga
DGN1172,APT00160,Z30,Konsultasi KB / kontrasepsi,mild,false,Pasien sadar dan kooperatif
DGN1173,APT00050,K59,Konstipasi,moderate,false,Pasien sadar dan kooperatif
DGN1174,APT00018,H66,Otitis media supuratif,mild,false,
DGN1175,APT01559,R10,Nyeri perut tidak spesifik,moderate,false,Lanjut terapi sebelumnya
DGN1176,APT02360,H10,Konjungtivitis,mild,false,
DGN1177,APT02490,J00,Common cold (nasopharyngitis akut),moderate,false,Lanjut terapi sebelumnya
DGN1178,APT03544,R10,Nyeri perut tidak spesifik,mild,false,Hindari paparan alergen
DGN1179,APT03229,,Diperlukan evaluasi lebih lanjut,mild,false,Tidak ada tanda komplikasi
DGN1180,APT03681,K30,Dispepsia fungsional,severe,false,Kontrol 1 minggu lagi
DGN1181,APT03161,A09,Gastroenteritis akut / diare,mild,true,Anjurkan istirahat cukup
DGN1182,APT02820,K30,Dispepsia fungsional,mild,false,Anjurkan istirahat cukup
DGN1183,APT04153,H10,Konjungtivitis,mild,true,Pasien kooperatif
DGN1184,APT00797,Z00,General medical examination / cek kesehatan,mild,false,
DGN1185,APT02466,M54,Nyeri punggung bawah (low back pain),mild,false,Observasi suhu
DGN1186,APT00169,R50,Demam tidak diketahui sebabnya,moderate,false,
DGN1187,APT03711,,Klinis sesuai keluhan utama,mild,false,
DGN1188,APT03266,J45,Asma bronkial,moderate,true,
DGN1189,APT01264,K30,Dispepsia fungsional,moderate,false,
DGN1190,APT03566,,Klinis sesuai keluhan utama,mild,true,
DGN1191,APT00448,H10,Konjungtivitis,mild,false,Pasien sadar dan kooperatif
DGN1192,APT02849,K30,Dispepsia fungsional,moderate,false,Lanjut terapi sebelumnya
DGN1193,APT03656,E78,Dislipidemia,mild,false,
DGN1194,APT03023,L50,Urtikaria / biduran,mild,true,
DGN1195,APT04222,L20,Dermatitis atopik,severe,false,Hindari makanan pedas
DGN1196,APT03704,Z34,Supervisi kehamilan normal,mild,false,
DGN1197,APT02664,Z00,General medical examination / cek kesehatan,mild,true,Pasien kooperatif
DGN1198,APT02397,M25,Nyeri sendi,mild,false,Tetap minum obat teratur
DGN1199,APT03130,,Klinis sesuai keluhan utama,severe,false,
DGN1200,APT01931,K30,Dispepsia fungsional,mild,true,
DGN1201,APT03454,L50,Urtikaria / biduran,severe,false,Kontrol 1 minggu lagi
DGN1202,APT03100,K29,Gastritis,mild,true,Kontrol 1 minggu lagi
DGN1203,APT04655,R50,Demam tidak diketahui sebabnya,mild,true,Tidak ada tanda komplikasi
DGN1204,APT03001,M54,Nyeri punggung bawah (low back pain),moderate,false,Hindari paparan alergen
DGN1205,APT01672,Z00,General medical examination / cek kesehatan,mild,false,
DGN1206,APT03364,Z34,Supervisi kehamilan normal,mild,false,Hindari makanan pedas
DGN1207,APT00355,K59,Konstipasi,mild,false,Anjuran banyak minum air
DGN1208,APT03538,H10,Konjungtivitis,mild,false,Tetap minum obat teratur
DGN1209,APT01499,,Gejala umum tidak spesifik,moderate,false,
DGN1210,APT01278,I11,Penyakit jantung hipertensi,mild,false,Hindari paparan alergen
DGN1211,APT04804,,Diagnosis sementara,moderate,false,Anjuran banyak minum air
DGN1212,APT03636,E11,Diabetes mellitus tipe 2,mild,true,
DGN1213,APT00539,R05,Batuk,mild,false,
DGN1214,APT04601,M54,Nyeri punggung bawah (low back pain),mild,false,
DGN1215,APT04125,J11,Influenza,mild,true,Tidak ada tanda komplikasi
DGN1216,APT03631,Z34,Supervisi kehamilan normal,mild,true,
DGN1217,APT00423,M54,Nyeri punggung bawah (low back pain),severe,true,
DGN1218,APT01133,J11,Influenza,mild,false,Tetap minum obat teratur
DGN1219,APT02250,,Diagnosis sementara,mild,false,Edukasi keluarga
DGN1220,APT01792,K30,Dispepsia fungsional,mild,false,
DGN1221,APT02370,H10,Konjungtivitis,mild,false,Kontrol 1 minggu lagi
DGN1222,APT03639,,Diagnosis sementara,moderate,true,
DGN1223,APT01431,L50,Urtikaria / biduran,moderate,false,Observasi suhu
DGN1224,APT03171,A09,Gastroenteritis akut / diare,severe,false,Hindari makanan pedas
DGN1225,APT00597,J06,Infeksi saluran napas atas akut,mild,false,Kontrol 1 minggu lagi
DGN1226,APT02525,R50,Demam tidak diketahui sebabnya,mild,true,
DGN1227,APT01328,R05,Batuk,moderate,false,
DGN1228,APT02658,L20,Dermatitis atopik,mild,true,Tetap minum obat teratur
DGN1229,APT00102,R50,Demam tidak diketahui sebabnya,mild,false,Lanjut terapi sebelumnya
DGN1230,APT00255,M79,Mialgia / nyeri otot,mild,false,Edukasi keluarga
DGN1231,APT00746,J00,Common cold (nasopharyngitis akut),mild,true,
DGN1232,APT01900,,Diagnosis klinis tanpa kode,moderate,false,Pasien tampak membaik
DGN1233,APT04020,J03,Tonsilitis akut,mild,false,
DGN1234,APT02493,,Klinis sesuai keluhan utama,moderate,true,
DGN1235,APT00948,,Diperlukan evaluasi lebih lanjut,mild,true,Pasien kooperatif
DGN1236,APT01181,J11,Influenza,mild,false,Hindari makanan pedas
DGN1237,APT01415,N39,Infeksi saluran kemih,moderate,false,Anjuran banyak minum air
DGN1238,APT04210,,Diperlukan evaluasi lebih lanjut,mild,true,Kontrol 1 minggu lagi
DGN1239,APT01372,J06,Infeksi saluran napas atas akut,moderate,true,Pasien tampak membaik
DGN1240,APT02153,H66,Otitis media supuratif,mild,false,Anjuran banyak minum air
DGN1241,APT01600,E11,Diabetes mellitus tipe 2,mild,true,Observasi suhu
DGN1242,APT00035,E11,Diabetes mellitus tipe 2,mild,false,Hindari makanan pedas
DGN1243,APT03427,L23,Dermatitis kontak alergi,mild,false,Kontrol 1 minggu lagi
DGN1244,APT04973,,Gejala umum tidak spesifik,mild,false,
DGN1245,APT04720,,Diagnosis klinis tanpa kode,mild,false,
DGN1246,APT04238,,Diagnosis sementara,mild,true,Edukasi pola makan
DGN1247,APT00874,A09,Gastroenteritis akut / diare,mild,false,Anjurkan istirahat cukup
DGN1248,APT03615,K29,Gastritis,moderate,false,Anjurkan istirahat cukup
DGN1249,APT02510,E78,Dislipidemia,mild,false,
DGN1250,APT03990,,Gejala umum tidak spesifik,moderate,false,
DGN1251,APT04837,Z30,Konsultasi KB / kontrasepsi,mild,false,Hindari makanan pedas
DGN1252,APT04495,J03,Tonsilitis akut,mild,false,Cek lab ulang 2 minggu
DGN1253,APT02455,I10,Hipertensi esensial,mild,true,
DGN1254,APT00435,I11,Penyakit jantung hipertensi,severe,false,Hindari paparan alergen
DGN1255,APT04053,M54,Nyeri punggung bawah (low back pain),severe,false,Anjurkan istirahat cukup
DGN1256,APT04908,I11,Penyakit jantung hipertensi,mild,false,
DGN1257,APT02982,R51,Sakit kepala / nyeri kepala,mild,false,Edukasi pola makan
DGN1258,APT01773,K29,Gastritis,mild,false,Hindari makanan pedas
DGN1259,APT02201,N39,Infeksi saluran kemih,severe,false,
DGN1260,APT00645,,Diagnosis klinis tanpa kode,moderate,false,Pasien tampak membaik
DGN1261,APT00559,J00,Common cold (nasopharyngitis akut),moderate,false,Edukasi keluarga
DGN1262,APT01112,K59,Konstipasi,mild,true,
DGN1263,APT02779,J03,Tonsilitis akut,mild,true,
DGN1264,APT03785,A09,Gastroenteritis akut / diare,moderate,false,
DGN1265,APT04729,J45,Asma bronkial,mild,false,Observasi suhu
DGN1266,APT02519,,Diagnosis sementara,mild,false,Cek lab ulang 2 minggu
DGN1267,APT03911,A09,Gastroenteritis akut / diare,mild,false,Tetap minum obat teratur
DGN1268,APT01040,L20,Dermatitis atopik,severe,false,Hindari paparan alergen
DGN1269,APT02442,N39,Infeksi saluran kemih,mild,false,Observasi suhu
DGN1270,APT03963,J20,Bronkitis akut,mild,true,
DGN1271,APT02094,J02,Faringitis akut,severe,false,
DGN1272,APT01054,,Klinis sesuai keluhan utama,mild,false,
DGN1273,APT01520,J02,Faringitis akut,mild,true,Pasien kooperatif
DGN1274,APT02296,E11,Diabetes mellitus tipe 2,mild,true,
DGN1275,APT03476,,Diagnosis klinis tanpa kode,mild,true,
DGN1276,APT04418,,Klinis sesuai keluhan utama,mild,true,
DGN1277,APT00677,J11,Influenza,moderate,false,
DGN1278,APT00298,,Diagnosis klinis tanpa kode,moderate,false,Hindari paparan alergen
DGN1279,APT02535,N39,Infeksi saluran kemih,severe,false,
DGN1280,APT00968,K30,Dispepsia fungsional,moderate,false,Edukasi pola makan
DGN1281,APT01726,M25,Nyeri sendi,mild,false,Tetap minum obat teratur
DGN1282,APT03791,Z34,Supervisi kehamilan normal,mild,false,
DGN1283,APT00827,J20,Bronkitis akut,moderate,false,
DGN1284,APT01269,Z34,Supervisi kehamilan normal,moderate,false,Kontrol 1 minggu lagi
DGN1285,APT01505,A09,Gastroenteritis akut / diare,mild,false,
DGN1286,APT04059,I10,Hipertensi esensial,mild,false,Pasien kooperatif
DGN1287,APT03236,R10,Nyeri perut tidak spesifik,mild,false,
DGN1288,APT01442,E78,Dislipidemia,mild,false,
DGN1289,APT03182,,Gejala umum tidak spesifik,moderate,false,Kontrol 1 minggu lagi
DGN1290,APT00563,J00,Common cold (nasopharyngitis akut),moderate,false,Cek lab ulang 2 minggu
DGN1291,APT00782,J06,Infeksi saluran napas atas akut,mild,false,Pasien tampak membaik
DGN1292,APT03053,R05,Batuk,mild,false,
DGN1293,APT02705,,Diagnosis klinis tanpa kode,moderate,false,
DGN1294,APT00803,M54,Nyeri punggung bawah (low back pain),mild,false,
DGN1295,APT04099,Z34,Supervisi kehamilan normal,moderate,false,
DGN1296,APT04924,R50,Demam tidak diketahui sebabnya,mild,false,
DGN1297,APT00230,H10,Konjungtivitis,mild,false,Tetap minum obat teratur
DGN1298,APT00338,,Diperlukan evaluasi lebih lanjut,mild,true,
DGN1299,APT04578,K05,Gingivitis,moderate,false,
DGN1300,APT01412,J06,Infeksi saluran napas atas akut,mild,false,Pasien tampak membaik
DGN1301,APT00476,J45,Asma bronkial,moderate,false,Cek lab ulang 2 minggu
DGN1302,APT02607,I10,Hipertensi esensial,mild,true,
DGN1303,APT04743,I10,Hipertensi esensial,mild,false,
DGN1304,APT02612,N39,Infeksi saluran kemih,mild,false,Edukasi keluarga
DGN1305,APT01707,J45,Asma bronkial,mild,false,
DGN1306,APT00985,R10,Nyeri perut tidak spesifik,mild,true,
DGN1307,APT02621,I10,Hipertensi esensial,mild,false,
DGN1308,APT01568,K59,Konstipasi,mild,true,
DGN1309,APT00032,R05,Batuk,severe,false,
DGN1310,APT00998,E78,Dislipidemia,mild,true,
DGN1311,APT02639,R05,Batuk,moderate,false,
DGN1312,APT04688,H10,Konjungtivitis,mild,false,Kontrol 1 minggu lagi
DGN1313,APT03175,R05,Batuk,moderate,true,
DGN1314,APT00306,,Diagnosis klinis tanpa kode,mild,false,Kontrol 1 minggu lagi
DGN1315,APT04805,J06,Infeksi saluran napas atas akut,mild,false,Kontrol 1 minggu lagi
DGN1316,APT00060,L50,Urtikaria / biduran,mild,false,
DGN1317,APT03152,M25,Nyeri sendi,mild,false,Anjuran banyak minum air
DGN1318,APT04116,J06,Infeksi saluran napas atas akut,moderate,true,Pasien sadar dan kooperatif
DGN1319,APT02252,M25,Nyeri sendi,moderate,false,
DGN1320,APT02144,J11,Influenza,mild,false,Observasi suhu
DGN1321,APT01533,J03,Tonsilitis akut,moderate,false,Pasien tampak membaik
DGN1322,APT01078,,Diagnosis sementara,mild,false,Cek lab ulang 2 minggu
DGN1323,APT01916,H10,Konjungtivitis,moderate,false,
DGN1324,APT04309,M54,Nyeri punggung bawah (low back pain),mild,false,Pasien sadar dan kooperatif
DGN1325,APT01855,M25,Nyeri sendi,mild,false,
DGN1326,APT01659,K05,Gingivitis,moderate,true,
DGN1327,APT00425,,Diagnosis klinis tanpa kode,mild,false,
DGN1328,APT02676,A09,Gastroenteritis akut / diare,mild,true,Hindari makanan pedas
DGN1329,APT00402,,Diagnosis sementara,moderate,false,Hindari paparan alergen
DGN1330,APT04435,I10,Hipertensi esensial,moderate,false,
DGN1331,APT01693,R51,Sakit kepala / nyeri kepala,mild,false,
DGN1332,APT01609,A09,Gastroenteritis akut / diare,severe,false,
DGN1333,APT03268,R10,Nyeri perut tidak spesifik,severe,true,Tidak ada tanda komplikasi
DGN1334,APT00598,E78,Dislipidemia,moderate,false,Pasien sadar dan kooperatif
DGN1335,APT02561,M25,Nyeri sendi,mild,false,
DGN1336,APT01212,J00,Common cold (nasopharyngitis akut),mild,false,Cek lab ulang 2 minggu
DGN1337,APT00469,L23,Dermatitis kontak alergi,mild,false,Tidak ada tanda komplikasi
DGN1338,APT02871,R50,Demam tidak diketahui sebabnya,mild,false,
DGN1339,APT02661,J45,Asma bronkial,mild,true,Lanjut terapi sebelumnya
DGN1340,APT04806,N39,Infeksi saluran kemih,moderate,false,Anjurkan istirahat cukup
DGN1341,APT00757,,Diperlukan evaluasi lebih lanjut,mild,false,Hindari makanan pedas
DGN1342,APT00894,R05,Batuk,mild,false,Anjuran banyak minum air
DGN1343,APT02629,J00,Common cold (nasopharyngitis akut),mild,false,Anjurkan istirahat cukup
DGN1344,APT03082,J11,Influenza,moderate,true,Edukasi pola makan
DGN1345,APT01748,L23,Dermatitis kontak alergi,mild,false,
DGN1346,APT00931,,Diperlukan evaluasi lebih lanjut,moderate,false,
DGN1347,APT02653,R50,Demam tidak diketahui sebabnya,mild,true,
DGN1348,APT03759,Z34,Supervisi kehamilan normal,mild,false,
DGN1349,APT00170,Z34,Supervisi kehamilan normal,severe,false,
DGN1350,APT02436,A09,Gastroenteritis akut / diare,severe,true,
DGN1351,APT03020,R50,Demam tidak diketahui sebabnya,mild,false,
DGN1352,APT00586,M25,Nyeri sendi,moderate,true,
DGN1353,APT00644,R05,Batuk,moderate,false,
DGN1354,APT04910,J45,Asma bronkial,mild,false,Pasien sadar dan kooperatif
DGN1355,APT04005,J11,Influenza,mild,true,
DGN1356,APT00168,J20,Bronkitis akut,mild,false,
DGN1357,APT04500,J11,Influenza,mild,false,Edukasi pola makan
DGN1358,APT04304,A09,Gastroenteritis akut / diare,moderate,false,Hindari paparan alergen
DGN1359,APT04345,,Klinis sesuai keluhan utama,moderate,true,
DGN1360,APT02465,K29,Gastritis,severe,false,Edukasi pola makan
DGN1361,APT04724,J02,Faringitis akut,moderate,false,
DGN1362,APT02369,Z34,Supervisi kehamilan normal,mild,false,Edukasi pola makan
DGN1363,APT03010,J20,Bronkitis akut,severe,false,
DGN1364,APT01582,E78,Dislipidemia,moderate,false,Edukasi keluarga
DGN1365,APT00454,J02,Faringitis akut,mild,false,
DGN1366,APT00793,J20,Bronkitis akut,moderate,false,Observasi suhu
DGN1367,APT03488,Z30,Konsultasi KB / kontrasepsi,moderate,false,Edukasi keluarga
DGN1368,APT00287,J20,Bronkitis akut,moderate,true,Anjuran banyak minum air
DGN1369,APT00769,K29,Gastritis,mild,false,
DGN1370,APT03363,,Diperlukan evaluasi lebih lanjut,mild,false,Pasien sadar dan kooperatif
DGN1371,APT01300,N39,Infeksi saluran kemih,mild,false,
DGN1372,APT03601,,Diagnosis klinis tanpa kode,moderate,false,Kontrol 1 minggu lagi
DGN1373,APT03388,,Klinis sesuai keluhan utama,mild,false,Pasien tampak membaik
DGN1374,APT02028,A09,Gastroenteritis akut / diare,severe,true,
DGN1375,APT03251,,Klinis sesuai keluhan utama,mild,false,
DGN1376,APT00507,,Diperlukan evaluasi lebih lanjut,mild,false,
DGN1377,APT01715,M25,Nyeri sendi,moderate,true,
DGN1378,APT00277,,Diperlukan evaluasi lebih lanjut,moderate,false,
DGN1379,APT00046,K30,Dispepsia fungsional,mild,true,
DGN1380,APT00823,A09,Gastroenteritis akut / diare,mild,false,Lanjut terapi sebelumnya
DGN1381,APT02857,J02,Faringitis akut,mild,false,Tidak ada tanda komplikasi
DGN1382,APT01374,J20,Bronkitis akut,mild,true,Anjuran banyak minum air
DGN1383,APT04339,L50,Urtikaria / biduran,mild,true,Edukasi pola makan
DGN1384,APT00663,M79,Mialgia / nyeri otot,mild,true,
DGN1385,APT04889,J20,Bronkitis akut,mild,false,
DGN1386,APT03769,K02,Karies gigi,mild,false,
DGN1387,APT04667,,Diperlukan evaluasi lebih lanjut,mild,false,
DGN1388,APT03902,Z00,General medical examination / cek kesehatan,mild,false,
DGN1389,APT02502,J02,Faringitis akut,severe,false,Hindari makanan pedas
DGN1390,APT03582,Z00,General medical examination / cek kesehatan,mild,false,
DGN1391,APT03048,,Klinis sesuai keluhan utama,mild,true,
DGN1392,APT03074,M79,Mialgia / nyeri otot,mild,false,Anjuran banyak minum air
DGN1393,APT01414,R10,Nyeri perut tidak spesifik,moderate,true,Tetap minum obat teratur
DGN1394,APT04492,,Diagnosis klinis tanpa kode,mild,false,
DGN1395,APT04392,,Gejala umum tidak spesifik,mild,true,
DGN1396,APT01881,,Diperlukan evaluasi lebih lanjut,moderate,false,
DGN1397,APT04142,J02,Faringitis akut,mild,false,
DGN1398,APT03874,L23,Dermatitis kontak alergi,mild,false,Anjurkan istirahat cukup
DGN1399,APT04898,H66,Otitis media supuratif,mild,false,
DGN1400,APT04267,K59,Konstipasi,mild,false,Pasien tampak membaik
DGN1401,APT00876,,Diagnosis klinis tanpa kode,moderate,false,
DGN1402,APT02657,Z00,General medical examination / cek kesehatan,mild,false,
DGN1403,APT03359,,Gejala umum tidak spesifik,moderate,false,Observasi suhu
DGN1404,APT02254,E78,Dislipidemia,mild,true,
DGN1405,APT01291,L23,Dermatitis kontak alergi,severe,false,
DGN1406,APT04841,E78,Dislipidemia,mild,false,
DGN1407,APT04134,,Diagnosis klinis tanpa kode,mild,true,
DGN1408,APT00125,R51,Sakit kepala / nyeri kepala,severe,true,Observasi suhu
DGN1409,APT01348,,Diagnosis klinis tanpa kode,moderate,false,
DGN1410,APT04452,K02,Karies gigi,mild,false,Observasi suhu
DGN1411,APT03224,L23,Dermatitis kontak alergi,moderate,true,Pasien sadar dan kooperatif
DGN1412,APT01626,,Klinis sesuai keluhan utama,mild,false,Cek lab ulang 2 minggu
DGN1413,APT00897,R10,Nyeri perut tidak spesifik,severe,false,
DGN1414,APT00824,,Diagnosis klinis tanpa kode,mild,false,Lanjut terapi sebelumnya
DGN1415,APT01814,N39,Infeksi saluran kemih,moderate,false,
DGN1416,APT00577,I11,Penyakit jantung hipertensi,moderate,false,Cek lab ulang 2 minggu
DGN1417,APT04050,Z34,Supervisi kehamilan normal,mild,false,
DGN1418,APT03227,Z00,General medical examination / cek kesehatan,mild,false,Cek lab ulang 2 minggu
DGN1419,APT02785,,Diagnosis sementara,moderate,false,Tetap minum obat teratur
DGN1420,APT03617,K30,Dispepsia fungsional,severe,false,
DGN1421,APT04219,M54,Nyeri punggung bawah (low back pain),moderate,false,Edukasi pola makan
DGN1422,APT04998,,Klinis sesuai keluhan utama,mild,false,
DGN1423,APT00145,J45,Asma bronkial,mild,false,
DGN1424,APT00735,E78,Dislipidemia,moderate,true,
DGN1425,APT00225,J11,Influenza,mild,false,Tetap minum obat teratur
DGN1426,APT01487,J02,Faringitis akut,mild,false,Anjurkan istirahat cukup
DGN1427,APT01708,L20,Dermatitis atopik,moderate,false,Lanjut terapi sebelumnya
DGN1428,APT02603,Z34,Supervisi kehamilan normal,mild,true,Tidak ada tanda komplikasi
DGN1429,APT00776,R51,Sakit kepala / nyeri kepala,mild,false,Cek lab ulang 2 minggu
DGN1430,APT00528,L50,Urtikaria / biduran,mild,false,Anjuran banyak minum air
DGN1431,APT01606,,Diagnosis sementara,moderate,false,
DGN1432,APT04505,M54,Nyeri punggung bawah (low back pain),mild,false,Observasi suhu
DGN1433,APT01598,E78,Dislipidemia,mild,false,Pasien kooperatif
DGN1434,APT01949,,Diagnosis sementara,moderate,false,Kontrol 1 minggu lagi
DGN1435,APT03132,R50,Demam tidak diketahui sebabnya,mild,true,
DGN1436,APT02483,E78,Dislipidemia,mild,true,
DGN1437,APT04400,E11,Diabetes mellitus tipe 2,moderate,false,
DGN1438,APT03031,H66,Otitis media supuratif,moderate,false,Pasien sadar dan kooperatif
DGN1439,APT00421,M54,Nyeri punggung bawah (low back pain),moderate,true,
DGN1440,APT00979,N39,Infeksi saluran kemih,mild,false,
DGN1441,APT04145,,Diagnosis klinis tanpa kode,moderate,false,Edukasi pola makan
DGN1442,APT00323,H10,Konjungtivitis,mild,false,Edukasi pola makan
DGN1443,APT00228,R50,Demam tidak diketahui sebabnya,severe,false,Anjuran banyak minum air
DGN1444,APT02772,,Diperlukan evaluasi lebih lanjut,mild,false,
DGN1445,APT00908,J00,Common cold (nasopharyngitis akut),severe,false,Kontrol 1 minggu lagi
DGN1446,APT00052,,Gejala umum tidak spesifik,severe,false,Edukasi pola makan
DGN1447,APT03232,J06,Infeksi saluran napas atas akut,mild,false,
DGN1448,APT00133,E11,Diabetes mellitus tipe 2,moderate,false,
DGN1449,APT01675,Z34,Supervisi kehamilan normal,mild,false,
DGN1450,APT01800,R51,Sakit kepala / nyeri kepala,moderate,true,Tetap minum obat teratur
DGN1451,APT04493,J45,Asma bronkial,moderate,false,Pasien sadar dan kooperatif
DGN1452,APT02424,L23,Dermatitis kontak alergi,moderate,false,Tidak ada tanda komplikasi
DGN1453,APT01126,K30,Dispepsia fungsional,mild,false,
DGN1454,APT04661,L50,Urtikaria / biduran,moderate,true,
DGN1455,APT04073,,Diagnosis sementara,severe,false,
DGN1456,APT01185,J20,Bronkitis akut,mild,false,Kontrol 1 minggu lagi
DGN1457,APT00949,,Diagnosis sementara,moderate,false,Pasien sadar dan kooperatif
DGN1458,APT01043,J06,Infeksi saluran napas atas akut,mild,false,Pasien sadar dan kooperatif
DGN1459,APT04331,K02,Karies gigi,moderate,false,Tidak ada tanda komplikasi
DGN1460,APT01207,K02,Karies gigi,mild,false,Lanjut terapi sebelumnya
DGN1461,APT00312,,Diagnosis sementara,mild,false,Hindari paparan alergen
DGN1462,APT00710,,Diagnosis sementara,mild,false,
DGN1463,APT00886,K02,Karies gigi,severe,false,
DGN1464,APT00304,E11,Diabetes mellitus tipe 2,mild,true,
DGN1465,APT04669,K29,Gastritis,moderate,false,Anjurkan istirahat cukup
DGN1466,APT03453,J11,Influenza,mild,false,Lanjut terapi sebelumnya
DGN1467,APT00692,,Diperlukan evaluasi lebih lanjut,mild,true,
DGN1468,APT02740,,Diperlukan evaluasi lebih lanjut,severe,false,
DGN1469,APT03231,Z34,Supervisi kehamilan normal,mild,false,Anjurkan istirahat cukup
DGN1470,APT00364,Z30,Konsultasi KB / kontrasepsi,mild,false,
DGN1471,APT01647,E11,Diabetes mellitus tipe 2,mild,true,Hindari makanan pedas
DGN1472,APT02609,M25,Nyeri sendi,mild,false,Hindari makanan pedas
DGN1473,APT02888,R50,Demam tidak diketahui sebabnya,mild,false,Edukasi pola makan
DGN1474,APT03824,Z34,Supervisi kehamilan normal,moderate,false,Tidak ada tanda komplikasi
DGN1475,APT00572,L23,Dermatitis kontak alergi,moderate,false,Pasien kooperatif
DGN1476,APT04054,Z34,Supervisi kehamilan normal,mild,false,Observasi suhu
DGN1477,APT01777,R05,Batuk,mild,false,
DGN1478,APT04737,K59,Konstipasi,mild,true,Cek lab ulang 2 minggu
DGN1479,APT02974,I11,Penyakit jantung hipertensi,mild,false,
DGN1480,APT03757,L50,Urtikaria / biduran,mild,false,
DGN1481,APT04557,Z34,Supervisi kehamilan normal,mild,true,
DGN1482,APT02503,R05,Batuk,mild,false,Observasi suhu
DGN1483,APT00461,J02,Faringitis akut,mild,true,
DGN1484,APT00485,J20,Bronkitis akut,mild,false,Edukasi pola makan
DGN1485,APT03393,E11,Diabetes mellitus tipe 2,severe,false,
DGN1486,APT02426,J03,Tonsilitis akut,mild,false,
DGN1487,APT00616,L23,Dermatitis kontak alergi,mild,false,
DGN1488,APT01219,L23,Dermatitis kontak alergi,moderate,false,Cek lab ulang 2 minggu
DGN1489,APT01887,K05,Gingivitis,mild,false,
DGN1490,APT00256,K05,Gingivitis,severe,true,
DGN1491,APT01256,,Gejala umum tidak spesifik,mild,false,
DGN1492,APT02919,J06,Infeksi saluran napas atas akut,moderate,true,
DGN1493,APT02553,K05,Gingivitis,moderate,false,Hindari makanan pedas
DGN1494,APT01148,J00,Common cold (nasopharyngitis akut),moderate,false,Tidak ada tanda komplikasi
DGN1495,APT00486,L20,Dermatitis atopik,mild,true,Cek lab ulang 2 minggu
DGN1496,APT00679,K30,Dispepsia fungsional,severe,false,
DGN1497,APT01140,E11,Diabetes mellitus tipe 2,severe,false,Observasi suhu
DGN1498,APT00545,,Diagnosis sementara,moderate,true,Tidak ada tanda komplikasi
DGN1499,APT02710,Z34,Supervisi kehamilan normal,mild,false,
DGN1500,APT04469,E11,Diabetes mellitus tipe 2,mild,true,
DGN1501,APT04760,E78,Dislipidemia,mild,false,Pasien kooperatif
DGN1502,APT02048,J20,Bronkitis akut,moderate,false,Hindari makanan pedas
DGN1503,APT04686,,Gejala umum tidak spesifik,moderate,true,
DGN1504,APT03378,J02,Faringitis akut,mild,true,Tidak ada tanda komplikasi
DGN1505,APT04586,J20,Bronkitis akut,mild,false,Lanjut terapi sebelumnya
DGN1506,APT01296,R05,Batuk,moderate,true,Hindari paparan alergen
DGN1507,APT02501,,Diagnosis klinis tanpa kode,mild,false,
DGN1508,APT03320,,Klinis sesuai keluhan utama,mild,true,
DGN1509,APT03868,M79,Mialgia / nyeri otot,severe,true,
DGN1510,APT02790,J45,Asma bronkial,mild,false,
DGN1511,APT01988,,Klinis sesuai keluhan utama,mild,true,
DGN1512,APT01064,H66,Otitis media supuratif,severe,true,Hindari makanan pedas
DGN1513,APT00656,J45,Asma bronkial,mild,true,Anjuran banyak minum air
DGN1514,APT04196,A09,Gastroenteritis akut / diare,mild,true,
DGN1515,APT03267,E11,Diabetes mellitus tipe 2,severe,false,
DGN1516,APT01696,R05,Batuk,mild,false,
DGN1517,APT04890,Z00,General medical examination / cek kesehatan,mild,false,
DGN1518,APT04278,J02,Faringitis akut,mild,false,
DGN1519,APT02706,M25,Nyeri sendi,mild,false,Tetap minum obat teratur
DGN1520,APT02512,Z00,General medical examination / cek kesehatan,moderate,true,Pasien tampak membaik
DGN1521,APT02747,L23,Dermatitis kontak alergi,mild,false,
DGN1522,APT01376,H10,Konjungtivitis,moderate,false,Observasi suhu
DGN1523,APT04249,I11,Penyakit jantung hipertensi,moderate,false,
DGN1524,APT02591,Z30,Konsultasi KB / kontrasepsi,mild,false,Observasi suhu
DGN1525,APT02966,,Diperlukan evaluasi lebih lanjut,mild,true,
DGN1526,APT00804,K59,Konstipasi,mild,true,Hindari makanan pedas
DGN1527,APT03806,R50,Demam tidak diketahui sebabnya,mild,false,Hindari makanan pedas
DGN1528,APT03261,E78,Dislipidemia,moderate,false,
DGN1529,APT04780,L23,Dermatitis kontak alergi,mild,true,
DGN1530,APT01564,Z30,Konsultasi KB / kontrasepsi,mild,false,Lanjut terapi sebelumnya
DGN1531,APT03951,J45,Asma bronkial,mild,false,
DGN1532,APT02681,M54,Nyeri punggung bawah (low back pain),mild,false,Cek lab ulang 2 minggu
DGN1533,APT00233,,Klinis sesuai keluhan utama,mild,false,Tidak ada tanda komplikasi
DGN1534,APT02764,M79,Mialgia / nyeri otot,moderate,false,
DGN1535,APT03702,N39,Infeksi saluran kemih,moderate,false,
DGN1536,APT02700,N39,Infeksi saluran kemih,moderate,true,
DGN1537,APT04875,J11,Influenza,moderate,true,
DGN1538,APT02158,R10,Nyeri perut tidak spesifik,mild,false,Tetap minum obat teratur
DGN1539,APT01781,E11,Diabetes mellitus tipe 2,mild,true,Hindari makanan pedas
DGN1540,APT03901,J06,Infeksi saluran napas atas akut,mild,false,Hindari makanan pedas
DGN1541,APT01189,K05,Gingivitis,severe,true,Edukasi keluarga
DGN1542,APT01908,R10,Nyeri perut tidak spesifik,moderate,false,Observasi suhu
DGN1543,APT00332,J03,Tonsilitis akut,mild,false,Anjurkan istirahat cukup
DGN1544,APT04533,,Diperlukan evaluasi lebih lanjut,mild,false,
DGN1545,APT04633,A09,Gastroenteritis akut / diare,moderate,false,Anjurkan istirahat cukup
DGN1546,APT03383,H66,Otitis media supuratif,mild,false,
DGN1547,APT00881,M25,Nyeri sendi,mild,false,
DGN1548,APT02829,J02,Faringitis akut,mild,false,Kontrol 1 minggu lagi
DGN1549,APT03496,K29,Gastritis,moderate,true,
DGN1550,APT03480,,Diperlukan evaluasi lebih lanjut,mild,false,
DGN1551,APT00139,E78,Dislipidemia,mild,false,Pasien kooperatif
DGN1552,APT00899,,Diagnosis klinis tanpa kode,moderate,false,Edukasi keluarga
DGN1553,APT04120,L50,Urtikaria / biduran,mild,true,Tidak ada tanda komplikasi
DGN1554,APT02574,K30,Dispepsia fungsional,mild,true,Hindari makanan pedas
DGN1555,APT02579,,Diagnosis sementara,moderate,false,
DGN1556,APT00320,K30,Dispepsia fungsional,mild,false,Edukasi pola makan
DGN1557,APT03547,K30,Dispepsia fungsional,mild,true,Pasien tampak membaik
DGN1558,APT02960,I11,Penyakit jantung hipertensi,mild,true,
DGN1559,APT03413,R51,Sakit kepala / nyeri kepala,moderate,false,
DGN1560,APT00100,,Diagnosis sementara,mild,true,Edukasi pola makan
DGN1561,APT03290,K30,Dispepsia fungsional,mild,false,Anjurkan istirahat cukup
DGN1562,APT01843,K05,Gingivitis,mild,true,Cek lab ulang 2 minggu
DGN1563,APT01186,L20,Dermatitis atopik,moderate,false,Anjurkan istirahat cukup
DGN1564,APT03206,M54,Nyeri punggung bawah (low back pain),moderate,false,Anjurkan istirahat cukup
DGN1565,APT04251,R10,Nyeri perut tidak spesifik,mild,false,Hindari makanan pedas
DGN1566,APT02468,J00,Common cold (nasopharyngitis akut),severe,false,
DGN1567,APT03637,E78,Dislipidemia,mild,false,Pasien sadar dan kooperatif
DGN1568,APT03694,R10,Nyeri perut tidak spesifik,severe,false,
DGN1569,APT01319,E78,Dislipidemia,mild,false,
DGN1570,APT01038,M54,Nyeri punggung bawah (low back pain),mild,false,
DGN1571,APT04187,E78,Dislipidemia,moderate,true,
DGN1572,APT04135,M54,Nyeri punggung bawah (low back pain),mild,true,Kontrol 1 minggu lagi
DGN1573,APT00834,,Diagnosis sementara,moderate,true,Tetap minum obat teratur
DGN1574,APT03007,K30,Dispepsia fungsional,moderate,true,
DGN1575,APT04859,R50,Demam tidak diketahui sebabnya,mild,false,
DGN1576,APT03497,R51,Sakit kepala / nyeri kepala,mild,false,
DGN1577,APT01454,H10,Konjungtivitis,moderate,false,Lanjut terapi sebelumnya
DGN1578,APT00487,,Diagnosis sementara,mild,true,Edukasi keluarga
DGN1579,APT03807,R10,Nyeri perut tidak spesifik,severe,false,Pasien tampak membaik
DGN1580,APT00321,R10,Nyeri perut tidak spesifik,mild,false,
DGN1581,APT01978,J45,Asma bronkial,moderate,false,Edukasi keluarga
DGN1582,APT00264,R51,Sakit kepala / nyeri kepala,mild,false,
DGN1583,APT01853,H10,Konjungtivitis,mild,false,
DGN1584,APT01578,M25,Nyeri sendi,severe,false,Edukasi pola makan
DGN1585,APT01448,L23,Dermatitis kontak alergi,mild,true,Tetap minum obat teratur
DGN1586,APT00910,,Diperlukan evaluasi lebih lanjut,moderate,true,Edukasi pola makan
DGN1587,APT03352,J02,Faringitis akut,mild,true,Pasien kooperatif
DGN1588,APT03534,M54,Nyeri punggung bawah (low back pain),moderate,true,
DGN1589,APT00463,H66,Otitis media supuratif,mild,false,Edukasi pola makan
DGN1590,APT01375,Z30,Konsultasi KB / kontrasepsi,mild,false,Tetap minum obat teratur
DGN1591,APT01205,,Klinis sesuai keluhan utama,severe,false,
DGN1592,APT03113,J45,Asma bronkial,mild,false,Hindari makanan pedas
DGN1593,APT03073,N39,Infeksi saluran kemih,mild,false,
DGN1594,APT03309,,Klinis sesuai keluhan utama,mild,true,
DGN1595,APT03638,K02,Karies gigi,moderate,false,Hindari makanan pedas
DGN1596,APT01147,E78,Dislipidemia,mild,true,
DGN1597,APT02146,J06,Infeksi saluran napas atas akut,mild,false,
DGN1598,APT04964,I10,Hipertensi esensial,moderate,false,Lanjut terapi sebelumnya
DGN1599,APT04215,,Klinis sesuai keluhan utama,mild,true,Lanjut terapi sebelumnya
DGN1600,APT00750,H10,Konjungtivitis,mild,false,
DGN1601,APT04336,K30,Dispepsia fungsional,moderate,true,
DGN1602,APT03089,,Klinis sesuai keluhan utama,moderate,false,
DGN1603,APT03884,I11,Penyakit jantung hipertensi,mild,false,Observasi suhu
DGN1604,APT01357,J00,Common cold (nasopharyngitis akut),mild,false,Lanjut terapi sebelumnya
DGN1605,APT03870,L50,Urtikaria / biduran,moderate,false,
DGN1606,APT02401,K05,Gingivitis,moderate,false,Hindari makanan pedas
DGN1607,APT04458,K30,Dispepsia fungsional,moderate,true,Hindari makanan pedas
DGN1608,APT04078,,Diperlukan evaluasi lebih lanjut,mild,false,Edukasi pola makan
DGN1609,APT04478,N39,Infeksi saluran kemih,moderate,true,Tetap minum obat teratur
DGN1610,APT01478,J02,Faringitis akut,moderate,true,Hindari makanan pedas
DGN1611,APT02131,K30,Dispepsia fungsional,severe,true,
DGN1612,APT04775,H66,Otitis media supuratif,moderate,true,
DGN1613,APT02523,Z30,Konsultasi KB / kontrasepsi,mild,false,
DGN1614,APT04206,K30,Dispepsia fungsional,mild,false,Tidak ada tanda komplikasi
DGN1615,APT04174,K05,Gingivitis,mild,true,Cek lab ulang 2 minggu
DGN1616,APT01927,K30,Dispepsia fungsional,moderate,false,
DGN1617,APT04745,K29,Gastritis,moderate,false,
DGN1618,APT04695,I11,Penyakit jantung hipertensi,severe,true,Anjurkan istirahat cukup
DGN1619,APT02768,,Klinis sesuai keluhan utama,mild,true,
DGN1620,APT03746,J02,Faringitis akut,mild,false,Pasien kooperatif
DGN1621,APT02277,A09,Gastroenteritis akut / diare,mild,true,Edukasi keluarga
DGN1622,APT00458,Z00,General medical examination / cek kesehatan,mild,false,Hindari makanan pedas
DGN1623,APT04459,H66,Otitis media supuratif,mild,false,Anjuran banyak minum air
DGN1624,APT02400,M79,Mialgia / nyeri otot,mild,false,Kontrol 1 minggu lagi
DGN1625,APT05000,,Diagnosis sementara,mild,false,
DGN1626,APT04475,K02,Karies gigi,mild,false,Edukasi keluarga
DGN1627,APT04960,K02,Karies gigi,mild,true,Edukasi pola makan
DGN1628,APT01768,K30,Dispepsia fungsional,severe,false,
DGN1629,APT00017,M79,Mialgia / nyeri otot,mild,false,Observasi suhu
DGN1630,APT04292,H66,Otitis media supuratif,moderate,false,
DGN1631,APT01304,H10,Konjungtivitis,moderate,true,
DGN1632,APT00319,K59,Konstipasi,mild,true,
DGN1633,APT02325,N39,Infeksi saluran kemih,mild,true,Pasien kooperatif
DGN1634,APT00189,,Diagnosis klinis tanpa kode,moderate,false,Observasi suhu
DGN1635,APT00443,,Klinis sesuai keluhan utama,mild,false,
DGN1636,APT02381,K02,Karies gigi,moderate,true,Observasi suhu
DGN1637,APT02031,J06,Infeksi saluran napas atas akut,mild,false,Tidak ada tanda komplikasi
DGN1638,APT00859,E78,Dislipidemia,mild,false,
DGN1639,APT04236,R51,Sakit kepala / nyeri kepala,mild,true,Tetap minum obat teratur
DGN1640,APT03452,,Diperlukan evaluasi lebih lanjut,severe,false,Hindari paparan alergen
DGN1641,APT03822,,Gejala umum tidak spesifik,moderate,true,Edukasi keluarga
DGN1642,APT01069,L23,Dermatitis kontak alergi,mild,true,Edukasi keluarga
DGN1643,APT03445,I10,Hipertensi esensial,mild,true,Anjuran banyak minum air
DGN1644,APT04734,M25,Nyeri sendi,mild,true,
DGN1645,APT01828,J20,Bronkitis akut,mild,true,Anjuran banyak minum air
DGN1646,APT01702,R50,Demam tidak diketahui sebabnya,mild,false,Cek lab ulang 2 minggu
DGN1647,APT01917,M54,Nyeri punggung bawah (low back pain),mild,false,
DGN1648,APT00565,,Diagnosis klinis tanpa kode,mild,false,
DGN1649,APT03666,,Diperlukan evaluasi lebih lanjut,moderate,false,Hindari paparan alergen
DGN1650,APT02890,E11,Diabetes mellitus tipe 2,moderate,false,
DGN1651,APT04348,E78,Dislipidemia,moderate,true,Kontrol 1 minggu lagi
DGN1652,APT01042,,Diagnosis sementara,mild,true,Cek lab ulang 2 minggu
DGN1653,APT01444,J45,Asma bronkial,mild,false,Lanjut terapi sebelumnya
DGN1654,APT02213,,Diagnosis klinis tanpa kode,moderate,false,Hindari makanan pedas
DGN1655,APT04398,J11,Influenza,mild,true,Tidak ada tanda komplikasi
DGN1656,APT04320,L50,Urtikaria / biduran,mild,false,
DGN1657,APT01888,,Klinis sesuai keluhan utama,moderate,false,
DGN1658,APT03394,K30,Dispepsia fungsional,mild,true,
DGN1659,APT03686,L50,Urtikaria / biduran,mild,true,Anjurkan istirahat cukup
DGN1660,APT01591,J00,Common cold (nasopharyngitis akut),severe,false,Observasi suhu
DGN1661,APT04905,K05,Gingivitis,moderate,false,Tetap minum obat teratur
DGN1662,APT01490,J02,Faringitis akut,moderate,true,Edukasi keluarga
DGN1663,APT04770,H66,Otitis media supuratif,mild,false,Pasien sadar dan kooperatif
DGN1664,APT01601,,Klinis sesuai keluhan utama,moderate,true,
DGN1665,APT02694,I11,Penyakit jantung hipertensi,mild,false,Edukasi keluarga
DGN1666,APT00971,J20,Bronkitis akut,moderate,true,
DGN1667,APT03439,E78,Dislipidemia,mild,true,
DGN1668,APT02596,R10,Nyeri perut tidak spesifik,moderate,false,Hindari makanan pedas
DGN1669,APT02734,J11,Influenza,mild,false,Edukasi keluarga
DGN1670,APT00790,K05,Gingivitis,mild,true,Anjurkan istirahat cukup
DGN1671,APT01635,M79,Mialgia / nyeri otot,mild,false,Pasien tampak membaik
DGN1672,APT01835,M79,Mialgia / nyeri otot,moderate,false,
DGN1673,APT04131,H10,Konjungtivitis,moderate,false,Lanjut terapi sebelumnya
DGN1674,APT01898,K30,Dispepsia fungsional,mild,false,
DGN1675,APT04183,M25,Nyeri sendi,mild,false,Lanjut terapi sebelumnya
DGN1676,APT02337,H10,Konjungtivitis,mild,false,Observasi suhu
DGN1677,APT04846,,Diagnosis klinis tanpa kode,severe,false,Observasi suhu
DGN1678,APT03211,L20,Dermatitis atopik,mild,false,
DGN1679,APT00080,J45,Asma bronkial,mild,false,Pasien tampak membaik
DGN1680,APT01400,R10,Nyeri perut tidak spesifik,severe,false,Hindari makanan pedas
DGN1681,APT03188,J11,Influenza,mild,true,Edukasi pola makan
DGN1682,APT03542,E11,Diabetes mellitus tipe 2,mild,false,Edukasi keluarga
DGN1683,APT02100,E78,Dislipidemia,severe,true,Pasien sadar dan kooperatif
DGN1684,APT01129,,Diperlukan evaluasi lebih lanjut,mild,false,Pasien tampak membaik
DGN1685,APT02979,,Gejala umum tidak spesifik,mild,true,Anjuran banyak minum air
DGN1686,APT03572,K59,Konstipasi,mild,false,
DGN1687,APT02843,R50,Demam tidak diketahui sebabnya,mild,true,Anjurkan istirahat cukup
DGN1688,APT04355,J20,Bronkitis akut,mild,false,
DGN1689,APT04866,J03,Tonsilitis akut,mild,false,Edukasi pola makan
DGN1690,APT02866,L20,Dermatitis atopik,mild,false,
DGN1691,APT00292,K05,Gingivitis,moderate,true,
DGN1692,APT00470,L50,Urtikaria / biduran,moderate,false,Anjuran banyak minum air
DGN1693,APT03302,,Diagnosis sementara,moderate,true,Tidak ada tanda komplikasi
DGN1694,APT04731,E11,Diabetes mellitus tipe 2,mild,true,Kontrol 1 minggu lagi
DGN1695,APT03428,J02,Faringitis akut,moderate,false,Pasien kooperatif
DGN1696,APT01554,H10,Konjungtivitis,mild,false,
DGN1697,APT03039,I10,Hipertensi esensial,moderate,false,Lanjut terapi sebelumnya
DGN1698,APT04486,I11,Penyakit jantung hipertensi,moderate,true,Anjuran banyak minum air
DGN1699,APT01263,,Klinis sesuai keluhan utama,mild,false,Tidak ada tanda komplikasi
DGN1700,APT02159,,Diperlukan evaluasi lebih lanjut,mild,false,Anjuran banyak minum air
DGN1701,APT04953,,Gejala umum tidak spesifik,severe,true,Pasien tampak membaik
DGN1702,APT04828,Z00,General medical examination / cek kesehatan,mild,false,Edukasi keluarga
DGN1703,APT01214,L20,Dermatitis atopik,mild,false,
DGN1704,APT04451,K59,Konstipasi,moderate,false,Anjurkan istirahat cukup
DGN1705,APT01791,Z30,Konsultasi KB / kontrasepsi,mild,false,Anjurkan istirahat cukup
DGN1706,APT00477,J06,Infeksi saluran napas atas akut,moderate,true,Tidak ada tanda komplikasi
DGN1707,APT04774,,Klinis sesuai keluhan utama,moderate,true,Kontrol 1 minggu lagi
DGN1708,APT03243,Z00,General medical examination / cek kesehatan,moderate,true,
DGN1709,APT04546,E78,Dislipidemia,mild,true,Hindari makanan pedas
DGN1710,APT03820,E11,Diabetes mellitus tipe 2,moderate,false,
DGN1711,APT03843,,Gejala umum tidak spesifik,severe,false,Tetap minum obat teratur
DGN1712,APT01830,L23,Dermatitis kontak alergi,moderate,true,Pasien tampak membaik
DGN1713,APT01292,J20,Bronkitis akut,moderate,false,
DGN1714,APT00892,,Diagnosis klinis tanpa kode,mild,false,
DGN1715,APT04765,K29,Gastritis,mild,false,Edukasi keluarga
DGN1716,APT01426,K29,Gastritis,mild,false,
DGN1717,APT03731,R05,Batuk,mild,true,Pasien sadar dan kooperatif
DGN1718,APT00489,J00,Common cold (nasopharyngitis akut),mild,false,Anjuran banyak minum air
DGN1719,APT03401,,Klinis sesuai keluhan utama,moderate,false,Cek lab ulang 2 minggu
DGN1720,APT01469,R05,Batuk,severe,false,
DGN1721,APT04189,N39,Infeksi saluran kemih,mild,true,
DGN1722,APT00038,A09,Gastroenteritis akut / diare,mild,false,Pasien kooperatif
DGN1723,APT03315,M54,Nyeri punggung bawah (low back pain),mild,false,
DGN1724,APT00262,M79,Mialgia / nyeri otot,mild,true,Anjuran banyak minum air
DGN1725,APT01823,,Diagnosis klinis tanpa kode,severe,false,
DGN1726,APT00550,N39,Infeksi saluran kemih,mild,false,Lanjut terapi sebelumnya
DGN1727,APT04704,,Diagnosis klinis tanpa kode,moderate,false,Pasien sadar dan kooperatif
DGN1728,APT04894,,Gejala umum tidak spesifik,mild,false,Anjurkan istirahat cukup
DGN1729,APT02845,J03,Tonsilitis akut,mild,false,Tetap minum obat teratur
DGN1730,APT01356,M54,Nyeri punggung bawah (low back pain),mild,false,
DGN1731,APT01102,M79,Mialgia / nyeri otot,mild,false,Anjurkan istirahat cukup
DGN1732,APT03340,,Diperlukan evaluasi lebih lanjut,moderate,true,
DGN1733,APT01467,E11,Diabetes mellitus tipe 2,mild,false,Pasien tampak membaik
DGN1734,APT02399,H10,Konjungtivitis,moderate,true,Observasi suhu
DGN1735,APT01107,J02,Faringitis akut,mild,false,Anjurkan istirahat cukup
DGN1736,APT02066,,Diagnosis klinis tanpa kode,mild,false,Edukasi keluarga
DGN1737,APT02384,J06,Infeksi saluran napas atas akut,mild,false,Pasien tampak membaik
DGN1738,APT02728,A09,Gastroenteritis akut / diare,mild,false,Edukasi keluarga
DGN1739,APT00816,N39,Infeksi saluran kemih,severe,true,
DGN1740,APT00762,M79,Mialgia / nyeri otot,moderate,false,Pasien kooperatif
DGN1741,APT02075,L50,Urtikaria / biduran,moderate,false,
DGN1742,APT00991,A09,Gastroenteritis akut / diare,mild,false,
DGN1743,APT04405,Z34,Supervisi kehamilan normal,mild,true,Kontrol 1 minggu lagi
DGN1744,APT00770,Z34,Supervisi kehamilan normal,mild,true,
DGN1745,APT00340,N39,Infeksi saluran kemih,mild,false,
DGN1746,APT00109,H10,Konjungtivitis,mild,false,Cek lab ulang 2 minggu
DGN1747,APT04678,K05,Gingivitis,moderate,true,
DGN1748,APT00309,J45,Asma bronkial,moderate,false,
DGN1749,APT04954,R51,Sakit kepala / nyeri kepala,severe,false,
DGN1750,APT01251,J00,Common cold (nasopharyngitis akut),moderate,false,Edukasi keluarga
DGN1751,APT02161,L23,Dermatitis kontak alergi,moderate,false,
DGN1752,APT01351,Z30,Konsultasi KB / kontrasepsi,moderate,false,Edukasi pola makan
DGN1753,APT04396,J20,Bronkitis akut,moderate,true,Anjuran banyak minum air
DGN1754,APT04983,M79,Mialgia / nyeri otot,mild,false,Hindari makanan pedas
DGN1755,APT01788,K29,Gastritis,mild,false,
DGN1756,APT01940,M25,Nyeri sendi,mild,false,Tetap minum obat teratur
DGN1757,APT02086,L50,Urtikaria / biduran,mild,false,Hindari makanan pedas
DGN1758,APT04147,,Diperlukan evaluasi lebih lanjut,mild,true,
DGN1759,APT04570,R05,Batuk,moderate,false,Hindari makanan pedas
DGN1760,APT03409,J03,Tonsilitis akut,mild,false,
DGN1761,APT04487,L20,Dermatitis atopik,severe,false,Hindari paparan alergen
DGN1762,APT00271,J45,Asma bronkial,mild,true,
DGN1763,APT00179,J11,Influenza,mild,false,Hindari makanan pedas
DGN1764,APT03156,K29,Gastritis,mild,true,Cek lab ulang 2 minggu
DGN1765,APT02316,L23,Dermatitis kontak alergi,mild,false,Tidak ada tanda komplikasi
DGN1766,APT01682,J11,Influenza,moderate,false,Cek lab ulang 2 minggu
DGN1767,APT03318,J00,Common cold (nasopharyngitis akut),severe,true,Pasien kooperatif
DGN1768,APT04693,J03,Tonsilitis akut,moderate,false,Tidak ada tanda komplikasi
DGN1769,APT04519,Z30,Konsultasi KB / kontrasepsi,mild,false,
DGN1770,APT03015,K59,Konstipasi,mild,false,
DGN1771,APT02477,H66,Otitis media supuratif,mild,true,
DGN1772,APT04634,H10,Konjungtivitis,severe,false,
DGN1773,APT02114,H66,Otitis media supuratif,mild,true,
DGN1774,APT01831,H10,Konjungtivitis,mild,true,
DGN1775,APT00655,J06,Infeksi saluran napas atas akut,mild,false,Tetap minum obat teratur
DGN1776,APT04631,E11,Diabetes mellitus tipe 2,moderate,true,
DGN1777,APT04389,L20,Dermatitis atopik,mild,true,Observasi suhu
DGN1778,APT02180,,Klinis sesuai keluhan utama,mild,false,
DGN1779,APT00475,J20,Bronkitis akut,severe,false,Edukasi pola makan
DGN1780,APT03166,L23,Dermatitis kontak alergi,mild,false,Hindari paparan alergen
DGN1781,APT02354,,Diagnosis klinis tanpa kode,moderate,false,Lanjut terapi sebelumnya
DGN1782,APT01676,Z00,General medical examination / cek kesehatan,mild,false,Observasi suhu
DGN1783,APT03402,H10,Konjungtivitis,mild,false,Hindari makanan pedas
DGN1784,APT01879,N39,Infeksi saluran kemih,mild,true,
DGN1785,APT04510,,Diperlukan evaluasi lebih lanjut,moderate,true,Cek lab ulang 2 minggu
DGN1786,APT01812,M25,Nyeri sendi,mild,false,
DGN1787,APT04672,J11,Influenza,mild,false,Kontrol 1 minggu lagi
DGN1788,APT02581,L20,Dermatitis atopik,mild,false,Cek lab ulang 2 minggu
DGN1789,APT03144,K30,Dispepsia fungsional,moderate,false,Edukasi keluarga
DGN1790,APT01173,,Klinis sesuai keluhan utama,moderate,true,
DGN1791,APT03278,J02,Faringitis akut,moderate,false,
DGN1792,APT01155,E78,Dislipidemia,mild,true,Anjurkan istirahat cukup
DGN1793,APT03996,,Diagnosis klinis tanpa kode,mild,true,Pasien tampak membaik
DGN1794,APT01704,J20,Bronkitis akut,moderate,false,Anjurkan istirahat cukup
DGN1795,APT02285,L20,Dermatitis atopik,mild,false,
DGN1796,APT02367,K59,Konstipasi,moderate,false,Kontrol 1 minggu lagi
DGN1797,APT04026,H10,Konjungtivitis,mild,false,
DGN1798,APT03258,J11,Influenza,moderate,true,
DGN1799,APT03374,Z00,General medical examination / cek kesehatan,moderate,false,
DGN1800,APT00334,M79,Mialgia / nyeri otot,mild,false,Cek lab ulang 2 minggu
DGN1801,APT00294,J20,Bronkitis akut,mild,false,
DGN1802,APT02637,L20,Dermatitis atopik,mild,false,Pasien kooperatif
DGN1803,APT04471,J02,Faringitis akut,mild,false,
DGN1804,APT02922,K02,Karies gigi,mild,true,Observasi suhu
DGN1805,APT01228,,Klinis sesuai keluhan utama,mild,false,
DGN1806,APT00057,,Diagnosis sementara,mild,true,Pasien sadar dan kooperatif
DGN1807,APT02972,I10,Hipertensi esensial,moderate,true,Tidak ada tanda komplikasi
DGN1808,APT03154,,Klinis sesuai keluhan utama,mild,false,Tetap minum obat teratur
DGN1809,APT04975,,Diagnosis sementara,mild,false,Tetap minum obat teratur
DGN1810,APT04294,H10,Konjungtivitis,severe,false,Pasien tampak membaik
DGN1811,APT04281,,Diperlukan evaluasi lebih lanjut,moderate,true,Lanjut terapi sebelumnya
DGN1812,APT04794,R05,Batuk,mild,true,Observasi suhu
DGN1813,APT01333,R10,Nyeri perut tidak spesifik,moderate,false,Kontrol 1 minggu lagi
DGN1814,APT03922,Z34,Supervisi kehamilan normal,mild,true,
DGN1815,APT01288,J02,Faringitis akut,mild,false,Pasien tampak membaik
DGN1816,APT01287,Z30,Konsultasi KB / kontrasepsi,mild,false,
DGN1817,APT04444,K29,Gastritis,mild,false,Pasien kooperatif
DGN1818,APT02331,,Diperlukan evaluasi lebih lanjut,mild,true,
DGN1819,APT00382,J20,Bronkitis akut,mild,true,
DGN1820,APT02439,L23,Dermatitis kontak alergi,severe,true,
DGN1821,APT02279,,Diperlukan evaluasi lebih lanjut,moderate,false,Kontrol 1 minggu lagi
DGN1822,APT01710,M25,Nyeri sendi,severe,true,Pasien sadar dan kooperatif
DGN1823,APT01753,R50,Demam tidak diketahui sebabnya,mild,true,Pasien tampak membaik
DGN1824,APT02737,M79,Mialgia / nyeri otot,mild,true,Anjuran banyak minum air
DGN1825,APT04949,I10,Hipertensi esensial,moderate,true,
DGN1826,APT02619,L50,Urtikaria / biduran,moderate,false,Tidak ada tanda komplikasi
DGN1827,APT04161,K05,Gingivitis,severe,false,Anjuran banyak minum air
DGN1828,APT02429,A09,Gastroenteritis akut / diare,severe,false,Edukasi pola makan
DGN1829,APT03311,J20,Bronkitis akut,mild,true,Pasien sadar dan kooperatif
DGN1830,APT04457,M25,Nyeri sendi,moderate,false,Pasien kooperatif
DGN1831,APT01082,M25,Nyeri sendi,mild,true,Lanjut terapi sebelumnya
DGN1832,APT01574,J20,Bronkitis akut,mild,false,Anjurkan istirahat cukup
DGN1833,APT04227,,Klinis sesuai keluhan utama,moderate,false,Lanjut terapi sebelumnya
DGN1834,APT02432,J11,Influenza,mild,true,Pasien tampak membaik
DGN1835,APT04195,Z30,Konsultasi KB / kontrasepsi,mild,false,Pasien tampak membaik
DGN1836,APT00713,Z30,Konsultasi KB / kontrasepsi,moderate,true,
DGN1837,APT02774,I10,Hipertensi esensial,mild,false,Edukasi keluarga
DGN1838,APT02602,L50,Urtikaria / biduran,mild,false,
DGN1839,APT01090,A09,Gastroenteritis akut / diare,moderate,false,
DGN1840,APT01593,H66,Otitis media supuratif,moderate,false,Cek lab ulang 2 minggu
DGN1841,APT03831,Z30,Konsultasi KB / kontrasepsi,mild,false,Pasien kooperatif
DGN1842,APT00447,J45,Asma bronkial,mild,true,Hindari makanan pedas
DGN1843,APT01378,,Gejala umum tidak spesifik,mild,false,Tidak ada tanda komplikasi
DGN1844,APT00887,,Diagnosis sementara,mild,false,
DGN1845,APT03438,K05,Gingivitis,moderate,false,
DGN1846,APT04689,K59,Konstipasi,moderate,true,Tetap minum obat teratur
DGN1847,APT03485,I11,Penyakit jantung hipertensi,mild,false,Pasien tampak membaik
DGN1848,APT00143,I11,Penyakit jantung hipertensi,moderate,false,
DGN1849,APT02913,,Diperlukan evaluasi lebih lanjut,mild,false,Observasi suhu
DGN1850,APT02739,,Gejala umum tidak spesifik,mild,true,Observasi suhu
DGN1851,APT03041,J03,Tonsilitis akut,mild,false,
DGN1852,APT04717,Z30,Konsultasi KB / kontrasepsi,mild,false,Anjurkan istirahat cukup
DGN1853,APT02412,E11,Diabetes mellitus tipe 2,mild,false,Tidak ada tanda komplikasi
DGN1854,APT01146,,Diperlukan evaluasi lebih lanjut,mild,false,
DGN1855,APT00623,L50,Urtikaria / biduran,mild,false,Kontrol 1 minggu lagi
DGN1856,APT00667,K05,Gingivitis,mild,true,
DGN1857,APT02093,,Diagnosis sementara,mild,false,
DGN1858,APT02425,,Diagnosis sementara,mild,false,Cek lab ulang 2 minggu
DGN1859,APT02906,L50,Urtikaria / biduran,mild,false,
DGN1860,APT01706,,Diagnosis sementara,mild,false,Pasien tampak membaik
DGN1861,APT01395,J45,Asma bronkial,moderate,false,Anjuran banyak minum air
DGN1862,APT03701,R50,Demam tidak diketahui sebabnya,moderate,true,Cek lab ulang 2 minggu
DGN1863,APT00560,K30,Dispepsia fungsional,mild,true,
DGN1864,APT00362,K05,Gingivitis,mild,false,Tetap minum obat teratur
DGN1865,APT00537,L50,Urtikaria / biduran,mild,false,
DGN1866,APT02077,R10,Nyeri perut tidak spesifik,mild,true,Pasien kooperatif
DGN1867,APT03083,A09,Gastroenteritis akut / diare,mild,false,
DGN1868,APT03360,M25,Nyeri sendi,mild,true,Tidak ada tanda komplikasi
DGN1869,APT03260,Z30,Konsultasi KB / kontrasepsi,mild,false,Edukasi keluarga
DGN1870,APT02393,L23,Dermatitis kontak alergi,severe,false,Hindari paparan alergen
DGN1871,APT03303,,Diperlukan evaluasi lebih lanjut,mild,false,
DGN1872,APT02678,L23,Dermatitis kontak alergi,moderate,false,Kontrol 1 minggu lagi
DGN1873,APT00700,H10,Konjungtivitis,moderate,false,
DGN1874,APT01089,,Diagnosis klinis tanpa kode,moderate,false,Kontrol 1 minggu lagi
DGN1875,APT00795,J45,Asma bronkial,mild,false,Anjuran banyak minum air
DGN1876,APT02488,J06,Infeksi saluran napas atas akut,mild,false,Observasi suhu
DGN1877,APT02282,I11,Penyakit jantung hipertensi,mild,true,Pasien kooperatif
DGN1878,APT00664,N39,Infeksi saluran kemih,mild,false,
DGN1879,APT02522,J11,Influenza,mild,false,Kontrol 1 minggu lagi
DGN1880,APT03645,M25,Nyeri sendi,mild,false,Hindari makanan pedas
DGN1881,APT03730,M79,Mialgia / nyeri otot,severe,true,Anjuran banyak minum air
DGN1882,APT03817,,Gejala umum tidak spesifik,moderate,false,
DGN1883,APT02665,,Diagnosis sementara,moderate,true,Tidak ada tanda komplikasi
DGN1884,APT01920,R50,Demam tidak diketahui sebabnya,mild,false,
DGN1885,APT02419,K59,Konstipasi,mild,false,Pasien sadar dan kooperatif
DGN1886,APT01191,K30,Dispepsia fungsional,mild,false,Lanjut terapi sebelumnya
DGN1887,APT02260,K59,Konstipasi,mild,true,
DGN1888,APT01955,,Diagnosis klinis tanpa kode,mild,false,Tidak ada tanda komplikasi
DGN1889,APT00740,,Diperlukan evaluasi lebih lanjut,moderate,false,Hindari makanan pedas
DGN1890,APT00620,L50,Urtikaria / biduran,mild,false,
DGN1891,APT01223,E78,Dislipidemia,mild,true,Anjurkan istirahat cukup
DGN1892,APT00070,L50,Urtikaria / biduran,mild,false,
DGN1893,APT03433,K02,Karies gigi,mild,true,
DGN1894,APT03861,J02,Faringitis akut,severe,false,
DGN1895,APT03727,H66,Otitis media supuratif,severe,false,
DGN1896,APT04008,,Klinis sesuai keluhan utama,mild,false,Edukasi pola makan
DGN1897,APT00526,N39,Infeksi saluran kemih,mild,false,Observasi suhu
DGN1898,APT00122,J03,Tonsilitis akut,severe,true,
DGN1899,APT01929,,Diperlukan evaluasi lebih lanjut,moderate,true,Observasi suhu
DGN1900,APT00141,K29,Gastritis,mild,false,
DGN1901,APT02812,M25,Nyeri sendi,moderate,true,
DGN1902,APT00206,H66,Otitis media supuratif,severe,true,Observasi suhu
DGN1903,APT04012,L23,Dermatitis kontak alergi,moderate,false,
DGN1904,APT02872,E11,Diabetes mellitus tipe 2,moderate,false,Hindari makanan pedas
DGN1905,APT03691,R10,Nyeri perut tidak spesifik,mild,true,Observasi suhu
DGN1906,APT01158,H66,Otitis media supuratif,mild,false,Anjuran banyak minum air
DGN1907,APT04115,,Diagnosis sementara,moderate,false,
DGN1908,APT02229,J11,Influenza,mild,true,
DGN1909,APT04627,H10,Konjungtivitis,mild,false,Anjuran banyak minum air
DGN1910,APT03880,J03,Tonsilitis akut,mild,false,Observasi suhu
DGN1911,APT00003,,Gejala umum tidak spesifik,mild,false,Pasien kooperatif
DGN1912,APT00024,H66,Otitis media supuratif,mild,false,Hindari makanan pedas
DGN1913,APT01255,,Diagnosis klinis tanpa kode,mild,false,
DGN1914,APT04269,L50,Urtikaria / biduran,mild,true,
DGN1915,APT03523,K59,Konstipasi,mild,false,Pasien tampak membaik
DGN1916,APT03025,J06,Infeksi saluran napas atas akut,mild,true,Hindari paparan alergen
DGN1917,APT03606,H66,Otitis media supuratif,mild,false,Anjuran banyak minum air
DGN1918,APT02846,Z30,Konsultasi KB / kontrasepsi,mild,true,
DGN1919,APT03057,,Gejala umum tidak spesifik,mild,false,Observasi suhu
DGN1920,APT00284,,Klinis sesuai keluhan utama,moderate,false,Tidak ada tanda komplikasi
DGN1921,APT03091,R10,Nyeri perut tidak spesifik,mild,false,
DGN1922,APT02796,,Klinis sesuai keluhan utama,mild,false,Cek lab ulang 2 minggu
DGN1923,APT04937,H66,Otitis media supuratif,moderate,true,Anjuran banyak minum air
DGN1924,APT03135,K05,Gingivitis,moderate,false,Kontrol 1 minggu lagi
DGN1925,APT02623,L20,Dermatitis atopik,moderate,false,Anjuran banyak minum air
DGN1926,APT04446,Z34,Supervisi kehamilan normal,moderate,false,
DGN1927,APT00983,Z34,Supervisi kehamilan normal,severe,false,Pasien kooperatif
DGN1928,APT00541,K05,Gingivitis,mild,false,Pasien kooperatif
DGN1929,APT04608,Z30,Konsultasi KB / kontrasepsi,mild,false,Tidak ada tanda komplikasi
DGN1930,APT02978,,Diagnosis klinis tanpa kode,mild,true,Cek lab ulang 2 minggu
DGN1931,APT01302,K29,Gastritis,mild,true,Anjurkan istirahat cukup
DGN1932,APT01764,R10,Nyeri perut tidak spesifik,moderate,true,Cek lab ulang 2 minggu
DGN1933,APT01654,I11,Penyakit jantung hipertensi,severe,false,
DGN1934,APT04301,I11,Penyakit jantung hipertensi,mild,false,Anjuran banyak minum air
DGN1935,APT03853,,Gejala umum tidak spesifik,mild,false,Tetap minum obat teratur
DGN1936,APT03045,J11,Influenza,mild,false,
DGN1937,APT03567,,Klinis sesuai keluhan utama,moderate,false,
DGN1938,APT03425,,Klinis sesuai keluhan utama,mild,false,Pasien kooperatif
DGN1939,APT02806,R10,Nyeri perut tidak spesifik,mild,false,
DGN1940,APT04682,,Diagnosis klinis tanpa kode,mild,false,Edukasi pola makan
DGN1941,APT00097,M79,Mialgia / nyeri otot,mild,false,
DGN1942,APT00357,H66,Otitis media supuratif,mild,false,Lanjut terapi sebelumnya
DGN1943,APT03358,E78,Dislipidemia,mild,false,Pasien sadar dan kooperatif
DGN1944,APT00211,K30,Dispepsia fungsional,mild,false,Pasien tampak membaik
DGN1945,APT02448,K05,Gingivitis,moderate,true,
DGN1946,APT03899,E78,Dislipidemia,mild,false,Cek lab ulang 2 minggu
DGN1947,APT04839,L50,Urtikaria / biduran,mild,false,Pasien tampak membaik
DGN1948,APT03304,R10,Nyeri perut tidak spesifik,mild,false,
DGN1949,APT00118,J03,Tonsilitis akut,mild,false,
DGN1950,APT03365,K29,Gastritis,mild,false,
DGN1951,APT01453,J45,Asma bronkial,mild,false,
DGN1952,APT04191,K05,Gingivitis,mild,true,Kontrol 1 minggu lagi
DGN1953,APT04985,K02,Karies gigi,moderate,false,Kontrol 1 minggu lagi
DGN1954,APT02980,M54,Nyeri punggung bawah (low back pain),mild,false,Pasien sadar dan kooperatif
DGN1955,APT00786,L20,Dermatitis atopik,moderate,false,Cek lab ulang 2 minggu
DGN1956,APT01178,E11,Diabetes mellitus tipe 2,mild,false,
DGN1957,APT04629,A09,Gastroenteritis akut / diare,mild,false,Pasien kooperatif
DGN1958,APT04650,M54,Nyeri punggung bawah (low back pain),mild,false,Pasien sadar dan kooperatif
DGN1959,APT04422,J06,Infeksi saluran napas atas akut,moderate,false,Edukasi keluarga
DGN1960,APT03414,K29,Gastritis,mild,true,Pasien kooperatif
DGN1961,APT04119,K30,Dispepsia fungsional,mild,true,
DGN1962,APT01770,J03,Tonsilitis akut,mild,false,
DGN1963,APT04490,Z34,Supervisi kehamilan normal,mild,true,Cek lab ulang 2 minggu
DGN1964,APT03937,I11,Penyakit jantung hipertensi,mild,false,Hindari makanan pedas
DGN1965,APT00720,,Diagnosis klinis tanpa kode,mild,false,Anjurkan istirahat cukup
DGN1966,APT01763,Z30,Konsultasi KB / kontrasepsi,mild,true,
DGN1967,APT01359,M79,Mialgia / nyeri otot,moderate,false,
DGN1968,APT01869,A09,Gastroenteritis akut / diare,mild,true,
DGN1969,APT03877,K05,Gingivitis,mild,false,
DGN1970,APT00217,,Diagnosis klinis tanpa kode,mild,false,Edukasi pola makan
DGN1971,APT00622,R51,Sakit kepala / nyeri kepala,moderate,false,
DGN1972,APT04397,K05,Gingivitis,moderate,true,
DGN1973,APT04771,K29,Gastritis,mild,false,Observasi suhu
DGN1974,APT04002,J02,Faringitis akut,mild,false,
DGN1975,APT04282,J02,Faringitis akut,moderate,false,Kontrol 1 minggu lagi
DGN1976,APT01952,K59,Konstipasi,mild,true,Tidak ada tanda komplikasi
DGN1977,APT04520,R05,Batuk,moderate,false,Lanjut terapi sebelumnya
DGN1978,APT00689,J02,Faringitis akut,mild,false,Edukasi keluarga
DGN1979,APT03466,R51,Sakit kepala / nyeri kepala,mild,false,Hindari makanan pedas
DGN1980,APT03531,K30,Dispepsia fungsional,moderate,false,Pasien kooperatif
DGN1981,APT03404,J02,Faringitis akut,moderate,false,
DGN1982,APT04883,J03,Tonsilitis akut,moderate,false,Lanjut terapi sebelumnya
DGN1983,APT03942,J03,Tonsilitis akut,mild,false,Kontrol 1 minggu lagi
DGN1984,APT04192,K30,Dispepsia fungsional,mild,false,Anjurkan istirahat cukup
DGN1985,APT01365,E78,Dislipidemia,mild,false,
DGN1986,APT02318,R05,Batuk,moderate,false,Tidak ada tanda komplikasi
DGN1987,APT01289,K29,Gastritis,mild,false,Cek lab ulang 2 minggu
DGN1988,APT04656,K59,Konstipasi,moderate,false,Pasien kooperatif
DGN1989,APT03736,,Klinis sesuai keluhan utama,mild,false,Kontrol 1 minggu lagi
DGN1990,APT04103,H10,Konjungtivitis,severe,false,Edukasi keluarga
DGN1991,APT00749,,Klinis sesuai keluhan utama,mild,false,
DGN1992,APT01097,K29,Gastritis,mild,false,Cek lab ulang 2 minggu
DGN1993,APT02188,R50,Demam tidak diketahui sebabnya,mild,false,Anjuran banyak minum air
DGN1994,APT04342,J03,Tonsilitis akut,severe,false,Anjurkan istirahat cukup
DGN1995,APT02880,K59,Konstipasi,mild,false,Pasien kooperatif
DGN1996,APT03721,R05,Batuk,mild,false,
DGN1997,APT04711,J11,Influenza,mild,false,Tetap minum obat teratur
DGN1998,APT00142,M54,Nyeri punggung bawah (low back pain),mild,false,
DGN1999,APT02499,N39,Infeksi saluran kemih,mild,false,
DGN2000,APT03058,L23,Dermatitis kontak alergi,moderate,false,Hindari paparan alergen
DGN2001,APT01346,H10,Konjungtivitis,mild,false,Lanjut terapi sebelumnya
DGN2002,APT01198,J45,Asma bronkial,severe,false,Lanjut terapi sebelumnya
DGN2003,APT00767,K59,Konstipasi,moderate,false,
DGN2004,APT01471,E11,Diabetes mellitus tipe 2,mild,true,Cek lab ulang 2 minggu
DGN2005,APT03716,,Diagnosis sementara,moderate,false,
DGN2006,APT02098,J45,Asma bronkial,mild,false,Edukasi keluarga
DGN2007,APT02396,K29,Gastritis,mild,false,Tidak ada tanda komplikasi
DGN2008,APT04261,K30,Dispepsia fungsional,moderate,false,Hindari makanan pedas
DGN2009,APT00975,R10,Nyeri perut tidak spesifik,moderate,false,Anjuran banyak minum air
DGN2010,APT04461,H66,Otitis media supuratif,moderate,true,Pasien sadar dan kooperatif
DGN2011,APT03441,R10,Nyeri perut tidak spesifik,moderate,false,
DGN2012,APT04085,N39,Infeksi saluran kemih,moderate,true,Pasien kooperatif
DGN2013,APT02757,K30,Dispepsia fungsional,mild,false,Tetap minum obat teratur
DGN2014,APT03474,I10,Hipertensi esensial,mild,true,Kontrol 1 minggu lagi
DGN2015,APT03357,,Gejala umum tidak spesifik,moderate,true,
DGN2016,APT02809,K29,Gastritis,mild,false,Edukasi keluarga
DGN2017,APT01445,M54,Nyeri punggung bawah (low back pain),mild,true,Edukasi pola makan
DGN2018,APT00898,J45,Asma bronkial,moderate,false,
DGN2019,APT02562,A09,Gastroenteritis akut / diare,mild,true,Pasien sadar dan kooperatif
DGN2020,APT02666,M54,Nyeri punggung bawah (low back pain),mild,true,
DGN2021,APT01567,R50,Demam tidak diketahui sebabnya,mild,false,Tetap minum obat teratur
DGN2022,APT02202,J02,Faringitis akut,moderate,false,Anjuran banyak minum air
DGN2023,APT04105,,Gejala umum tidak spesifik,severe,false,
DGN2024,APT00771,J06,Infeksi saluran napas atas akut,mild,false,
DGN2025,APT02361,R05,Batuk,severe,false,Pasien tampak membaik
DGN2026,APT00672,K29,Gastritis,severe,false,Hindari makanan pedas
DGN2027,APT00369,R51,Sakit kepala / nyeri kepala,mild,true,Edukasi pola makan
DGN2028,APT01605,M25,Nyeri sendi,mild,false,Pasien tampak membaik
DGN2029,APT00140,E78,Dislipidemia,moderate,true,
DGN2030,APT01195,K29,Gastritis,mild,false,
DGN2031,APT00482,R10,Nyeri perut tidak spesifik,moderate,false,Lanjut terapi sebelumnya
DGN2032,APT01660,E78,Dislipidemia,mild,false,Pasien tampak membaik
DGN2033,APT02330,L50,Urtikaria / biduran,severe,true,Pasien kooperatif
DGN2034,APT00282,R51,Sakit kepala / nyeri kepala,moderate,false,Observasi suhu
DGN2035,APT04404,R05,Batuk,mild,false,Anjuran banyak minum air
DGN2036,APT03351,,Diperlukan evaluasi lebih lanjut,mild,false,
DGN2037,APT01101,K02,Karies gigi,moderate,false,
DGN2038,APT00864,R10,Nyeri perut tidak spesifik,severe,false,Tetap minum obat teratur
DGN2039,APT01946,J03,Tonsilitis akut,mild,true,Tidak ada tanda komplikasi
DGN2040,APT04909,E78,Dislipidemia,mild,true,Anjurkan istirahat cukup
DGN2041,APT01310,H10,Konjungtivitis,mild,false,Tetap minum obat teratur
DGN2042,APT04226,L20,Dermatitis atopik,mild,false,Kontrol 1 minggu lagi
DGN2043,APT02310,,Diagnosis klinis tanpa kode,mild,false,
DGN2044,APT04239,M54,Nyeri punggung bawah (low back pain),mild,false,Pasien sadar dan kooperatif
DGN2045,APT02009,J02,Faringitis akut,mild,false,
DGN2046,APT02515,N39,Infeksi saluran kemih,moderate,false,
DGN2047,APT01484,R10,Nyeri perut tidak spesifik,severe,false,
DGN2048,APT03047,J02,Faringitis akut,mild,false,Pasien tampak membaik
DGN2049,APT04208,H66,Otitis media supuratif,mild,false,Edukasi pola makan
DGN2050,APT03632,Z30,Konsultasi KB / kontrasepsi,mild,false,Cek lab ulang 2 minggu
DGN2051,APT03793,K59,Konstipasi,mild,false,Hindari makanan pedas
DGN2052,APT03715,J03,Tonsilitis akut,moderate,false,Pasien tampak membaik
DGN2053,APT00054,H10,Konjungtivitis,mild,false,
DGN2054,APT04474,R51,Sakit kepala / nyeri kepala,mild,false,
DGN2055,APT04496,M25,Nyeri sendi,mild,false,
DGN2056,APT01347,L23,Dermatitis kontak alergi,mild,false,
DGN2057,APT03291,H10,Konjungtivitis,moderate,false,Cek lab ulang 2 minggu
DGN2058,APT03949,M79,Mialgia / nyeri otot,moderate,false,
DGN2059,APT03816,L50,Urtikaria / biduran,mild,true,
DGN2060,APT04575,,Diagnosis sementara,moderate,false,Tetap minum obat teratur
DGN2061,APT04912,J02,Faringitis akut,mild,false,Kontrol 1 minggu lagi
DGN2062,APT04534,Z34,Supervisi kehamilan normal,moderate,false,Edukasi keluarga
DGN2063,APT02917,E78,Dislipidemia,mild,false,
DGN2064,APT01175,I10,Hipertensi esensial,mild,false,
DGN2065,APT00930,J45,Asma bronkial,moderate,false,Hindari paparan alergen
DGN2066,APT00772,L20,Dermatitis atopik,severe,false,
DGN2067,APT01115,E78,Dislipidemia,severe,false,
DGN2068,APT04588,R10,Nyeri perut tidak spesifik,moderate,false,Anjurkan istirahat cukup
DGN2069,APT03405,,Diagnosis sementara,moderate,false,Tetap minum obat teratur
DGN2070,APT02494,R05,Batuk,moderate,false,Pasien tampak membaik
DGN2071,APT02312,J45,Asma bronkial,moderate,false,
DGN2072,APT01850,R05,Batuk,mild,false,Hindari paparan alergen
DGN2073,APT04023,L20,Dermatitis atopik,mild,false,Tetap minum obat teratur
DGN2074,APT01617,H66,Otitis media supuratif,mild,false,Pasien sadar dan kooperatif
DGN2075,APT02295,M25,Nyeri sendi,mild,false,
DGN2076,APT01303,K02,Karies gigi,mild,true,Cek lab ulang 2 minggu
DGN2077,APT00163,K05,Gingivitis,mild,false,Edukasi keluarga
DGN2078,APT04295,,Gejala umum tidak spesifik,mild,false,Anjuran banyak minum air
DGN2079,APT04402,R10,Nyeri perut tidak spesifik,mild,false,
DGN2080,APT00424,J45,Asma bronkial,mild,false,Pasien sadar dan kooperatif
DGN2081,APT00739,Z34,Supervisi kehamilan normal,mild,false,Edukasi pola makan
DGN2082,APT00317,M54,Nyeri punggung bawah (low back pain),mild,false,Anjurkan istirahat cukup
DGN2083,APT00265,I11,Penyakit jantung hipertensi,mild,false,Anjuran banyak minum air
DGN2084,APT03573,Z00,General medical examination / cek kesehatan,moderate,true,
DGN2085,APT03000,K02,Karies gigi,mild,false,Edukasi keluarga
DGN2086,APT01104,,Gejala umum tidak spesifik,mild,true,Anjuran banyak minum air
DGN2087,APT00426,,Diperlukan evaluasi lebih lanjut,mild,false,
DGN2088,APT00641,I11,Penyakit jantung hipertensi,moderate,false,Hindari makanan pedas
DGN2089,APT02648,K05,Gingivitis,mild,true,Edukasi keluarga
DGN2090,APT00819,J20,Bronkitis akut,mild,false,Tetap minum obat teratur
DGN2091,APT03061,Z00,General medical examination / cek kesehatan,moderate,false,Kontrol 1 minggu lagi
DGN2092,APT00036,M25,Nyeri sendi,moderate,false,
DGN2093,APT00718,J00,Common cold (nasopharyngitis akut),mild,false,Tetap minum obat teratur
DGN2094,APT01227,L23,Dermatitis kontak alergi,severe,false,Tetap minum obat teratur
DGN2095,APT04188,M54,Nyeri punggung bawah (low back pain),mild,false,Pasien sadar dan kooperatif
DGN2096,APT03633,,Klinis sesuai keluhan utama,severe,false,Kontrol 1 minggu lagi
DGN2097,APT01628,,Klinis sesuai keluhan utama,moderate,false,
DGN2098,APT04176,L23,Dermatitis kontak alergi,moderate,true,Tidak ada tanda komplikasi
DGN2099,APT03981,A09,Gastroenteritis akut / diare,mild,false,
DGN2100,APT02495,J06,Infeksi saluran napas atas akut,mild,true,Pasien tampak membaik
DGN2101,APT01856,H66,Otitis media supuratif,mild,false,
DGN2102,APT03846,J11,Influenza,mild,true,
DGN2103,APT02644,E11,Diabetes mellitus tipe 2,mild,false,
DGN2104,APT01924,,Diagnosis sementara,moderate,false,Kontrol 1 minggu lagi
DGN2105,APT02760,J00,Common cold (nasopharyngitis akut),mild,true,
DGN2106,APT01350,R50,Demam tidak diketahui sebabnya,mild,false,Edukasi keluarga
DGN2107,APT00688,J00,Common cold (nasopharyngitis akut),mild,false,Tidak ada tanda komplikasi
DGN2108,APT00401,J00,Common cold (nasopharyngitis akut),mild,false,Hindari makanan pedas
DGN2109,APT03956,Z34,Supervisi kehamilan normal,mild,false,Observasi suhu
DGN2110,APT04032,J45,Asma bronkial,mild,false,Tidak ada tanda komplikasi
DGN2111,APT03875,N39,Infeksi saluran kemih,mild,false,Pasien kooperatif
DGN2112,APT00850,K59,Konstipasi,mild,false,
DGN2113,APT01901,E78,Dislipidemia,severe,false,
DGN2114,APT01720,E11,Diabetes mellitus tipe 2,mild,false,Anjuran banyak minum air
DGN2115,APT04084,J11,Influenza,mild,false,Observasi suhu
DGN2116,APT00192,M54,Nyeri punggung bawah (low back pain),moderate,true,
DGN2117,APT02388,R51,Sakit kepala / nyeri kepala,mild,false,Anjuran banyak minum air
DGN2118,APT04547,R50,Demam tidak diketahui sebabnya,moderate,false,Lanjut terapi sebelumnya
DGN2119,APT01215,E78,Dislipidemia,mild,false,Kontrol 1 minggu lagi
DGN2120,APT03591,H10,Konjungtivitis,mild,true,
DGN2121,APT03621,J02,Faringitis akut,mild,true,Pasien kooperatif
DGN2122,APT03233,H10,Konjungtivitis,mild,false,Kontrol 1 minggu lagi
DGN2123,APT00524,M54,Nyeri punggung bawah (low back pain),severe,false,Tidak ada tanda komplikasi
DGN2124,APT04104,R50,Demam tidak diketahui sebabnya,mild,false,
DGN2125,APT02709,R10,Nyeri perut tidak spesifik,mild,true,Pasien tampak membaik
DGN2126,APT04727,J45,Asma bronkial,mild,false,
DGN2127,APT04416,I10,Hipertensi esensial,mild,true,Cek lab ulang 2 minggu
DGN2128,APT00555,K59,Konstipasi,moderate,true,Cek lab ulang 2 minggu
DGN2129,APT03585,K05,Gingivitis,mild,false,
DGN2130,APT02215,M54,Nyeri punggung bawah (low back pain),mild,false,Observasi suhu
DGN2131,APT03955,K05,Gingivitis,mild,false,
DGN2132,APT03030,R05,Batuk,moderate,true,
DGN2133,APT00248,H10,Konjungtivitis,mild,false,
DGN2134,APT02487,,Klinis sesuai keluhan utama,mild,false,Edukasi keluarga
DGN2135,APT04356,Z30,Konsultasi KB / kontrasepsi,mild,true,Tetap minum obat teratur
DGN2136,APT04058,L23,Dermatitis kontak alergi,mild,false,
DGN2137,APT03054,M79,Mialgia / nyeri otot,mild,false,
DGN2138,APT01197,L23,Dermatitis kontak alergi,moderate,false,
DGN2139,APT03923,J11,Influenza,mild,false,Cek lab ulang 2 minggu
DGN2140,APT03781,J06,Infeksi saluran napas atas akut,moderate,false,Hindari makanan pedas
DGN2141,APT00333,M79,Mialgia / nyeri otot,moderate,false,Pasien kooperatif
DGN2142,APT03628,M79,Mialgia / nyeri otot,mild,false,Hindari paparan alergen
DGN2143,APT00442,J20,Bronkitis akut,mild,false,
DGN2144,APT04749,A09,Gastroenteritis akut / diare,moderate,false,Kontrol 1 minggu lagi
DGN2145,APT01784,L20,Dermatitis atopik,mild,false,Pasien sadar dan kooperatif
DGN2146,APT00581,J02,Faringitis akut,mild,false,
DGN2147,APT01632,K05,Gingivitis,mild,true,Hindari paparan alergen
DGN2148,APT02089,K02,Karies gigi,mild,false,Pasien sadar dan kooperatif
DGN2149,APT04787,J02,Faringitis akut,mild,false,
DGN2150,APT03752,R10,Nyeri perut tidak spesifik,mild,true,Edukasi pola makan
DGN2151,APT02099,J06,Infeksi saluran napas atas akut,mild,true,Tetap minum obat teratur
DGN2152,APT04531,,Klinis sesuai keluhan utama,severe,true,
DGN2153,APT01079,R10,Nyeri perut tidak spesifik,mild,false,Tidak ada tanda komplikasi
DGN2154,APT04612,M79,Mialgia / nyeri otot,moderate,true,Pasien tampak membaik
DGN2155,APT04625,R05,Batuk,mild,false,Tetap minum obat teratur
DGN2156,APT00743,H66,Otitis media supuratif,mild,true,Edukasi keluarga
DGN2157,APT00906,I11,Penyakit jantung hipertensi,mild,false,Hindari paparan alergen
DGN2158,APT02081,H10,Konjungtivitis,severe,false,
DGN2159,APT02937,M25,Nyeri sendi,mild,false,Kontrol 1 minggu lagi
DGN2160,APT02423,Z00,General medical examination / cek kesehatan,mild,true,Hindari paparan alergen
DGN2161,APT01663,Z34,Supervisi kehamilan normal,mild,false,Hindari makanan pedas
DGN2162,APT00156,M79,Mialgia / nyeri otot,moderate,false,
DGN2163,APT03925,K02,Karies gigi,mild,false,
DGN2164,APT00051,E11,Diabetes mellitus tipe 2,severe,false,Hindari makanan pedas
DGN2165,APT00902,K02,Karies gigi,moderate,true,Tidak ada tanda komplikasi
DGN2166,APT02795,,Diagnosis sementara,moderate,true,
DGN2167,APT03696,E11,Diabetes mellitus tipe 2,mild,false,
DGN2168,APT01966,E78,Dislipidemia,moderate,false,Pasien kooperatif
DGN2169,APT02669,,Diperlukan evaluasi lebih lanjut,severe,false,Pasien sadar dan kooperatif
DGN2170,APT02598,K30,Dispepsia fungsional,moderate,false,Pasien sadar dan kooperatif
DGN2171,APT02118,J11,Influenza,severe,false,
DGN2172,APT02935,M79,Mialgia / nyeri otot,moderate,true,Pasien kooperatif
DGN2173,APT04029,A09,Gastroenteritis akut / diare,severe,false,Cek lab ulang 2 minggu
DGN2174,APT04981,J00,Common cold (nasopharyngitis akut),mild,false,Edukasi pola makan
DGN2175,APT03810,Z00,General medical examination / cek kesehatan,mild,false,
DGN2176,APT00923,L50,Urtikaria / biduran,severe,false,
DGN2177,APT03293,R05,Batuk,moderate,true,Observasi suhu
DGN2178,APT02677,Z30,Konsultasi KB / kontrasepsi,moderate,false,Tetap minum obat teratur
DGN2179,APT04250,M25,Nyeri sendi,mild,true,Pasien tampak membaik
DGN2180,APT04504,J02,Faringitis akut,moderate,false,Hindari makanan pedas
DGN2181,APT04582,H66,Otitis media supuratif,moderate,false,Pasien sadar dan kooperatif
DGN2182,APT00398,R50,Demam tidak diketahui sebabnya,moderate,false,Hindari makanan pedas
DGN2183,APT02308,R50,Demam tidak diketahui sebabnya,mild,false,
DGN2184,APT03840,K05,Gingivitis,mild,false,
DGN2185,APT02102,J00,Common cold (nasopharyngitis akut),moderate,false,
DGN2186,APT04253,K05,Gingivitis,mild,false,Anjurkan istirahat cukup
DGN2187,APT01543,J06,Infeksi saluran napas atas akut,mild,false,Observasi suhu
DGN2188,APT02803,L23,Dermatitis kontak alergi,moderate,false,Anjurkan istirahat cukup
DGN2189,APT02491,E11,Diabetes mellitus tipe 2,mild,false,Anjurkan istirahat cukup
DGN2190,APT02459,I11,Penyakit jantung hipertensi,mild,false,Edukasi keluarga
DGN2191,APT01457,,Diagnosis sementara,severe,false,Edukasi keluarga
DGN2192,APT01401,,Diagnosis klinis tanpa kode,mild,false,Pasien tampak membaik
DGN2193,APT03099,K29,Gastritis,mild,false,Cek lab ulang 2 minggu
DGN2194,APT04361,M25,Nyeri sendi,mild,true,Pasien tampak membaik
DGN2195,APT03626,,Diagnosis sementara,moderate,false,
DGN2196,APT03344,M79,Mialgia / nyeri otot,mild,false,
DGN2197,APT02711,L23,Dermatitis kontak alergi,mild,false,Observasi suhu
DGN2198,APT02469,J11,Influenza,mild,false,Anjurkan istirahat cukup
DGN2199,APT02405,K02,Karies gigi,mild,false,Tetap minum obat teratur
DGN2200,APT04525,E11,Diabetes mellitus tipe 2,moderate,false,Lanjut terapi sebelumnya
DGN2201,APT00554,R05,Batuk,mild,false,
DGN2202,APT03886,R50,Demam tidak diketahui sebabnya,mild,false,Kontrol 1 minggu lagi
DGN2203,APT01073,K02,Karies gigi,moderate,false,Observasi suhu
DGN2204,APT03212,J45,Asma bronkial,moderate,true,
DGN2205,APT03554,K30,Dispepsia fungsional,mild,false,Edukasi pola makan
DGN2206,APT00945,M54,Nyeri punggung bawah (low back pain),mild,false,Hindari makanan pedas
DGN2207,APT00744,H66,Otitis media supuratif,severe,false,
DGN2208,APT03275,Z34,Supervisi kehamilan normal,mild,true,
DGN2209,APT02053,Z34,Supervisi kehamilan normal,mild,false,Anjuran banyak minum air
DGN2210,APT00466,J03,Tonsilitis akut,mild,false,
DGN2211,APT01866,L20,Dermatitis atopik,severe,false,Hindari paparan alergen
DGN2212,APT00657,J20,Bronkitis akut,moderate,false,
DGN2213,APT02751,H66,Otitis media supuratif,mild,false,
DGN2214,APT01985,M54,Nyeri punggung bawah (low back pain),mild,false,Kontrol 1 minggu lagi
DGN2215,APT01360,J45,Asma bronkial,moderate,false,
DGN2216,APT04462,N39,Infeksi saluran kemih,moderate,false,Anjurkan istirahat cukup
DGN2217,APT02320,J02,Faringitis akut,moderate,false,
DGN2218,APT04772,K02,Karies gigi,moderate,true,Observasi suhu
DGN2219,APT01424,E11,Diabetes mellitus tipe 2,mild,false,Anjuran banyak minum air
DGN2220,APT04936,J06,Infeksi saluran napas atas akut,moderate,false,Tetap minum obat teratur
DGN2221,APT00451,N39,Infeksi saluran kemih,mild,false,
DGN2222,APT01886,R05,Batuk,mild,false,Tidak ada tanda komplikasi
DGN2223,APT03063,R51,Sakit kepala / nyeri kepala,severe,false,
DGN2224,APT02032,,Diagnosis klinis tanpa kode,mild,false,
DGN2225,APT03833,I11,Penyakit jantung hipertensi,moderate,true,Pasien tampak membaik
DGN2226,APT04491,N39,Infeksi saluran kemih,moderate,false,Kontrol 1 minggu lagi
DGN2227,APT03764,L50,Urtikaria / biduran,mild,false,
DGN2228,APT02708,,Diperlukan evaluasi lebih lanjut,moderate,true,Edukasi pola makan
DGN2229,APT04595,,Diperlukan evaluasi lebih lanjut,mild,false,Kontrol 1 minggu lagi
DGN2230,APT04767,,Gejala umum tidak spesifik,moderate,true,Cek lab ulang 2 minggu
DGN2231,APT01466,,Diperlukan evaluasi lebih lanjut,mild,false,Hindari makanan pedas
DGN2232,APT02446,,Diperlukan evaluasi lebih lanjut,mild,false,Observasi suhu
DGN2233,APT01846,,Gejala umum tidak spesifik,mild,false,
DGN2234,APT02287,N39,Infeksi saluran kemih,mild,false,Pasien kooperatif
DGN2235,APT02497,,Gejala umum tidak spesifik,mild,false,Tidak ada tanda komplikasi
DGN2236,APT03844,H10,Konjungtivitis,mild,false,Lanjut terapi sebelumnya
DGN2237,APT02611,K02,Karies gigi,moderate,false,
DGN2238,APT02934,,Gejala umum tidak spesifik,mild,false,
DGN2239,APT00801,Z30,Konsultasi KB / kontrasepsi,mild,true,
DGN2240,APT03577,J45,Asma bronkial,mild,true,
DGN2241,APT02597,A09,Gastroenteritis akut / diare,mild,false,
DGN2242,APT01510,K29,Gastritis,mild,false,
DGN2243,APT00599,E78,Dislipidemia,mild,false,Lanjut terapi sebelumnya
DGN2244,APT01425,K59,Konstipasi,severe,false,
DGN2245,APT04832,L50,Urtikaria / biduran,mild,true,Pasien tampak membaik
DGN2246,APT04089,,Diagnosis sementara,moderate,true,
DGN2247,APT04157,J45,Asma bronkial,mild,true,Pasien kooperatif
DGN2248,APT03483,A09,Gastroenteritis akut / diare,severe,false,Tetap minum obat teratur
DGN2249,APT01996,M79,Mialgia / nyeri otot,moderate,false,Edukasi pola makan
DGN2250,APT03287,R10,Nyeri perut tidak spesifik,severe,false,Anjuran banyak minum air
DGN2251,APT03761,M25,Nyeri sendi,mild,true,
DGN2252,APT04802,J20,Bronkitis akut,moderate,false,Tetap minum obat teratur
DGN2253,APT02521,L23,Dermatitis kontak alergi,moderate,true,
DGN2254,APT02179,Z00,General medical examination / cek kesehatan,moderate,true,Observasi suhu
DGN2255,APT01880,R10,Nyeri perut tidak spesifik,moderate,false,
DGN2256,APT02962,,Klinis sesuai keluhan utama,mild,false,Edukasi pola makan
DGN2257,APT03890,,Gejala umum tidak spesifik,moderate,true,Pasien sadar dan kooperatif
DGN2258,APT01166,Z30,Konsultasi KB / kontrasepsi,moderate,false,Hindari paparan alergen
DGN2259,APT00725,J02,Faringitis akut,mild,false,Pasien tampak membaik
DGN2260,APT00990,,Gejala umum tidak spesifik,severe,true,Lanjut terapi sebelumnya
DGN2261,APT02659,J11,Influenza,mild,false,Anjurkan istirahat cukup
DGN2262,APT01433,,Klinis sesuai keluhan utama,severe,true,Tetap minum obat teratur
DGN2263,APT04293,H10,Konjungtivitis,moderate,false,Observasi suhu
DGN2264,APT04154,J45,Asma bronkial,mild,false,Pasien tampak membaik
DGN2265,APT03718,L50,Urtikaria / biduran,mild,false,
DGN2266,APT03552,M25,Nyeri sendi,moderate,true,
DGN2267,APT02357,N39,Infeksi saluran kemih,moderate,true,
DGN2268,APT00149,Z30,Konsultasi KB / kontrasepsi,mild,false,Edukasi pola makan
DGN2269,APT02022,I10,Hipertensi esensial,mild,false,Hindari paparan alergen
DGN2270,APT02458,,Diagnosis klinis tanpa kode,mild,false,
DGN2271,APT01163,J11,Influenza,severe,false,Anjuran banyak minum air
DGN2272,APT04200,K02,Karies gigi,moderate,true,
DGN2273,APT03936,K02,Karies gigi,mild,false,
DGN2274,APT04593,J03,Tonsilitis akut,mild,true,Hindari makanan pedas
DGN2275,APT03077,Z30,Konsultasi KB / kontrasepsi,moderate,false,
DGN2276,APT01644,,Klinis sesuai keluhan utama,moderate,false,
DGN2277,APT02862,Z30,Konsultasi KB / kontrasepsi,mild,true,
DGN2278,APT01093,K30,Dispepsia fungsional,moderate,false,Tetap minum obat teratur
DGN2279,APT03642,M54,Nyeri punggung bawah (low back pain),mild,false,
DGN2280,APT02761,R50,Demam tidak diketahui sebabnya,moderate,true,Hindari paparan alergen
DGN2281,APT01637,E78,Dislipidemia,mild,false,Anjuran banyak minum air
DGN2282,APT02333,K59,Konstipasi,mild,false,Anjurkan istirahat cukup
DGN2283,APT03450,Z34,Supervisi kehamilan normal,moderate,true,
DGN2284,APT00843,,Klinis sesuai keluhan utama,mild,false,
DGN2285,APT02997,K29,Gastritis,moderate,false,Kontrol 1 minggu lagi
DGN2286,APT04041,,Klinis sesuai keluhan utama,mild,false,Tetap minum obat teratur
DGN2287,APT00794,R05,Batuk,mild,false,Hindari paparan alergen
DGN2288,APT03575,J45,Asma bronkial,mild,false,
DGN2289,APT01918,E78,Dislipidemia,mild,false,
DGN2290,APT02547,R05,Batuk,moderate,false,
DGN2291,APT03790,,Diperlukan evaluasi lebih lanjut,mild,false,Lanjut terapi sebelumnya
DGN2292,APT02322,J06,Infeksi saluran napas atas akut,moderate,true,Anjuran banyak minum air
DGN2293,APT01925,R05,Batuk,moderate,false,
DGN2294,APT04562,J03,Tonsilitis akut,mild,false,Hindari paparan alergen
DGN2295,APT01224,N39,Infeksi saluran kemih,moderate,false,Tetap minum obat teratur
DGN2296,APT04399,M25,Nyeri sendi,moderate,false,
DGN2297,APT02211,E11,Diabetes mellitus tipe 2,severe,false,Hindari makanan pedas
DGN2298,APT01774,R10,Nyeri perut tidak spesifik,moderate,false,
DGN2299,APT00378,A09,Gastroenteritis akut / diare,mild,false,Edukasi pola makan
DGN2300,APT01404,L23,Dermatitis kontak alergi,moderate,false,
DGN2301,APT01528,,Diagnosis sementara,mild,true,
DGN2302,APT01316,Z00,General medical examination / cek kesehatan,severe,false,
DGN2303,APT03887,K02,Karies gigi,mild,false,
DGN2304,APT00126,J20,Bronkitis akut,mild,false,Kontrol 1 minggu lagi
DGN2305,APT03755,,Diagnosis sementara,moderate,true,Pasien sadar dan kooperatif
DGN2306,APT04489,J03,Tonsilitis akut,severe,true,
DGN2307,APT01769,Z30,Konsultasi KB / kontrasepsi,mild,true,
DGN2308,APT02346,J45,Asma bronkial,mild,false,Tidak ada tanda komplikasi
DGN2309,APT03745,R50,Demam tidak diketahui sebabnya,mild,false,Pasien kooperatif
DGN2310,APT00135,Z00,General medical examination / cek kesehatan,mild,false,Pasien sadar dan kooperatif
DGN2311,APT02691,J20,Bronkitis akut,mild,false,Tidak ada tanda komplikasi
DGN2312,APT00734,L23,Dermatitis kontak alergi,moderate,false,
DGN2313,APT00171,M79,Mialgia / nyeri otot,moderate,false,
DGN2314,APT00299,L23,Dermatitis kontak alergi,mild,true,Pasien kooperatif
DGN2315,APT00356,I10,Hipertensi esensial,mild,false,
DGN2316,APT00685,R05,Batuk,severe,false,
DGN2317,APT04421,J11,Influenza,mild,true,Anjuran banyak minum air
DGN2318,APT04508,R51,Sakit kepala / nyeri kepala,mild,false,
DGN2319,APT02950,J00,Common cold (nasopharyngitis akut),mild,false,
DGN2320,APT03028,R10,Nyeri perut tidak spesifik,mild,false,Hindari paparan alergen
DGN2321,APT04852,J00,Common cold (nasopharyngitis akut),mild,true,Pasien sadar dan kooperatif
DGN2322,APT01809,,Diagnosis klinis tanpa kode,severe,false,Anjurkan istirahat cukup
DGN2323,APT03276,A09,Gastroenteritis akut / diare,mild,false,Anjurkan istirahat cukup
DGN2324,APT00210,N39,Infeksi saluran kemih,moderate,false,
DGN2325,APT00472,R05,Batuk,moderate,false,
DGN2326,APT00605,M25,Nyeri sendi,mild,false,Tetap minum obat teratur
DGN2327,APT01915,E78,Dislipidemia,mild,false,Cek lab ulang 2 minggu
DGN2328,APT04379,,Diperlukan evaluasi lebih lanjut,mild,false,Pasien kooperatif
DGN2329,APT02398,K29,Gastritis,moderate,false,
DGN2330,APT03297,,Diagnosis sementara,mild,true,Lanjut terapi sebelumnya
DGN2331,APT02174,J03,Tonsilitis akut,moderate,false,Edukasi pola makan
DGN2332,APT02309,Z34,Supervisi kehamilan normal,severe,false,Pasien kooperatif
DGN2333,APT02947,N39,Infeksi saluran kemih,mild,false,Pasien sadar dan kooperatif
DGN2334,APT01432,H66,Otitis media supuratif,mild,false,
DGN2335,APT02572,Z00,General medical examination / cek kesehatan,moderate,false,Cek lab ulang 2 minggu
DGN2336,APT04703,R51,Sakit kepala / nyeri kepala,moderate,true,Kontrol 1 minggu lagi
DGN2337,APT00019,J00,Common cold (nasopharyngitis akut),mild,false,Pasien tampak membaik
DGN2338,APT03927,K02,Karies gigi,mild,true,
DGN2339,APT03040,K05,Gingivitis,mild,false,Edukasi pola makan
DGN2340,APT00302,,Klinis sesuai keluhan utama,moderate,true,Pasien kooperatif
DGN2341,APT00965,,Diperlukan evaluasi lebih lanjut,severe,true,Edukasi pola makan
DGN2342,APT02376,Z30,Konsultasi KB / kontrasepsi,moderate,false,Pasien kooperatif
DGN2343,APT02500,,Diagnosis sementara,mild,false,Pasien sadar dan kooperatif
DGN2344,APT00520,K05,Gingivitis,mild,false,Edukasi keluarga
DGN2345,APT02170,K59,Konstipasi,severe,false,
DGN2346,APT02885,R50,Demam tidak diketahui sebabnya,mild,false,
DGN2347,APT03377,,Diagnosis sementara,mild,false,Anjuran banyak minum air
DGN2348,APT01521,H66,Otitis media supuratif,mild,true,Edukasi keluarga
DGN2349,APT04869,K05,Gingivitis,mild,false,
DGN2350,APT00222,,Gejala umum tidak spesifik,mild,false,
DGN2351,APT03726,J11,Influenza,mild,false,
DGN2352,APT04836,R51,Sakit kepala / nyeri kepala,mild,false,
DGN2353,APT01280,J02,Faringitis akut,moderate,false,Pasien tampak membaik
DGN2354,APT01452,I10,Hipertensi esensial,mild,false,Lanjut terapi sebelumnya
DGN2355,APT04855,J45,Asma bronkial,mild,false,
DGN2356,APT04589,,Gejala umum tidak spesifik,mild,false,Observasi suhu
DGN2357,APT01590,L50,Urtikaria / biduran,mild,false,Anjurkan istirahat cukup
DGN2358,APT03424,J45,Asma bronkial,mild,true,Hindari makanan pedas
DGN2359,APT01634,R10,Nyeri perut tidak spesifik,mild,false,
DGN2360,APT04018,R50,Demam tidak diketahui sebabnya,severe,true,Pasien kooperatif
DGN2361,APT01245,J02,Faringitis akut,mild,false,Anjurkan istirahat cukup
DGN2362,APT00062,R51,Sakit kepala / nyeri kepala,moderate,true,Edukasi keluarga
DGN2363,APT04303,K30,Dispepsia fungsional,mild,false,
DGN2364,APT04829,R51,Sakit kepala / nyeri kepala,mild,false,
DGN2365,APT03146,K02,Karies gigi,mild,false,
DGN2366,APT03461,J20,Bronkitis akut,mild,false,Hindari paparan alergen
DGN2367,APT04264,R10,Nyeri perut tidak spesifik,mild,false,
DGN2368,APT02475,N39,Infeksi saluran kemih,mild,true,
DGN2369,APT00837,Z34,Supervisi kehamilan normal,mild,false,Pasien kooperatif
DGN2370,APT03818,,Diagnosis klinis tanpa kode,mild,false,
DGN2371,APT01111,J03,Tonsilitis akut,moderate,true,
DGN2372,APT00951,K30,Dispepsia fungsional,mild,true,
DGN2373,APT02281,,Klinis sesuai keluhan utama,moderate,false,
DGN2374,APT01839,Z34,Supervisi kehamilan normal,mild,false,
DGN2375,APT04375,R50,Demam tidak diketahui sebabnya,moderate,true,Tidak ada tanda komplikasi
DGN2376,APT02268,I10,Hipertensi esensial,mild,false,
DGN2377,APT03021,K02,Karies gigi,mild,false,
DGN2378,APT04977,L50,Urtikaria / biduran,severe,true,Hindari paparan alergen
DGN2379,APT01599,J45,Asma bronkial,mild,true,
DGN2380,APT04380,M54,Nyeri punggung bawah (low back pain),severe,false,
DGN2381,APT02008,R10,Nyeri perut tidak spesifik,mild,false,Pasien kooperatif
DGN2382,APT01506,J20,Bronkitis akut,moderate,false,
DGN2383,APT00087,L50,Urtikaria / biduran,mild,false,
DGN2384,APT01594,,Diperlukan evaluasi lebih lanjut,mild,false,Edukasi keluarga
DGN2385,APT00385,,Diperlukan evaluasi lebih lanjut,moderate,false,Anjurkan istirahat cukup
DGN2386,APT04935,J03,Tonsilitis akut,moderate,false,Anjurkan istirahat cukup
DGN2387,APT00900,Z00,General medical examination / cek kesehatan,mild,false,Hindari paparan alergen
DGN2388,APT02826,H10,Konjungtivitis,mild,false,Hindari paparan alergen
DGN2389,APT04139,J20,Bronkitis akut,mild,false,Anjurkan istirahat cukup
DGN2390,APT01589,J06,Infeksi saluran napas atas akut,mild,true,Kontrol 1 minggu lagi
DGN2391,APT04156,J11,Influenza,moderate,true,Tetap minum obat teratur
DGN2392,APT04408,M79,Mialgia / nyeri otot,moderate,false,
DGN2393,APT01238,Z30,Konsultasi KB / kontrasepsi,mild,false,Hindari paparan alergen
DGN2394,APT00518,J11,Influenza,mild,false,Edukasi keluarga
DGN2395,APT04752,L20,Dermatitis atopik,mild,false,Pasien sadar dan kooperatif
DGN2396,APT00869,J45,Asma bronkial,moderate,false,
DGN2397,APT04043,N39,Infeksi saluran kemih,mild,false,Hindari makanan pedas
DGN2398,APT00417,,Klinis sesuai keluhan utama,mild,true,Kontrol 1 minggu lagi
DGN2399,APT01430,I11,Penyakit jantung hipertensi,mild,false,Cek lab ulang 2 minggu
DGN2400,APT02273,L23,Dermatitis kontak alergi,mild,false,
DGN2401,APT00327,R50,Demam tidak diketahui sebabnya,mild,false,Anjurkan istirahat cukup
DGN2402,APT03323,,Gejala umum tidak spesifik,moderate,false,
DGN2403,APT02685,E11,Diabetes mellitus tipe 2,moderate,false,Anjurkan istirahat cukup
DGN2404,APT01035,R51,Sakit kepala / nyeri kepala,mild,false,Lanjut terapi sebelumnya
DGN2405,APT02957,,Klinis sesuai keluhan utama,mild,false,Edukasi keluarga
DGN2406,APT00578,N39,Infeksi saluran kemih,mild,true,Pasien kooperatif
DGN2407,APT03345,,Diagnosis sementara,mild,false,
DGN2408,APT01157,J45,Asma bronkial,mild,true,
DGN2409,APT04329,Z34,Supervisi kehamilan normal,moderate,false,Tidak ada tanda komplikasi
DGN2410,APT00132,Z00,General medical examination / cek kesehatan,moderate,false,Anjuran banyak minum air
DGN2411,APT04217,K02,Karies gigi,moderate,false,
DGN2412,APT03179,J45,Asma bronkial,severe,false,Lanjut terapi sebelumnya
DGN2413,APT02292,R51,Sakit kepala / nyeri kepala,moderate,true,Pasien sadar dan kooperatif
DGN2414,APT01983,,Klinis sesuai keluhan utama,moderate,true,Edukasi pola makan
DGN2415,APT02723,R10,Nyeri perut tidak spesifik,mild,false,Cek lab ulang 2 minggu
DGN2416,APT04834,L20,Dermatitis atopik,moderate,false,
DGN2417,APT04863,J00,Common cold (nasopharyngitis akut),mild,false,
DGN2418,APT00416,K05,Gingivitis,mild,false,Lanjut terapi sebelumnya
DGN2419,APT02731,Z30,Konsultasi KB / kontrasepsi,moderate,false,Kontrol 1 minggu lagi
DGN2420,APT01518,N39,Infeksi saluran kemih,moderate,false,
DGN2421,APT01361,J00,Common cold (nasopharyngitis akut),mild,false,Edukasi pola makan
DGN2422,APT03522,E11,Diabetes mellitus tipe 2,mild,false,Anjurkan istirahat cukup
DGN2423,APT02230,Z34,Supervisi kehamilan normal,mild,false,
DGN2424,APT01652,Z34,Supervisi kehamilan normal,moderate,false,Pasien sadar dan kooperatif
DGN2425,APT04484,J00,Common cold (nasopharyngitis akut),mild,false,Kontrol 1 minggu lagi
DGN2426,APT01739,J45,Asma bronkial,mild,false,
DGN2427,APT03528,K30,Dispepsia fungsional,moderate,false,
DGN2428,APT02431,J11,Influenza,mild,false,Tetap minum obat teratur
DGN2429,APT02726,,Diagnosis klinis tanpa kode,mild,true,
DGN2430,APT00203,H66,Otitis media supuratif,severe,false,
DGN2431,APT01860,E11,Diabetes mellitus tipe 2,moderate,true,
DGN2432,APT04272,,Diagnosis sementara,mild,true,Anjurkan istirahat cukup
DGN2433,APT02430,R51,Sakit kepala / nyeri kepala,severe,false,
DGN2434,APT02303,Z00,General medical examination / cek kesehatan,mild,false,
DGN2435,APT00844,Z30,Konsultasi KB / kontrasepsi,mild,false,
DGN2436,APT01687,J45,Asma bronkial,mild,true,
DGN2437,APT01322,J03,Tonsilitis akut,mild,false,Lanjut terapi sebelumnya
DGN2438,APT04273,,Gejala umum tidak spesifik,mild,false,Observasi suhu
DGN2439,APT00490,H10,Konjungtivitis,moderate,false,
DGN2440,APT01358,Z34,Supervisi kehamilan normal,mild,false,
DGN2441,APT04185,Z30,Konsultasi KB / kontrasepsi,mild,false,Hindari paparan alergen
DGN2442,APT02781,,Gejala umum tidak spesifik,mild,true,
DGN2443,APT02758,N39,Infeksi saluran kemih,mild,false,Tidak ada tanda komplikasi
DGN2444,APT02383,H66,Otitis media supuratif,severe,false,Pasien kooperatif
DGN2445,APT03165,K59,Konstipasi,moderate,true,Anjurkan istirahat cukup
DGN2446,APT01393,K30,Dispepsia fungsional,mild,false,Tidak ada tanda komplikasi
DGN2447,APT01838,,Diagnosis klinis tanpa kode,moderate,false,
DGN2448,APT00508,M79,Mialgia / nyeri otot,mild,false,
DGN2449,APT01979,J45,Asma bronkial,moderate,false,Cek lab ulang 2 minggu
DGN2450,APT00926,H10,Konjungtivitis,severe,true,Tetap minum obat teratur
DGN2451,APT01534,Z30,Konsultasi KB / kontrasepsi,moderate,true,Pasien tampak membaik
DGN2452,APT03668,,Gejala umum tidak spesifik,mild,false,Cek lab ulang 2 minggu
DGN2453,APT03703,J20,Bronkitis akut,moderate,false,
DGN2454,APT03118,R50,Demam tidak diketahui sebabnya,mild,false,Tetap minum obat teratur
DGN2455,APT00952,,Klinis sesuai keluhan utama,mild,false,Observasi suhu
DGN2456,APT04325,Z00,General medical examination / cek kesehatan,moderate,true,Cek lab ulang 2 minggu
DGN2457,APT03244,E11,Diabetes mellitus tipe 2,mild,false,Hindari makanan pedas
DGN2458,APT02353,E11,Diabetes mellitus tipe 2,mild,true,
DGN2459,APT00346,R10,Nyeri perut tidak spesifik,moderate,false,
DGN2460,APT02441,,Klinis sesuai keluhan utama,mild,true,Anjurkan istirahat cukup
DGN2461,APT02306,Z34,Supervisi kehamilan normal,mild,false,
DGN2462,APT04698,I10,Hipertensi esensial,mild,false,
DGN2463,APT00997,,Gejala umum tidak spesifik,severe,false,Observasi suhu
DGN2464,APT02139,M54,Nyeri punggung bawah (low back pain),mild,true,Anjuran banyak minum air
DGN2465,APT00410,M25,Nyeri sendi,moderate,false,
DGN2466,APT04241,E78,Dislipidemia,mild,false,
DGN2467,APT03008,K29,Gastritis,mild,false,Tidak ada tanda komplikasi
DGN2468,APT04138,N39,Infeksi saluran kemih,moderate,true,
DGN2469,APT04891,H66,Otitis media supuratif,mild,true,Edukasi keluarga
DGN2470,APT04057,M79,Mialgia / nyeri otot,mild,false,Edukasi keluarga
DGN2471,APT04507,L20,Dermatitis atopik,mild,true,
DGN2472,APT04628,H10,Konjungtivitis,mild,true,
DGN2473,APT02713,K30,Dispepsia fungsional,mild,false,
DGN2474,APT04870,K29,Gastritis,severe,false,
DGN2475,APT04987,N39,Infeksi saluran kemih,mild,false,Hindari makanan pedas
DGN2476,APT02668,L50,Urtikaria / biduran,mild,false,Tetap minum obat teratur
DGN2477,APT03104,L50,Urtikaria / biduran,mild,false,
DGN2478,APT02646,K05,Gingivitis,moderate,false,Anjurkan istirahat cukup
DGN2479,APT03654,J45,Asma bronkial,mild,false,
DGN2480,APT04257,H66,Otitis media supuratif,mild,false,
DGN2481,APT04242,Z34,Supervisi kehamilan normal,mild,true,
DGN2482,APT00352,K02,Karies gigi,mild,false,Hindari paparan alergen
DGN2483,APT04641,H10,Konjungtivitis,moderate,false,
DGN2484,APT02035,R50,Demam tidak diketahui sebabnya,moderate,false,Lanjut terapi sebelumnya
DGN2485,APT00989,K29,Gastritis,mild,false,Anjurkan istirahat cukup
DGN2486,APT02013,J02,Faringitis akut,mild,false,
DGN2487,APT01388,I10,Hipertensi esensial,moderate,false,Edukasi pola makan
DGN2488,APT00041,,Klinis sesuai keluhan utama,mild,false,Anjuran banyak minum air
DGN2489,APT02891,K05,Gingivitis,mild,false,Anjurkan istirahat cukup
DGN2490,APT03081,J20,Bronkitis akut,mild,false,
DGN2491,APT04566,M79,Mialgia / nyeri otot,mild,false,Lanjut terapi sebelumnya
DGN2492,APT03500,,Klinis sesuai keluhan utama,mild,false,
DGN2493,APT00297,K59,Konstipasi,moderate,false,Hindari paparan alergen
DGN2494,APT04169,E11,Diabetes mellitus tipe 2,mild,false,
DGN2495,APT04950,E78,Dislipidemia,mild,false,Pasien kooperatif
DGN2496,APT03060,R10,Nyeri perut tidak spesifik,mild,true,Cek lab ulang 2 minggu
DGN2497,APT00193,I11,Penyakit jantung hipertensi,moderate,true,Cek lab ulang 2 minggu
DGN2498,APT04864,J06,Infeksi saluran napas atas akut,mild,true,Pasien tampak membaik
DGN2499,APT04518,J02,Faringitis akut,moderate,false,Cek lab ulang 2 minggu
DGN2500,APT02329,E78,Dislipidemia,mild,false,Tidak ada tanda komplikasi
DGN2501,APT03959,M54,Nyeri punggung bawah (low back pain),moderate,false,Edukasi pola makan
DGN2502,APT00763,E11,Diabetes mellitus tipe 2,moderate,true,
DGN2503,APT00002,K02,Karies gigi,moderate,false,Tetap minum obat teratur
DGN2504,APT01711,E11,Diabetes mellitus tipe 2,moderate,false,
DGN2505,APT04666,,Diagnosis klinis tanpa kode,mild,true,Cek lab ulang 2 minggu
DGN2506,APT01746,J06,Infeksi saluran napas atas akut,moderate,true,Edukasi pola makan
DGN2507,APT00223,,Diperlukan evaluasi lebih lanjut,mild,true,Hindari paparan alergen
DGN2508,APT01563,H66,Otitis media supuratif,mild,false,Kontrol 1 minggu lagi
DGN2509,APT00546,K29,Gastritis,moderate,false,Pasien kooperatif
DGN2510,APT00083,,Diagnosis klinis tanpa kode,moderate,false,Pasien kooperatif
DGN2511,APT04530,J45,Asma bronkial,mild,false,
DGN2512,APT03325,K30,Dispepsia fungsional,moderate,false,Hindari makanan pedas
DGN2513,APT02841,Z30,Konsultasi KB / kontrasepsi,mild,true,Edukasi keluarga
DGN2514,APT01775,,Diagnosis klinis tanpa kode,mild,false,Lanjut terapi sebelumnya
DGN2515,APT02178,M79,Mialgia / nyeri otot,severe,true,Anjuran banyak minum air
DGN2516,APT02513,J11,Influenza,mild,true,Kontrol 1 minggu lagi
DGN2517,APT01272,I11,Penyakit jantung hipertensi,moderate,true,
DGN2518,APT00251,L23,Dermatitis kontak alergi,mild,false,
DGN2519,APT04327,H66,Otitis media supuratif,mild,true,
DGN2520,APT01440,,Klinis sesuai keluhan utama,mild,true,
DGN2521,APT00073,,Gejala umum tidak spesifik,mild,true,
DGN2522,APT04972,,Diperlukan evaluasi lebih lanjut,moderate,false,
DGN2523,APT00053,J11,Influenza,severe,true,
DGN2524,APT01117,K02,Karies gigi,mild,true,Anjurkan istirahat cukup
DGN2525,APT02901,N39,Infeksi saluran kemih,mild,false,
DGN2526,APT02780,I10,Hipertensi esensial,mild,false,
DGN2527,APT03312,J02,Faringitis akut,mild,false,Pasien sadar dan kooperatif
DGN2528,APT04433,J20,Bronkitis akut,severe,false,
DGN2529,APT01235,Z34,Supervisi kehamilan normal,moderate,false,Kontrol 1 minggu lagi
DGN2530,APT04840,K02,Karies gigi,moderate,true,
DGN2531,APT00020,I10,Hipertensi esensial,moderate,false,Anjurkan istirahat cukup
DGN2532,APT00638,Z34,Supervisi kehamilan normal,mild,false,Pasien sadar dan kooperatif
DGN2533,APT00676,Z34,Supervisi kehamilan normal,mild,true,
DGN2534,APT01116,K02,Karies gigi,moderate,false,Kontrol 1 minggu lagi
DGN2535,APT01921,,Gejala umum tidak spesifik,mild,false,
DGN2536,APT03961,M25,Nyeri sendi,mild,false,Pasien kooperatif
DGN2537,APT02542,,Diperlukan evaluasi lebih lanjut,mild,false,
DGN2538,APT03965,Z00,General medical examination / cek kesehatan,mild,false,
DGN2539,APT03850,H10,Konjungtivitis,mild,false,
DGN2540,APT04535,I10,Hipertensi esensial,moderate,true,
DGN2541,APT00747,,Gejala umum tidak spesifik,mild,false,
DGN2542,APT01437,M25,Nyeri sendi,mild,true,Tetap minum obat teratur
DGN2543,APT01055,,Diagnosis sementara,mild,false,Pasien tampak membaik
DGN2544,APT04068,R50,Demam tidak diketahui sebabnya,moderate,true,Edukasi keluarga
DGN2545,APT03720,J20,Bronkitis akut,mild,true,Observasi suhu
DGN2546,APT03533,Z30,Konsultasi KB / kontrasepsi,moderate,true,Observasi suhu
DGN2547,APT02647,J02,Faringitis akut,severe,false,Pasien tampak membaik
DGN2548,APT02236,K59,Konstipasi,mild,false,Edukasi pola makan
DGN2549,APT02590,E11,Diabetes mellitus tipe 2,mild,false,
DGN2550,APT00341,H10,Konjungtivitis,mild,false,Tetap minum obat teratur
DGN2551,APT02167,,Gejala umum tidak spesifik,mild,false,Edukasi pola makan
DGN2552,APT02643,J11,Influenza,severe,false,Observasi suhu
DGN2553,APT00250,I11,Penyakit jantung hipertensi,moderate,false,Lanjut terapi sebelumnya
DGN2554,APT02738,K05,Gingivitis,moderate,true,Tidak ada tanda komplikasi
DGN2555,APT01323,A09,Gastroenteritis akut / diare,mild,true,
DGN2556,APT02633,,Diperlukan evaluasi lebih lanjut,severe,false,
DGN2557,APT04335,E11,Diabetes mellitus tipe 2,severe,false,Pasien kooperatif
DGN2558,APT01790,N39,Infeksi saluran kemih,mild,false,Kontrol 1 minggu lagi
DGN2559,APT00963,K02,Karies gigi,mild,true,Tidak ada tanda komplikasi
DGN2560,APT04148,M25,Nyeri sendi,mild,false,
DGN2561,APT00146,H66,Otitis media supuratif,moderate,false,Kontrol 1 minggu lagi
DGN2562,APT01801,Z34,Supervisi kehamilan normal,moderate,false,
DGN2563,APT03876,M54,Nyeri punggung bawah (low back pain),mild,true,Cek lab ulang 2 minggu
DGN2564,APT02181,R10,Nyeri perut tidak spesifik,mild,true,Cek lab ulang 2 minggu
DGN2565,APT04091,I11,Penyakit jantung hipertensi,mild,false,Pasien kooperatif
DGN2566,APT01778,L20,Dermatitis atopik,mild,false,Pasien sadar dan kooperatif
DGN2567,APT04164,R50,Demam tidak diketahui sebabnya,moderate,true,Anjurkan istirahat cukup
DGN2568,APT01744,,Diperlukan evaluasi lebih lanjut,moderate,false,Kontrol 1 minggu lagi
DGN2569,APT01857,M79,Mialgia / nyeri otot,mild,true,
DGN2570,APT00940,A09,Gastroenteritis akut / diare,mild,true,
DGN2571,APT03651,R05,Batuk,mild,false,
DGN2572,APT04388,,Gejala umum tidak spesifik,severe,true,
DGN2573,APT03022,M79,Mialgia / nyeri otot,mild,true,Pasien sadar dan kooperatif
DGN2574,APT02516,K29,Gastritis,mild,true,Hindari paparan alergen
DGN2575,APT04835,M79,Mialgia / nyeri otot,moderate,false,Edukasi keluarga
DGN2576,APT02921,H10,Konjungtivitis,severe,false,Cek lab ulang 2 minggu
DGN2577,APT04406,L23,Dermatitis kontak alergi,moderate,false,Anjuran banyak minum air
DGN2578,APT00984,,Diagnosis sementara,mild,true,Pasien sadar dan kooperatif
DGN2579,APT03972,,Klinis sesuai keluhan utama,moderate,false,Tidak ada tanda komplikasi
DGN2580,APT04390,L50,Urtikaria / biduran,mild,false,Tidak ada tanda komplikasi
DGN2581,APT03847,H66,Otitis media supuratif,mild,false,Anjurkan istirahat cukup
DGN2582,APT03687,K02,Karies gigi,moderate,false,
DGN2583,APT04214,,Diagnosis klinis tanpa kode,mild,false,
DGN2584,APT02671,R05,Batuk,moderate,false,Kontrol 1 minggu lagi
DGN2585,APT00538,R51,Sakit kepala / nyeri kepala,mild,false,
DGN2586,APT00093,H66,Otitis media supuratif,mild,true,Cek lab ulang 2 minggu
DGN2587,APT02532,E78,Dislipidemia,moderate,false,
DGN2588,APT04946,K29,Gastritis,mild,false,
DGN2589,APT00721,,Gejala umum tidak spesifik,severe,false,
DGN2590,APT00608,L23,Dermatitis kontak alergi,mild,false,
DGN2591,APT00428,I10,Hipertensi esensial,moderate,false,
DGN2592,APT00575,J20,Bronkitis akut,mild,false,
DGN2593,APT03928,,Diperlukan evaluasi lebih lanjut,moderate,false,Tetap minum obat teratur
DGN2594,APT03893,J02,Faringitis akut,severe,false,Observasi suhu
DGN2595,APT03498,I11,Penyakit jantung hipertensi,mild,false,Edukasi pola makan
DGN2596,APT03802,M54,Nyeri punggung bawah (low back pain),moderate,false,
DGN2597,APT02175,Z00,General medical examination / cek kesehatan,moderate,true,Pasien sadar dan kooperatif
DGN2598,APT04494,J00,Common cold (nasopharyngitis akut),mild,true,
DGN2599,APT04473,,Gejala umum tidak spesifik,mild,false,Lanjut terapi sebelumnya
DGN2600,APT01620,Z30,Konsultasi KB / kontrasepsi,severe,false,
DGN2601,APT02222,M54,Nyeri punggung bawah (low back pain),moderate,true,Hindari makanan pedas
DGN2602,APT03557,N39,Infeksi saluran kemih,mild,true,Pasien sadar dan kooperatif
DGN2603,APT01429,A09,Gastroenteritis akut / diare,mild,false,Edukasi keluarga
DGN2604,APT04366,M79,Mialgia / nyeri otot,mild,false,Pasien sadar dan kooperatif
DGN2605,APT04442,R05,Batuk,severe,true,Lanjut terapi sebelumnya
DGN2606,APT01998,K59,Konstipasi,mild,false,
DGN2607,APT01631,J06,Infeksi saluran napas atas akut,severe,true,Pasien kooperatif
DGN2608,APT02160,Z34,Supervisi kehamilan normal,mild,false,Pasien kooperatif
DGN2609,APT03610,M25,Nyeri sendi,severe,false,
DGN2610,APT04107,J03,Tonsilitis akut,mild,true,
DGN2611,APT02358,J03,Tonsilitis akut,mild,false,Lanjut terapi sebelumnya
DGN2612,APT01882,,Klinis sesuai keluhan utama,moderate,false,
DGN2613,APT00209,Z00,General medical examination / cek kesehatan,moderate,true,Edukasi keluarga
DGN2614,APT02474,K59,Konstipasi,moderate,true,Lanjut terapi sebelumnya
DGN2615,APT04605,N39,Infeksi saluran kemih,moderate,false,Edukasi keluarga
DGN2616,APT00268,,Gejala umum tidak spesifik,mild,false,
DGN2617,APT01285,R05,Batuk,mild,true,Lanjut terapi sebelumnya
DGN2618,APT02634,E11,Diabetes mellitus tipe 2,mild,true,
DGN2619,APT01783,R51,Sakit kepala / nyeri kepala,severe,false,
DGN2620,APT03451,J02,Faringitis akut,mild,false,Anjuran banyak minum air
DGN2621,APT02951,K05,Gingivitis,moderate,false,
DGN2622,APT03458,L20,Dermatitis atopik,mild,true,Observasi suhu
DGN2623,APT01865,N39,Infeksi saluran kemih,mild,true,Pasien tampak membaik
DGN2624,APT04951,R05,Batuk,mild,false,
DGN2625,APT00511,E78,Dislipidemia,severe,false,Cek lab ulang 2 minggu
DGN2626,APT00690,J00,Common cold (nasopharyngitis akut),mild,false,Tidak ada tanda komplikasi
DGN2627,APT02271,Z00,General medical examination / cek kesehatan,severe,false,Kontrol 1 minggu lagi
DGN2628,APT04177,J11,Influenza,moderate,true,
DGN2629,APT01932,R51,Sakit kepala / nyeri kepala,moderate,false,
DGN2630,APT02692,I10,Hipertensi esensial,mild,true,
DGN2631,APT03891,J06,Infeksi saluran napas atas akut,mild,false,Pasien kooperatif
DGN2632,APT04692,J03,Tonsilitis akut,mild,true,
DGN2633,APT04386,H66,Otitis media supuratif,moderate,false,
DGN2634,APT04708,,Gejala umum tidak spesifik,mild,false,Lanjut terapi sebelumnya
DGN2635,APT00329,R10,Nyeri perut tidak spesifik,moderate,false,
DGN2636,APT00148,K59,Konstipasi,moderate,true,Pasien tampak membaik
DGN2637,APT03190,,Gejala umum tidak spesifik,mild,false,
DGN2638,APT00353,K30,Dispepsia fungsional,mild,false,Edukasi pola makan
DGN2639,APT00995,,Gejala umum tidak spesifik,mild,false,Observasi suhu
DGN2640,APT03931,R10,Nyeri perut tidak spesifik,severe,false,Anjuran banyak minum air
DGN2641,APT02452,L23,Dermatitis kontak alergi,mild,false,
DGN2642,APT00562,,Diagnosis klinis tanpa kode,moderate,true,
DGN2643,APT01514,K30,Dispepsia fungsional,mild,false,
DGN2644,APT02995,Z30,Konsultasi KB / kontrasepsi,moderate,false,Pasien kooperatif
DGN2645,APT04499,J11,Influenza,mild,false,Cek lab ulang 2 minggu
DGN2646,APT03787,I11,Penyakit jantung hipertensi,mild,false,Observasi suhu
DGN2647,APT03774,,Gejala umum tidak spesifik,mild,false,Hindari paparan alergen
DGN2648,APT00381,E78,Dislipidemia,severe,false,
DGN2649,APT02986,J03,Tonsilitis akut,mild,false,Anjuran banyak minum air
DGN2650,APT00134,H10,Konjungtivitis,mild,true,Observasi suhu
DGN2651,APT04045,L20,Dermatitis atopik,moderate,false,
DGN2652,APT02082,N39,Infeksi saluran kemih,mild,false,Pasien kooperatif
DGN2653,APT03623,K02,Karies gigi,mild,false,Edukasi keluarga
DGN2654,APT02119,J06,Infeksi saluran napas atas akut,mild,false,
DGN2655,APT02927,N39,Infeksi saluran kemih,moderate,true,Observasi suhu
DGN2656,APT03829,,Diperlukan evaluasi lebih lanjut,severe,false,
DGN2657,APT04788,E78,Dislipidemia,mild,false,
DGN2658,APT03979,E78,Dislipidemia,mild,false,Pasien sadar dan kooperatif
DGN2659,APT02379,,Diagnosis klinis tanpa kode,mild,true,Tidak ada tanda komplikasi
DGN2660,APT02554,I10,Hipertensi esensial,mild,false,Anjuran banyak minum air
DGN2661,APT03435,,Klinis sesuai keluhan utama,mild,true,
DGN2662,APT00733,I11,Penyakit jantung hipertensi,mild,false,
DGN2663,APT04315,E78,Dislipidemia,mild,false,
DGN2664,APT01903,R51,Sakit kepala / nyeri kepala,mild,true,Pasien sadar dan kooperatif
DGN2665,APT01679,R10,Nyeri perut tidak spesifik,moderate,true,Hindari paparan alergen
DGN2666,APT00295,M54,Nyeri punggung bawah (low back pain),mild,false,
DGN2667,APT01313,J45,Asma bronkial,mild,true,
DGN2668,APT01305,J45,Asma bronkial,moderate,false,Anjuran banyak minum air
DGN2669,APT03661,,Diagnosis klinis tanpa kode,moderate,true,Lanjut terapi sebelumnya
DGN2670,APT01161,A09,Gastroenteritis akut / diare,mild,true,Hindari makanan pedas
DGN2671,APT04932,J45,Asma bronkial,moderate,false,
DGN2672,APT03092,J00,Common cold (nasopharyngitis akut),mild,false,Tidak ada tanda komplikasi
DGN2673,APT04823,K30,Dispepsia fungsional,mild,false,
DGN2674,APT04974,A09,Gastroenteritis akut / diare,mild,true,Cek lab ulang 2 minggu
DGN2675,APT04297,L20,Dermatitis atopik,mild,false,
DGN2676,APT02733,H10,Konjungtivitis,mild,false,Pasien sadar dan kooperatif
DGN2677,APT03819,L50,Urtikaria / biduran,mild,true,
DGN2678,APT02627,K29,Gastritis,mild,false,Pasien tampak membaik
DGN2679,APT00365,Z00,General medical examination / cek kesehatan,mild,false,
DGN2680,APT02675,J20,Bronkitis akut,mild,true,
DGN2681,APT03750,H66,Otitis media supuratif,mild,false,Hindari paparan alergen
DGN2682,APT02714,J45,Asma bronkial,severe,true,Tetap minum obat teratur
DGN2683,APT04417,E11,Diabetes mellitus tipe 2,mild,true,Kontrol 1 minggu lagi
DGN2684,APT02506,R10,Nyeri perut tidak spesifik,moderate,false,
DGN2685,APT02670,M25,Nyeri sendi,moderate,false,
DGN2686,APT03067,,Gejala umum tidak spesifik,mild,false,Kontrol 1 minggu lagi
DGN2687,APT00158,M25,Nyeri sendi,mild,true,
DGN2688,APT03978,,Diagnosis klinis tanpa kode,mild,false,Edukasi pola makan
DGN2689,APT04310,J06,Infeksi saluran napas atas akut,moderate,false,Hindari paparan alergen
DGN2690,APT02752,I10,Hipertensi esensial,mild,false,Kontrol 1 minggu lagi
DGN2691,APT01595,J02,Faringitis akut,mild,false,Cek lab ulang 2 minggu
DGN2692,APT02143,J11,Influenza,mild,false,
DGN2693,APT04463,L20,Dermatitis atopik,moderate,false,
DGN2694,APT02855,R10,Nyeri perut tidak spesifik,moderate,false,Pasien kooperatif
DGN2695,APT02074,E11,Diabetes mellitus tipe 2,moderate,false,Hindari makanan pedas
DGN2696,APT01995,J20,Bronkitis akut,moderate,false,
DGN2697,APT03569,J06,Infeksi saluran napas atas akut,mild,false,Anjuran banyak minum air
DGN2698,APT01992,,Klinis sesuai keluhan utama,mild,false,
DGN2699,APT00028,R51,Sakit kepala / nyeri kepala,mild,false,Hindari makanan pedas
DGN2700,APT02449,J03,Tonsilitis akut,moderate,false,Edukasi keluarga
DGN2701,APT03969,,Diagnosis klinis tanpa kode,moderate,false,Cek lab ulang 2 minggu
DGN2702,APT02007,L20,Dermatitis atopik,mild,true,
DGN2703,APT02002,J00,Common cold (nasopharyngitis akut),moderate,false,Cek lab ulang 2 minggu
DGN2704,APT02297,J02,Faringitis akut,mild,false,
DGN2705,APT04415,M54,Nyeri punggung bawah (low back pain),mild,false,
DGN2706,APT01105,K05,Gingivitis,moderate,true,Kontrol 1 minggu lagi
DGN2707,APT00232,K05,Gingivitis,severe,false,
DGN2708,APT04014,E11,Diabetes mellitus tipe 2,mild,false,
DGN2709,APT01020,R05,Batuk,moderate,false,Anjurkan istirahat cukup
DGN2710,APT03650,R10,Nyeri perut tidak spesifik,mild,false,Anjurkan istirahat cukup
DGN2711,APT00457,R51,Sakit kepala / nyeri kepala,moderate,true,Hindari makanan pedas
DGN2712,APT01870,,Diagnosis klinis tanpa kode,moderate,false,Hindari makanan pedas
DGN2713,APT03163,J03,Tonsilitis akut,mild,false,Anjuran banyak minum air
DGN2714,APT03624,J11,Influenza,mild,true,Tidak ada tanda komplikasi
DGN2715,APT01324,J03,Tonsilitis akut,mild,false,Cek lab ulang 2 minggu
DGN2716,APT00322,J11,Influenza,mild,false,Edukasi pola makan
DGN2717,APT00042,,Gejala umum tidak spesifik,mild,false,Anjuran banyak minum air
DGN2718,APT01849,H66,Otitis media supuratif,mild,false,
DGN2719,APT01421,L50,Urtikaria / biduran,moderate,false,
DGN2720,APT04199,R10,Nyeri perut tidak spesifik,mild,false,Observasi suhu
DGN2721,APT01160,J11,Influenza,mild,false,Anjuran banyak minum air
DGN2722,APT03117,H66,Otitis media supuratif,moderate,false,Anjuran banyak minum air
DGN2723,APT02688,,Diagnosis sementara,mild,false,Edukasi keluarga
DGN2724,APT02176,,Diperlukan evaluasi lebih lanjut,moderate,false,Anjurkan istirahat cukup
DGN2725,APT02335,L23,Dermatitis kontak alergi,mild,false,
DGN2726,APT03671,H10,Konjungtivitis,mild,true,Pasien kooperatif
DGN2727,APT04244,R50,Demam tidak diketahui sebabnya,mild,true,
DGN2728,APT04984,H10,Konjungtivitis,mild,false,Edukasi pola makan
DGN2729,APT00082,L20,Dermatitis atopik,mild,false,Hindari makanan pedas
DGN2730,APT02970,K05,Gingivitis,mild,false,Edukasi keluarga
DGN2731,APT01542,E78,Dislipidemia,moderate,true,Tidak ada tanda komplikasi
DGN2732,APT01137,R50,Demam tidak diketahui sebabnya,mild,true,Anjurkan istirahat cukup
DGN2733,APT02138,,Klinis sesuai keluhan utama,mild,false,Edukasi keluarga
DGN2734,APT04803,E11,Diabetes mellitus tipe 2,mild,false,
DGN2735,APT01686,,Diperlukan evaluasi lebih lanjut,moderate,false,
DGN2736,APT00754,J06,Infeksi saluran napas atas akut,severe,false,
DGN2737,APT01524,H66,Otitis media supuratif,mild,false,Hindari makanan pedas
DGN2738,APT03018,K30,Dispepsia fungsional,mild,true,Pasien kooperatif
DGN2739,APT03203,J06,Infeksi saluran napas atas akut,mild,false,Tidak ada tanda komplikasi
DGN2740,APT04976,E78,Dislipidemia,mild,false,
DGN2741,APT04046,L23,Dermatitis kontak alergi,moderate,false,Cek lab ulang 2 minggu
DGN2742,APT02909,M25,Nyeri sendi,mild,false,Hindari makanan pedas
DGN2743,APT01965,I11,Penyakit jantung hipertensi,mild,true,Anjuran banyak minum air
DGN2744,APT01587,Z30,Konsultasi KB / kontrasepsi,mild,false,Pasien tampak membaik
DGN2745,APT01519,K29,Gastritis,mild,false,Tidak ada tanda komplikasi
DGN2746,APT01403,R10,Nyeri perut tidak spesifik,mild,true,Kontrol 1 minggu lagi
DGN2747,APT04077,K30,Dispepsia fungsional,mild,false,
DGN2748,APT01199,M79,Mialgia / nyeri otot,mild,true,Hindari makanan pedas
DGN2749,APT01544,Z00,General medical examination / cek kesehatan,moderate,false,Lanjut terapi sebelumnya
DGN2750,APT00471,J00,Common cold (nasopharyngitis akut),mild,false,Edukasi keluarga
DGN2751,APT04409,,Klinis sesuai keluhan utama,severe,false,Edukasi keluarga
DGN2752,APT04942,M79,Mialgia / nyeri otot,mild,false,Edukasi pola makan
DGN2753,APT00893,J11,Influenza,mild,false,
DGN2754,APT02624,M79,Mialgia / nyeri otot,moderate,false,Kontrol 1 minggu lagi
DGN2755,APT01529,K02,Karies gigi,moderate,true,Anjurkan istirahat cukup
DGN2756,APT00405,K29,Gastritis,moderate,false,Tidak ada tanda komplikasi
DGN2757,APT03513,,Diagnosis sementara,moderate,false,Kontrol 1 minggu lagi
DGN2758,APT01110,,Diagnosis klinis tanpa kode,mild,false,Anjurkan istirahat cukup
DGN2759,APT00480,I11,Penyakit jantung hipertensi,moderate,false,Edukasi pola makan
DGN2760,APT00849,H66,Otitis media supuratif,mild,true,
DGN2761,APT02650,K02,Karies gigi,mild,false,
DGN2762,APT00950,Z34,Supervisi kehamilan normal,mild,false,Lanjut terapi sebelumnya
DGN2763,APT00157,M54,Nyeri punggung bawah (low back pain),mild,false,
DGN2764,APT03490,E11,Diabetes mellitus tipe 2,mild,true,
DGN2765,APT03205,Z30,Konsultasi KB / kontrasepsi,mild,true,Observasi suhu
DGN2766,APT04300,J06,Infeksi saluran napas atas akut,mild,true,
DGN2767,APT04003,J03,Tonsilitis akut,moderate,false,
DGN2768,APT02438,,Diagnosis klinis tanpa kode,mild,false,
DGN2769,APT01311,J11,Influenza,mild,false,Edukasi keluarga
DGN2770,APT03319,J45,Asma bronkial,moderate,false,
DGN2771,APT00067,,Diperlukan evaluasi lebih lanjut,mild,true,Pasien sadar dan kooperatif
DGN2772,APT00455,J45,Asma bronkial,mild,false,Anjurkan istirahat cukup
DGN2773,APT01793,L50,Urtikaria / biduran,mild,false,Hindari paparan alergen
DGN2774,APT03882,R51,Sakit kepala / nyeri kepala,mild,false,Pasien tampak membaik
DGN2775,APT02299,R10,Nyeri perut tidak spesifik,mild,false,Anjuran banyak minum air
DGN2776,APT03434,H10,Konjungtivitis,mild,false,Pasien kooperatif
DGN2777,APT02555,K30,Dispepsia fungsional,mild,false,Edukasi keluarga
DGN2778,APT01579,K30,Dispepsia fungsional,moderate,false,
DGN2779,APT01179,I10,Hipertensi esensial,mild,false,Edukasi keluarga
DGN2780,APT02719,E11,Diabetes mellitus tipe 2,moderate,true,Hindari makanan pedas
DGN2781,APT01023,L50,Urtikaria / biduran,moderate,false,Anjurkan istirahat cukup
DGN2782,APT03150,,Diagnosis sementara,mild,false,
DGN2783,APT04947,A09,Gastroenteritis akut / diare,mild,true,
DGN2784,APT02786,J11,Influenza,moderate,true,Observasi suhu
DGN2785,APT00459,Z00,General medical examination / cek kesehatan,mild,false,Cek lab ulang 2 minggu
DGN2786,APT02373,L23,Dermatitis kontak alergi,mild,false,Hindari paparan alergen
DGN2787,APT02630,K30,Dispepsia fungsional,moderate,false,Hindari paparan alergen
DGN2788,APT02413,,Gejala umum tidak spesifik,moderate,true,
DGN2789,APT01405,,Gejala umum tidak spesifik,moderate,false,
DGN2790,APT02854,,Diagnosis sementara,mild,false,Pasien tampak membaik
DGN2791,APT02844,M79,Mialgia / nyeri otot,moderate,false,Edukasi pola makan
DGN2792,APT03697,,Diperlukan evaluasi lebih lanjut,moderate,false,
DGN2793,APT02701,M54,Nyeri punggung bawah (low back pain),mild,false,
DGN2794,APT02389,K02,Karies gigi,severe,true,
DGN2795,APT04284,J06,Infeksi saluran napas atas akut,mild,false,Anjurkan istirahat cukup
DGN2796,APT03941,K05,Gingivitis,moderate,false,Anjuran banyak minum air
DGN2797,APT03989,E11,Diabetes mellitus tipe 2,moderate,false,Kontrol 1 minggu lagi
DGN2798,APT03524,J02,Faringitis akut,mild,true,Pasien tampak membaik
DGN2799,APT00483,J11,Influenza,mild,false,Pasien sadar dan kooperatif
DGN2800,APT04662,J02,Faringitis akut,mild,true,Anjuran banyak minum air
DGN2801,APT00738,,Diperlukan evaluasi lebih lanjut,moderate,false,Pasien kooperatif
DGN2802,APT00257,,Diperlukan evaluasi lebih lanjut,moderate,false,
DGN2803,APT02036,R05,Batuk,mild,true,Lanjut terapi sebelumnya
DGN2804,APT03914,L23,Dermatitis kontak alergi,moderate,false,Cek lab ulang 2 minggu
DGN2805,APT04576,K05,Gingivitis,mild,false,Pasien sadar dan kooperatif
DGN2806,APT02055,J00,Common cold (nasopharyngitis akut),mild,false,
DGN2807,APT00422,M54,Nyeri punggung bawah (low back pain),mild,false,Lanjut terapi sebelumnya
DGN2808,APT01168,R50,Demam tidak diketahui sebabnya,moderate,false,Tidak ada tanda komplikasi
DGN2809,APT02224,,Diagnosis klinis tanpa kode,mild,true,Anjuran banyak minum air
DGN2810,APT04259,J00,Common cold (nasopharyngitis akut),severe,false,Pasien tampak membaik
DGN2811,APT01247,M79,Mialgia / nyeri otot,mild,false,Cek lab ulang 2 minggu
DGN2812,APT00722,,Diagnosis klinis tanpa kode,mild,false,Cek lab ulang 2 minggu
DGN2813,APT00583,I11,Penyakit jantung hipertensi,severe,false,Hindari paparan alergen
DGN2814,APT02748,R50,Demam tidak diketahui sebabnya,mild,true,Pasien tampak membaik
DGN2815,APT00254,K29,Gastritis,mild,false,Pasien kooperatif
DGN2816,APT01386,H66,Otitis media supuratif,mild,false,
DGN2817,APT03855,R51,Sakit kepala / nyeri kepala,mild,false,
DGN2818,APT00077,J20,Bronkitis akut,mild,false,
DGN2819,APT04434,J03,Tonsilitis akut,moderate,false,
DGN2820,APT02620,Z34,Supervisi kehamilan normal,moderate,true,Pasien sadar dan kooperatif
DGN2821,APT00839,J20,Bronkitis akut,moderate,false,Tidak ada tanda komplikasi
DGN2822,APT02617,L50,Urtikaria / biduran,mild,false,Pasien tampak membaik
DGN2823,APT02046,K02,Karies gigi,mild,false,
DGN2824,APT03033,R10,Nyeri perut tidak spesifik,severe,true,Lanjut terapi sebelumnya
DGN2825,APT03247,K59,Konstipasi,mild,true,Kontrol 1 minggu lagi
DGN2826,APT04820,J06,Infeksi saluran napas atas akut,moderate,false,Anjuran banyak minum air
DGN2827,APT01284,,Diagnosis klinis tanpa kode,mild,true,Pasien kooperatif
DGN2828,APT01907,E78,Dislipidemia,mild,false,
DGN2829,APT03888,R51,Sakit kepala / nyeri kepala,mild,true,
DGN2830,APT00680,I10,Hipertensi esensial,moderate,true,
DGN2831,APT00241,K29,Gastritis,moderate,false,
DGN2832,APT01975,R05,Batuk,mild,true,Lanjut terapi sebelumnya
DGN2833,APT04427,I11,Penyakit jantung hipertensi,moderate,false,
DGN2834,APT00478,K05,Gingivitis,moderate,true,
DGN2835,APT00280,,Diperlukan evaluasi lebih lanjut,mild,true,Cek lab ulang 2 minggu
DGN2836,APT03548,H66,Otitis media supuratif,mild,false,
DGN2837,APT00420,,Diperlukan evaluasi lebih lanjut,moderate,true,Pasien kooperatif
DGN2838,APT02686,,Klinis sesuai keluhan utama,mild,false,Edukasi keluarga
DGN2839,APT01890,H66,Otitis media supuratif,mild,false,Hindari paparan alergen
DGN2840,APT02819,E11,Diabetes mellitus tipe 2,severe,false,Kontrol 1 minggu lagi
DGN2841,APT00505,,Diagnosis klinis tanpa kode,moderate,false,
DGN2842,APT03974,,Diagnosis sementara,moderate,true,Anjuran banyak minum air
DGN2843,APT03507,K29,Gastritis,moderate,false,
DGN2844,APT01758,J45,Asma bronkial,mild,false,Lanjut terapi sebelumnya
DGN2845,APT03649,L23,Dermatitis kontak alergi,mild,true,Kontrol 1 minggu lagi
DGN2846,APT04541,R05,Batuk,mild,false,Kontrol 1 minggu lagi
DGN2847,APT04773,A09,Gastroenteritis akut / diare,moderate,false,Anjurkan istirahat cukup
DGN2848,APT00517,J02,Faringitis akut,mild,false,
DGN2849,APT03322,K05,Gingivitis,mild,false,Tetap minum obat teratur
DGN2850,APT03090,L50,Urtikaria / biduran,mild,false,
DGN2851,APT00918,M25,Nyeri sendi,mild,false,
DGN2852,APT00311,A09,Gastroenteritis akut / diare,mild,true,Edukasi pola makan
DGN2853,APT04246,M79,Mialgia / nyeri otot,mild,false,Pasien kooperatif
DGN2854,APT00310,J06,Infeksi saluran napas atas akut,severe,true,Lanjut terapi sebelumnya
DGN2855,APT03169,E78,Dislipidemia,mild,false,Hindari makanan pedas
DGN2856,APT04270,,Diagnosis klinis tanpa kode,moderate,true,Tidak ada tanda komplikasi
DGN2857,APT00883,,Diagnosis klinis tanpa kode,severe,false,Pasien kooperatif
DGN2858,APT03906,Z00,General medical examination / cek kesehatan,mild,false,Pasien kooperatif
DGN2859,APT04877,J11,Influenza,moderate,false,Tetap minum obat teratur
DGN2860,APT04021,K02,Karies gigi,moderate,false,
DGN2861,APT01407,,Diperlukan evaluasi lebih lanjut,severe,false,Anjuran banyak minum air
DGN2862,APT02568,J00,Common cold (nasopharyngitis akut),mild,false,Observasi suhu
DGN2863,APT02124,H10,Konjungtivitis,mild,false,Edukasi pola makan
DGN2864,APT02248,J06,Infeksi saluran napas atas akut,mild,true,Cek lab ulang 2 minggu
DGN2865,APT01428,I10,Hipertensi esensial,severe,true,
DGN2866,APT03679,,Diagnosis sementara,mild,false,Edukasi keluarga
DGN2867,APT02128,,Klinis sesuai keluhan utama,mild,false,Anjurkan istirahat cukup
DGN2868,APT00607,J03,Tonsilitis akut,mild,true,Cek lab ulang 2 minggu
DGN2869,APT00376,L20,Dermatitis atopik,mild,false,Anjuran banyak minum air
DGN2870,APT02649,L23,Dermatitis kontak alergi,mild,false,Pasien kooperatif
DGN2871,APT02527,,Diagnosis sementara,moderate,false,
DGN2872,APT01615,K05,Gingivitis,mild,false,
DGN2873,APT03918,E11,Diabetes mellitus tipe 2,mild,false,Cek lab ulang 2 minggu
DGN2874,APT02238,,Diperlukan evaluasi lebih lanjut,moderate,false,
DGN2875,APT04413,M25,Nyeri sendi,mild,false,Observasi suhu
DGN2876,APT01803,K29,Gastritis,mild,true,Edukasi pola makan
DGN2877,APT02690,J02,Faringitis akut,mild,true,Hindari paparan alergen
DGN2878,APT01085,J11,Influenza,moderate,false,Hindari paparan alergen
DGN2879,APT04740,M79,Mialgia / nyeri otot,mild,false,Lanjut terapi sebelumnya
DGN2880,APT01852,I11,Penyakit jantung hipertensi,moderate,false,Hindari makanan pedas
DGN2881,APT00666,K59,Konstipasi,mild,false,Anjurkan istirahat cukup
DGN2882,APT04367,,Diagnosis sementara,moderate,false,
DGN2883,APT00630,,Diperlukan evaluasi lebih lanjut,moderate,false,Anjurkan istirahat cukup
DGN2884,APT01373,K29,Gastritis,mild,false,
DGN2885,APT03076,L20,Dermatitis atopik,moderate,false,Hindari paparan alergen
DGN2886,APT01719,J00,Common cold (nasopharyngitis akut),mild,true,Lanjut terapi sebelumnya
DGN2887,APT04563,Z30,Konsultasi KB / kontrasepsi,mild,false,Anjuran banyak minum air
DGN2888,APT00905,A09,Gastroenteritis akut / diare,moderate,false,Anjuran banyak minum air
DGN2889,APT00817,K29,Gastritis,severe,false,Hindari paparan alergen
DGN2890,APT02126,J03,Tonsilitis akut,severe,true,
DGN2891,APT02445,Z30,Konsultasi KB / kontrasepsi,mild,true,Edukasi keluarga
DGN2892,APT01249,,Klinis sesuai keluhan utama,mild,false,Edukasi keluarga
DGN2893,APT00197,M25,Nyeri sendi,mild,false,Hindari makanan pedas
DGN2894,APT00393,K02,Karies gigi,mild,false,
DGN2895,APT04113,K29,Gastritis,severe,false,
DGN2896,APT03408,J00,Common cold (nasopharyngitis akut),moderate,false,Tidak ada tanda komplikasi
DGN2897,APT02480,K59,Konstipasi,moderate,false,
DGN2898,APT04437,R50,Demam tidak diketahui sebabnya,mild,false,Anjuran banyak minum air
DGN2899,APT00074,M25,Nyeri sendi,moderate,false,Hindari paparan alergen
DGN2900,APT04994,M79,Mialgia / nyeri otot,mild,false,Hindari makanan pedas
DGN2901,APT04190,K02,Karies gigi,mild,false,Hindari paparan alergen
DGN2902,APT04477,M25,Nyeri sendi,mild,true,Lanjut terapi sebelumnya
DGN2903,APT02600,M54,Nyeri punggung bawah (low back pain),mild,false,Pasien kooperatif
DGN2904,APT01237,E11,Diabetes mellitus tipe 2,mild,true,Hindari paparan alergen
DGN2905,APT03993,,Diagnosis klinis tanpa kode,moderate,false,Edukasi pola makan
DGN2906,APT03997,Z34,Supervisi kehamilan normal,mild,false,Anjuran banyak minum air
DGN2907,APT02218,R05,Batuk,moderate,false,Cek lab ulang 2 minggu
DGN2908,APT03339,I11,Penyakit jantung hipertensi,mild,true,Cek lab ulang 2 minggu
DGN2909,APT03354,,Diagnosis sementara,mild,false,
DGN2910,APT00587,K59,Konstipasi,moderate,false,Pasien kooperatif
DGN2911,APT03857,R05,Batuk,mild,true,Tetap minum obat teratur
DGN2912,APT02689,,Diagnosis sementara,mild,false,
DGN2913,APT04670,I11,Penyakit jantung hipertensi,moderate,true,Pasien sadar dan kooperatif
DGN2914,APT00308,,Diagnosis sementara,moderate,false,Anjuran banyak minum air
DGN2915,APT01398,A09,Gastroenteritis akut / diare,moderate,true,
DGN2916,APT04920,L23,Dermatitis kontak alergi,mild,false,
DGN2917,APT02112,K02,Karies gigi,mild,false,
DGN2918,APT03501,E78,Dislipidemia,mild,true,
DGN2919,APT01098,L50,Urtikaria / biduran,mild,false,Hindari makanan pedas
DGN2920,APT03032,L20,Dermatitis atopik,moderate,false,
DGN2921,APT01942,,Diagnosis klinis tanpa kode,mild,false,Hindari paparan alergen
DGN2922,APT04332,,Diperlukan evaluasi lebih lanjut,moderate,false,
DGN2923,APT04800,R50,Demam tidak diketahui sebabnya,moderate,false,Observasi suhu
DGN2924,APT04897,,Gejala umum tidak spesifik,mild,false,Observasi suhu
DGN2925,APT00571,,Diagnosis klinis tanpa kode,mild,false,
DGN2926,APT01354,J06,Infeksi saluran napas atas akut,severe,true,Hindari makanan pedas
DGN2927,APT03328,J03,Tonsilitis akut,mild,false,Tetap minum obat teratur
DGN2928,APT04098,K29,Gastritis,mild,false,Hindari paparan alergen
DGN2929,APT02662,E11,Diabetes mellitus tipe 2,mild,false,Lanjut terapi sebelumnya
DGN2930,APT04827,A09,Gastroenteritis akut / diare,mild,false,Cek lab ulang 2 minggu
DGN2931,APT04684,I11,Penyakit jantung hipertensi,mild,false,Lanjut terapi sebelumnya
DGN2932,APT00037,K05,Gingivitis,mild,false,Pasien kooperatif
DGN2933,APT03869,L23,Dermatitis kontak alergi,mild,true,
DGN2934,APT04470,J45,Asma bronkial,mild,false,Hindari makanan pedas
DGN2935,APT02925,R51,Sakit kepala / nyeri kepala,mild,false,
DGN2936,APT00855,H10,Konjungtivitis,mild,true,
DGN2937,APT03026,K29,Gastritis,mild,false,Tetap minum obat teratur
DGN2938,APT00494,H10,Konjungtivitis,moderate,false,Cek lab ulang 2 minggu
DGN2939,APT02286,L20,Dermatitis atopik,mild,false,Pasien tampak membaik
DGN2940,APT00884,J03,Tonsilitis akut,mild,false,Anjurkan istirahat cukup
DGN2941,APT04305,,Diperlukan evaluasi lebih lanjut,moderate,false,
DGN2942,APT01449,L20,Dermatitis atopik,mild,false,Tidak ada tanda komplikasi
DGN2943,APT01447,,Diagnosis sementara,mild,true,Edukasi keluarga
DGN2944,APT00278,,Diagnosis klinis tanpa kode,moderate,true,Lanjut terapi sebelumnya
DGN2945,APT01749,L20,Dermatitis atopik,moderate,false,
DGN2946,APT04721,E11,Diabetes mellitus tipe 2,mild,true,
DGN2947,APT01435,Z30,Konsultasi KB / kontrasepsi,moderate,false,
DGN2948,APT02349,I11,Penyakit jantung hipertensi,mild,false,Anjurkan istirahat cukup
DGN2949,APT00010,L20,Dermatitis atopik,moderate,true,
DGN2950,APT04391,J45,Asma bronkial,mild,true,
DGN2951,APT03196,L50,Urtikaria / biduran,mild,false,Observasi suhu
DGN2952,APT00114,M79,Mialgia / nyeri otot,mild,false,
DGN2953,APT01002,Z00,General medical examination / cek kesehatan,mild,true,Pasien kooperatif
DGN2954,APT01281,,Gejala umum tidak spesifik,mild,false,Pasien tampak membaik
DGN2955,APT02121,J20,Bronkitis akut,mild,false,Lanjut terapi sebelumnya
DGN2956,APT03027,R10,Nyeri perut tidak spesifik,mild,false,
DGN2957,APT04132,K29,Gastritis,severe,false,
DGN2958,APT03241,H10,Konjungtivitis,mild,false,
DGN2959,APT04604,J06,Infeksi saluran napas atas akut,mild,false,
DGN2960,APT00388,L50,Urtikaria / biduran,severe,false,
DGN2961,APT00595,,Klinis sesuai keluhan utama,mild,false,Tetap minum obat teratur
DGN2962,APT04129,R05,Batuk,mild,true,
DGN2963,APT03611,K30,Dispepsia fungsional,moderate,true,
DGN2964,APT02968,J06,Infeksi saluran napas atas akut,mild,false,Lanjut terapi sebelumnya
DGN2965,APT00432,R10,Nyeri perut tidak spesifik,mild,false,
DGN2966,APT01491,K59,Konstipasi,mild,false,Edukasi keluarga
DGN2967,APT00613,J02,Faringitis akut,moderate,true,Hindari makanan pedas
DGN2968,APT02999,,Diperlukan evaluasi lebih lanjut,mild,false,Cek lab ulang 2 minggu
DGN2969,APT01122,,Diperlukan evaluasi lebih lanjut,severe,false,Pasien sadar dan kooperatif
DGN2970,APT03313,J11,Influenza,severe,false,Anjuran banyak minum air
DGN2971,APT01221,,Diperlukan evaluasi lebih lanjut,mild,false,
DGN2972,APT04254,,Diagnosis klinis tanpa kode,severe,false,Lanjut terapi sebelumnya
DGN2973,APT02652,E78,Dislipidemia,severe,false,
DGN2974,APT04001,J03,Tonsilitis akut,mild,false,Tidak ada tanda komplikasi
DGN2975,APT00056,J03,Tonsilitis akut,mild,true,
DGN2976,APT01075,R05,Batuk,mild,false,Kontrol 1 minggu lagi
DGN2977,APT00330,L50,Urtikaria / biduran,mild,false,
DGN2978,APT04464,R51,Sakit kepala / nyeri kepala,mild,true,Observasi suhu
DGN2979,APT02636,,Klinis sesuai keluhan utama,severe,false,Edukasi keluarga
DGN2980,APT03024,H66,Otitis media supuratif,mild,false,Lanjut terapi sebelumnya
DGN2981,APT04694,,Diagnosis sementara,mild,false,Pasien sadar dan kooperatif
DGN2982,APT00266,J45,Asma bronkial,mild,false,Hindari makanan pedas
DGN2983,APT00727,E78,Dislipidemia,mild,false,Pasien kooperatif
DGN2984,APT03798,J06,Infeksi saluran napas atas akut,severe,false,Anjuran banyak minum air
DGN2985,APT03595,J02,Faringitis akut,mild,true,Cek lab ulang 2 minggu
DGN2986,APT02599,K05,Gingivitis,moderate,false,Tetap minum obat teratur
DGN2987,APT03011,H10,Konjungtivitis,mild,true,
DGN2988,APT04710,J03,Tonsilitis akut,mild,false,
DGN2989,APT03200,Z34,Supervisi kehamilan normal,mild,false,Edukasi keluarga
DGN2990,APT03145,K59,Konstipasi,mild,false,Pasien kooperatif
DGN2991,APT02904,,Diagnosis sementara,moderate,false,Pasien sadar dan kooperatif
DGN2992,APT01532,J45,Asma bronkial,moderate,false,Edukasi keluarga
DGN2993,APT03259,R51,Sakit kepala / nyeri kepala,mild,false,
DGN2994,APT02858,R10,Nyeri perut tidak spesifik,mild,true,Pasien kooperatif
DGN2995,APT03464,E78,Dislipidemia,moderate,false,Lanjut terapi sebelumnya
DGN2996,APT04751,J20,Bronkitis akut,severe,true,
DGN2997,APT01588,Z30,Konsultasi KB / kontrasepsi,mild,false,Edukasi keluarga
DGN2998,APT00337,J00,Common cold (nasopharyngitis akut),moderate,false,Tidak ada tanda komplikasi
DGN2999,APT04393,J11,Influenza,moderate,false,Pasien sadar dan kooperatif
DGN3000,APT01967,R50,Demam tidak diketahui sebabnya,mild,true,
DGN3001,APT00123,K29,Gastritis,mild,false,Observasi suhu
DGN3002,APT00796,K29,Gastritis,severe,false,Pasien sadar dan kooperatif
DGN3003,APT02079,M79,Mialgia / nyeri otot,mild,false,
DGN3004,APT00124,,Klinis sesuai keluhan utama,mild,false,
DGN3005,APT01017,J00,Common cold (nasopharyngitis akut),mild,true,Hindari paparan alergen
DGN3006,APT01387,L50,Urtikaria / biduran,moderate,false,Edukasi keluarga
DGN3007,APT03953,H66,Otitis media supuratif,severe,true,Anjurkan istirahat cukup
DGN3008,APT01743,,Diagnosis klinis tanpa kode,moderate,true,Edukasi keluarga
DGN3009,APT01938,J20,Bronkitis akut,mild,false,
DGN3010,APT04738,H10,Konjungtivitis,moderate,true,
DGN3011,APT01335,,Klinis sesuai keluhan utama,mild,false,
DGN3012,APT04326,,Diagnosis sementara,mild,false,
DGN3013,APT04137,E78,Dislipidemia,moderate,true,Anjurkan istirahat cukup
DGN3014,APT01565,J45,Asma bronkial,mild,true,Tetap minum obat teratur
DGN3015,APT00536,,Diagnosis sementara,moderate,true,Kontrol 1 minggu lagi
DGN3016,APT01691,M79,Mialgia / nyeri otot,moderate,false,Hindari makanan pedas
DGN3017,APT02106,I10,Hipertensi esensial,moderate,false,Pasien sadar dan kooperatif
DGN3018,APT01971,H10,Konjungtivitis,mild,false,Tetap minum obat teratur
DGN3019,APT04642,,Gejala umum tidak spesifik,moderate,false,Edukasi pola makan
DGN3020,APT00674,Z30,Konsultasi KB / kontrasepsi,mild,false,
DGN3021,APT04758,M79,Mialgia / nyeri otot,mild,false,
DGN3022,APT01508,J20,Bronkitis akut,mild,true,Observasi suhu
DGN3023,APT03655,,Diagnosis klinis tanpa kode,moderate,false,Cek lab ulang 2 minggu
DGN3024,APT03797,E78,Dislipidemia,mild,false,Pasien sadar dan kooperatif
DGN3025,APT03255,,Diperlukan evaluasi lebih lanjut,mild,true,Pasien kooperatif
DGN3026,APT00044,H10,Konjungtivitis,mild,true,Cek lab ulang 2 minggu
DGN3027,APT02015,K05,Gingivitis,mild,true,Lanjut terapi sebelumnya
DGN3028,APT01266,I10,Hipertensi esensial,moderate,true,
DGN3029,APT00802,K59,Konstipasi,moderate,true,Anjurkan istirahat cukup
DGN3030,APT02727,J02,Faringitis akut,moderate,false,
DGN3031,APT02270,,Gejala umum tidak spesifik,mild,false,
DGN3032,APT02006,Z00,General medical examination / cek kesehatan,mild,false,Anjurkan istirahat cukup
DGN3033,APT02410,,Diperlukan evaluasi lebih lanjut,mild,true,Lanjut terapi sebelumnya
DGN3034,APT02821,K02,Karies gigi,mild,false,Cek lab ulang 2 minggu
DGN3035,APT02276,J00,Common cold (nasopharyngitis akut),moderate,false,
DGN3036,APT00810,M54,Nyeri punggung bawah (low back pain),moderate,false,
DGN3037,APT03080,M79,Mialgia / nyeri otot,mild,true,
DGN3038,APT02362,H10,Konjungtivitis,severe,false,Cek lab ulang 2 minggu
DGN3039,APT03392,M54,Nyeri punggung bawah (low back pain),mild,false,
DGN3040,APT02763,M79,Mialgia / nyeri otot,mild,false,Tetap minum obat teratur
DGN3041,APT01252,L20,Dermatitis atopik,severe,false,
DGN3042,APT02417,N39,Infeksi saluran kemih,severe,false,Hindari makanan pedas
DGN3043,APT03801,K59,Konstipasi,mild,false,
DGN3044,APT02548,,Diperlukan evaluasi lebih lanjut,mild,false,Anjurkan istirahat cukup
DGN3045,APT02985,K59,Konstipasi,mild,false,Hindari makanan pedas
DGN3046,APT03170,,Diperlukan evaluasi lebih lanjut,mild,false,Anjurkan istirahat cukup
DGN3047,APT03201,,Diperlukan evaluasi lebih lanjut,mild,false,
DGN3048,APT01240,K29,Gastritis,moderate,false,
DGN3049,APT00615,I11,Penyakit jantung hipertensi,mild,true,
DGN3050,APT03574,A09,Gastroenteritis akut / diare,moderate,true,
DGN3051,APT00544,J20,Bronkitis akut,moderate,true,Hindari paparan alergen
DGN3052,APT00350,R05,Batuk,mild,true,
DGN3053,APT01847,L20,Dermatitis atopik,mild,false,Hindari paparan alergen
DGN3054,APT04062,Z30,Konsultasi KB / kontrasepsi,mild,false,Pasien tampak membaik
DGN3055,APT03157,E78,Dislipidemia,mild,true,
DGN3056,APT02762,K02,Karies gigi,severe,false,
DGN3057,APT02953,H10,Konjungtivitis,mild,false,Anjuran banyak minum air
DGN3058,APT01150,J00,Common cold (nasopharyngitis akut),moderate,false,Pasien sadar dan kooperatif
DGN3059,APT03885,M79,Mialgia / nyeri otot,severe,false,Pasien sadar dan kooperatif
DGN3060,APT00773,J20,Bronkitis akut,moderate,true,Anjuran banyak minum air
DGN3061,APT02834,J02,Faringitis akut,moderate,false,Pasien tampak membaik
DGN3062,APT03883,N39,Infeksi saluran kemih,severe,true,Pasien sadar dan kooperatif
DGN3063,APT01911,J45,Asma bronkial,mild,true,Edukasi keluarga
DGN3064,APT01248,J02,Faringitis akut,moderate,true,
DGN3065,APT01057,L50,Urtikaria / biduran,mild,false,
DGN3066,APT00242,K59,Konstipasi,mild,true,Observasi suhu
DGN3067,APT04082,R50,Demam tidak diketahui sebabnya,mild,false,
DGN3068,APT00756,M25,Nyeri sendi,mild,false,Pasien kooperatif
DGN3069,APT04370,R51,Sakit kepala / nyeri kepala,mild,false,
DGN3070,APT02395,R51,Sakit kepala / nyeri kepala,mild,false,Hindari makanan pedas
DGN3071,APT00181,K05,Gingivitis,mild,false,Anjurkan istirahat cukup
DGN3072,APT00792,,Diagnosis sementara,mild,false,
DGN3073,APT03199,R50,Demam tidak diketahui sebabnya,mild,true,Anjuran banyak minum air
DGN3074,APT03035,L23,Dermatitis kontak alergi,mild,false,
DGN3075,APT04158,M79,Mialgia / nyeri otot,moderate,false,Tetap minum obat teratur
DGN3076,APT03515,Z30,Konsultasi KB / kontrasepsi,mild,false,Anjuran banyak minum air
DGN3077,APT03551,J45,Asma bronkial,mild,false,Edukasi keluarga
DGN3078,APT00498,I11,Penyakit jantung hipertensi,mild,false,Observasi suhu
DGN3079,APT03592,,Klinis sesuai keluhan utama,mild,true,Observasi suhu
DGN3080,APT04565,J03,Tonsilitis akut,mild,false,Anjurkan istirahat cukup
DGN3081,APT04955,,Gejala umum tidak spesifik,mild,false,Edukasi pola makan
DGN3082,APT03272,J02,Faringitis akut,mild,true,Cek lab ulang 2 minggu
DGN3083,APT01864,J03,Tonsilitis akut,severe,false,Hindari paparan alergen
DGN3084,APT03195,L50,Urtikaria / biduran,mild,false,
DGN3085,APT02698,N39,Infeksi saluran kemih,mild,false,
DGN3086,APT01200,J11,Influenza,mild,false,Tidak ada tanda komplikasi
DGN3087,APT04513,,Gejala umum tidak spesifik,mild,false,
DGN3088,APT03329,R51,Sakit kepala / nyeri kepala,mild,false,
DGN3089,APT00129,J45,Asma bronkial,mild,true,Lanjut terapi sebelumnya
DGN3090,APT04160,Z00,General medical examination / cek kesehatan,mild,false,
DGN3091,APT02414,E78,Dislipidemia,mild,true,
DGN3092,APT00706,J45,Asma bronkial,mild,false,
DGN3093,APT00258,L50,Urtikaria / biduran,mild,false,Tetap minum obat teratur
DGN3094,APT03932,,Gejala umum tidak spesifik,moderate,true,Edukasi pola makan
DGN3095,APT04583,K59,Konstipasi,mild,false,Kontrol 1 minggu lagi
DGN3096,APT00366,L20,Dermatitis atopik,mild,false,Hindari makanan pedas
DGN3097,APT03765,R05,Batuk,mild,false,Pasien tampak membaik
DGN3098,APT03739,K59,Konstipasi,mild,false,Tidak ada tanda komplikasi
DGN3099,APT03988,A09,Gastroenteritis akut / diare,mild,false,
DGN3100,APT02479,A09,Gastroenteritis akut / diare,mild,false,Edukasi keluarga
DGN3101,APT03839,J45,Asma bronkial,moderate,false,
DGN3102,APT03772,,Klinis sesuai keluhan utama,mild,false,
DGN3103,APT01464,K29,Gastritis,mild,false,Cek lab ulang 2 minggu
DGN3104,APT01143,K59,Konstipasi,mild,false,Tetap minum obat teratur
DGN3105,APT03598,J06,Infeksi saluran napas atas akut,moderate,true,
DGN3106,APT04314,,Diagnosis klinis tanpa kode,mild,false,
DGN3107,APT00982,Z00,General medical examination / cek kesehatan,mild,false,Edukasi pola makan
DGN3108,APT00078,K29,Gastritis,mild,false,Tidak ada tanda komplikasi
DGN3109,APT04896,R51,Sakit kepala / nyeri kepala,moderate,false,Hindari paparan alergen
DGN3110,APT02196,Z30,Konsultasi KB / kontrasepsi,mild,false,Edukasi keluarga
DGN3111,APT00229,,Diagnosis sementara,mild,true,Kontrol 1 minggu lagi
DGN3112,APT01721,L23,Dermatitis kontak alergi,moderate,false,Hindari paparan alergen
DGN3113,APT04646,J00,Common cold (nasopharyngitis akut),moderate,true,Edukasi keluarga
DGN3114,APT02797,,Gejala umum tidak spesifik,mild,false,Hindari paparan alergen
DGN3115,APT00243,K59,Konstipasi,moderate,false,
DGN3116,APT03066,H66,Otitis media supuratif,mild,false,Pasien kooperatif
DGN3117,APT02695,I11,Penyakit jantung hipertensi,moderate,false,
DGN3118,APT02336,J06,Infeksi saluran napas atas akut,mild,true,Hindari paparan alergen
DGN3119,APT01734,K59,Konstipasi,mild,true,Pasien tampak membaik
DGN3120,APT03751,N39,Infeksi saluran kemih,mild,false,
DGN3121,APT00814,J45,Asma bronkial,mild,true,
DGN3122,APT04821,A09,Gastroenteritis akut / diare,moderate,true,
DGN3123,APT03174,J20,Bronkitis akut,mild,false,Hindari paparan alergen
DGN3124,APT00880,,Diagnosis sementara,moderate,true,Pasien kooperatif
DGN3125,APT03991,E11,Diabetes mellitus tipe 2,mild,false,
DGN3126,APT01897,Z30,Konsultasi KB / kontrasepsi,severe,false,Lanjut terapi sebelumnya
DGN3127,APT03448,J45,Asma bronkial,moderate,false,
DGN3128,APT04247,H66,Otitis media supuratif,moderate,false,
DGN3129,APT01968,J20,Bronkitis akut,moderate,false,Tetap minum obat teratur
DGN3130,APT01956,,Gejala umum tidak spesifik,mild,false,
DGN3131,APT02902,J20,Bronkitis akut,moderate,true,Tetap minum obat teratur
DGN3132,APT00059,R51,Sakit kepala / nyeri kepala,mild,false,
DGN3133,APT03866,J11,Influenza,severe,false,
DGN3134,APT00434,N39,Infeksi saluran kemih,mild,false,Cek lab ulang 2 minggu
DGN3135,APT04369,J45,Asma bronkial,moderate,true,Hindari paparan alergen
DGN3136,APT00368,J45,Asma bronkial,mild,false,
DGN3137,APT02085,K30,Dispepsia fungsional,moderate,false,Observasi suhu
DGN3138,APT03634,,Gejala umum tidak spesifik,moderate,false,
DGN3139,APT04035,,Klinis sesuai keluhan utama,mild,false,
DGN3140,APT04719,H10,Konjungtivitis,mild,false,
DGN3141,APT02366,L20,Dermatitis atopik,mild,true,Tidak ada tanda komplikasi
DGN3142,APT02578,I10,Hipertensi esensial,mild,false,Edukasi keluarga
DGN3143,APT00811,K30,Dispepsia fungsional,mild,false,
DGN3144,APT00947,H10,Konjungtivitis,mild,false,
DGN3145,APT02642,N39,Infeksi saluran kemih,mild,false,Pasien sadar dan kooperatif
DGN3146,APT04178,L20,Dermatitis atopik,moderate,false,Anjurkan istirahat cukup
DGN3147,APT00151,M79,Mialgia / nyeri otot,mild,false,Hindari makanan pedas
DGN3148,APT02052,K02,Karies gigi,moderate,false,Observasi suhu
DGN3149,APT00774,J00,Common cold (nasopharyngitis akut),mild,true,Tidak ada tanda komplikasi
DGN3150,APT03998,L20,Dermatitis atopik,severe,true,Hindari makanan pedas
DGN3151,APT01678,L20,Dermatitis atopik,mild,true,Hindari paparan alergen
DGN3152,APT02988,J03,Tonsilitis akut,mild,false,Hindari makanan pedas
DGN3153,APT03964,K30,Dispepsia fungsional,moderate,false,Tetap minum obat teratur
DGN3154,APT02784,Z30,Konsultasi KB / kontrasepsi,moderate,false,
DGN3155,APT01077,J20,Bronkitis akut,mild,false,Hindari makanan pedas
DGN3156,APT00219,J03,Tonsilitis akut,mild,false,
DGN3157,APT03789,A09,Gastroenteritis akut / diare,mild,false,
DGN3158,APT02157,M25,Nyeri sendi,moderate,false,Anjurkan istirahat cukup
DGN3159,APT00635,,Diagnosis sementara,moderate,true,
DGN3160,APT02190,I10,Hipertensi esensial,mild,true,Hindari makanan pedas
DGN3161,APT04610,Z34,Supervisi kehamilan normal,mild,false,Hindari makanan pedas
DGN3162,APT02371,K30,Dispepsia fungsional,severe,false,
DGN3163,APT03766,J02,Faringitis akut,mild,true,
DGN3164,APT04093,A09,Gastroenteritis akut / diare,mild,false,
DGN3165,APT00612,,Diagnosis klinis tanpa kode,mild,false,Edukasi keluarga
DGN3166,APT04996,J11,Influenza,mild,false,Lanjut terapi sebelumnya
DGN3167,APT02759,,Diagnosis klinis tanpa kode,moderate,true,Lanjut terapi sebelumnya
DGN3168,APT00479,K59,Konstipasi,mild,true,Kontrol 1 minggu lagi
DGN3169,APT03186,J45,Asma bronkial,moderate,false,Edukasi keluarga
DGN3170,APT04411,Z34,Supervisi kehamilan normal,mild,false,Hindari makanan pedas
DGN3171,APT04644,K59,Konstipasi,severe,false,Cek lab ulang 2 minggu
DGN3172,APT01523,J03,Tonsilitis akut,mild,false,
DGN3173,APT00363,,Diagnosis sementara,moderate,false,Anjurkan istirahat cukup
DGN3174,APT01980,K02,Karies gigi,mild,true,Edukasi keluarga
DGN3175,APT02907,L50,Urtikaria / biduran,mild,false,
DGN3176,APT03085,K05,Gingivitis,moderate,false,
DGN3177,APT00619,I10,Hipertensi esensial,moderate,true,
DGN3178,APT02486,J11,Influenza,mild,false,
DGN3179,APT03416,,Diagnosis klinis tanpa kode,moderate,false,Pasien sadar dan kooperatif
DGN3180,APT02162,K02,Karies gigi,mild,false,
DGN3181,APT03282,,Diagnosis sementara,moderate,false,
DGN3182,APT00885,,Klinis sesuai keluhan utama,moderate,true,
DGN3183,APT00009,E11,Diabetes mellitus tipe 2,mild,true,Observasi suhu
DGN3184,APT04387,M25,Nyeri sendi,moderate,false,Edukasi keluarga
DGN3185,APT00481,Z34,Supervisi kehamilan normal,moderate,true,
DGN3186,APT00695,K30,Dispepsia fungsional,severe,true,
DGN3187,APT02813,L50,Urtikaria / biduran,mild,false,
DGN3188,APT03682,,Diagnosis klinis tanpa kode,moderate,false,
DGN3189,APT03775,I11,Penyakit jantung hipertensi,mild,false,Pasien sadar dan kooperatif
DGN3190,APT02876,K29,Gastritis,mild,true,
DGN3191,APT03970,,Diagnosis klinis tanpa kode,mild,false,
DGN3192,APT03148,I11,Penyakit jantung hipertensi,mild,false,Cek lab ulang 2 minggu
DGN3193,APT04347,E78,Dislipidemia,mild,false,Pasien sadar dan kooperatif
DGN3194,APT00684,J11,Influenza,moderate,false,Anjuran banyak minum air
DGN3195,APT01134,K29,Gastritis,mild,true,
DGN3196,APT01066,J03,Tonsilitis akut,moderate,false,Kontrol 1 minggu lagi
DGN3197,APT01193,N39,Infeksi saluran kemih,mild,false,
DGN3198,APT03535,Z30,Konsultasi KB / kontrasepsi,moderate,false,Lanjut terapi sebelumnya
DGN3199,APT04624,,Gejala umum tidak spesifik,mild,false,
DGN3200,APT00030,I10,Hipertensi esensial,severe,false,Lanjut terapi sebelumnya
DGN3201,APT00999,,Diagnosis klinis tanpa kode,moderate,false,Kontrol 1 minggu lagi
DGN3202,APT03629,R05,Batuk,mild,false,Hindari paparan alergen
DGN3203,APT04639,J45,Asma bronkial,mild,true,Tidak ada tanda komplikasi
DGN3204,APT02635,J02,Faringitis akut,moderate,true,
DGN3205,APT03050,R50,Demam tidak diketahui sebabnya,mild,true,Kontrol 1 minggu lagi
DGN3206,APT01987,J00,Common cold (nasopharyngitis akut),severe,false,
DGN3207,APT00955,J00,Common cold (nasopharyngitis akut),severe,true,
DGN3208,APT04559,,Klinis sesuai keluhan utama,moderate,false,
DGN3209,APT02464,J20,Bronkitis akut,mild,false,
DGN3210,APT04364,,Diagnosis klinis tanpa kode,moderate,true,
DGN3211,APT01571,J00,Common cold (nasopharyngitis akut),mild,false,
DGN3212,APT03379,K29,Gastritis,severe,false,Hindari paparan alergen
DGN3213,APT02461,E11,Diabetes mellitus tipe 2,mild,false,Hindari paparan alergen
DGN3214,APT04739,Z30,Konsultasi KB / kontrasepsi,mild,true,Kontrol 1 minggu lagi
DGN3215,APT03128,J03,Tonsilitis akut,mild,false,Kontrol 1 minggu lagi
DGN3216,APT02472,R05,Batuk,moderate,true,
DGN3217,APT03933,,Diperlukan evaluasi lebih lanjut,moderate,true,
DGN3218,APT03317,R05,Batuk,moderate,true,Tetap minum obat teratur
DGN3219,APT02618,,Diperlukan evaluasi lebih lanjut,mild,true,Cek lab ulang 2 minggu
DGN3220,APT02168,I11,Penyakit jantung hipertensi,mild,true,Observasi suhu
DGN3221,APT02496,L23,Dermatitis kontak alergi,moderate,false,
DGN3222,APT04114,J03,Tonsilitis akut,mild,false,Cek lab ulang 2 minggu
DGN3223,APT04657,J00,Common cold (nasopharyngitis akut),moderate,false,Edukasi keluarga
DGN3224,APT01458,K02,Karies gigi,mild,true,
DGN3225,APT01608,K59,Konstipasi,mild,true,Tidak ada tanda komplikasi
DGN3226,APT03502,K29,Gastritis,mild,true,Tetap minum obat teratur
DGN3227,APT01342,K59,Konstipasi,mild,false,
DGN3228,APT02096,K30,Dispepsia fungsional,mild,true,Pasien kooperatif
DGN3229,APT00962,H66,Otitis media supuratif,mild,false,Edukasi pola makan
DGN3230,APT00380,E78,Dislipidemia,moderate,true,Tetap minum obat teratur
DGN3231,APT03744,,Klinis sesuai keluhan utama,moderate,false,Anjuran banyak minum air
DGN3232,APT00785,,Diagnosis sementara,severe,false,Pasien kooperatif
DGN3233,APT02394,,Diagnosis klinis tanpa kode,mild,true,
DGN3234,APT04526,H66,Otitis media supuratif,severe,true,Tidak ada tanda komplikasi
DGN3235,APT01527,Z30,Konsultasi KB / kontrasepsi,mild,false,Pasien sadar dan kooperatif
DGN3236,APT02141,N39,Infeksi saluran kemih,mild,false,
DGN3237,APT04584,J02,Faringitis akut,moderate,true,Edukasi keluarga
DGN3238,APT02045,R50,Demam tidak diketahui sebabnya,moderate,false,
DGN3239,APT03213,L23,Dermatitis kontak alergi,moderate,false,Pasien tampak membaik
DGN3240,APT03096,H10,Konjungtivitis,severe,false,Lanjut terapi sebelumnya
DGN3241,APT01957,,Klinis sesuai keluhan utama,moderate,true,Anjuran banyak minum air
DGN3242,APT00646,E78,Dislipidemia,mild,false,
DGN3243,APT01786,Z34,Supervisi kehamilan normal,mild,false,Lanjut terapi sebelumnya
DGN3244,APT03462,A09,Gastroenteritis akut / diare,mild,false,Observasi suhu
DGN3245,APT00086,K02,Karies gigi,mild,false,Anjuran banyak minum air
DGN3246,APT04373,R51,Sakit kepala / nyeri kepala,moderate,true,Observasi suhu
DGN3247,APT01297,J45,Asma bronkial,moderate,false,
DGN3248,APT00589,,Diperlukan evaluasi lebih lanjut,severe,false,
DGN3249,APT04403,K05,Gingivitis,mild,true,Cek lab ulang 2 minggu
DGN3250,APT01380,H66,Otitis media supuratif,moderate,true,Pasien kooperatif
DGN3251,APT03334,,Diperlukan evaluasi lebih lanjut,moderate,false,Pasien tampak membaik
DGN3252,APT00972,,Diagnosis klinis tanpa kode,mild,true,
DGN3253,APT00113,,Klinis sesuai keluhan utama,mild,true,Pasien sadar dan kooperatif
DGN3254,APT03249,,Diagnosis sementara,mild,false,Pasien sadar dan kooperatif
DGN3255,APT02549,L50,Urtikaria / biduran,moderate,false,Hindari paparan alergen
DGN3256,APT00731,K29,Gastritis,mild,false,
DGN3257,APT01012,J00,Common cold (nasopharyngitis akut),moderate,false,Cek lab ulang 2 minggu
DGN3258,APT02058,Z00,General medical examination / cek kesehatan,mild,false,Cek lab ulang 2 minggu
DGN3259,APT00551,K59,Konstipasi,mild,false,Tetap minum obat teratur
DGN3260,APT04748,,Gejala umum tidak spesifik,mild,false,Tetap minum obat teratur
DGN3261,APT01716,R10,Nyeri perut tidak spesifik,moderate,false,Pasien tampak membaik
DGN3262,APT02339,,Diagnosis sementara,mild,false,Anjurkan istirahat cukup
DGN3263,APT00047,,Gejala umum tidak spesifik,mild,true,
DGN3264,APT04948,R51,Sakit kepala / nyeri kepala,moderate,false,Pasien sadar dan kooperatif
DGN3265,APT04240,I11,Penyakit jantung hipertensi,mild,false,Kontrol 1 minggu lagi
DGN3266,APT02375,M25,Nyeri sendi,moderate,false,Hindari paparan alergen
DGN3267,APT01341,,Diagnosis klinis tanpa kode,moderate,false,
DGN3268,APT01583,M25,Nyeri sendi,mild,false,Edukasi pola makan
DGN3269,APT00799,,Diperlukan evaluasi lebih lanjut,mild,true,
DGN3270,APT00216,,Klinis sesuai keluhan utama,mild,true,
DGN3271,APT01441,J00,Common cold (nasopharyngitis akut),mild,false,
DGN3272,APT04268,,Diagnosis sementara,mild,false,Anjuran banyak minum air
DGN3273,APT00392,K30,Dispepsia fungsional,moderate,false,Observasi suhu
DGN3274,APT03281,I10,Hipertensi esensial,moderate,true,Lanjut terapi sebelumnya
DGN3275,APT03783,,Diperlukan evaluasi lebih lanjut,severe,true,
DGN3276,APT04033,R10,Nyeri perut tidak spesifik,severe,false,Edukasi pola makan
DGN3277,APT04436,E78,Dislipidemia,mild,false,Hindari makanan pedas
DGN3278,APT01007,J45,Asma bronkial,mild,false,Observasi suhu
DGN3279,APT00741,J00,Common cold (nasopharyngitis akut),mild,false,Pasien tampak membaik
DGN3280,APT00453,J02,Faringitis akut,moderate,true,
DGN3281,APT01481,N39,Infeksi saluran kemih,mild,true,Tetap minum obat teratur
DGN3282,APT04517,J03,Tonsilitis akut,moderate,false,
DGN3283,APT00039,L50,Urtikaria / biduran,mild,true,
DGN3284,APT01513,,Diperlukan evaluasi lebih lanjut,mild,false,Anjuran banyak minum air
DGN3285,APT01994,I10,Hipertensi esensial,moderate,false,Kontrol 1 minggu lagi
DGN3286,APT03499,M54,Nyeri punggung bawah (low back pain),mild,false,Kontrol 1 minggu lagi
DGN3287,APT00001,M79,Mialgia / nyeri otot,mild,false,
DGN3288,APT04186,K02,Karies gigi,moderate,false,Pasien tampak membaik
DGN3289,APT03109,R10,Nyeri perut tidak spesifik,moderate,false,
DGN3290,APT03431,J00,Common cold (nasopharyngitis akut),mild,false,
DGN3291,APT00611,R50,Demam tidak diketahui sebabnya,mild,false,
DGN3292,APT00911,R05,Batuk,mild,false,Hindari paparan alergen
DGN3293,APT01787,M54,Nyeri punggung bawah (low back pain),mild,true,
DGN3294,APT01138,E78,Dislipidemia,mild,true,Hindari paparan alergen
DGN3295,APT03284,J45,Asma bronkial,mild,false,Edukasi keluarga
DGN3296,APT01233,,Diagnosis klinis tanpa kode,mild,false,Pasien kooperatif
DGN3297,APT02810,J03,Tonsilitis akut,moderate,true,
DGN3298,APT01619,E11,Diabetes mellitus tipe 2,mild,false,
DGN3299,APT02356,,Diagnosis sementara,moderate,false,Kontrol 1 minggu lagi
DGN3300,APT02272,Z30,Konsultasi KB / kontrasepsi,mild,false,Observasi suhu
DGN3301,APT04819,,Diagnosis klinis tanpa kode,mild,true,
DGN3302,APT02097,N39,Infeksi saluran kemih,mild,false,Pasien kooperatif
DGN3303,APT03051,J03,Tonsilitis akut,moderate,false,Pasien kooperatif
DGN3304,APT04538,N39,Infeksi saluran kemih,mild,false,Pasien tampak membaik
DGN3305,APT03643,H66,Otitis media supuratif,mild,true,Anjuran banyak minum air
DGN3306,APT04429,K05,Gingivitis,moderate,false,Cek lab ulang 2 minggu
DGN3307,APT04706,K02,Karies gigi,mild,false,
DGN3308,APT03133,E78,Dislipidemia,mild,false,
DGN3309,APT03907,K59,Konstipasi,mild,true,
DGN3310,APT02313,Z30,Konsultasi KB / kontrasepsi,moderate,false,Anjuran banyak minum air
DGN3311,APT03049,J20,Bronkitis akut,moderate,false,Pasien tampak membaik
DGN3312,APT03669,Z00,General medical examination / cek kesehatan,mild,false,
DGN3313,APT00960,R51,Sakit kepala / nyeri kepala,moderate,true,
DGN3314,APT03714,L50,Urtikaria / biduran,moderate,false,Edukasi keluarga
DGN3315,APT04958,I11,Penyakit jantung hipertensi,mild,false,
DGN3316,APT03384,L20,Dermatitis atopik,moderate,false,Anjurkan istirahat cukup
DGN3317,APT02626,J06,Infeksi saluran napas atas akut,mild,true,Pasien sadar dan kooperatif
DGN3318,APT01585,A09,Gastroenteritis akut / diare,mild,true,Pasien kooperatif
DGN3319,APT01114,,Gejala umum tidak spesifik,moderate,false,Pasien sadar dan kooperatif
DGN3320,APT03514,J20,Bronkitis akut,severe,true,Pasien kooperatif
DGN3321,APT01669,,Gejala umum tidak spesifik,mild,false,
DGN3322,APT00716,M79,Mialgia / nyeri otot,moderate,false,Edukasi keluarga
DGN3323,APT04626,,Gejala umum tidak spesifik,mild,false,
DGN3324,APT04438,R51,Sakit kepala / nyeri kepala,mild,false,Edukasi pola makan
DGN3325,APT04766,R51,Sakit kepala / nyeri kepala,severe,false,Hindari paparan alergen
DGN3326,APT03873,,Klinis sesuai keluhan utama,mild,false,Hindari paparan alergen
DGN3327,APT02640,J03,Tonsilitis akut,mild,true,
DGN3328,APT00946,,Gejala umum tidak spesifik,moderate,false,Anjuran banyak minum air
DGN3329,APT04522,K29,Gastritis,mild,true,Tidak ada tanda komplikasi
DGN3330,APT01668,H10,Konjungtivitis,mild,false,Cek lab ulang 2 minggu
DGN3331,APT01547,J20,Bronkitis akut,mild,false,Kontrol 1 minggu lagi
DGN3332,APT03830,R10,Nyeri perut tidak spesifik,moderate,true,Anjurkan istirahat cukup
DGN3333,APT04691,J11,Influenza,severe,false,
DGN3334,APT01690,R51,Sakit kepala / nyeri kepala,mild,true,Edukasi keluarga
DGN3335,APT04830,M25,Nyeri sendi,mild,false,
DGN3336,APT04337,K30,Dispepsia fungsional,severe,false,Edukasi keluarga
DGN3337,APT02171,R10,Nyeri perut tidak spesifik,moderate,false,
DGN3338,APT01572,R05,Batuk,mild,true,
DGN3339,APT02065,N39,Infeksi saluran kemih,moderate,false,Hindari makanan pedas
DGN3340,APT01070,M79,Mialgia / nyeri otot,mild,false,
DGN3341,APT00452,Z34,Supervisi kehamilan normal,severe,false,
DGN3342,APT02543,J00,Common cold (nasopharyngitis akut),moderate,false,Tetap minum obat teratur
DGN3343,APT02240,J06,Infeksi saluran napas atas akut,mild,false,Pasien sadar dan kooperatif
DGN3344,APT01950,K05,Gingivitis,moderate,false,
DGN3345,APT03630,H10,Konjungtivitis,moderate,false,Edukasi keluarga
DGN3346,APT01006,,Gejala umum tidak spesifik,mild,true,
DGN3347,APT01765,J11,Influenza,moderate,true,
DGN3348,APT03280,E11,Diabetes mellitus tipe 2,mild,false,
DGN3349,APT04762,K02,Karies gigi,moderate,false,Tidak ada tanda komplikasi
DGN3350,APT01829,R51,Sakit kepala / nyeri kepala,mild,false,
DGN3351,APT00391,Z00,General medical examination / cek kesehatan,mild,true,
DGN3352,APT01270,I10,Hipertensi esensial,mild,false,Tidak ada tanda komplikasi
DGN3353,APT00603,R51,Sakit kepala / nyeri kepala,severe,false,Pasien tampak membaik
DGN3354,APT04378,H66,Otitis media supuratif,mild,true,Kontrol 1 minggu lagi
DGN3355,APT03537,K02,Karies gigi,mild,false,
DGN3356,APT01596,L20,Dermatitis atopik,mild,true,
DGN3357,APT04497,,Klinis sesuai keluhan utama,mild,false,Pasien sadar dan kooperatif
DGN3358,APT03289,Z34,Supervisi kehamilan normal,mild,false,Kontrol 1 minggu lagi
DGN3359,APT01067,R50,Demam tidak diketahui sebabnya,moderate,true,Pasien tampak membaik
DGN3360,APT00152,Z00,General medical examination / cek kesehatan,moderate,false,
DGN3361,APT03147,,Klinis sesuai keluhan utama,severe,false,Pasien kooperatif
DGN3362,APT03036,,Diagnosis sementara,moderate,true,Edukasi pola makan
DGN3363,APT00092,I11,Penyakit jantung hipertensi,moderate,true,
DGN3364,APT01094,L23,Dermatitis kontak alergi,moderate,false,
DGN3365,APT01553,R50,Demam tidak diketahui sebabnya,mild,true,Hindari makanan pedas
DGN3366,APT01894,H66,Otitis media supuratif,mild,true,Cek lab ulang 2 minggu
DGN3367,APT00446,Z30,Konsultasi KB / kontrasepsi,mild,false,
DGN3368,APT01014,H10,Konjungtivitis,mild,false,Pasien kooperatif
DGN3369,APT02241,L50,Urtikaria / biduran,moderate,true,
DGN3370,APT03361,J11,Influenza,mild,false,Tidak ada tanda komplikasi
DGN3371,APT02134,K30,Dispepsia fungsional,moderate,false,Edukasi keluarga
DGN3372,APT00726,R05,Batuk,mild,false,Tetap minum obat teratur
DGN3373,APT00812,,Diperlukan evaluasi lebih lanjut,mild,false,Tidak ada tanda komplikasi
DGN3374,APT01546,,Klinis sesuai keluhan utama,mild,false,
DGN3375,APT03541,Z34,Supervisi kehamilan normal,mild,true,Kontrol 1 minggu lagi
DGN3376,APT04989,J11,Influenza,mild,false,Pasien sadar dan kooperatif
DGN3377,APT03852,R05,Batuk,moderate,true,Pasien sadar dan kooperatif
DGN3378,APT04630,E78,Dislipidemia,mild,true,Tidak ada tanda komplikasi
DGN3379,APT01496,Z34,Supervisi kehamilan normal,mild,false,
DGN3380,APT03122,,Gejala umum tidak spesifik,mild,true,Kontrol 1 minggu lagi
DGN3381,APT01162,E78,Dislipidemia,mild,false,Hindari paparan alergen
DGN3382,APT04382,L50,Urtikaria / biduran,moderate,true,
DGN3383,APT04448,I10,Hipertensi esensial,moderate,true,Hindari paparan alergen
DGN3384,APT03046,R05,Batuk,mild,false,Pasien kooperatif
DGN3385,APT00467,R50,Demam tidak diketahui sebabnya,mild,false,
DGN3386,APT01834,I10,Hipertensi esensial,moderate,true,
DGN3387,APT04986,R50,Demam tidak diketahui sebabnya,moderate,false,
DGN3388,APT00361,J11,Influenza,moderate,false,
DGN3389,APT01209,I11,Penyakit jantung hipertensi,mild,true,Edukasi pola makan
DGN3390,APT00980,,Diagnosis klinis tanpa kode,mild,false,Pasien tampak membaik
DGN3391,APT00349,K05,Gingivitis,mild,false,
DGN3392,APT01290,H66,Otitis media supuratif,moderate,true,
DGN3393,APT03913,,Gejala umum tidak spesifik,moderate,false,Anjuran banyak minum air
DGN3394,APT02305,Z00,General medical examination / cek kesehatan,mild,false,Anjuran banyak minum air
DGN3395,APT01390,,Diagnosis sementara,mild,true,
DGN3396,APT02154,J45,Asma bronkial,mild,false,
DGN3397,APT04144,E78,Dislipidemia,mild,false,Cek lab ulang 2 minggu
DGN3398,APT02948,Z34,Supervisi kehamilan normal,moderate,false,Kontrol 1 minggu lagi
DGN3399,APT01969,K29,Gastritis,mild,false,
DGN3400,APT01729,,Diagnosis sementara,moderate,true,Hindari makanan pedas
DGN3401,APT00958,K59,Konstipasi,mild,false,
DGN3402,APT01027,,Diagnosis sementara,mild,false,Edukasi keluarga
DGN3403,APT00043,J11,Influenza,severe,true,Cek lab ulang 2 minggu
DGN3404,APT00131,J02,Faringitis akut,mild,false,
DGN3405,APT01164,K05,Gingivitis,severe,true,Observasi suhu
DGN3406,APT01234,H10,Konjungtivitis,moderate,false,Anjurkan istirahat cukup
DGN3407,APT01182,J45,Asma bronkial,moderate,false,
DGN3408,APT01658,,Diagnosis sementara,mild,false,Anjuran banyak minum air
DGN3409,APT00588,,Diagnosis sementara,severe,false,
DGN3410,APT03505,J00,Common cold (nasopharyngitis akut),mild,true,
DGN3411,APT00184,J06,Infeksi saluran napas atas akut,mild,false,
DGN3412,APT04407,L20,Dermatitis atopik,severe,true,
DGN3413,APT02524,J02,Faringitis akut,mild,false,Hindari paparan alergen
DGN3414,APT00444,,Diagnosis sementara,moderate,true,Pasien kooperatif
DGN3415,APT02406,M79,Mialgia / nyeri otot,moderate,false,Anjuran banyak minum air
DGN3416,APT01021,,Diagnosis sementara,moderate,true,
DGN3417,APT01892,I10,Hipertensi esensial,mild,false,Cek lab ulang 2 minggu
DGN3418,APT03938,Z34,Supervisi kehamilan normal,mild,false,
DGN3419,APT00928,J11,Influenza,mild,true,
DGN3420,APT02377,R50,Demam tidak diketahui sebabnya,mild,true,
DGN3421,APT04857,Z34,Supervisi kehamilan normal,severe,true,Lanjut terapi sebelumnya
DGN3422,APT04521,,Diagnosis klinis tanpa kode,mild,false,
DGN3423,APT02460,Z34,Supervisi kehamilan normal,mild,false,
DGN3424,APT04555,E78,Dislipidemia,moderate,false,
DGN3425,APT02409,,Diagnosis sementara,moderate,true,
DGN3426,APT04317,A09,Gastroenteritis akut / diare,mild,true,Cek lab ulang 2 minggu
DGN3427,APT03314,K59,Konstipasi,mild,true,
DGN3428,APT01584,H66,Otitis media supuratif,mild,true,Anjuran banyak minum air
DGN3429,APT00270,J45,Asma bronkial,moderate,false,
DGN3430,APT02003,L50,Urtikaria / biduran,moderate,true,Anjuran banyak minum air
DGN3431,APT02716,,Diperlukan evaluasi lebih lanjut,moderate,false,
DGN3432,APT04862,,Diagnosis klinis tanpa kode,moderate,false,
DGN3433,APT02437,R50,Demam tidak diketahui sebabnya,mild,true,
DGN3434,APT04690,Z34,Supervisi kehamilan normal,mild,true,
DGN3435,APT02557,,Diperlukan evaluasi lebih lanjut,moderate,true,Lanjut terapi sebelumnya
DGN3436,APT01230,M54,Nyeri punggung bawah (low back pain),mild,true,Pasien kooperatif
DGN3437,APT04709,K02,Karies gigi,mild,true,Hindari makanan pedas
DGN3438,APT01804,R05,Batuk,moderate,true,
DGN3439,APT03440,J11,Influenza,mild,false,
DGN3440,APT00697,L20,Dermatitis atopik,mild,true,
DGN3441,APT00290,N39,Infeksi saluran kemih,moderate,false,
DGN3442,APT02280,L20,Dermatitis atopik,moderate,false,Cek lab ulang 2 minggu
DGN3443,APT00602,,Klinis sesuai keluhan utama,mild,false,
DGN3444,APT01208,R10,Nyeri perut tidak spesifik,moderate,false,Lanjut terapi sebelumnya
DGN3445,APT04944,K30,Dispepsia fungsional,mild,false,Pasien sadar dan kooperatif
DGN3446,APT03324,L50,Urtikaria / biduran,mild,false,
DGN3447,APT01761,H10,Konjungtivitis,mild,false,
DGN3448,APT02415,,Diagnosis klinis tanpa kode,mild,false,Observasi suhu
DGN3449,APT00384,K59,Konstipasi,mild,true,Cek lab ulang 2 minggu
DGN3450,APT00399,R50,Demam tidak diketahui sebabnya,moderate,false,Observasi suhu
DGN3451,APT03184,N39,Infeksi saluran kemih,mild,false,Hindari makanan pedas
DGN3452,APT01633,M79,Mialgia / nyeri otot,severe,true,
DGN3453,APT03512,,Diagnosis sementara,severe,false,
DGN3454,APT04262,,Diagnosis sementara,severe,false,
DGN3455,APT04263,I10,Hipertensi esensial,mild,false,Anjurkan istirahat cukup
DGN3456,APT04523,K05,Gingivitis,mild,false,Pasien kooperatif
DGN3457,APT04961,Z34,Supervisi kehamilan normal,moderate,false,Anjuran banyak minum air
DGN3458,APT01271,I11,Penyakit jantung hipertensi,mild,true,
DGN3459,APT03455,J11,Influenza,mild,false,Pasien kooperatif
DGN3460,APT02255,K02,Karies gigi,mild,false,Pasien kooperatif
DGN3461,APT03108,K30,Dispepsia fungsional,mild,false,
DGN3462,APT00079,,Diperlukan evaluasi lebih lanjut,mild,false,
DGN3463,APT03613,,Klinis sesuai keluhan utama,mild,false,Hindari makanan pedas
DGN3464,APT03009,J00,Common cold (nasopharyngitis akut),severe,false,Hindari paparan alergen
DGN3465,APT02411,M79,Mialgia / nyeri otot,mild,false,Observasi suhu
DGN3466,APT04323,J45,Asma bronkial,mild,false,Cek lab ulang 2 minggu
DGN3467,APT03905,K02,Karies gigi,moderate,false,
DGN3468,APT03112,J03,Tonsilitis akut,mild,false,
DGN3469,APT00045,,Diagnosis klinis tanpa kode,mild,false,Tidak ada tanda komplikasi
DGN3470,APT04454,R51,Sakit kepala / nyeri kepala,mild,true,
DGN3471,APT00011,J11,Influenza,mild,true,Cek lab ulang 2 minggu
DGN3472,APT02504,Z34,Supervisi kehamilan normal,moderate,true,Tetap minum obat teratur
DGN3473,APT04127,,Gejala umum tidak spesifik,moderate,true,Edukasi keluarga
DGN3474,APT03097,R05,Batuk,mild,false,
DGN3475,APT00208,R10,Nyeri perut tidak spesifik,moderate,false,Edukasi keluarga
DGN3476,APT04414,,Diagnosis sementara,severe,true,Pasien sadar dan kooperatif
DGN3477,APT03929,J00,Common cold (nasopharyngitis akut),moderate,true,Tetap minum obat teratur
DGN3478,APT04959,K59,Konstipasi,mild,true,
DGN3479,APT00822,Z00,General medical examination / cek kesehatan,mild,false,Cek lab ulang 2 minggu
DGN3480,APT01331,J03,Tonsilitis akut,moderate,false,Cek lab ulang 2 minggu
DGN3481,APT00633,,Diperlukan evaluasi lebih lanjut,mild,true,Hindari paparan alergen
DGN3482,APT02005,M79,Mialgia / nyeri otot,mild,true,Lanjut terapi sebelumnya
DGN3483,APT01976,,Diperlukan evaluasi lebih lanjut,mild,false,Anjurkan istirahat cukup
DGN3484,APT04528,J06,Infeksi saluran napas atas akut,moderate,false,
DGN3485,APT04015,A09,Gastroenteritis akut / diare,mild,true,Anjurkan istirahat cukup
DGN3486,APT01577,E11,Diabetes mellitus tipe 2,mild,true,Observasi suhu
DGN3487,APT00783,,Diperlukan evaluasi lebih lanjut,moderate,false,Tidak ada tanda komplikasi
DGN3488,APT00852,J00,Common cold (nasopharyngitis akut),mild,false,
DGN3489,APT00522,M54,Nyeri punggung bawah (low back pain),mild,true,
DGN3490,APT02805,K59,Konstipasi,mild,false,Lanjut terapi sebelumnya
DGN3491,APT03316,R50,Demam tidak diketahui sebabnya,mild,false,Hindari paparan alergen
DGN3492,APT04552,J45,Asma bronkial,mild,true,
DGN3493,APT00500,,Klinis sesuai keluhan utama,mild,true,Edukasi pola makan
DGN3494,APT02916,J11,Influenza,moderate,false,
DGN3495,APT00099,,Diagnosis klinis tanpa kode,mild,false,Anjurkan istirahat cukup
DGN3496,APT00913,J06,Infeksi saluran napas atas akut,mild,true,
DGN3497,APT02584,J03,Tonsilitis akut,mild,true,Edukasi keluarga
DGN3498,APT04978,,Gejala umum tidak spesifik,mild,false,
DGN3499,APT04915,R51,Sakit kepala / nyeri kepala,mild,false,Cek lab ulang 2 minggu
DGN3500,APT04075,M54,Nyeri punggung bawah (low back pain),moderate,false,Anjurkan istirahat cukup
DGN3501,APT04439,L20,Dermatitis atopik,mild,false,
DGN3502,APT00954,,Diagnosis klinis tanpa kode,moderate,true,Cek lab ulang 2 minggu
DGN3503,APT03197,J11,Influenza,severe,false,Kontrol 1 minggu lagi
DGN3504,APT03856,K02,Karies gigi,moderate,false,Kontrol 1 minggu lagi
DGN3505,APT01737,R51,Sakit kepala / nyeri kepala,moderate,false,Pasien tampak membaik
DGN3506,APT03336,R50,Demam tidak diketahui sebabnya,mild,false,
DGN3507,APT02696,,Diperlukan evaluasi lebih lanjut,mild,true,
DGN3508,APT02060,R50,Demam tidak diketahui sebabnya,mild,false,Cek lab ulang 2 minggu
DGN3509,APT04368,,Gejala umum tidak spesifik,mild,false,Edukasi pola makan
DGN3510,APT04130,N39,Infeksi saluran kemih,moderate,false,Edukasi keluarga
DGN3511,APT03753,A09,Gastroenteritis akut / diare,mild,false,Pasien kooperatif
DGN3512,APT04221,L20,Dermatitis atopik,moderate,false,
DGN3513,APT03589,A09,Gastroenteritis akut / diare,mild,false,Anjuran banyak minum air
DGN3514,APT04432,,Klinis sesuai keluhan utama,mild,false,Cek lab ulang 2 minggu
DGN3515,APT02929,H10,Konjungtivitis,mild,true,Lanjut terapi sebelumnya
DGN3516,APT01218,M25,Nyeri sendi,moderate,false,
DGN3517,APT03449,Z00,General medical examination / cek kesehatan,moderate,false,
DGN3518,APT01889,E11,Diabetes mellitus tipe 2,moderate,true,
DGN3519,APT00711,K30,Dispepsia fungsional,moderate,true,
DGN3520,APT04529,,Gejala umum tidak spesifik,moderate,false,
DGN3521,APT03220,R05,Batuk,mild,false,
DGN3522,APT03622,,Diagnosis klinis tanpa kode,mild,false,
DGN3523,APT01451,R51,Sakit kepala / nyeri kepala,moderate,false,Pasien sadar dan kooperatif
DGN3524,APT02343,M79,Mialgia / nyeri otot,mild,true,Anjuran banyak minum air
DGN3525,APT00430,H66,Otitis media supuratif,mild,false,Tidak ada tanda komplikasi
DGN3526,APT02744,K05,Gingivitis,mild,false,Cek lab ulang 2 minggu
DGN3527,APT00138,N39,Infeksi saluran kemih,mild,false,
DGN3528,APT01301,J00,Common cold (nasopharyngitis akut),moderate,true,Anjuran banyak minum air
DGN3529,APT04900,K02,Karies gigi,mild,false,
DGN3530,APT04683,J45,Asma bronkial,moderate,false,Anjuran banyak minum air
DGN3531,APT04346,J45,Asma bronkial,mild,false,Anjuran banyak minum air
DGN3532,APT00069,,Gejala umum tidak spesifik,mild,true,
DGN3533,APT02049,Z34,Supervisi kehamilan normal,moderate,false,
DGN3534,APT03707,R10,Nyeri perut tidak spesifik,moderate,true,Pasien sadar dan kooperatif
DGN3535,APT04735,J02,Faringitis akut,severe,false,Kontrol 1 minggu lagi
DGN3536,APT01092,K30,Dispepsia fungsional,mild,true,
DGN3537,APT01755,K59,Konstipasi,mild,true,
DGN3538,APT01460,I10,Hipertensi esensial,mild,false,Edukasi keluarga
DGN3539,APT00920,J03,Tonsilitis akut,moderate,false,
DGN3540,APT04609,K29,Gastritis,moderate,false,
DGN3541,APT03792,E11,Diabetes mellitus tipe 2,mild,false,
DGN3542,APT02946,,Diagnosis sementara,mild,false,Edukasi pola makan
DGN3543,APT03576,I10,Hipertensi esensial,mild,false,Cek lab ulang 2 minggu
DGN3544,APT04450,K29,Gastritis,mild,true,Lanjut terapi sebelumnya
DGN3545,APT03526,H10,Konjungtivitis,mild,false,Lanjut terapi sebelumnya
DGN3546,APT01369,H66,Otitis media supuratif,mild,true,
DGN3547,APT03540,M25,Nyeri sendi,mild,false,Anjurkan istirahat cukup
DGN3548,APT01643,K05,Gingivitis,mild,false,Pasien sadar dan kooperatif
DGN3549,APT00698,K05,Gingivitis,mild,false,
DGN3550,APT02338,L50,Urtikaria / biduran,mild,false,Pasien tampak membaik
DGN3551,APT01556,M54,Nyeri punggung bawah (low back pain),mild,true,Kontrol 1 minggu lagi
DGN3552,APT02132,I10,Hipertensi esensial,mild,true,
DGN3553,APT04124,M25,Nyeri sendi,mild,false,Hindari makanan pedas
DGN3554,APT00889,R10,Nyeri perut tidak spesifik,moderate,true,Pasien kooperatif
DGN3555,APT00941,H66,Otitis media supuratif,mild,false,Edukasi keluarga
DGN3556,APT00370,R10,Nyeri perut tidak spesifik,mild,true,Tetap minum obat teratur
DGN3557,APT01306,H66,Otitis media supuratif,mild,false,Observasi suhu
DGN3558,APT02149,L20,Dermatitis atopik,mild,false,
DGN3559,APT04017,K29,Gastritis,moderate,false,Pasien tampak membaik
DGN3560,APT01128,J11,Influenza,moderate,true,
DGN3561,APT02070,,Gejala umum tidak spesifik,mild,false,
DGN3562,APT03520,M79,Mialgia / nyeri otot,moderate,true,
DGN3563,APT03078,,Gejala umum tidak spesifik,mild,false,
DGN3564,APT04622,M79,Mialgia / nyeri otot,mild,false,Cek lab ulang 2 minggu
DGN3565,APT03663,A09,Gastroenteritis akut / diare,mild,false,
DGN3566,APT04699,,Gejala umum tidak spesifik,moderate,true,
DGN3567,APT03222,M79,Mialgia / nyeri otot,moderate,false,
DGN3568,APT02462,J45,Asma bronkial,mild,false,Observasi suhu
DGN3569,APT01366,J45,Asma bronkial,mild,false,Observasi suhu
DGN3570,APT03456,J20,Bronkitis akut,moderate,false,
DGN3571,APT01246,L50,Urtikaria / biduran,moderate,false,
DGN3572,APT03604,J11,Influenza,mild,false,
DGN3573,APT00409,K30,Dispepsia fungsional,moderate,false,Hindari paparan alergen
DGN3574,APT03410,,Gejala umum tidak spesifik,mild,false,
DGN3575,APT00075,J06,Infeksi saluran napas atas akut,mild,false,Hindari paparan alergen
DGN3576,APT01798,Z34,Supervisi kehamilan normal,mild,false,Pasien tampak membaik
DGN3577,APT02865,,Gejala umum tidak spesifik,moderate,false,Anjuran banyak minum air
DGN3578,APT00314,Z34,Supervisi kehamilan normal,severe,true,Lanjut terapi sebelumnya
DGN3579,APT04037,R05,Batuk,moderate,false,
DGN3580,APT01842,,Diagnosis klinis tanpa kode,severe,false,Pasien tampak membaik
DGN3581,APT00013,M25,Nyeri sendi,mild,false,Tidak ada tanda komplikasi
DGN3582,APT01501,,Gejala umum tidak spesifik,mild,false,Observasi suhu
DGN3583,APT00533,,Klinis sesuai keluhan utama,severe,false,Hindari makanan pedas
DGN3584,APT03821,K29,Gastritis,moderate,false,
DGN3585,APT01550,L50,Urtikaria / biduran,mild,false,Kontrol 1 minggu lagi
DGN3586,APT04097,R50,Demam tidak diketahui sebabnya,mild,false,
DGN3587,APT00640,L20,Dermatitis atopik,mild,false,Lanjut terapi sebelumnya
DGN3588,APT01627,J00,Common cold (nasopharyngitis akut),mild,true,Pasien sadar dan kooperatif
DGN3589,APT00590,M54,Nyeri punggung bawah (low back pain),mild,true,Pasien tampak membaik
DGN3590,APT02998,E11,Diabetes mellitus tipe 2,moderate,false,Pasien sadar dan kooperatif
DGN3591,APT03164,R10,Nyeri perut tidak spesifik,mild,true,
DGN3592,APT04252,R10,Nyeri perut tidak spesifik,mild,true,Tidak ada tanda komplikasi
DGN3593,APT03735,Z00,General medical examination / cek kesehatan,mild,false,Edukasi pola makan
DGN3594,APT03737,H66,Otitis media supuratif,mild,false,Observasi suhu
DGN3595,APT03689,K29,Gastritis,mild,false,
DGN3596,APT04449,R10,Nyeri perut tidak spesifik,mild,true,Anjuran banyak minum air
DGN3597,APT04468,,Gejala umum tidak spesifik,mild,false,
DGN3598,APT02944,I11,Penyakit jantung hipertensi,mild,false,
DGN3599,APT03347,,Diperlukan evaluasi lebih lanjut,moderate,false,Pasien kooperatif
DGN3600,APT00252,R51,Sakit kepala / nyeri kepala,moderate,false,Hindari makanan pedas
DGN3601,APT01396,H10,Konjungtivitis,mild,true,Cek lab ulang 2 minggu
DGN3602,APT04701,A09,Gastroenteritis akut / diare,mild,true,Observasi suhu
DGN3603,APT00235,L23,Dermatitis kontak alergi,mild,false,
DGN3604,APT02823,Z30,Konsultasi KB / kontrasepsi,moderate,false,Pasien kooperatif
DGN3605,APT00553,Z00,General medical examination / cek kesehatan,moderate,false,Anjurkan istirahat cukup
DGN3606,APT04911,Z34,Supervisi kehamilan normal,mild,false,
DGN3607,APT03192,R50,Demam tidak diketahui sebabnya,mild,false,
DGN3608,APT03881,Z30,Konsultasi KB / kontrasepsi,mild,false,Lanjut terapi sebelumnya
DGN3609,APT00031,M25,Nyeri sendi,mild,false,Lanjut terapi sebelumnya
DGN3610,APT03903,J06,Infeksi saluran napas atas akut,moderate,false,
DGN3611,APT03292,J06,Infeksi saluran napas atas akut,mild,false,Pasien kooperatif
DGN3612,APT00714,,Klinis sesuai keluhan utama,moderate,true,
DGN3613,APT02200,L50,Urtikaria / biduran,moderate,false,
DGN3614,APT04573,,Diagnosis sementara,moderate,true,
DGN3615,APT02246,I11,Penyakit jantung hipertensi,mild,false,
DGN3616,APT04779,H66,Otitis media supuratif,moderate,false,
DGN3617,APT04453,J06,Infeksi saluran napas atas akut,severe,false,
DGN3618,APT03619,I10,Hipertensi esensial,mild,false,Hindari paparan alergen
DGN3619,APT01782,J02,Faringitis akut,mild,false,
DGN3620,APT00873,L23,Dermatitis kontak alergi,moderate,false,
DGN3621,APT00519,K29,Gastritis,mild,false,Lanjut terapi sebelumnya
DGN3622,APT03803,M79,Mialgia / nyeri otot,moderate,false,Hindari makanan pedas
DGN3623,APT00862,R05,Batuk,mild,true,Anjuran banyak minum air
DGN3624,APT01713,R51,Sakit kepala / nyeri kepala,mild,false,
DGN3625,APT03940,,Diagnosis sementara,mild,false,Hindari paparan alergen
DGN3626,APT01417,J00,Common cold (nasopharyngitis akut),mild,false,
DGN3627,APT02911,R05,Batuk,moderate,false,
DGN3628,APT04901,M54,Nyeri punggung bawah (low back pain),mild,false,
DGN3629,APT00510,J20,Bronkitis akut,moderate,false,Lanjut terapi sebelumnya
DGN3630,APT04801,M25,Nyeri sendi,mild,false,
DGN3631,APT00829,J03,Tonsilitis akut,moderate,false,Observasi suhu
DGN3632,APT04966,Z00,General medical examination / cek kesehatan,mild,false,Pasien tampak membaik
DGN3633,APT01053,A09,Gastroenteritis akut / diare,mild,false,
DGN3634,APT01535,J45,Asma bronkial,moderate,true,
DGN3635,APT02667,L20,Dermatitis atopik,moderate,false,
DGN3636,APT04443,L50,Urtikaria / biduran,mild,false,Pasien sadar dan kooperatif
DGN3637,APT01705,,Diagnosis sementara,mild,true,Tetap minum obat teratur
DGN3638,APT00970,E78,Dislipidemia,mild,false,Edukasi pola makan
DGN3639,APT03111,Z30,Konsultasi KB / kontrasepsi,mild,false,Edukasi pola makan
DGN3640,APT02334,I11,Penyakit jantung hipertensi,mild,false,Anjurkan istirahat cukup
DGN3641,APT03120,K30,Dispepsia fungsional,mild,false,Observasi suhu
DGN3642,APT01970,E78,Dislipidemia,moderate,false,Tidak ada tanda komplikasi
DGN3643,APT02800,I10,Hipertensi esensial,mild,false,Hindari paparan alergen
DGN3644,APT01701,R05,Batuk,moderate,false,Observasi suhu
DGN3645,APT03912,,Gejala umum tidak spesifik,mild,false,
DGN3646,APT02964,M54,Nyeri punggung bawah (low back pain),mild,true,Edukasi pola makan
DGN3647,APT02789,M25,Nyeri sendi,moderate,false,Anjurkan istirahat cukup
DGN3648,APT03223,L23,Dermatitis kontak alergi,moderate,true,Observasi suhu
DGN3649,APT02859,R50,Demam tidak diketahui sebabnya,mild,false,Edukasi keluarga
DGN3650,APT00218,K29,Gastritis,severe,false,Hindari makanan pedas
DGN3651,APT04816,,Diagnosis sementara,mild,false,Tetap minum obat teratur
DGN3652,APT02938,Z00,General medical examination / cek kesehatan,moderate,false,
DGN3653,APT01700,J20,Bronkitis akut,mild,true,Cek lab ulang 2 minggu
DGN3654,APT02378,M54,Nyeri punggung bawah (low back pain),mild,false,Edukasi pola makan
DGN3655,APT00742,J03,Tonsilitis akut,mild,false,Cek lab ulang 2 minggu
DGN3656,APT03957,,Gejala umum tidak spesifik,moderate,true,Hindari makanan pedas
DGN3657,APT03391,E11,Diabetes mellitus tipe 2,mild,false,
DGN3658,APT00291,Z34,Supervisi kehamilan normal,mild,false,
DGN3659,APT04992,Z34,Supervisi kehamilan normal,mild,false,Observasi suhu
DGN3660,APT01058,Z34,Supervisi kehamilan normal,mild,true,Tidak ada tanda komplikasi
DGN3661,APT00239,,Klinis sesuai keluhan utama,mild,false,Cek lab ulang 2 minggu
DGN3662,APT03400,M25,Nyeri sendi,moderate,false,Pasien sadar dan kooperatif
DGN3663,APT00345,J20,Bronkitis akut,mild,false,Tetap minum obat teratur
DGN3664,APT02536,N39,Infeksi saluran kemih,moderate,false,
DGN3665,APT02275,I11,Penyakit jantung hipertensi,moderate,true,Anjuran banyak minum air
DGN3666,APT01820,,Klinis sesuai keluhan utama,mild,true,
DGN3667,APT01751,N39,Infeksi saluran kemih,mild,false,
DGN3668,APT00094,Z30,Konsultasi KB / kontrasepsi,mild,true,Pasien tampak membaik
DGN3669,APT04736,L20,Dermatitis atopik,mild,false,
DGN3670,APT01036,I10,Hipertensi esensial,mild,true,Lanjut terapi sebelumnya
DGN3671,APT03842,K05,Gingivitis,mild,false,Anjuran banyak minum air
DGN3672,APT01493,Z34,Supervisi kehamilan normal,mild,false,
DGN3673,APT04052,,Diagnosis sementara,mild,true,Tetap minum obat teratur
DGN3674,APT03504,M79,Mialgia / nyeri otot,mild,false,
DGN3675,APT01868,L23,Dermatitis kontak alergi,moderate,true,Hindari makanan pedas
DGN3676,APT03762,,Klinis sesuai keluhan utama,moderate,true,Hindari makanan pedas
DGN3677,APT02076,R50,Demam tidak diketahui sebabnya,moderate,true,Pasien kooperatif
DGN3678,APT03139,J03,Tonsilitis akut,moderate,false,
DGN3679,APT04034,I11,Penyakit jantung hipertensi,moderate,true,Cek lab ulang 2 minggu
DGN3680,APT01068,Z34,Supervisi kehamilan normal,mild,false,
DGN3681,APT02380,K29,Gastritis,moderate,false,
DGN3682,APT04324,R50,Demam tidak diketahui sebabnya,severe,false,
DGN3683,APT01299,L23,Dermatitis kontak alergi,mild,true,Cek lab ulang 2 minggu
DGN3684,APT04741,K59,Konstipasi,severe,false,
DGN3685,APT03584,J02,Faringitis akut,moderate,true,Tidak ada tanda komplikasi
DGN3686,APT01566,K05,Gingivitis,severe,false,Anjurkan istirahat cukup
DGN3687,APT00433,J11,Influenza,severe,false,Hindari paparan alergen
DGN3688,APT03872,K05,Gingivitis,mild,false,
DGN3689,APT04352,H66,Otitis media supuratif,moderate,false,
DGN3690,APT04424,,Klinis sesuai keluhan utama,severe,false,
DGN3691,APT01824,L50,Urtikaria / biduran,moderate,true,
DGN3692,APT02091,M25,Nyeri sendi,mild,false,
DGN3693,APT03550,N39,Infeksi saluran kemih,moderate,true,Observasi suhu
DGN3694,APT03442,N39,Infeksi saluran kemih,mild,false,Lanjut terapi sebelumnya
DGN3695,APT03644,,Gejala umum tidak spesifik,moderate,false,Edukasi keluarga
DGN3696,APT00313,,Diperlukan evaluasi lebih lanjut,mild,false,Hindari paparan alergen
DGN3697,APT00348,K02,Karies gigi,mild,true,
DGN3698,APT00831,,Diagnosis klinis tanpa kode,mild,true,
DGN3699,APT01981,J45,Asma bronkial,severe,false,
DGN3700,APT00456,,Klinis sesuai keluhan utama,moderate,false,
DGN3701,APT00360,R05,Batuk,mild,true,Edukasi keluarga
DGN3702,APT01095,,Diperlukan evaluasi lebih lanjut,moderate,false,Hindari paparan alergen
DGN3703,APT04817,R10,Nyeri perut tidak spesifik,mild,false,
DGN3704,APT03825,M25,Nyeri sendi,mild,false,
DGN3705,APT04275,L20,Dermatitis atopik,moderate,false,Edukasi pola makan
DGN3706,APT02756,K29,Gastritis,moderate,true,Anjurkan istirahat cukup
DGN3707,APT04173,,Diagnosis klinis tanpa kode,moderate,true,Lanjut terapi sebelumnya
DGN3708,APT01899,K30,Dispepsia fungsional,moderate,true,
DGN3709,APT02725,I11,Penyakit jantung hipertensi,moderate,false,Edukasi keluarga
DGN3710,APT04542,I10,Hipertensi esensial,mild,false,Kontrol 1 minggu lagi
DGN3711,APT04971,R50,Demam tidak diketahui sebabnya,moderate,false,
DGN3712,APT02243,E11,Diabetes mellitus tipe 2,moderate,true,Hindari paparan alergen
DGN3713,APT02576,J03,Tonsilitis akut,mild,false,Edukasi pola makan
DGN3714,APT02251,M79,Mialgia / nyeri otot,moderate,false,Anjuran banyak minum air
DGN3715,APT02111,J03,Tonsilitis akut,moderate,false,Observasi suhu
DGN3716,APT02071,L23,Dermatitis kontak alergi,moderate,true,
DGN3717,APT03093,I10,Hipertensi esensial,mild,false,
DGN3718,APT03037,K02,Karies gigi,moderate,true,Cek lab ulang 2 minggu
DGN3719,APT04180,Z00,General medical examination / cek kesehatan,moderate,false,
DGN3720,APT03973,R05,Batuk,mild,false,Pasien tampak membaik
DGN3721,APT02595,J45,Asma bronkial,mild,false,
DGN3722,APT00675,K29,Gastritis,mild,false,
DGN3723,APT00175,J45,Asma bronkial,severe,false,Observasi suhu
DGN3724,APT02435,M79,Mialgia / nyeri otot,mild,false,
DGN3725,APT04759,J11,Influenza,mild,false,
DGN3726,APT00854,R05,Batuk,mild,true,
DGN3727,APT01045,J02,Faringitis akut,severe,true,
DGN3728,APT01056,,Diagnosis sementara,moderate,false,
DGN3729,APT01712,I11,Penyakit jantung hipertensi,severe,true,Pasien kooperatif
DGN3730,APT01088,I11,Penyakit jantung hipertensi,moderate,false,Pasien tampak membaik
DGN3731,APT02341,R51,Sakit kepala / nyeri kepala,moderate,true,Anjuran banyak minum air
DGN3732,APT04599,Z30,Konsultasi KB / kontrasepsi,mild,false,
DGN3733,APT01119,,Gejala umum tidak spesifik,mild,false,Edukasi pola makan
DGN3734,APT04636,J03,Tonsilitis akut,moderate,false,Pasien sadar dan kooperatif
DGN3735,APT02042,L50,Urtikaria / biduran,mild,true,Edukasi pola makan
DGN3736,APT03900,J45,Asma bronkial,mild,false,Hindari makanan pedas
DGN3737,APT02660,M79,Mialgia / nyeri otot,mild,false,Observasi suhu
DGN3738,APT01680,M79,Mialgia / nyeri otot,mild,false,Cek lab ulang 2 minggu
DGN3739,APT04350,R51,Sakit kepala / nyeri kepala,moderate,true,Tidak ada tanda komplikasi
DGN3740,APT02533,J45,Asma bronkial,mild,false,
DGN3741,APT00579,R05,Batuk,mild,false,
DGN3742,APT01731,I11,Penyakit jantung hipertensi,mild,true,
DGN3743,APT01862,A09,Gastroenteritis akut / diare,mild,false,
DGN3744,APT00465,,Diagnosis sementara,moderate,true,
DGN3745,APT01488,,Diagnosis klinis tanpa kode,moderate,false,Edukasi keluarga
DGN3746,APT00732,K02,Karies gigi,mild,false,Edukasi keluarga
DGN3747,APT00187,H10,Konjungtivitis,mild,false,Kontrol 1 minggu lagi
DGN3748,APT00048,E78,Dislipidemia,severe,false,Tidak ada tanda komplikasi
DGN3749,APT03395,R05,Batuk,mild,false,Kontrol 1 minggu lagi
DGN3750,APT04730,K29,Gastritis,mild,true,
DGN3751,APT03064,H66,Otitis media supuratif,mild,false,Anjuran banyak minum air
DGN3752,APT00429,L20,Dermatitis atopik,mild,false,
DGN3753,APT03382,J00,Common cold (nasopharyngitis akut),mild,true,Pasien tampak membaik
DGN3754,APT01202,R05,Batuk,mild,false,Cek lab ulang 2 minggu
DGN3755,APT00895,L20,Dermatitis atopik,moderate,false,Kontrol 1 minggu lagi
DGN3756,APT00604,R50,Demam tidak diketahui sebabnya,moderate,false,Anjurkan istirahat cukup
DGN3757,APT02000,K59,Konstipasi,mild,false,Pasien sadar dan kooperatif
DGN3758,APT01397,,Klinis sesuai keluhan utama,mild,false,
DGN3759,APT02374,,Gejala umum tidak spesifik,mild,false,
DGN3760,APT03493,K05,Gingivitis,mild,false,Anjurkan istirahat cukup
DGN3761,APT04904,J45,Asma bronkial,mild,false,Tidak ada tanda komplikasi
DGN3762,APT04198,J20,Bronkitis akut,moderate,false,Kontrol 1 minggu lagi
DGN3763,APT02884,N39,Infeksi saluran kemih,mild,true,
DGN3764,APT01494,R51,Sakit kepala / nyeri kepala,moderate,false,
DGN3765,APT02915,L23,Dermatitis kontak alergi,severe,true,Anjuran banyak minum air
DGN3766,APT03208,,Diagnosis sementara,mild,true,Pasien kooperatif
DGN3767,APT04577,N39,Infeksi saluran kemih,mild,false,Edukasi pola makan
DGN3768,APT04539,J20,Bronkitis akut,mild,false,Hindari paparan alergen
DGN3769,APT00636,H66,Otitis media supuratif,mild,false,
DGN3770,APT04872,M54,Nyeri punggung bawah (low back pain),mild,false,
DGN3771,APT04723,M54,Nyeri punggung bawah (low back pain),moderate,false,Lanjut terapi sebelumnya
DGN3772,APT00556,H10,Konjungtivitis,moderate,false,
DGN3773,APT02680,,Diagnosis sementara,mild,false,Tidak ada tanda komplikasi
DGN3774,APT03423,J03,Tonsilitis akut,mild,false,Pasien tampak membaik
DGN3775,APT01118,,Diagnosis sementara,mild,false,Tidak ada tanda komplikasi
DGN3776,APT02905,Z34,Supervisi kehamilan normal,moderate,true,Observasi suhu
DGN3777,APT03105,I11,Penyakit jantung hipertensi,moderate,true,
DGN3778,APT02930,N39,Infeksi saluran kemih,mild,true,Kontrol 1 minggu lagi
DGN3779,APT02920,Z30,Konsultasi KB / kontrasepsi,mild,true,Hindari paparan alergen
DGN3780,APT02020,J45,Asma bronkial,moderate,true,
DGN3781,APT02918,H10,Konjungtivitis,mild,false,
DGN3782,APT02538,L50,Urtikaria / biduran,severe,true,Hindari makanan pedas
DGN3783,APT02262,L50,Urtikaria / biduran,mild,true,Pasien kooperatif
DGN3784,APT02874,,Klinis sesuai keluhan utama,mild,true,Kontrol 1 minggu lagi
DGN3785,APT03560,,Diagnosis sementara,mild,false,
DGN3786,APT02476,J11,Influenza,severe,false,Pasien kooperatif
DGN3787,APT00066,,Klinis sesuai keluhan utama,mild,false,Kontrol 1 minggu lagi
DGN3788,APT01919,R05,Batuk,moderate,true,Pasien kooperatif
DGN3789,APT03709,H10,Konjungtivitis,moderate,false,Pasien tampak membaik
DGN3790,APT03070,H10,Konjungtivitis,mild,false,
DGN3791,APT00403,H10,Konjungtivitis,mild,true,Hindari paparan alergen
DGN3792,APT03106,,Diagnosis klinis tanpa kode,mild,false,Pasien tampak membaik
DGN3793,APT02615,K05,Gingivitis,moderate,false,Anjurkan istirahat cukup
DGN3794,APT02247,R05,Batuk,mild,false,
DGN3795,APT02729,H66,Otitis media supuratif,moderate,false,
DGN3796,APT03151,M79,Mialgia / nyeri otot,mild,false,Kontrol 1 minggu lagi
DGN3797,APT03894,L20,Dermatitis atopik,severe,false,Pasien tampak membaik
DGN3798,APT03131,J03,Tonsilitis akut,mild,false,Hindari paparan alergen
DGN3799,APT03183,K30,Dispepsia fungsional,mild,true,Tidak ada tanda komplikasi
DGN3800,APT00076,K05,Gingivitis,moderate,true,
DGN3801,APT01194,K02,Karies gigi,mild,false,Kontrol 1 minggu lagi
DGN3802,APT02989,,Diagnosis sementara,mild,false,
DGN3803,APT03463,E11,Diabetes mellitus tipe 2,mild,false,Cek lab ulang 2 minggu
DGN3804,APT00117,I10,Hipertensi esensial,moderate,false,
DGN3805,APT01456,J02,Faringitis akut,moderate,false,Tidak ada tanda komplikasi
DGN3806,APT02228,E11,Diabetes mellitus tipe 2,severe,false,
DGN3807,APT01694,H66,Otitis media supuratif,mild,false,Hindari paparan alergen
DGN3808,APT01109,K05,Gingivitis,mild,false,Pasien sadar dan kooperatif
DGN3809,APT04795,,Diagnosis klinis tanpa kode,moderate,true,Hindari paparan alergen
DGN3810,APT00939,R50,Demam tidak diketahui sebabnya,moderate,false,Edukasi keluarga
DGN3811,APT04501,L20,Dermatitis atopik,mild,true,
DGN3812,APT00040,J20,Bronkitis akut,moderate,true,
DGN3813,APT01961,N39,Infeksi saluran kemih,mild,false,Anjurkan istirahat cukup
DGN3814,APT03225,L50,Urtikaria / biduran,mild,true,Anjurkan istirahat cukup
DGN3815,APT00833,N39,Infeksi saluran kemih,mild,true,Hindari paparan alergen
DGN3816,APT03987,L23,Dermatitis kontak alergi,mild,true,
DGN3817,APT04844,K59,Konstipasi,moderate,false,Pasien tampak membaik
DGN3818,APT02267,E11,Diabetes mellitus tipe 2,mild,true,Tidak ada tanda komplikasi
DGN3819,APT02416,I11,Penyakit jantung hipertensi,mild,false,
DGN3820,APT03741,,Diagnosis sementara,mild,true,Hindari paparan alergen
DGN3821,APT02868,R50,Demam tidak diketahui sebabnya,severe,true,Edukasi keluarga
DGN3822,APT02347,,Klinis sesuai keluhan utama,mild,false,Anjuran banyak minum air
DGN3823,APT00708,K29,Gastritis,moderate,true,
DGN3824,APT01742,K59,Konstipasi,moderate,true,Pasien kooperatif
DGN3825,APT01757,K05,Gingivitis,mild,false,Edukasi keluarga
DGN3826,APT01509,L20,Dermatitis atopik,moderate,false,Pasien sadar dan kooperatif
DGN3827,APT01822,L20,Dermatitis atopik,mild,true,Anjurkan istirahat cukup
DGN3828,APT00513,L23,Dermatitis kontak alergi,mild,false,Cek lab ulang 2 minggu
DGN3829,APT02801,,Diperlukan evaluasi lebih lanjut,mild,true,Pasien sadar dan kooperatif
DGN3830,APT03597,I10,Hipertensi esensial,mild,false,Observasi suhu
DGN3831,APT01032,J45,Asma bronkial,moderate,false,Pasien sadar dan kooperatif
DGN3832,APT00909,L50,Urtikaria / biduran,mild,false,
DGN3833,APT01273,Z00,General medical examination / cek kesehatan,moderate,false,
DGN3834,APT02351,J03,Tonsilitis akut,mild,false,
DGN3835,APT02912,E11,Diabetes mellitus tipe 2,severe,false,
DGN3836,APT00427,J06,Infeksi saluran napas atas akut,mild,false,Kontrol 1 minggu lagi
DGN3837,APT02302,M79,Mialgia / nyeri otot,moderate,false,Lanjut terapi sebelumnya
DGN3838,APT01759,I10,Hipertensi esensial,mild,false,Pasien sadar dan kooperatif
DGN3839,APT04377,Z34,Supervisi kehamilan normal,moderate,false,
DGN3840,APT04498,,Diagnosis klinis tanpa kode,moderate,true,
DGN3841,APT04488,J00,Common cold (nasopharyngitis akut),moderate,false,Anjurkan istirahat cukup
DGN3842,APT00180,H10,Konjungtivitis,mild,true,Pasien sadar dan kooperatif
DGN3843,APT00445,E11,Diabetes mellitus tipe 2,moderate,true,
DGN3844,APT00966,R10,Nyeri perut tidak spesifik,moderate,false,
DGN3845,APT03612,M25,Nyeri sendi,mild,false,Hindari paparan alergen
DGN3846,APT02887,,Diagnosis klinis tanpa kode,mild,true,Tetap minum obat teratur
DGN3847,APT03773,R51,Sakit kepala / nyeri kepala,moderate,false,Anjurkan istirahat cukup
DGN3848,APT04220,H66,Otitis media supuratif,moderate,false,Pasien sadar dan kooperatif
DGN3849,APT01989,R51,Sakit kepala / nyeri kepala,mild,false,Edukasi pola makan
DGN3850,APT03673,M79,Mialgia / nyeri otot,mild,false,Pasien tampak membaik
DGN3851,APT00986,M54,Nyeri punggung bawah (low back pain),moderate,true,Edukasi keluarga
DGN3852,APT01072,M25,Nyeri sendi,mild,false,
DGN3853,APT00215,,Gejala umum tidak spesifik,moderate,false,Edukasi pola makan
DGN3854,APT03487,R10,Nyeri perut tidak spesifik,moderate,false,Kontrol 1 minggu lagi
DGN3855,APT03125,J11,Influenza,mild,false,
DGN3856,APT02148,K29,Gastritis,mild,false,Anjuran banyak minum air
DGN3857,APT01377,J00,Common cold (nasopharyngitis akut),mild,false,Hindari paparan alergen
DGN3858,APT04072,,Diperlukan evaluasi lebih lanjut,mild,false,Kontrol 1 minggu lagi
DGN3859,APT01827,J00,Common cold (nasopharyngitis akut),moderate,false,Anjurkan istirahat cukup
DGN3860,APT01738,J11,Influenza,severe,false,Tidak ada tanda komplikasi
DGN3861,APT00976,J00,Common cold (nasopharyngitis akut),severe,false,Lanjut terapi sebelumnya
DGN3862,APT02025,L20,Dermatitis atopik,moderate,false,
DGN3863,APT03511,M54,Nyeri punggung bawah (low back pain),mild,false,
DGN3864,APT03614,,Gejala umum tidak spesifik,mild,false,Hindari makanan pedas
DGN3865,APT00903,M79,Mialgia / nyeri otot,mild,true,
DGN3866,APT04637,J20,Bronkitis akut,moderate,false,Kontrol 1 minggu lagi
DGN3867,APT04993,,Gejala umum tidak spesifik,severe,false,Kontrol 1 minggu lagi
DGN3868,APT00957,L23,Dermatitis kontak alergi,mild,false,Pasien sadar dan kooperatif
DGN3869,APT01531,L50,Urtikaria / biduran,mild,false,
DGN3870,APT02743,A09,Gastroenteritis akut / diare,mild,false,Anjurkan istirahat cukup
DGN3871,APT02192,L23,Dermatitis kontak alergi,mild,false,Observasi suhu
DGN3872,APT00921,,Diagnosis sementara,moderate,false,Lanjut terapi sebelumnya
DGN3873,APT01074,R50,Demam tidak diketahui sebabnya,moderate,false,Kontrol 1 minggu lagi
DGN3874,APT00515,L50,Urtikaria / biduran,mild,false,Pasien sadar dan kooperatif
DGN3875,APT03098,I10,Hipertensi esensial,mild,false,
DGN3876,APT03904,H10,Konjungtivitis,mild,true,Edukasi pola makan
DGN3877,APT01817,K29,Gastritis,mild,false,Pasien tampak membaik
DGN3878,APT03273,H66,Otitis media supuratif,mild,false,Edukasi pola makan
DGN3879,APT04868,K05,Gingivitis,moderate,false,
DGN3880,APT03478,Z34,Supervisi kehamilan normal,mild,true,Pasien sadar dan kooperatif
