rx_id,diagnosis_id,patient_id,medicine_name,dosage,route,duration_days,prescribed_date,quantity
RX00001,DGN0001,PAT01734,Mefenamic acid 500mg,2x1 tablet,oral,14,07/12/2024,28
RX00002,DGN0001,PAT01734,Antibiotik salep,Oles pagi & malam,topikal,7,07/12/2024,1
RX00003,DGN0002,PAT00475,Mefenamic acid 500mg,2x1 sachet,oral,14,2024-11-03,28
RX00004,DGN0002,PAT00475,Salbutamol inhaler,2 puff 2x sehari,inhaler,10,2024-11-03,1
RX00005,DGN0002,PAT00475,Budesonide inhaler,Inhalasi bila sesak,inhaler,14,2024-11-03,1
RX00006,DGN0003,PAT01519,Antibiotik salep,Oles 3x sehari,topikal,7,2024-10-28,1
RX00007,DGN0003,PAT01519,Tetes mata,Oles pagi & malam,topikal,7,2024-10-28,1
RX00008,DGN0003,PAT01519,Ciprofloxacin 500mg,1x1 sachet,oral,14,2024-10-28,14
RX00009,DGN0004,PAT01370,Domperidone 10mg,2x1 sachet,oral,10,13/11/2023,20
RX00010,DGN0004,PAT01370,Antasida,2x1 tablet,oral,3,13/11/2023,6
RX00011,DGN0005,PAT01096,Tetes mata,Oles pagi & malam,topikal,5,08-09-2023,1
RX00012,DGN0006,PAT01452,Amlodipine 5mg,1x1 tablet,oral,5,2024-07-25,5
RX00013,DGN0006,PAT01452,Oralit sachet,2x1 tablet,oral,3,2024-07-25,6
RX00014,DGN0007,PAT01315,Amlodipine 5mg,1x1 sachet,oral,5,23-12-2022,5
RX00015,DGN0008,PAT01182,Antasida,2x1 sachet,oral,5,26/01/2023,10
RX00016,DGN0009,PAT00966,Ranitidine 150mg,2x1 sachet,oral,3,2024-12-10,6
RX00017,DGN0009,PAT00966,Tetes mata,Oles 2x sehari,topikal,30,2024-12-10,1
RX00018,DGN0010,PAT01187,Oralit sachet,2x1 tablet,oral,14,23/09/2024,28
RX00019,DGN0011,PAT01951,Paracetamol 500mg,2x1 tablet,oral,3,20-06-2024,6
RX00020,DGN0012,PAT00753,Ciprofloxacin 500mg,2x1 tablet,oral,30,01/10/2024,60
RX00021,DGN0012,PAT00753,Paracetamol 500mg,2x500mg,oral,7,01/10/2024,14
RX00022,DGN0013,PAT00242,Dexamethasone inj,Injeksi tunggal,injeksi,3,11-03-2022,1
RX00023,DGN0013,PAT00242,Cetirizine 10mg,3x1 tablet,oral,10,11-03-2022,30
RX00024,DGN0014,PAT01821,Amoxicillin 500mg,3x1 tablet,oral,30,08/10/2024,90
RX00025,DGN0015,PAT00300,Glibenclamide 5mg,3x500mg,oral,14,30/09/2024,42
RX00026,DGN0016,PAT01097,Vitamin B complex,3x500mg,oral,3,10-09-2023,9
RX00027,DGN0017,PAT00598,Cetirizine 10mg,2x1 tablet,oral,30,2024-10-25,60
RX00028,DGN0018,PAT00521,Loratadine 10mg,2x1 tablet,oral,14,2023-12-12,28
RX00029,DGN0018,PAT00521,Dexamethasone inj,Injeksi 1x sehari,injeksi,7,2023-12-12,2
RX00030,DGN0019,PAT01680,Salep gatal,Oles 2x sehari,topikal,3,26/05/2023,1
RX00031,DGN0020,PAT00085,Glibenclamide 5mg,2x500mg,oral,10,30/04/2022,20
RX00032,DGN0021,PAT01780,Dexamethasone inj,Injeksi 1x sehari,injeksi,5,2024-11-24,1
RX00033,DGN0022,PAT01708,Oralit sachet,2x500mg,oral,10,2024-11-13,20
RX00034,DGN0023,PAT01991,Ranitidine 150mg,2x1 sachet,oral,30,03/09/2021,60
RX00035,DGN0024,PAT01474,Omeprazole 20mg,3x500mg,oral,30,02-11-2024,90
RX00036,DGN0025,PAT01202,Budesonide inhaler,2 puff 2x sehari,inhaler,10,2024-03-02,1
RX00037,DGN0026,PAT00228,Loratadine 10mg,2x500mg,oral,14,02-04-2024,28
RX00038,DGN0026,PAT00228,Antasida,2x1 tablet,oral,14,02-04-2024,28
RX00039,DGN0026,PAT00228,Metformin 500mg,1x1 tablet,oral,5,02-04-2024,5
RX00040,DGN0027,PAT01815,Ranitidine 150mg,3x500mg,oral,7,2022-07-03,21
RX00041,DGN0027,PAT01815,Domperidone 10mg,3x500mg,oral,14,2022-07-03,42
RX00042,DGN0028,PAT01906,Antasida,2x1 sachet,oral,7,2024-09-01,14
RX00043,DGN0028,PAT01906,Ranitidine 150mg,3x1 tablet,oral,7,2024-09-01,21
RX00044,DGN0028,PAT01906,Paracetamol 500mg,3x1 tablet,oral,5,2024-09-01,15
RX00045,DGN0029,PAT01622,Vitamin C 500mg,3x500mg,oral,30,24-04-2023,90
RX00046,DGN0030,PAT01643,Cetirizine 10mg,2x500mg,oral,7,19/11/2023,14
RX00047,DGN0031,PAT00376,Domperidone 10mg,2x1 tablet,oral,30,2024-01-13,60
RX00048,DGN0032,PAT00139,Metformin 500mg,2x500mg,oral,14,2024-07-22,28
RX00049,DGN0032,PAT00139,Loratadine 10mg,2x1 sachet,oral,5,2024-07-22,10
RX00050,DGN0032,PAT00139,Vitamin C 500mg,1x1 tablet,oral,3,2024-07-22,3
RX00051,DGN0033,PAT01826,Salep mata gentamicin,Oles pagi & malam,topikal,14,17-07-2024,1
RX00052,DGN0033,PAT01826,Domperidone 10mg,2x1 sachet,oral,14,17-07-2024,28
RX00053,DGN0034,PAT01242,Salep hidrokortison,Oles 2x sehari,topikal,14,22-10-2023,1
RX00054,DGN0035,PAT01255,Salep hidrokortison,Oles pagi & malam,topikal,7,2024-08-12,1
RX00055,DGN0036,PAT01931,Omeprazole 20mg,2x1 sachet,oral,3,06-11-2023,6
RX00056,DGN0037,PAT00413,Amlodipine 5mg,1x1 sachet,oral,3,2022-03-11,3
RX00057,DGN0038,PAT01218,Asam folat,2x500mg,oral,30,2024-07-16,60
RX00058,DGN0039,PAT00546,Antasida,2x1 sachet,oral,7,03-01-2025,14
RX00059,DGN0040,PAT01857,Salep gatal,Oles 3x sehari,topikal,7,2024-06-22,1
RX00060,DGN0041,PAT01575,Dexamethasone inj,Injeksi tunggal,injeksi,5,26-11-2024,1
RX00061,DGN0042,PAT01875,Omeprazole 20mg,3x1 tablet,oral,14,10-02-2024,42
RX00062,DGN0042,PAT01875,Budesonide inhaler,2 puff 3x sehari,inhaler,5,10-02-2024,1
RX00063,DGN0043,PAT01881,Oralit sachet,3x1 tablet,oral,30,06/02/2024,90
RX00064,DGN0043,PAT01881,Salep hidrokortison,Oles pagi & malam,topikal,14,06/02/2024,1
RX00065,DGN0044,PAT00525,Loratadine 10mg,2x1 tablet,oral,5,24-11-2022,10
RX00066,DGN0045,PAT01213,Glibenclamide 5mg,2x500mg,oral,7,24-12-2023,14
RX00067,DGN0045,PAT01213,Paracetamol 500mg,2x1 tablet,oral,30,24-12-2023,60
RX00068,DGN0046,PAT00707,Salbutamol inhaler,Inhalasi bila sesak,inhaler,14,21-08-2024,1
RX00069,DGN0046,PAT00707,Salep mata gentamicin,Oles 2x sehari,topikal,10,21-08-2024,1
RX00070,DGN0047,PAT01091,Ranitidine 150mg,1x1 tablet,oral,30,2024-06-09,30
RX00071,DGN0048,PAT00630,Salep hidrokortison,Oles pagi & malam,topikal,10,31-01-2025,1
RX00072,DGN0049,PAT01732,Omeprazole 20mg,1x1 tablet,oral,30,2024-03-31,30
RX00073,DGN0049,PAT01732,Amlodipine 5mg,3x500mg,oral,5,2024-03-31,15
RX00074,DGN0050,PAT01683,Captopril 25mg,1x1 tablet,oral,10,15/02/2024,10
RX00075,DGN0050,PAT01683,Metformin 500mg,1x1 tablet,oral,30,15/02/2024,30
RX00076,DGN0050,PAT01683,Dexamethasone inj,Injeksi 1x sehari,injeksi,5,15/02/2024,1
RX00077,DGN0051,PAT00587,Tetes mata,Oles 2x sehari,topikal,7,2024-08-11,1
RX00078,DGN0051,PAT00587,Salep hidrokortison,Oles 3x sehari,topikal,3,2024-08-11,1
RX00079,DGN0052,PAT01037,Omeprazole 20mg,3x500mg,oral,7,2024-10-20,21
RX00080,DGN0052,PAT01037,Salep mata gentamicin,Oles pagi & malam,topikal,7,2024-10-20,1
RX00081,DGN0052,PAT01037,Budesonide inhaler,Inhalasi bila sesak,inhaler,30,2024-10-20,1
RX00082,DGN0053,PAT01530,Amoxicillin 500mg,1x1 tablet,oral,14,11/05/2024,14
RX00083,DGN0054,PAT01456,Asam folat,1x1 tablet,oral,10,2024-12-27,10
RX00084,DGN0055,PAT00426,Ranitidine 150mg,1x1 tablet,oral,5,16-03-2024,5
RX00085,DGN0056,PAT00946,Salbutamol inhaler,Inhalasi bila sesak,inhaler,14,02/08/2023,1
RX00086,DGN0057,PAT01489,Amlodipine 5mg,3x500mg,oral,30,02/03/2023,90
RX00087,DGN0058,PAT00105,Salbutamol inhaler,Inhalasi bila sesak,inhaler,30,2024-05-03,1
RX00088,DGN0058,PAT00105,Dexamethasone inj,Injeksi 1x sehari,injeksi,3,2024-05-03,1
RX00089,DGN0059,PAT00667,Antasida,1x1 sachet,oral,5,23/05/2022,5
RX00090,DGN0059,PAT00667,Simvastatin 10mg,3x1 tablet,oral,5,23/05/2022,15
RX00091,DGN0060,PAT01312,Budesonide inhaler,Inhalasi bila sesak,inhaler,3,23/01/2025,1
RX00092,DGN0060,PAT01312,Paracetamol 500mg,1x1 sachet,oral,10,23/01/2025,10
RX00093,DGN0061,PAT01948,Metformin 500mg,3x1 tablet,oral,10,08/08/2022,30
RX00094,DGN0061,PAT01948,Amlodipine 5mg,2x500mg,oral,3,08/08/2022,6
RX00095,DGN0062,PAT01276,Omeprazole 20mg,2x1 sachet,oral,5,2023-07-28,10
RX00096,DGN0062,PAT01276,Omeprazole 20mg,1x1 tablet,oral,30,2023-07-28,30
RX00097,DGN0063,PAT01064,Simvastatin 10mg,2x500mg,oral,14,30/07/2024,28
RX00098,DGN0063,PAT01064,Loperamide 2mg,1x1 sachet,oral,14,30/07/2024,14
RX00099,DGN0064,PAT01012,Amoxicillin 500mg,2x1 sachet,oral,14,2024-12-18,28
RX00100,DGN0064,PAT01012,Vitamin C 500mg,2x1 sachet,oral,3,2024-12-18,6
RX00101,DGN0064,PAT01012,Amlodipine 5mg,2x500mg,oral,7,2024-12-18,14
RX00102,DGN0065,PAT01953,Ciprofloxacin 500mg,1x1 tablet,oral,10,20-03-2024,10
RX00103,DGN0066,PAT00593,ORS pediatric,1x1 tablet,oral,7,2021-12-20,7
RX00104,DGN0066,PAT00593,Antasida,1x1 sachet,oral,3,2021-12-20,3
RX00105,DGN0067,PAT01079,Salep mata gentamicin,Oles 2x sehari,topikal,5,03/09/2024,1
RX00106,DGN0068,PAT01331,Amoxicillin 500mg,3x500mg,oral,14,09-11-2024,42
RX00107,DGN0069,PAT01044,Loperamide 2mg,2x500mg,oral,5,08/08/2023,10
RX00108,DGN0070,PAT00192,Metformin 500mg,3x500mg,oral,30,03/03/2024,90
RX00109,DGN0070,PAT00192,Cetirizine 10mg,1x1 sachet,oral,14,03/03/2024,14
RX00110,DGN0071,PAT00320,Omeprazole 20mg,1x1 sachet,oral,3,20/08/2023,3
RX00111,DGN0072,PAT00156,Salbutamol inhaler,2 puff 2x sehari,inhaler,14,25-12-2024,1
RX00112,DGN0073,PAT01703,Ibuprofen 400mg,2x1 sachet,oral,30,2023-03-22,60
RX00113,DGN0073,PAT01703,Mefenamic acid 500mg,3x500mg,oral,10,2023-03-22,30
RX00114,DGN0074,PAT01506,Oralit sachet,3x500mg,oral,10,11/12/2024,30
RX00115,DGN0075,PAT00211,Mefenamic acid 500mg,1x1 tablet,oral,30,24/11/2023,30
RX00116,DGN0075,PAT00211,Tetes mata,Oles pagi & malam,topikal,10,24/11/2023,1
RX00117,DGN0076,PAT01918,Vitamin C 500mg,3x500mg,oral,30,28-09-2024,90
RX00118,DGN0077,PAT00965,Glibenclamide 5mg,1x1 tablet,oral,14,17-09-2024,14
RX00119,DGN0077,PAT00965,Oralit sachet,3x500mg,oral,3,17-09-2024,9
RX00120,DGN0078,PAT00038,Asam folat,3x1 tablet,oral,14,18-06-2024,42
RX00121,DGN0078,PAT00038,Ciprofloxacin 500mg,3x500mg,oral,30,18-06-2024,90
RX00122,DGN0079,PAT01314,Salep mata gentamicin,Oles pagi & malam,topikal,3,2025-01-12,1
RX00123,DGN0080,PAT01887,Budesonide inhaler,2 puff 3x sehari,inhaler,10,2024-07-28,1
RX00124,DGN0081,PAT00466,Dexamethasone inj,Injeksi 1x sehari,injeksi,7,19-12-2022,2
RX00125,DGN0082,PAT00221,Omeprazole 20mg,1x1 sachet,oral,10,07/05/2024,10
RX00126,DGN0082,PAT00221,Domperidone 10mg,2x1 sachet,oral,10,07/05/2024,20
RX00127,DGN0082,PAT00221,Oralit sachet,2x1 tablet,oral,5,07/05/2024,10
RX00128,DGN0083,PAT00446,Oralit sachet,2x500mg,oral,3,06-02-2024,6
RX00129,DGN0083,PAT00446,Ranitidine 150mg,3x500mg,oral,3,06-02-2024,9
RX00130,DGN0084,PAT01671,Salep hidrokortison,Oles pagi & malam,topikal,14,31/07/2024,1
RX00131,DGN0085,PAT00727,Amlodipine 5mg,3x1 tablet,oral,10,17-04-2024,30
RX00132,DGN0086,PAT01392,Omeprazole 20mg,3x1 tablet,oral,30,2024-02-01,90
RX00133,DGN0086,PAT01392,Antibiotik salep,Oles 2x sehari,topikal,30,2024-02-01,1
RX00134,DGN0087,PAT00490,ORS pediatric,1x1 sachet,oral,3,18/11/2021,3
RX00135,DGN0088,PAT00170,Antibiotik salep,Oles pagi & malam,topikal,7,17-08-2023,1
RX00136,DGN0089,PAT00547,Salbutamol inhaler,2 puff 3x sehari,inhaler,30,25/10/2024,1
RX00137,DGN0089,PAT00547,Salep gatal,Oles 3x sehari,topikal,3,25/10/2024,1
RX00138,DGN0090,PAT00122,Asam folat,2x1 sachet,oral,5,2024-05-25,10
RX00139,DGN0090,PAT00122,Loratadine 10mg,1x1 tablet,oral,14,2024-05-25,14
RX00140,DGN0091,PAT00954,Metformin 500mg,1x1 sachet,oral,5,24/06/2023,5
RX00141,DGN0091,PAT00954,Ranitidine 150mg,1x1 sachet,oral,3,24/06/2023,3
RX00142,DGN0091,PAT00954,Amlodipine 5mg,1x1 sachet,oral,30,24/06/2023,30
RX00143,DGN0092,PAT00454,Cetirizine 10mg,3x1 tablet,oral,7,2022-09-01,21
RX00144,DGN0093,PAT01598,Captopril 25mg,2x1 sachet,oral,7,2023-12-03,14
RX00145,DGN0094,PAT01410,Captopril 25mg,1x1 sachet,oral,30,2024-06-05,30
RX00146,DGN0094,PAT01410,Loperamide 2mg,3x1 tablet,oral,7,2024-06-05,21
RX00147,DGN0094,PAT01410,Ranitidine 150mg,1x1 tablet,oral,5,2024-06-05,5
RX00148,DGN0095,PAT00306,Omeprazole 20mg,1x1 tablet,oral,3,20-05-2022,3
RX00149,DGN0096,PAT00503,Asam folat,1x1 sachet,oral,10,04-12-2024,10
RX00150,DGN0097,PAT01446,Ciprofloxacin 500mg,2x1 sachet,oral,14,11-06-2024,28
RX00151,DGN0097,PAT01446,Omeprazole 20mg,3x1 tablet,oral,7,11-06-2024,21
RX00152,DGN0097,PAT01446,Antasida,3x1 tablet,oral,5,11-06-2024,15
RX00153,DGN0098,PAT01714,Domperidone 10mg,3x1 tablet,oral,7,2023-08-03,21
RX00154,DGN0099,PAT01552,Domperidone 10mg,2x500mg,oral,30,13/11/2024,60
RX00155,DGN0100,PAT00555,Salep mata gentamicin,Oles pagi & malam,topikal,5,2024-04-19,1
RX00156,DGN0100,PAT00555,Amlodipine 5mg,2x500mg,oral,7,2024-04-19,14
RX00157,DGN0101,PAT00318,Ranitidine 150mg,1x1 tablet,oral,5,2022-10-13,5
RX00158,DGN0102,PAT01651,Salbutamol inhaler,2 puff 3x sehari,inhaler,10,12-12-2024,1
RX00159,DGN0103,PAT00718,Oralit sachet,1x1 sachet,oral,3,2024-06-21,3
RX00160,DGN0104,PAT01631,ORS pediatric,3x500mg,oral,10,2024-12-30,30
RX00161,DGN0105,PAT00008,Ranitidine 150mg,3x500mg,oral,14,2022-10-02,42
RX00162,DGN0106,PAT01537,Tetes mata,Oles pagi & malam,topikal,3,03-07-2024,1
RX00163,DGN0107,PAT00481,Salep gatal,Oles 2x sehari,topikal,7,30/03/2024,1
RX00164,DGN0108,PAT01656,Ranitidine 150mg,1x1 tablet,oral,3,2024-07-30,3
RX00165,DGN0109,PAT00900,Antibiotik salep,Oles 3x sehari,topikal,14,22/06/2021,1
RX00166,DGN0109,PAT00900,Salep mata gentamicin,Oles 2x sehari,topikal,30,22/06/2021,1
RX00167,DGN0109,PAT00900,Oralit sachet,3x1 tablet,oral,30,22/06/2021,90
RX00168,DGN0110,PAT01783,Amoxicillin 500mg,3x1 tablet,oral,7,05-08-2021,21
RX00169,DGN0111,PAT01408,Captopril 25mg,2x1 sachet,oral,14,2023-08-26,28
RX00170,DGN0112,PAT00047,Ciprofloxacin 500mg,3x1 tablet,oral,3,15-12-2024,9
RX00171,DGN0113,PAT01008,Dexamethasone inj,Injeksi tunggal,injeksi,10,29/01/2023,3
RX00172,DGN0114,PAT00739,Amoxicillin 500mg,2x500mg,oral,30,22/12/2024,60
RX00173,DGN0115,PAT00316,Asam folat,3x1 tablet,oral,5,2024-05-01,15
RX00174,DGN0116,PAT01562,Amoxicillin 500mg,1x1 sachet,oral,14,23/02/2024,14
RX00175,DGN0117,PAT01587,Antasida,1x1 tablet,oral,5,09/02/2023,5
RX00176,DGN0118,PAT00763,Domperidone 10mg,2x1 sachet,oral,14,16/12/2024,28
RX00177,DGN0119,PAT01824,Ciprofloxacin 500mg,2x1 sachet,oral,10,02/08/2021,20
RX00178,DGN0119,PAT01824,Metformin 500mg,3x500mg,oral,14,02/08/2021,42
RX00179,DGN0120,PAT01304,Oralit sachet,2x1 tablet,oral,7,14/06/2024,14
RX00180,DGN0120,PAT01304,Tetes mata,Oles pagi & malam,topikal,10,14/06/2024,1
RX00181,DGN0121,PAT01708,Antasida,1x1 tablet,oral,10,2024-07-22,10
RX00182,DGN0121,PAT01708,Ranitidine 150mg,3x500mg,oral,14,2024-07-22,42
RX00183,DGN0122,PAT00940,Simvastatin 10mg,1x1 tablet,oral,30,21/07/2023,30
RX00184,DGN0123,PAT01859,Salep hidrokortison,Oles 3x sehari,topikal,30,2022-10-14,1
RX00185,DGN0124,PAT00734,Domperidone 10mg,1x1 tablet,oral,10,2024-07-30,10
RX00186,DGN0125,PAT01668,Paracetamol 500mg,2x1 sachet,oral,30,30-12-2024,60
RX00187,DGN0126,PAT00702,Cetirizine 10mg,2x500mg,oral,7,31-08-2024,14
RX00188,DGN0127,PAT00362,ORS pediatric,2x1 sachet,oral,30,13-02-2024,60
RX00189,DGN0128,PAT01071,Dexamethasone inj,Injeksi 1x sehari,injeksi,14,2024-06-14,4
RX00190,DGN0128,PAT01071,Cetirizine 10mg,2x500mg,oral,30,2024-06-14,60
RX00191,DGN0129,PAT00722,Vitamin B complex,3x500mg,oral,3,09/05/2024,9
RX00192,DGN0129,PAT00722,Loperamide 2mg,2x1 sachet,oral,3,09/05/2024,6
RX00193,DGN0130,PAT00933,Ibuprofen 400mg,1x1 sachet,oral,10,2024-05-26,10
RX00194,DGN0130,PAT00933,Ranitidine 150mg,1x1 tablet,oral,7,2024-05-26,7
RX00195,DGN0131,PAT01886,Metformin 500mg,2x1 tablet,oral,5,27-11-2022,10
RX00196,DGN0132,PAT01783,Antasida,1x1 sachet,oral,5,31/07/2021,5
RX00197,DGN0132,PAT01783,Salep hidrokortison,Oles 3x sehari,topikal,30,31/07/2021,1
RX00198,DGN0132,PAT01783,Amoxicillin 500mg,3x500mg,oral,30,31/07/2021,90
RX00199,DGN0133,PAT00812,Captopril 25mg,1x1 tablet,oral,10,2023-04-15,10
RX00200,DGN0133,PAT00812,Tetes mata,Oles pagi & malam,topikal,5,2023-04-15,1
RX00201,DGN0134,PAT01754,Mefenamic acid 500mg,1x1 sachet,oral,30,2024-01-03,30
RX00202,DGN0134,PAT01754,Mefenamic acid 500mg,2x1 sachet,oral,3,2024-01-03,6
RX00203,DGN0135,PAT01126,Mefenamic acid 500mg,3x500mg,oral,14,2024-09-14,42
RX00204,DGN0136,PAT01295,Paracetamol 500mg,2x1 tablet,oral,3,11/10/2022,6
RX00205,DGN0136,PAT01295,Oralit sachet,2x1 tablet,oral,5,11/10/2022,10
RX00206,DGN0137,PAT01263,Mefenamic acid 500mg,2x500mg,oral,3,12-12-2021,6
RX00207,DGN0137,PAT01263,Simvastatin 10mg,3x1 tablet,oral,14,12-12-2021,42
RX00208,DGN0138,PAT00566,Paracetamol 500mg,2x1 tablet,oral,14,30/11/2023,28
RX00209,DGN0139,PAT01551,Budesonide inhaler,2 puff 3x sehari,inhaler,10,12-01-2025,1
RX00210,DGN0140,PAT01225,Salep gatal,Oles 2x sehari,topikal,14,2024-05-28,1
RX00211,DGN0141,PAT00266,Paracetamol 500mg,1x1 sachet,oral,7,01-08-2024,7
RX00212,DGN0142,PAT01940,Salbutamol inhaler,Inhalasi bila sesak,inhaler,30,25-11-2023,1
RX00213,DGN0143,PAT00219,Paracetamol 500mg,3x500mg,oral,14,27-01-2025,42
RX00214,DGN0144,PAT01289,Simvastatin 10mg,3x1 tablet,oral,3,23-04-2024,9
RX00215,DGN0144,PAT01289,Glibenclamide 5mg,1x1 tablet,oral,5,23-04-2024,5
RX00216,DGN0145,PAT01741,Ibuprofen 400mg,1x1 tablet,oral,10,2024-10-13,10
RX00217,DGN0146,PAT01887,ORS pediatric,2x500mg,oral,14,18/07/2024,28
RX00218,DGN0147,PAT01396,Captopril 25mg,3x1 tablet,oral,10,2024-09-02,30
RX00219,DGN0147,PAT01396,Amlodipine 5mg,1x1 tablet,oral,7,2024-09-02,7
RX00220,DGN0148,PAT00691,Antasida,2x1 tablet,oral,14,14/06/2024,28
RX00221,DGN0149,PAT00161,ORS pediatric,2x1 tablet,oral,7,2024-09-15,14
RX00222,DGN0149,PAT00161,Vitamin C 500mg,1x1 sachet,oral,5,2024-09-15,5
RX00223,DGN0149,PAT00161,Oralit sachet,2x1 tablet,oral,30,2024-09-15,60
RX00224,DGN0150,PAT00914,Omeprazole 20mg,3x500mg,oral,5,01-11-2024,15
RX00225,DGN0151,PAT00457,Ranitidine 150mg,2x500mg,oral,3,15/09/2024,6
RX00226,DGN0152,PAT00583,Simvastatin 10mg,2x1 sachet,oral,3,2024-03-12,6
RX00227,DGN0152,PAT00583,Dexamethasone inj,Injeksi 1x sehari,injeksi,14,2024-03-12,4
RX00228,DGN0152,PAT00583,Ciprofloxacin 500mg,2x500mg,oral,14,2024-03-12,28
RX00229,DGN0153,PAT00573,Salep gatal,Oles 2x sehari,topikal,14,21/06/2024,1
RX00230,DGN0154,PAT01057,Asam folat,3x1 tablet,oral,3,09-10-2023,9
RX00231,DGN0154,PAT01057,Simvastatin 10mg,2x1 tablet,oral,3,09-10-2023,6
RX00232,DGN0155,PAT00681,Ciprofloxacin 500mg,1x1 sachet,oral,30,2023-06-01,30
RX00233,DGN0156,PAT01716,Glibenclamide 5mg,3x1 tablet,oral,10,2022-06-01,30
RX00234,DGN0156,PAT01716,Loperamide 2mg,3x500mg,oral,3,2022-06-01,9
RX00235,DGN0157,PAT00759,Salep hidrokortison,Oles 3x sehari,topikal,14,14/03/2022,1
RX00236,DGN0158,PAT01068,Budesonide inhaler,2 puff 3x sehari,inhaler,30,08/12/2021,1
RX00237,DGN0159,PAT00661,Amoxicillin 500mg,3x500mg,oral,5,14-03-2024,15
RX00238,DGN0160,PAT01477,Ranitidine 150mg,2x500mg,oral,5,08/02/2024,10
RX00239,DGN0160,PAT01477,Loperamide 2mg,3x1 tablet,oral,3,08/02/2024,9
RX00240,DGN0160,PAT01477,Ciprofloxacin 500mg,2x1 tablet,oral,3,08/02/2024,6
RX00241,DGN0161,PAT00241,Metformin 500mg,3x1 tablet,oral,7,30-03-2024,21
RX00242,DGN0162,PAT01187,Vitamin B complex,2x500mg,oral,5,2024-11-10,10
RX00243,DGN0162,PAT01187,Metformin 500mg,1x1 sachet,oral,10,2024-11-10,10
RX00244,DGN0163,PAT00601,Tetes mata,Oles 2x sehari,topikal,14,13-05-2024,1
RX00245,DGN0164,PAT01926,Vitamin B complex,2x1 sachet,oral,14,2024-11-07,28
RX00246,DGN0164,PAT01926,Loratadine 10mg,3x500mg,oral,14,2024-11-07,42
RX00247,DGN0164,PAT01926,Ibuprofen 400mg,2x500mg,oral,14,2024-11-07,28
RX00248,DGN0165,PAT01096,Ranitidine 150mg,1x1 sachet,oral,10,04/11/2024,10
RX00249,DGN0165,PAT01096,Asam folat,1x1 tablet,oral,10,04/11/2024,10
RX00250,DGN0166,PAT01734,Antibiotik salep,Oles 3x sehari,topikal,30,17/04/2024,1
RX00251,DGN0166,PAT01734,Metformin 500mg,3x1 tablet,oral,14,17/04/2024,42
RX00252,DGN0167,PAT01629,Ranitidine 150mg,2x1 tablet,oral,14,01-08-2021,28
RX00253,DGN0168,PAT01964,Asam folat,2x1 sachet,oral,5,18/05/2024,10
RX00254,DGN0168,PAT01964,Salep hidrokortison,Oles 2x sehari,topikal,14,18/05/2024,1
RX00255,DGN0169,PAT01950,Cetirizine 10mg,2x1 tablet,oral,5,01/09/2021,10
RX00256,DGN0169,PAT01950,Glibenclamide 5mg,2x1 tablet,oral,10,01/09/2021,20
RX00257,DGN0170,PAT01250,Salep hidrokortison,Oles 3x sehari,topikal,5,19/08/2024,1
RX00258,DGN0171,PAT01926,Amoxicillin 500mg,1x1 tablet,oral,14,27/08/2024,14
RX00259,DGN0172,PAT01969,Antibiotik salep,Oles 3x sehari,topikal,3,2022-06-12,1
RX00260,DGN0173,PAT01732,Vitamin C 500mg,2x1 sachet,oral,30,05/12/2023,60
RX00261,DGN0173,PAT01732,ORS pediatric,2x500mg,oral,10,05/12/2023,20
RX00262,DGN0174,PAT01646,Salbutamol inhaler,Inhalasi bila sesak,inhaler,10,29/08/2024,1
RX00263,DGN0175,PAT01061,Domperidone 10mg,2x1 sachet,oral,10,08-11-2022,20
RX00264,DGN0176,PAT01863,Dexamethasone inj,Injeksi 1x sehari,injeksi,14,2024-02-19,4
RX00265,DGN0177,PAT00264,Vitamin B complex,3x500mg,oral,3,05/02/2024,9
RX00266,DGN0177,PAT00264,Ibuprofen 400mg,2x1 sachet,oral,3,05/02/2024,6
RX00267,DGN0177,PAT00264,Vitamin B complex,1x1 sachet,oral,7,05/02/2024,7
RX00268,DGN0178,PAT00119,Vitamin B complex,2x1 tablet,oral,14,26-07-2024,28
RX00269,DGN0178,PAT00119,Dexamethasone inj,Injeksi tunggal,injeksi,3,26-07-2024,1
RX00270,DGN0179,PAT00594,Simvastatin 10mg,1x1 sachet,oral,10,20-03-2024,10
RX00271,DGN0179,PAT00594,Ibuprofen 400mg,2x1 tablet,oral,14,20-03-2024,28
RX00272,DGN0179,PAT00594,Captopril 25mg,3x500mg,oral,14,20-03-2024,42
RX00273,DGN0180,PAT00715,Simvastatin 10mg,1x1 tablet,oral,10,04/03/2024,10
RX00274,DGN0181,PAT01238,Domperidone 10mg,2x500mg,oral,5,2023-08-10,10
RX00275,DGN0182,PAT00981,Salep gatal,Oles pagi & malam,topikal,3,25-10-2024,1
RX00276,DGN0183,PAT00223,Antasida,2x500mg,oral,30,2022-05-24,60
RX00277,DGN0184,PAT00327,Dexamethasone inj,Injeksi 1x sehari,injeksi,3,15-12-2024,1
RX00278,DGN0184,PAT00327,Paracetamol 500mg,2x1 tablet,oral,14,15-12-2024,28
RX00279,DGN0185,PAT00872,Oralit sachet,1x1 tablet,oral,30,26-09-2023,30
RX00280,DGN0186,PAT01869,Ibuprofen 400mg,2x500mg,oral,14,2024-06-23,28
RX00281,DGN0187,PAT01177,Glibenclamide 5mg,2x1 sachet,oral,5,2024-06-13,10
RX00282,DGN0188,PAT00153,Asam folat,3x1 tablet,oral,3,2024-12-16,9
RX00283,DGN0189,PAT01199,Salep mata gentamicin,Oles pagi & malam,topikal,5,2023-03-20,1
RX00284,DGN0189,PAT01199,Glibenclamide 5mg,1x1 sachet,oral,5,2023-03-20,5
RX00285,DGN0190,PAT00997,Vitamin C 500mg,1x1 tablet,oral,30,02/12/2023,30
RX00286,DGN0191,PAT01157,Amlodipine 5mg,2x1 sachet,oral,5,19/03/2023,10
RX00287,DGN0191,PAT01157,Captopril 25mg,1x1 tablet,oral,10,19/03/2023,10
RX00288,DGN0192,PAT01203,Asam folat,3x1 tablet,oral,30,2024-10-25,90
RX00289,DGN0193,PAT00331,Vitamin B complex,1x1 tablet,oral,5,2024-11-24,5
RX00290,DGN0194,PAT01782,Salep gatal,Oles 3x sehari,topikal,10,2024-06-04,1
RX00291,DGN0194,PAT01782,Paracetamol 500mg,3x1 tablet,oral,14,2024-06-04,42
RX00292,DGN0195,PAT01742,Ibuprofen 400mg,2x1 tablet,oral,7,06/08/2024,14
RX00293,DGN0195,PAT01742,Dexamethasone inj,Injeksi tunggal,injeksi,30,06/08/2024,10
RX00294,DGN0196,PAT00442,Glibenclamide 5mg,1x1 sachet,oral,30,22/11/2024,30
RX00295,DGN0197,PAT00852,Antibiotik salep,Oles 3x sehari,topikal,5,18/03/2024,1
RX00296,DGN0197,PAT00852,Loratadine 10mg,1x1 sachet,oral,30,18/03/2024,30
RX00297,DGN0198,PAT01956,ORS pediatric,2x500mg,oral,5,30-10-2024,10
RX00298,DGN0199,PAT00605,Salbutamol inhaler,2 puff 3x sehari,inhaler,7,31-08-2022,1
RX00299,DGN0199,PAT00605,Domperidone 10mg,1x1 sachet,oral,5,31-08-2022,5
RX00300,DGN0200,PAT01720,Asam folat,2x500mg,oral,3,2023-07-02,6
RX00301,DGN0201,PAT00912,Loperamide 2mg,1x1 sachet,oral,30,2024-02-21,30
RX00302,DGN0202,PAT00940,Antasida,2x500mg,oral,5,13/08/2023,10
RX00303,DGN0202,PAT00940,Asam folat,2x500mg,oral,7,13/08/2023,14
RX00304,DGN0203,PAT00133,Vitamin C 500mg,2x500mg,oral,14,11/05/2024,28
RX00305,DGN0203,PAT00133,Antasida,1x1 sachet,oral,30,11/05/2024,30
RX00306,DGN0204,PAT00011,Amlodipine 5mg,2x1 tablet,oral,30,27-09-2024,60
RX00307,DGN0205,PAT00104,ORS pediatric,1x1 tablet,oral,7,2022-06-10,7
RX00308,DGN0206,PAT00166,Amlodipine 5mg,2x1 sachet,oral,5,28-06-2024,10
RX00309,DGN0207,PAT01514,Cetirizine 10mg,1x1 tablet,oral,14,2025-01-06,14
RX00310,DGN0208,PAT01652,Antasida,2x1 tablet,oral,5,2023-04-17,10
RX00311,DGN0209,PAT01831,Domperidone 10mg,2x500mg,oral,7,08-08-2024,14
RX00312,DGN0210,PAT00673,Domperidone 10mg,1x1 sachet,oral,5,2022-10-21,5
RX00313,DGN0211,PAT01005,Oralit sachet,2x1 sachet,oral,30,2024-01-27,60
RX00314,DGN0211,PAT01005,Vitamin B complex,2x1 tablet,oral,3,2024-01-27,6
RX00315,DGN0212,PAT00505,Salbutamol inhaler,2 puff 3x sehari,inhaler,14,15/01/2025,1
RX00316,DGN0212,PAT00505,Simvastatin 10mg,2x500mg,oral,7,15/01/2025,14
RX00317,DGN0212,PAT00505,Omeprazole 20mg,3x1 tablet,oral,30,15/01/2025,90
RX00318,DGN0213,PAT00837,Salep mata gentamicin,Oles 3x sehari,topikal,5,2022-03-04,1
RX00319,DGN0214,PAT00974,Amoxicillin 500mg,3x1 tablet,oral,5,19/01/2024,15
RX00320,DGN0215,PAT00986,ORS pediatric,1x1 sachet,oral,7,29-11-2023,7
RX00321,DGN0216,PAT00113,Budesonide inhaler,2 puff 3x sehari,inhaler,30,13/10/2023,1
RX00322,DGN0216,PAT00113,Domperidone 10mg,1x1 tablet,oral,7,13/10/2023,7
RX00323,DGN0217,PAT01503,Antasida,2x1 sachet,oral,7,14-08-2022,14
RX00324,DGN0217,PAT01503,Vitamin B complex,2x1 tablet,oral,5,14-08-2022,10
RX00325,DGN0218,PAT01224,Ibuprofen 400mg,2x1 sachet,oral,3,25/06/2022,6
RX00326,DGN0219,PAT00890,Captopril 25mg,2x500mg,oral,7,04-02-2022,14
RX00327,DGN0220,PAT01970,Vitamin C 500mg,1x1 tablet,oral,7,10-04-2024,7
RX00328,DGN0221,PAT01364,Ibuprofen 400mg,2x500mg,oral,5,26/10/2021,10
RX00329,DGN0221,PAT01364,Ciprofloxacin 500mg,3x500mg,oral,7,26/10/2021,21
RX00330,DGN0221,PAT01364,Cetirizine 10mg,1x1 sachet,oral,10,26/10/2021,10
RX00331,DGN0222,PAT00951,Glibenclamide 5mg,1x1 tablet,oral,3,11/01/2025,3
RX00332,DGN0223,PAT00941,Salep hidrokortison,Oles 3x sehari,topikal,5,27/01/2023,1
RX00333,DGN0224,PAT00129,Glibenclamide 5mg,2x1 sachet,oral,14,2021-08-30,28
RX00334,DGN0224,PAT00129,Ciprofloxacin 500mg,3x1 tablet,oral,7,2021-08-30,21
RX00335,DGN0225,PAT00537,Domperidone 10mg,2x1 sachet,oral,5,08/12/2022,10
RX00336,DGN0225,PAT00537,ORS pediatric,2x1 sachet,oral,7,08/12/2022,14
RX00337,DGN0226,PAT01530,Mefenamic acid 500mg,2x1 sachet,oral,7,23-08-2023,14
RX00338,DGN0227,PAT00211,Loperamide 2mg,1x1 tablet,oral,10,13/07/2024,10
RX00339,DGN0227,PAT00211,Ciprofloxacin 500mg,2x1 sachet,oral,3,13/07/2024,6
RX00340,DGN0227,PAT00211,Budesonide inhaler,2 puff 3x sehari,inhaler,3,13/07/2024,1
RX00341,DGN0228,PAT00624,Ranitidine 150mg,3x500mg,oral,30,2023-12-08,90
RX00342,DGN0229,PAT01623,Vitamin C 500mg,2x1 sachet,oral,14,2024-03-15,28
RX00343,DGN0230,PAT00679,Ibuprofen 400mg,3x500mg,oral,5,2023-09-29,15
RX00344,DGN0231,PAT01980,Tetes mata,Oles 2x sehari,topikal,3,04/12/2022,1
RX00345,DGN0232,PAT01194,Antibiotik salep,Oles 2x sehari,topikal,10,11/06/2024,1
RX00346,DGN0233,PAT01563,Ibuprofen 400mg,3x500mg,oral,7,09-06-2024,21
RX00347,DGN0233,PAT01563,Salep mata gentamicin,Oles pagi & malam,topikal,3,09-06-2024,1
RX00348,DGN0233,PAT01563,Metformin 500mg,2x500mg,oral,7,09-06-2024,14
RX00349,DGN0234,PAT00400,Dexamethasone inj,Injeksi tunggal,injeksi,7,2023-01-28,2
RX00350,DGN0235,PAT01771,Metformin 500mg,2x500mg,oral,7,2025-01-08,14
RX00351,DGN0236,PAT01299,Mefenamic acid 500mg,3x1 tablet,oral,3,08-06-2023,9
RX00352,DGN0237,PAT00676,Cetirizine 10mg,1x1 tablet,oral,7,06/03/2024,7
RX00353,DGN0237,PAT00676,Asam folat,2x500mg,oral,10,06/03/2024,20
RX00354,DGN0238,PAT01022,Captopril 25mg,2x1 sachet,oral,10,21-09-2024,20
RX00355,DGN0239,PAT01528,Metformin 500mg,2x1 tablet,oral,3,28/11/2024,6
RX00356,DGN0240,PAT00054,Salep gatal,Oles 2x sehari,topikal,5,2024-12-09,1
RX00357,DGN0241,PAT01125,ORS pediatric,2x1 tablet,oral,30,22/09/2024,60
RX00358,DGN0242,PAT01051,Amoxicillin 500mg,2x1 sachet,oral,7,04-12-2023,14
RX00359,DGN0243,PAT01172,Ibuprofen 400mg,1x1 sachet,oral,30,2024-11-29,30
RX00360,DGN0243,PAT01172,Loratadine 10mg,2x1 sachet,oral,3,2024-11-29,6
RX00361,DGN0244,PAT00163,Metformin 500mg,3x500mg,oral,7,30/03/2023,21
RX00362,DGN0244,PAT00163,Loperamide 2mg,2x1 sachet,oral,30,30/03/2023,60
RX00363,DGN0245,PAT01521,Oralit sachet,1x1 tablet,oral,30,28/01/2023,30
RX00364,DGN0246,PAT00926,Salep mata gentamicin,Oles 3x sehari,topikal,3,26/11/2022,1
RX00365,DGN0247,PAT01494,Oralit sachet,2x1 tablet,oral,5,29/11/2023,10
RX00366,DGN0247,PAT01494,Dexamethasone inj,Injeksi tunggal,injeksi,14,29/11/2023,4
RX00367,DGN0248,PAT00427,Glibenclamide 5mg,2x500mg,oral,7,2024-09-29,14
RX00368,DGN0249,PAT01868,Omeprazole 20mg,1x1 sachet,oral,30,2024-05-27,30
RX00369,DGN0250,PAT00040,Oralit sachet,3x1 tablet,oral,30,24/02/2024,90
RX00370,DGN0250,PAT00040,Amlodipine 5mg,3x500mg,oral,7,24/02/2024,21
RX00371,DGN0250,PAT00040,Loratadine 10mg,2x500mg,oral,3,24/02/2024,6
RX00372,DGN0251,PAT01735,Domperidone 10mg,1x1 sachet,oral,5,31-05-2024,5
RX00373,DGN0252,PAT01031,Loperamide 2mg,2x1 tablet,oral,3,20-09-2023,6
RX00374,DGN0253,PAT00402,Simvastatin 10mg,3x1 tablet,oral,7,21/12/2024,21
RX00375,DGN0253,PAT00402,Cetirizine 10mg,1x1 sachet,oral,7,21/12/2024,7
RX00376,DGN0254,PAT01122,Antasida,2x500mg,oral,3,19/11/2023,6
RX00377,DGN0254,PAT01122,Budesonide inhaler,2 puff 2x sehari,inhaler,14,19/11/2023,1
RX00378,DGN0255,PAT00303,Salep mata gentamicin,Oles 3x sehari,topikal,14,06/03/2022,1
RX00379,DGN0255,PAT00303,Captopril 25mg,3x1 tablet,oral,7,06/03/2022,21
RX00380,DGN0255,PAT00303,Budesonide inhaler,Inhalasi bila sesak,inhaler,30,06/03/2022,1
RX00381,DGN0256,PAT01843,Salep gatal,Oles 3x sehari,topikal,5,2024-03-09,1
RX00382,DGN0257,PAT01498,ORS pediatric,2x1 sachet,oral,3,12/07/2024,6
RX00383,DGN0258,PAT00115,Budesonide inhaler,2 puff 2x sehari,inhaler,7,04/07/2024,1
RX00384,DGN0259,PAT00747,Budesonide inhaler,Inhalasi bila sesak,inhaler,7,2024-08-26,1
RX00385,DGN0259,PAT00747,Loperamide 2mg,2x500mg,oral,30,2024-08-26,60
RX00386,DGN0260,PAT01140,Ciprofloxacin 500mg,2x1 tablet,oral,5,2024-06-09,10
RX00387,DGN0261,PAT01723,Loperamide 2mg,2x1 sachet,oral,5,2024-11-11,10
RX00388,DGN0261,PAT01723,Salbutamol inhaler,2 puff 3x sehari,inhaler,30,2024-11-11,1
RX00389,DGN0262,PAT00966,Loratadine 10mg,3x500mg,oral,3,2024-05-18,9
RX00390,DGN0263,PAT01769,Oralit sachet,2x1 sachet,oral,30,2024-07-13,60
RX00391,DGN0264,PAT00693,Salbutamol inhaler,2 puff 3x sehari,inhaler,30,2024-09-28,1
RX00392,DGN0265,PAT01904,Ciprofloxacin 500mg,3x500mg,oral,7,2024-01-30,21
RX00393,DGN0266,PAT01671,Ibuprofen 400mg,2x500mg,oral,14,29-04-2024,28
RX00394,DGN0267,PAT01210,Antasida,1x1 sachet,oral,3,2024-08-05,3
RX00395,DGN0268,PAT00362,Salep gatal,Oles 3x sehari,topikal,14,17/12/2024,1
RX00396,DGN0269,PAT01199,Cetirizine 10mg,2x1 tablet,oral,3,23/01/2023,6
RX00397,DGN0270,PAT00772,Ciprofloxacin 500mg,2x500mg,oral,10,02/10/2024,20
RX00398,DGN0271,PAT01712,Metformin 500mg,3x500mg,oral,5,04/11/2024,15
RX00399,DGN0271,PAT01712,Salep hidrokortison,Oles 3x sehari,topikal,30,04/11/2024,1
RX00400,DGN0272,PAT00443,Glibenclamide 5mg,3x1 tablet,oral,10,2024-04-19,30
RX00401,DGN0273,PAT00605,Salbutamol inhaler,2 puff 3x sehari,inhaler,5,2024-10-10,1
RX00402,DGN0273,PAT00605,Dexamethasone inj,Injeksi tunggal,injeksi,5,2024-10-10,1
RX00403,DGN0274,PAT00067,ORS pediatric,2x500mg,oral,30,09/12/2024,60
RX00404,DGN0275,PAT00653,Dexamethasone inj,Injeksi 1x sehari,injeksi,5,06/11/2024,1
RX00405,DGN0276,PAT01588,Salep mata gentamicin,Oles 2x sehari,topikal,5,2024-09-05,1
RX00406,DGN0277,PAT01161,Antibiotik salep,Oles 3x sehari,topikal,30,01/12/2022,1
RX00407,DGN0277,PAT01161,Amlodipine 5mg,2x1 tablet,oral,14,01/12/2022,28
RX00408,DGN0277,PAT01161,Ranitidine 150mg,2x500mg,oral,30,01/12/2022,60
RX00409,DGN0278,PAT01682,Salep gatal,Oles pagi & malam,topikal,3,2023-09-12,1
RX00410,DGN0278,PAT01682,Salep hidrokortison,Oles pagi & malam,topikal,10,2023-09-12,1
RX00411,DGN0279,PAT01039,Captopril 25mg,2x500mg,oral,7,2024-11-18,14
RX00412,DGN0280,PAT00037,Paracetamol 500mg,3x500mg,oral,5,18/12/2023,15
RX00413,DGN0280,PAT00037,Amoxicillin 500mg,2x500mg,oral,30,18/12/2023,60
RX00414,DGN0280,PAT00037,Captopril 25mg,2x1 sachet,oral,5,18/12/2023,10
RX00415,DGN0281,PAT00299,Dexamethasone inj,Injeksi 1x sehari,injeksi,14,26-01-2025,4
RX00416,DGN0281,PAT00299,Antibiotik salep,Oles 3x sehari,topikal,3,26-01-2025,1
RX00417,DGN0282,PAT01074,Glibenclamide 5mg,3x1 tablet,oral,14,25-12-2024,42
RX00418,DGN0283,PAT00263,Antibiotik salep,Oles pagi & malam,topikal,30,31-12-2024,1
RX00419,DGN0284,PAT00779,Paracetamol 500mg,2x1 tablet,oral,3,28/04/2022,6
RX00420,DGN0285,PAT00685,Domperidone 10mg,2x500mg,oral,5,2024-05-25,10
RX00421,DGN0285,PAT00685,Loperamide 2mg,2x1 tablet,oral,3,2024-05-25,6
RX00422,DGN0286,PAT00754,Loperamide 2mg,2x1 sachet,oral,14,2023-11-19,28
RX00423,DGN0287,PAT00822,Loperamide 2mg,2x1 tablet,oral,14,30/08/2023,28
RX00424,DGN0288,PAT01900,Loratadine 10mg,2x500mg,oral,10,2024-11-11,20
RX00425,DGN0289,PAT01390,ORS pediatric,2x1 sachet,oral,10,2024-10-27,20
RX00426,DGN0290,PAT00382,Salep gatal,Oles 2x sehari,topikal,5,26/01/2022,1
RX00427,DGN0290,PAT00382,Omeprazole 20mg,3x500mg,oral,10,26/01/2022,30
RX00428,DGN0290,PAT00382,Antasida,3x1 tablet,oral,5,26/01/2022,15
RX00429,DGN0291,PAT00152,Metformin 500mg,3x1 tablet,oral,14,2024-07-20,42
RX00430,DGN0292,PAT01865,Paracetamol 500mg,2x1 sachet,oral,7,29/12/2024,14
RX00431,DGN0293,PAT01344,Amoxicillin 500mg,1x1 sachet,oral,5,31/03/2024,5
RX00432,DGN0293,PAT01344,Glibenclamide 5mg,2x1 sachet,oral,7,31/03/2024,14
RX00433,DGN0294,PAT00714,Amoxicillin 500mg,2x500mg,oral,30,14/05/2023,60
RX00434,DGN0295,PAT01359,Simvastatin 10mg,2x1 sachet,oral,5,2024-06-25,10
RX00435,DGN0296,PAT01301,Cetirizine 10mg,2x1 sachet,oral,30,2022-07-12,60
RX00436,DGN0296,PAT01301,Salbutamol inhaler,2 puff 2x sehari,inhaler,30,2022-07-12,1
RX00437,DGN0297,PAT00223,Domperidone 10mg,3x500mg,oral,3,01/09/2023,9
RX00438,DGN0297,PAT00223,Dexamethasone inj,Injeksi tunggal,injeksi,5,01/09/2023,1
RX00439,DGN0298,PAT01002,Simvastatin 10mg,2x1 tablet,oral,3,08-11-2023,6
RX00440,DGN0299,PAT01785,Captopril 25mg,2x1 tablet,oral,10,16-08-2023,20
RX00441,DGN0300,PAT01602,Omeprazole 20mg,2x1 sachet,oral,3,2021-11-22,6
RX00442,DGN0300,PAT01602,Simvastatin 10mg,2x500mg,oral,3,2021-11-22,6
RX00443,DGN0301,PAT00708,Glibenclamide 5mg,2x1 sachet,oral,10,2023-11-09,20
RX00444,DGN0302,PAT00186,Mefenamic acid 500mg,2x1 sachet,oral,7,01-02-2022,14
RX00445,DGN0303,PAT01271,Mefenamic acid 500mg,1x1 sachet,oral,3,2022-04-23,3
RX00446,DGN0304,PAT00822,Loratadine 10mg,2x1 sachet,oral,14,08/04/2024,28
RX00447,DGN0305,PAT00586,Captopril 25mg,1x1 tablet,oral,30,2024-11-16,30
RX00448,DGN0306,PAT00053,Vitamin B complex,1x1 sachet,oral,5,25/11/2024,5
RX00449,DGN0306,PAT00053,Ciprofloxacin 500mg,2x1 tablet,oral,7,25/11/2024,14
RX00450,DGN0307,PAT00134,Ciprofloxacin 500mg,2x500mg,oral,14,2022-10-30,28
RX00451,DGN0308,PAT00132,Salbutamol inhaler,2 puff 2x sehari,inhaler,3,2024-12-11,1
RX00452,DGN0309,PAT00005,Salep hidrokortison,Oles 2x sehari,topikal,14,08/04/2023,1
RX00453,DGN0309,PAT00005,Salep gatal,Oles 3x sehari,topikal,3,08/04/2023,1
RX00454,DGN0309,PAT00005,Salep gatal,Oles 2x sehari,topikal,10,08/04/2023,1
RX00455,DGN0310,PAT00056,Domperidone 10mg,2x1 sachet,oral,14,11/09/2024,28
RX00456,DGN0311,PAT01558,Paracetamol 500mg,3x1 tablet,oral,10,2024-07-31,30
RX00457,DGN0311,PAT01558,Antasida,2x500mg,oral,3,2024-07-31,6
RX00458,DGN0312,PAT00146,Amoxicillin 500mg,2x1 tablet,oral,3,29-11-2024,6
RX00459,DGN0313,PAT00094,Salbutamol inhaler,2 puff 2x sehari,inhaler,10,2024-07-25,1
RX00460,DGN0314,PAT00540,Captopril 25mg,2x1 tablet,oral,3,2024-11-13,6
RX00461,DGN0314,PAT00540,Tetes mata,Oles 3x sehari,topikal,5,2024-11-13,1
RX00462,DGN0315,PAT00914,Loperamide 2mg,2x1 tablet,oral,30,30-06-2024,60
RX00463,DGN0316,PAT00291,Loratadine 10mg,1x1 tablet,oral,7,2025-01-16,7
RX00464,DGN0317,PAT00130,Paracetamol 500mg,3x500mg,oral,10,22-10-2023,30
RX00465,DGN0317,PAT00130,Captopril 25mg,1x1 tablet,oral,10,22-10-2023,10
RX00466,DGN0317,PAT00130,Vitamin B complex,2x500mg,oral,14,22-10-2023,28
RX00467,DGN0318,PAT00036,Captopril 25mg,2x1 sachet,oral,7,14/01/2024,14
RX00468,DGN0319,PAT01056,Ciprofloxacin 500mg,2x500mg,oral,14,19/12/2024,28
RX00469,DGN0319,PAT01056,Budesonide inhaler,2 puff 2x sehari,inhaler,7,19/12/2024,1
RX00470,DGN0320,PAT01178,Salep hidrokortison,Oles pagi & malam,topikal,3,2024-12-27,1
RX00471,DGN0320,PAT01178,Salep gatal,Oles 3x sehari,topikal,5,2024-12-27,1
RX00472,DGN0320,PAT01178,Captopril 25mg,1x1 sachet,oral,14,2024-12-27,14
RX00473,DGN0321,PAT01228,Oralit sachet,1x1 tablet,oral,5,02-04-2024,5
RX00474,DGN0322,PAT00987,Cetirizine 10mg,3x1 tablet,oral,5,27/12/2023,15
RX00475,DGN0323,PAT00135,Domperidone 10mg,3x500mg,oral,30,31/10/2023,90
RX00476,DGN0323,PAT00135,Ibuprofen 400mg,2x1 sachet,oral,10,31/10/2023,20
RX00477,DGN0323,PAT00135,Paracetamol 500mg,3x1 tablet,oral,3,31/10/2023,9
RX00478,DGN0324,PAT00926,Cetirizine 10mg,2x1 tablet,oral,5,2022-06-24,10
RX00479,DGN0325,PAT01974,Domperidone 10mg,2x500mg,oral,3,20/02/2024,6
RX00480,DGN0326,PAT01985,Omeprazole 20mg,1x1 sachet,oral,3,21-10-2022,3
RX00481,DGN0326,PAT01985,Loratadine 10mg,2x1 sachet,oral,3,21-10-2022,6
RX00482,DGN0327,PAT00169,Ibuprofen 400mg,1x1 sachet,oral,14,13/10/2024,14
RX00483,DGN0328,PAT00973,Vitamin B complex,1x1 tablet,oral,5,2022-12-08,5
RX00484,DGN0329,PAT01907,Dexamethasone inj,Injeksi tunggal,injeksi,30,05/11/2023,10
RX00485,DGN0330,PAT00598,Salbutamol inhaler,2 puff 2x sehari,inhaler,3,12-05-2024,1
RX00486,DGN0331,PAT01436,Ranitidine 150mg,1x1 sachet,oral,7,13/07/2022,7
RX00487,DGN0331,PAT01436,Metformin 500mg,1x1 sachet,oral,7,13/07/2022,7
RX00488,DGN0332,PAT01007,Antibiotik salep,Oles 2x sehari,topikal,5,2024-10-04,1
RX00489,DGN0333,PAT00639,Metformin 500mg,2x1 tablet,oral,14,19-08-2023,28
RX00490,DGN0333,PAT00639,Ibuprofen 400mg,3x500mg,oral,30,19-08-2023,90
RX00491,DGN0333,PAT00639,Amoxicillin 500mg,2x1 sachet,oral,7,19-08-2023,14
RX00492,DGN0334,PAT00416,Omeprazole 20mg,1x1 sachet,oral,3,2024-07-21,3
RX00493,DGN0334,PAT00416,Salep hidrokortison,Oles 3x sehari,topikal,5,2024-07-21,1
RX00494,DGN0335,PAT00515,Glibenclamide 5mg,2x1 sachet,oral,30,23/05/2024,60
RX00495,DGN0336,PAT00228,Salbutamol inhaler,2 puff 2x sehari,inhaler,10,16/06/2024,1
RX00496,DGN0336,PAT00228,Salep hidrokortison,Oles 2x sehari,topikal,5,16/06/2024,1
RX00497,DGN0337,PAT01254,Salbutamol inhaler,2 puff 2x sehari,inhaler,14,09-11-2024,1
RX00498,DGN0338,PAT01195,Ranitidine 150mg,3x1 tablet,oral,3,20-05-2023,9
RX00499,DGN0339,PAT00832,Salep gatal,Oles 2x sehari,topikal,14,2024-05-12,1
RX00500,DGN0339,PAT00832,Amoxicillin 500mg,2x1 tablet,oral,3,2024-05-12,6
RX00501,DGN0340,PAT01196,Salep hidrokortison,Oles 2x sehari,topikal,14,22-08-2024,1
RX00502,DGN0340,PAT01196,Budesonide inhaler,Inhalasi bila sesak,inhaler,7,22-08-2024,1
RX00503,DGN0340,PAT01196,Cetirizine 10mg,3x500mg,oral,5,22-08-2024,15
RX00504,DGN0341,PAT00688,Amlodipine 5mg,3x1 tablet,oral,30,2024-03-11,90
RX00505,DGN0341,PAT00688,Glibenclamide 5mg,1x1 tablet,oral,10,2024-03-11,10
RX00506,DGN0342,PAT01173,Antasida,1x1 tablet,oral,30,23-04-2023,30
RX00507,DGN0343,PAT00389,Vitamin B complex,2x1 tablet,oral,5,05/06/2024,10
RX00508,DGN0344,PAT01050,ORS pediatric,2x500mg,oral,3,29/06/2024,6
RX00509,DGN0345,PAT00018,Vitamin C 500mg,3x1 tablet,oral,5,08/05/2023,15
RX00510,DGN0345,PAT00018,Vitamin B complex,1x1 sachet,oral,3,08/05/2023,3
RX00511,DGN0346,PAT01291,Antasida,2x1 sachet,oral,14,2022-01-12,28
RX00512,DGN0346,PAT01291,Antasida,3x500mg,oral,10,2022-01-12,30
RX00513,DGN0347,PAT00846,Antasida,2x500mg,oral,30,24/12/2024,60
RX00514,DGN0347,PAT00846,Vitamin B complex,2x1 tablet,oral,10,24/12/2024,20
RX00515,DGN0348,PAT01778,Loperamide 2mg,3x1 tablet,oral,10,2024-02-06,30
RX00516,DGN0349,PAT01633,Simvastatin 10mg,3x500mg,oral,14,2024-10-04,42
RX00517,DGN0350,PAT00369,Antibiotik salep,Oles pagi & malam,topikal,10,2023-02-24,1
RX00518,DGN0351,PAT00584,Salbutamol inhaler,2 puff 3x sehari,inhaler,5,13-08-2024,1
RX00519,DGN0351,PAT00584,Antasida,1x1 sachet,oral,10,13-08-2024,10
RX00520,DGN0352,PAT01176,Oralit sachet,1x1 sachet,oral,7,27-04-2024,7
RX00521,DGN0353,PAT00039,Loratadine 10mg,1x1 tablet,oral,3,2024-07-02,3
RX00522,DGN0353,PAT00039,Glibenclamide 5mg,2x1 sachet,oral,10,2024-07-02,20
RX00523,DGN0353,PAT00039,Glibenclamide 5mg,3x500mg,oral,7,2024-07-02,21
RX00524,DGN0354,PAT00841,Tetes mata,Oles 3x sehari,topikal,7,2022-05-01,1
RX00525,DGN0355,PAT00193,Salep gatal,Oles pagi & malam,topikal,14,24/05/2024,1
RX00526,DGN0355,PAT00193,Cetirizine 10mg,1x1 tablet,oral,14,24/05/2024,14
RX00527,DGN0355,PAT00193,Antasida,2x1 tablet,oral,5,24/05/2024,10
RX00528,DGN0356,PAT00329,Loperamide 2mg,3x1 tablet,oral,14,09-03-2024,42
RX00529,DGN0356,PAT00329,Paracetamol 500mg,2x1 sachet,oral,3,09-03-2024,6
RX00530,DGN0356,PAT00329,Cetirizine 10mg,2x500mg,oral,30,09-03-2024,60
RX00531,DGN0357,PAT00519,Vitamin B complex,1x1 tablet,oral,30,2022-11-12,30
RX00532,DGN0358,PAT00665,Budesonide inhaler,2 puff 3x sehari,inhaler,7,16/02/2024,1
RX00533,DGN0359,PAT00560,Loratadine 10mg,3x1 tablet,oral,10,2024-03-11,30
RX00534,DGN0360,PAT01244,Oralit sachet,1x1 tablet,oral,30,2024-11-06,30
RX00535,DGN0361,PAT01958,Antasida,2x1 tablet,oral,3,2024-03-30,6
RX00536,DGN0361,PAT01958,Amoxicillin 500mg,1x1 tablet,oral,10,2024-03-30,10
RX00537,DGN0361,PAT01958,Asam folat,1x1 sachet,oral,7,2024-03-30,7
RX00538,DGN0362,PAT01610,Amlodipine 5mg,3x1 tablet,oral,30,19-09-2023,90
RX00539,DGN0363,PAT01457,Salbutamol inhaler,2 puff 2x sehari,inhaler,7,2024-07-19,1
RX00540,DGN0364,PAT00610,Ibuprofen 400mg,3x1 tablet,oral,30,2023-11-10,90
RX00541,DGN0365,PAT01865,Amoxicillin 500mg,2x1 tablet,oral,14,2023-02-08,28
RX00542,DGN0366,PAT00647,Salbutamol inhaler,2 puff 2x sehari,inhaler,3,24/07/2023,1
RX00543,DGN0366,PAT00647,Omeprazole 20mg,2x1 sachet,oral,14,24/07/2023,28
RX00544,DGN0367,PAT01340,Cetirizine 10mg,2x500mg,oral,14,12-07-2023,28
RX00545,DGN0368,PAT00608,Domperidone 10mg,2x1 tablet,oral,5,2023-11-28,10
RX00546,DGN0369,PAT01441,Tetes mata,Oles pagi & malam,topikal,3,04/12/2022,1
RX00547,DGN0370,PAT00814,Metformin 500mg,3x1 tablet,oral,5,11-04-2023,15
RX00548,DGN0371,PAT00219,Ciprofloxacin 500mg,2x1 sachet,oral,3,2021-12-02,6
RX00549,DGN0371,PAT00219,Salep hidrokortison,Oles 2x sehari,topikal,5,2021-12-02,1
RX00550,DGN0372,PAT01356,Oralit sachet,3x500mg,oral,3,2022-09-21,9
RX00551,DGN0373,PAT01378,Loratadine 10mg,2x1 sachet,oral,5,2024-11-06,10
RX00552,DGN0374,PAT01340,Antasida,3x1 tablet,oral,14,07/03/2022,42
RX00553,DGN0375,PAT00903,Dexamethasone inj,Injeksi 1x sehari,injeksi,5,24-08-2023,1
RX00554,DGN0375,PAT00903,Cetirizine 10mg,2x1 tablet,oral,3,24-08-2023,6
RX00555,DGN0376,PAT01384,Vitamin B complex,2x1 tablet,oral,3,2024-06-24,6
RX00556,DGN0377,PAT01242,Domperidone 10mg,2x1 tablet,oral,5,2024-04-06,10
RX00557,DGN0377,PAT01242,Ciprofloxacin 500mg,3x500mg,oral,7,2024-04-06,21
RX00558,DGN0377,PAT01242,Dexamethasone inj,Injeksi tunggal,injeksi,5,2024-04-06,1
RX00559,DGN0378,PAT00401,Tetes mata,Oles 2x sehari,topikal,14,2024-07-12,1
RX00560,DGN0379,PAT00489,Metformin 500mg,1x1 sachet,oral,14,2024-12-24,14
RX00561,DGN0380,PAT01384,ORS pediatric,2x500mg,oral,7,2024-11-19,14
RX00562,DGN0381,PAT01636,Simvastatin 10mg,2x1 tablet,oral,30,21/11/2024,60
RX00563,DGN0382,PAT00074,Antibiotik salep,Oles 3x sehari,topikal,14,21/11/2024,1
RX00564,DGN0382,PAT00074,Salep gatal,Oles pagi & malam,topikal,3,21/11/2024,1
RX00565,DGN0383,PAT01402,Ibuprofen 400mg,3x1 tablet,oral,10,2024-05-13,30
RX00566,DGN0384,PAT01498,Salep gatal,Oles 3x sehari,topikal,5,2023-12-28,1
RX00567,DGN0384,PAT01498,Mefenamic acid 500mg,3x500mg,oral,10,2023-12-28,30
RX00568,DGN0385,PAT00878,ORS pediatric,2x500mg,oral,7,29-11-2024,14
RX00569,DGN0386,PAT00102,Domperidone 10mg,3x500mg,oral,14,18-08-2023,42
RX00570,DGN0386,PAT00102,Captopril 25mg,3x1 tablet,oral,14,18-08-2023,42
RX00571,DGN0387,PAT00706,Antasida,3x500mg,oral,30,04/04/2023,90
RX00572,DGN0388,PAT00900,Domperidone 10mg,1x1 tablet,oral,30,2021-10-24,30
RX00573,DGN0388,PAT00900,Vitamin C 500mg,2x1 sachet,oral,10,2021-10-24,20
RX00574,DGN0388,PAT00900,ORS pediatric,2x500mg,oral,5,2021-10-24,10
RX00575,DGN0389,PAT01790,Salep mata gentamicin,Oles 3x sehari,topikal,5,2023-04-21,1
RX00576,DGN0390,PAT00223,Amoxicillin 500mg,2x1 sachet,oral,30,05-03-2023,60
RX00577,DGN0390,PAT00223,Amoxicillin 500mg,2x1 tablet,oral,14,05-03-2023,28
RX00578,DGN0391,PAT00800,Simvastatin 10mg,3x1 tablet,oral,3,2024-11-02,9
RX00579,DGN0391,PAT00800,Omeprazole 20mg,2x500mg,oral,3,2024-11-02,6
RX00580,DGN0392,PAT01240,Metformin 500mg,3x1 tablet,oral,10,2023-12-19,30
RX00581,DGN0393,PAT01681,Paracetamol 500mg,1x1 tablet,oral,30,2022-02-15,30
RX00582,DGN0394,PAT01986,Vitamin C 500mg,1x1 sachet,oral,30,20-10-2024,30
RX00583,DGN0394,PAT01986,Loperamide 2mg,3x500mg,oral,5,20-10-2024,15
RX00584,DGN0395,PAT01364,Vitamin B complex,3x1 tablet,oral,7,16/09/2021,21
RX00585,DGN0396,PAT00489,Oralit sachet,1x1 sachet,oral,10,2024-11-10,10
RX00586,DGN0397,PAT00202,Omeprazole 20mg,3x1 tablet,oral,10,06/06/2024,30
RX00587,DGN0397,PAT00202,Asam folat,2x1 tablet,oral,14,06/06/2024,28
RX00588,DGN0398,PAT01903,Domperidone 10mg,3x1 tablet,oral,30,07-03-2024,90
RX00589,DGN0398,PAT01903,Antasida,3x500mg,oral,30,07-03-2024,90
RX00590,DGN0399,PAT01245,Metformin 500mg,3x500mg,oral,5,03-07-2022,15
RX00591,DGN0400,PAT00065,Vitamin B complex,3x1 tablet,oral,3,25/07/2022,9
RX00592,DGN0401,PAT00135,Budesonide inhaler,2 puff 2x sehari,inhaler,3,15/10/2023,1
RX00593,DGN0401,PAT00135,Mefenamic acid 500mg,3x500mg,oral,30,15/10/2023,90
RX00594,DGN0402,PAT01479,Salbutamol inhaler,2 puff 2x sehari,inhaler,30,19-07-2022,1
RX00595,DGN0402,PAT01479,Loratadine 10mg,3x1 tablet,oral,30,19-07-2022,90
RX00596,DGN0402,PAT01479,Simvastatin 10mg,3x500mg,oral,3,19-07-2022,9
RX00597,DGN0403,PAT00314,Vitamin C 500mg,1x1 tablet,oral,14,2022-06-07,14
RX00598,DGN0404,PAT01460,ORS pediatric,1x1 sachet,oral,14,21/09/2024,14
RX00599,DGN0404,PAT01460,Vitamin C 500mg,1x1 sachet,oral,7,21/09/2024,7
RX00600,DGN0404,PAT01460,Loperamide 2mg,1x1 sachet,oral,7,21/09/2024,7
RX00601,DGN0405,PAT01478,Omeprazole 20mg,1x1 tablet,oral,7,2024-03-04,7
RX00602,DGN0406,PAT01000,Loratadine 10mg,1x1 sachet,oral,14,07/06/2024,14
RX00603,DGN0407,PAT00827,Vitamin B complex,3x500mg,oral,7,21/03/2024,21
RX00604,DGN0407,PAT00827,Salep gatal,Oles 3x sehari,topikal,5,21/03/2024,1
RX00605,DGN0408,PAT00560,Vitamin C 500mg,1x1 sachet,oral,7,29-07-2024,7
RX00606,DGN0409,PAT01930,Cetirizine 10mg,3x500mg,oral,7,27/01/2024,21
RX00607,DGN0410,PAT01917,Dexamethasone inj,Injeksi 1x sehari,injeksi,10,20/05/2024,3
RX00608,DGN0410,PAT01917,Budesonide inhaler,2 puff 3x sehari,inhaler,3,20/05/2024,1
RX00609,DGN0411,PAT00328,Cetirizine 10mg,1x1 tablet,oral,7,2023-09-13,7
RX00610,DGN0412,PAT00707,Budesonide inhaler,Inhalasi bila sesak,inhaler,5,07/06/2022,1
RX00611,DGN0413,PAT01501,Antasida,3x1 tablet,oral,5,07/08/2023,15
RX00612,DGN0413,PAT01501,Simvastatin 10mg,2x500mg,oral,3,07/08/2023,6
RX00613,DGN0413,PAT01501,Vitamin C 500mg,3x500mg,oral,14,07/08/2023,42
RX00614,DGN0414,PAT01269,Salep gatal,Oles 3x sehari,topikal,5,2024-04-19,1
RX00615,DGN0415,PAT01414,Vitamin B complex,1x1 sachet,oral,7,2024-09-29,7
RX00616,DGN0416,PAT00984,Salep mata gentamicin,Oles pagi & malam,topikal,10,20/02/2023,1
RX00617,DGN0417,PAT01952,Antasida,3x1 tablet,oral,7,2024-11-12,21
RX00618,DGN0417,PAT01952,Glibenclamide 5mg,1x1 sachet,oral,10,2024-11-12,10
RX00619,DGN0417,PAT01952,Vitamin B complex,2x1 sachet,oral,30,2024-11-12,60
RX00620,DGN0418,PAT00993,Cetirizine 10mg,3x500mg,oral,30,2024-07-25,90
RX00621,DGN0418,PAT00993,Ranitidine 150mg,1x1 tablet,oral,5,2024-07-25,5
RX00622,DGN0419,PAT01430,Cetirizine 10mg,2x1 tablet,oral,7,06/09/2023,14
RX00623,DGN0419,PAT01430,Ciprofloxacin 500mg,2x1 tablet,oral,14,06/09/2023,28
RX00624,DGN0420,PAT01805,Antibiotik salep,Oles 3x sehari,topikal,3,11/05/2023,1
RX00625,DGN0420,PAT01805,Asam folat,3x1 tablet,oral,7,11/05/2023,21
RX00626,DGN0421,PAT00928,Antasida,2x1 sachet,oral,5,2024-02-11,10
RX00627,DGN0422,PAT01977,Dexamethasone inj,Injeksi tunggal,injeksi,7,2024-04-02,2
RX00628,DGN0423,PAT01073,Salep gatal,Oles 3x sehari,topikal,3,09-09-2023,1
RX00629,DGN0424,PAT01257,Metformin 500mg,3x1 tablet,oral,30,2024-02-02,90
RX00630,DGN0425,PAT01940,Salep mata gentamicin,Oles pagi & malam,topikal,7,2023-07-02,1
RX00631,DGN0426,PAT00794,Oralit sachet,2x500mg,oral,10,03/10/2024,20
RX00632,DGN0426,PAT00794,Loratadine 10mg,2x1 tablet,oral,10,03/10/2024,20
RX00633,DGN0426,PAT00794,Metformin 500mg,1x1 tablet,oral,30,03/10/2024,30
RX00634,DGN0427,PAT00943,Budesonide inhaler,2 puff 3x sehari,inhaler,5,2024-09-07,1
RX00635,DGN0427,PAT00943,Antasida,2x1 sachet,oral,30,2024-09-07,60
RX00636,DGN0428,PAT00054,Omeprazole 20mg,3x500mg,oral,7,2025-01-29,21
RX00637,DGN0429,PAT01014,Ibuprofen 400mg,2x1 tablet,oral,30,04/05/2024,60
RX00638,DGN0430,PAT01705,Amoxicillin 500mg,3x1 tablet,oral,10,14/12/2024,30
RX00639,DGN0431,PAT00592,Salep gatal,Oles pagi & malam,topikal,30,17/08/2024,1
RX00640,DGN0432,PAT00848,Ranitidine 150mg,3x500mg,oral,14,22-01-2024,42
RX00641,DGN0432,PAT00848,Ciprofloxacin 500mg,1x1 tablet,oral,5,22-01-2024,5
RX00642,DGN0433,PAT01087,Salep hidrokortison,Oles 3x sehari,topikal,7,29-07-2024,1
RX00643,DGN0433,PAT01087,Loperamide 2mg,2x1 sachet,oral,14,29-07-2024,28
RX00644,DGN0434,PAT01891,Salep gatal,Oles pagi & malam,topikal,5,2023-03-18,1
RX00645,DGN0435,PAT00283,ORS pediatric,1x1 tablet,oral,5,2023-07-30,5
RX00646,DGN0436,PAT00003,Salep gatal,Oles pagi & malam,topikal,30,2024-06-11,1
RX00647,DGN0437,PAT00014,Glibenclamide 5mg,2x500mg,oral,10,06-11-2023,20
RX00648,DGN0438,PAT00009,Vitamin C 500mg,2x1 tablet,oral,30,2024-09-11,60
RX00649,DGN0439,PAT01661,Amlodipine 5mg,3x500mg,oral,3,2024-02-24,9
RX00650,DGN0439,PAT01661,Budesonide inhaler,2 puff 2x sehari,inhaler,14,2024-02-24,1
RX00651,DGN0440,PAT01447,Simvastatin 10mg,1x1 sachet,oral,14,20/11/2023,14
RX00652,DGN0440,PAT01447,Vitamin B complex,2x1 sachet,oral,3,20/11/2023,6
RX00653,DGN0440,PAT01447,Captopril 25mg,1x1 tablet,oral,7,20/11/2023,7
RX00654,DGN0441,PAT01082,Ibuprofen 400mg,2x1 sachet,oral,14,18/07/2024,28
RX00655,DGN0442,PAT00507,Salep mata gentamicin,Oles 2x sehari,topikal,30,31/05/2024,1
RX00656,DGN0443,PAT00490,Antibiotik salep,Oles 3x sehari,topikal,3,25-09-2024,1
RX00657,DGN0444,PAT01327,Paracetamol 500mg,1x1 tablet,oral,5,22/07/2024,5
RX00658,DGN0444,PAT01327,Loratadine 10mg,2x1 sachet,oral,5,22/07/2024,10
RX00659,DGN0445,PAT00419,Vitamin C 500mg,1x1 tablet,oral,10,01-11-2022,10
RX00660,DGN0446,PAT00112,Mefenamic acid 500mg,2x500mg,oral,5,2023-11-08,10
RX00661,DGN0447,PAT00340,Loperamide 2mg,2x1 sachet,oral,7,2024-09-11,14
RX00662,DGN0448,PAT01905,Budesonide inhaler,2 puff 2x sehari,inhaler,14,04/11/2024,1
RX00663,DGN0449,PAT01485,Glibenclamide 5mg,2x1 tablet,oral,14,29-11-2021,28
RX00664,DGN0449,PAT01485,ORS pediatric,2x1 sachet,oral,7,29-11-2021,14
RX00665,DGN0450,PAT00460,Loperamide 2mg,1x1 tablet,oral,3,30/07/2021,3
RX00666,DGN0451,PAT00906,Salep gatal,Oles 3x sehari,topikal,30,12-05-2023,1
RX00667,DGN0452,PAT00851,Omeprazole 20mg,3x500mg,oral,14,01-08-2022,42
RX00668,DGN0453,PAT01465,Omeprazole 20mg,2x500mg,oral,3,06/05/2024,6
RX00669,DGN0453,PAT01465,Ciprofloxacin 500mg,2x1 sachet,oral,5,06/05/2024,10
RX00670,DGN0453,PAT01465,Dexamethasone inj,Injeksi 1x sehari,injeksi,30,06/05/2024,10
RX00671,DGN0454,PAT01921,Amlodipine 5mg,3x1 tablet,oral,3,2024-01-04,9
RX00672,DGN0454,PAT01921,Salep gatal,Oles pagi & malam,topikal,7,2024-01-04,1
RX00673,DGN0454,PAT01921,Loperamide 2mg,3x500mg,oral,7,2024-01-04,21
RX00674,DGN0455,PAT00460,Dexamethasone inj,Injeksi tunggal,injeksi,10,09/08/2024,3
RX00675,DGN0456,PAT01934,Metformin 500mg,2x500mg,oral,14,2021-11-23,28
RX00676,DGN0457,PAT00425,Oralit sachet,1x1 tablet,oral,5,11-02-2024,5
RX00677,DGN0458,PAT00797,Glibenclamide 5mg,2x1 tablet,oral,3,2021-10-27,6
RX00678,DGN0459,PAT01029,Tetes mata,Oles 2x sehari,topikal,30,2024-02-08,1
RX00679,DGN0460,PAT00746,Antasida,3x1 tablet,oral,30,2024-11-20,90
RX00680,DGN0461,PAT01690,Vitamin B complex,2x1 tablet,oral,30,30/08/2024,60
RX00681,DGN0462,PAT01375,Ciprofloxacin 500mg,1x1 tablet,oral,7,17/07/2023,7
RX00682,DGN0462,PAT01375,Antibiotik salep,Oles pagi & malam,topikal,30,17/07/2023,1
RX00683,DGN0463,PAT01890,Antasida,1x1 sachet,oral,3,2023-03-01,3
RX00684,DGN0464,PAT01874,Metformin 500mg,2x1 sachet,oral,30,2024-05-28,60
RX00685,DGN0464,PAT01874,Glibenclamide 5mg,2x500mg,oral,7,2024-05-28,14
RX00686,DGN0465,PAT01148,Ranitidine 150mg,2x1 tablet,oral,5,18-12-2023,10
RX00687,DGN0465,PAT01148,Vitamin C 500mg,3x1 tablet,oral,30,18-12-2023,90
RX00688,DGN0466,PAT00314,Mefenamic acid 500mg,1x1 sachet,oral,14,2022-07-26,14
RX00689,DGN0467,PAT01031,Budesonide inhaler,2 puff 2x sehari,inhaler,14,2024-10-31,1
RX00690,DGN0468,PAT01269,Metformin 500mg,3x500mg,oral,10,28/11/2023,30
RX00691,DGN0468,PAT01269,Paracetamol 500mg,3x500mg,oral,14,28/11/2023,42
RX00692,DGN0468,PAT01269,Antibiotik salep,Oles 2x sehari,topikal,30,28/11/2023,1
RX00693,DGN0469,PAT01629,Asam folat,2x1 tablet,oral,5,2021-09-26,10
RX00694,DGN0469,PAT01629,Budesonide inhaler,2 puff 3x sehari,inhaler,30,2021-09-26,1
RX00695,DGN0470,PAT00153,Antibiotik salep,Oles 2x sehari,topikal,10,2023-02-25,1
RX00696,DGN0471,PAT01695,Domperidone 10mg,1x1 sachet,oral,14,21-03-2023,14
RX00697,DGN0472,PAT01376,Loperamide 2mg,1x1 sachet,oral,10,2024-12-23,10
RX00698,DGN0473,PAT01664,Asam folat,3x1 tablet,oral,7,30/03/2023,21
RX00699,DGN0473,PAT01664,Antibiotik salep,Oles 2x sehari,topikal,10,30/03/2023,1
RX00700,DGN0474,PAT00217,Cetirizine 10mg,2x500mg,oral,10,24/02/2023,20
RX00701,DGN0475,PAT00474,Mefenamic acid 500mg,3x1 tablet,oral,7,15/05/2024,21
RX00702,DGN0475,PAT00474,Amlodipine 5mg,1x1 sachet,oral,7,15/05/2024,7
RX00703,DGN0476,PAT00369,Mefenamic acid 500mg,3x1 tablet,oral,14,2023-06-12,42
RX00704,DGN0477,PAT00053,Dexamethasone inj,Injeksi tunggal,injeksi,5,28-07-2023,1
RX00705,DGN0478,PAT00732,Vitamin C 500mg,2x1 sachet,oral,7,22-09-2023,14
RX00706,DGN0478,PAT00732,Paracetamol 500mg,1x1 tablet,oral,10,22-09-2023,10
RX00707,DGN0478,PAT00732,Salbutamol inhaler,2 puff 3x sehari,inhaler,14,22-09-2023,1
RX00708,DGN0479,PAT00308,Ranitidine 150mg,2x1 sachet,oral,30,26/11/2023,60
RX00709,DGN0479,PAT00308,Paracetamol 500mg,3x500mg,oral,5,26/11/2023,15
RX00710,DGN0479,PAT00308,Captopril 25mg,1x1 tablet,oral,10,26/11/2023,10
RX00711,DGN0480,PAT01420,Oralit sachet,3x500mg,oral,14,01/03/2024,42
RX00712,DGN0481,PAT01213,Loratadine 10mg,3x1 tablet,oral,30,11-09-2024,90
RX00713,DGN0482,PAT00062,Dexamethasone inj,Injeksi 1x sehari,injeksi,14,2024-04-19,4
RX00714,DGN0482,PAT00062,Glibenclamide 5mg,2x1 sachet,oral,10,2024-04-19,20
RX00715,DGN0483,PAT00718,ORS pediatric,2x1 sachet,oral,14,2025-01-24,28
RX00716,DGN0484,PAT01195,Captopril 25mg,2x1 sachet,oral,7,2024-12-18,14
RX00717,DGN0484,PAT01195,Mefenamic acid 500mg,2x1 tablet,oral,5,2024-12-18,10
RX00718,DGN0485,PAT00509,Tetes mata,Oles pagi & malam,topikal,10,23/07/2023,1
RX00719,DGN0486,PAT01106,Amlodipine 5mg,3x500mg,oral,14,16/10/2023,42
RX00720,DGN0487,PAT01467,Omeprazole 20mg,2x1 tablet,oral,3,2023-12-30,6
RX00721,DGN0488,PAT00836,Budesonide inhaler,2 puff 2x sehari,inhaler,7,16/01/2022,1
RX00722,DGN0488,PAT00836,Simvastatin 10mg,1x1 tablet,oral,5,16/01/2022,5
RX00723,DGN0489,PAT01955,Oralit sachet,3x500mg,oral,30,2022-07-29,90
RX00724,DGN0490,PAT00048,Tetes mata,Oles pagi & malam,topikal,7,2022-03-06,1
RX00725,DGN0491,PAT01300,Omeprazole 20mg,1x1 sachet,oral,30,2023-05-20,30
RX00726,DGN0492,PAT01917,Loratadine 10mg,2x1 tablet,oral,5,25-07-2024,10
RX00727,DGN0492,PAT01917,Ranitidine 150mg,1x1 tablet,oral,30,25-07-2024,30
RX00728,DGN0493,PAT01317,ORS pediatric,2x1 tablet,oral,14,2024-08-08,28
RX00729,DGN0494,PAT01031,Amlodipine 5mg,2x1 sachet,oral,5,27-01-2024,10
RX00730,DGN0494,PAT01031,Antibiotik salep,Oles 3x sehari,topikal,3,27-01-2024,1
RX00731,DGN0495,PAT01299,Captopril 25mg,2x1 tablet,oral,10,2023-05-02,20
RX00732,DGN0496,PAT00736,Loperamide 2mg,3x500mg,oral,14,29-08-2024,42
RX00733,DGN0496,PAT00736,Glibenclamide 5mg,3x500mg,oral,7,29-08-2024,21
RX00734,DGN0497,PAT00525,Ciprofloxacin 500mg,3x1 tablet,oral,10,2024-02-09,30
RX00735,DGN0498,PAT00327,Metformin 500mg,2x1 tablet,oral,14,02-05-2024,28
RX00736,DGN0498,PAT00327,Loratadine 10mg,3x500mg,oral,14,02-05-2024,42
RX00737,DGN0499,PAT00590,Ranitidine 150mg,2x1 tablet,oral,5,22-09-2023,10
RX00738,DGN0499,PAT00590,Dexamethasone inj,Injeksi 1x sehari,injeksi,10,22-09-2023,3
RX00739,DGN0500,PAT01070,Antasida,3x500mg,oral,5,01-08-2024,15
RX00740,DGN0500,PAT01070,Ciprofloxacin 500mg,2x500mg,oral,7,01-08-2024,14
RX00741,DGN0500,PAT01070,Vitamin B complex,3x1 tablet,oral,3,01-08-2024,9
RX00742,DGN0501,PAT01850,Domperidone 10mg,2x1 sachet,oral,5,2025-01-02,10
RX00743,DGN0502,PAT00719,Cetirizine 10mg,2x1 sachet,oral,7,2024-08-30,14
RX00744,DGN0503,PAT00455,Vitamin B complex,3x1 tablet,oral,7,07/11/2024,21
RX00745,DGN0504,PAT00483,Cetirizine 10mg,1x1 tablet,oral,10,2024-05-17,10
RX00746,DGN0504,PAT00483,Antibiotik salep,Oles 2x sehari,topikal,30,2024-05-17,1
RX00747,DGN0505,PAT01130,Ranitidine 150mg,2x500mg,oral,14,2023-11-27,28
RX00748,DGN0506,PAT00071,Vitamin B complex,3x1 tablet,oral,14,2023-10-23,42
RX00749,DGN0507,PAT01378,Loratadine 10mg,2x1 tablet,oral,3,2024-06-20,6
RX00750,DGN0508,PAT00009,Paracetamol 500mg,2x500mg,oral,30,08/12/2022,60
RX00751,DGN0508,PAT00009,Ciprofloxacin 500mg,1x1 sachet,oral,5,08/12/2022,5
RX00752,DGN0509,PAT01319,Antibiotik salep,Oles 3x sehari,topikal,3,02/08/2022,1
RX00753,DGN0509,PAT01319,Amoxicillin 500mg,1x1 sachet,oral,10,02/08/2022,10
RX00754,DGN0510,PAT01325,Oralit sachet,1x1 tablet,oral,14,2024-02-21,14
RX00755,DGN0511,PAT01473,Ibuprofen 400mg,1x1 tablet,oral,3,2024-02-09,3
RX00756,DGN0511,PAT01473,Simvastatin 10mg,3x1 tablet,oral,10,2024-02-09,30
RX00757,DGN0512,PAT00738,Ibuprofen 400mg,2x500mg,oral,5,2022-10-18,10
RX00758,DGN0513,PAT00686,Glibenclamide 5mg,3x1 tablet,oral,3,2024-05-26,9
RX00759,DGN0514,PAT00920,Vitamin C 500mg,2x1 sachet,oral,10,10/07/2023,20
RX00760,DGN0515,PAT01356,Budesonide inhaler,Inhalasi bila sesak,inhaler,10,10-11-2024,1
RX00761,DGN0516,PAT01176,Vitamin C 500mg,3x1 tablet,oral,3,19-07-2024,9
RX00762,DGN0516,PAT01176,Ranitidine 150mg,2x1 tablet,oral,3,19-07-2024,6
RX00763,DGN0517,PAT00488,Loratadine 10mg,3x1 tablet,oral,3,2024-09-03,9
RX00764,DGN0518,PAT00085,Salep hidrokortison,Oles 2x sehari,topikal,14,22/10/2023,1
RX00765,DGN0519,PAT00979,Ciprofloxacin 500mg,1x1 sachet,oral,30,2022-04-06,30
RX00766,DGN0520,PAT00329,Domperidone 10mg,1x1 sachet,oral,7,25-06-2024,7
RX00767,DGN0520,PAT00329,Ibuprofen 400mg,3x1 tablet,oral,5,25-06-2024,15
RX00768,DGN0520,PAT00329,Loratadine 10mg,1x1 sachet,oral,10,25-06-2024,10
RX00769,DGN0521,PAT01709,Paracetamol 500mg,1x1 sachet,oral,3,2022-10-31,3
RX00770,DGN0522,PAT00113,Amlodipine 5mg,3x1 tablet,oral,7,2024-09-17,21
RX00771,DGN0522,PAT00113,Ranitidine 150mg,3x500mg,oral,14,2024-09-17,42
RX00772,DGN0523,PAT01420,Amlodipine 5mg,3x1 tablet,oral,3,25-04-2023,9
RX00773,DGN0524,PAT01784,Vitamin B complex,3x500mg,oral,30,29/06/2022,90
RX00774,DGN0525,PAT01474,Ranitidine 150mg,3x500mg,oral,3,02-06-2024,9
RX00775,DGN0525,PAT01474,Tetes mata,Oles 3x sehari,topikal,30,02-06-2024,1
RX00776,DGN0525,PAT01474,Salep gatal,Oles 2x sehari,topikal,7,02-06-2024,1
RX00777,DGN0526,PAT00474,Loperamide 2mg,3x1 tablet,oral,5,29-09-2024,15
RX00778,DGN0527,PAT01644,Glibenclamide 5mg,3x500mg,oral,5,30/11/2022,15
RX00779,DGN0528,PAT00022,Glibenclamide 5mg,2x1 tablet,oral,5,2024-07-04,10
RX00780,DGN0529,PAT01121,Mefenamic acid 500mg,3x1 tablet,oral,14,24/12/2024,42
RX00781,DGN0530,PAT00001,Ranitidine 150mg,2x1 sachet,oral,3,14-10-2022,6
RX00782,DGN0531,PAT00506,Metformin 500mg,3x500mg,oral,5,30-06-2024,15
RX00783,DGN0532,PAT00114,Mefenamic acid 500mg,3x500mg,oral,30,02-01-2025,90
RX00784,DGN0533,PAT01279,Vitamin C 500mg,3x1 tablet,oral,30,2024-04-18,90
RX00785,DGN0533,PAT01279,Budesonide inhaler,2 puff 2x sehari,inhaler,7,2024-04-18,1
RX00786,DGN0533,PAT01279,Vitamin C 500mg,3x1 tablet,oral,7,2024-04-18,21
RX00787,DGN0534,PAT00907,Omeprazole 20mg,1x1 sachet,oral,30,2024-06-18,30
RX00788,DGN0535,PAT00377,Glibenclamide 5mg,2x1 sachet,oral,5,2023-01-29,10
RX00789,DGN0536,PAT00715,Captopril 25mg,3x500mg,oral,3,2022-12-24,9
RX00790,DGN0536,PAT00715,Omeprazole 20mg,2x1 tablet,oral,30,2022-12-24,60
RX00791,DGN0537,PAT00562,Cetirizine 10mg,1x1 tablet,oral,10,30/01/2024,10
RX00792,DGN0537,PAT00562,Amlodipine 5mg,3x500mg,oral,14,30/01/2024,42
RX00793,DGN0538,PAT00052,Dexamethasone inj,Injeksi tunggal,injeksi,10,2023-06-11,3
RX00794,DGN0538,PAT00052,Antasida,2x500mg,oral,7,2023-06-11,14
RX00795,DGN0538,PAT00052,Glibenclamide 5mg,1x1 sachet,oral,3,2023-06-11,3
RX00796,DGN0539,PAT01153,Amoxicillin 500mg,2x1 tablet,oral,30,24/04/2024,60
RX00797,DGN0540,PAT00248,Loperamide 2mg,1x1 sachet,oral,14,18/08/2023,14
RX00798,DGN0541,PAT01641,Salep gatal,Oles pagi & malam,topikal,10,2025-01-12,1
RX00799,DGN0542,PAT01092,Vitamin C 500mg,1x1 sachet,oral,3,2024-10-04,3
RX00800,DGN0542,PAT01092,Vitamin C 500mg,3x500mg,oral,14,2024-10-04,42
RX00801,DGN0543,PAT01453,Amlodipine 5mg,3x1 tablet,oral,10,12/06/2024,30
RX00802,DGN0543,PAT01453,Vitamin B complex,3x500mg,oral,10,12/06/2024,30
RX00803,DGN0544,PAT00005,Loperamide 2mg,2x1 tablet,oral,14,2024-06-24,28
RX00804,DGN0544,PAT00005,Domperidone 10mg,2x1 tablet,oral,10,2024-06-24,20
RX00805,DGN0545,PAT01415,Mefenamic acid 500mg,1x1 tablet,oral,30,12/11/2022,30
RX00806,DGN0546,PAT00188,Ciprofloxacin 500mg,2x500mg,oral,30,2024-08-11,60
RX00807,DGN0546,PAT00188,Captopril 25mg,2x1 sachet,oral,10,2024-08-11,20
RX00808,DGN0547,PAT00435,Omeprazole 20mg,3x1 tablet,oral,5,2023-02-20,15
RX00809,DGN0548,PAT00210,Cetirizine 10mg,3x1 tablet,oral,3,24/08/2023,9
RX00810,DGN0548,PAT00210,Amlodipine 5mg,2x500mg,oral,3,24/08/2023,6
RX00811,DGN0549,PAT01318,ORS pediatric,1x1 tablet,oral,10,12-06-2022,10
RX00812,DGN0550,PAT01970,Antasida,2x1 tablet,oral,14,16-01-2024,28
RX00813,DGN0551,PAT00149,Loperamide 2mg,2x500mg,oral,30,02/12/2023,60
RX00814,DGN0551,PAT00149,Ranitidine 150mg,2x1 tablet,oral,3,02/12/2023,6
RX00815,DGN0552,PAT01098,Salbutamol inhaler,2 puff 3x sehari,inhaler,30,26-11-2023,1
RX00816,DGN0553,PAT00430,Amlodipine 5mg,2x500mg,oral,5,2024-08-31,10
RX00817,DGN0553,PAT00430,Ibuprofen 400mg,2x1 sachet,oral,7,2024-08-31,14
RX00818,DGN0553,PAT00430,Salep mata gentamicin,Oles pagi & malam,topikal,30,2024-08-31,1
RX00819,DGN0554,PAT00726,Oralit sachet,1x1 tablet,oral,14,2023-03-29,14
RX00820,DGN0554,PAT00726,Ibuprofen 400mg,3x500mg,oral,30,2023-03-29,90
RX00821,DGN0555,PAT00328,Amoxicillin 500mg,1x1 tablet,oral,3,2024-12-22,3
RX00822,DGN0555,PAT00328,Budesonide inhaler,2 puff 2x sehari,inhaler,5,2024-12-22,1
RX00823,DGN0556,PAT01294,Vitamin C 500mg,1x1 tablet,oral,30,26-10-2024,30
RX00824,DGN0556,PAT01294,Tetes mata,Oles 2x sehari,topikal,3,26-10-2024,1
RX00825,DGN0557,PAT01410,Paracetamol 500mg,2x1 sachet,oral,3,07-07-2023,6
RX00826,DGN0558,PAT00012,ORS pediatric,3x1 tablet,oral,30,01/05/2023,90
RX00827,DGN0559,PAT00693,Ranitidine 150mg,2x500mg,oral,30,2024-02-26,60
RX00828,DGN0560,PAT01921,Salep hidrokortison,Oles 3x sehari,topikal,5,2024-01-24,1
RX00829,DGN0561,PAT01980,Vitamin B complex,2x500mg,oral,3,2023-06-19,6
RX00830,DGN0562,PAT00724,Amoxicillin 500mg,1x1 tablet,oral,5,16-12-2024,5
RX00831,DGN0563,PAT00401,Vitamin B complex,2x500mg,oral,3,2024-07-21,6
RX00832,DGN0563,PAT00401,Metformin 500mg,1x1 tablet,oral,30,2024-07-21,30
RX00833,DGN0564,PAT01501,Antasida,2x500mg,oral,14,2024-04-13,28
RX00834,DGN0565,PAT01178,Cetirizine 10mg,3x1 tablet,oral,10,2024-10-26,30
RX00835,DGN0565,PAT01178,Omeprazole 20mg,2x1 sachet,oral,7,2024-10-26,14
RX00836,DGN0566,PAT00039,Antasida,2x500mg,oral,7,2024-02-26,14
RX00837,DGN0566,PAT00039,Domperidone 10mg,3x1 tablet,oral,3,2024-02-26,9
RX00838,DGN0566,PAT00039,Salep hidrokortison,Oles 3x sehari,topikal,10,2024-02-26,1
RX00839,DGN0567,PAT01953,Salep hidrokortison,Oles 2x sehari,topikal,7,2022-11-10,1
RX00840,DGN0567,PAT01953,ORS pediatric,3x1 tablet,oral,14,2022-11-10,42
RX00841,DGN0568,PAT01681,Dexamethasone inj,Injeksi 1x sehari,injeksi,10,04-03-2024,3
RX00842,DGN0568,PAT01681,Vitamin B complex,2x1 sachet,oral,3,04-03-2024,6
RX00843,DGN0569,PAT00315,Ranitidine 150mg,1x1 tablet,oral,5,05/10/2024,5
RX00844,DGN0570,PAT01387,Ranitidine 150mg,2x1 sachet,oral,5,2024-12-07,10
RX00845,DGN0571,PAT00516,ORS pediatric,3x1 tablet,oral,7,17-12-2023,21
RX00846,DGN0571,PAT00516,Mefenamic acid 500mg,2x1 tablet,oral,14,17-12-2023,28
RX00847,DGN0572,PAT00814,Oralit sachet,2x500mg,oral,30,2024-08-10,60
RX00848,DGN0573,PAT00928,Cetirizine 10mg,2x1 tablet,oral,7,20-04-2022,14
RX00849,DGN0574,PAT01150,Salep gatal,Oles 3x sehari,topikal,5,21/09/2024,1
RX00850,DGN0574,PAT01150,Loratadine 10mg,1x1 sachet,oral,10,21/09/2024,10
RX00851,DGN0575,PAT01585,Cetirizine 10mg,2x1 sachet,oral,10,17-12-2022,20
RX00852,DGN0575,PAT01585,Cetirizine 10mg,1x1 sachet,oral,7,17-12-2022,7
RX00853,DGN0576,PAT01741,Metformin 500mg,2x500mg,oral,30,12-08-2024,60
RX00854,DGN0576,PAT01741,Ranitidine 150mg,2x500mg,oral,3,12-08-2024,6
RX00855,DGN0577,PAT01895,Tetes mata,Oles 2x sehari,topikal,10,05/02/2024,1
RX00856,DGN0578,PAT00710,Asam folat,3x500mg,oral,30,2023-02-26,90
RX00857,DGN0578,PAT00710,Asam folat,2x1 tablet,oral,3,2023-02-26,6
RX00858,DGN0579,PAT00213,Salep mata gentamicin,Oles 2x sehari,topikal,30,2024-12-25,1
RX00859,DGN0580,PAT00588,Paracetamol 500mg,2x1 tablet,oral,10,2024-05-24,20
RX00860,DGN0581,PAT01761,Domperidone 10mg,3x1 tablet,oral,3,11-02-2023,9
RX00861,DGN0582,PAT01305,Cetirizine 10mg,1x1 sachet,oral,7,2022-09-13,7
RX00862,DGN0582,PAT01305,ORS pediatric,1x1 sachet,oral,7,2022-09-13,7
RX00863,DGN0583,PAT00053,Salep mata gentamicin,Oles 3x sehari,topikal,30,23-06-2024,1
RX00864,DGN0584,PAT01794,Salep hidrokortison,Oles 3x sehari,topikal,30,08/01/2025,1
RX00865,DGN0584,PAT01794,Asam folat,3x500mg,oral,10,08/01/2025,30
RX00866,DGN0584,PAT01794,Glibenclamide 5mg,3x1 tablet,oral,10,08/01/2025,30
RX00867,DGN0585,PAT00618,Oralit sachet,3x500mg,oral,30,2024-10-16,90
RX00868,DGN0586,PAT01771,Ranitidine 150mg,2x1 tablet,oral,14,20-05-2024,28
RX00869,DGN0587,PAT01730,Omeprazole 20mg,2x1 tablet,oral,30,05/11/2023,60
RX00870,DGN0588,PAT01031,Oralit sachet,1x1 tablet,oral,10,2023-07-09,10
RX00871,DGN0589,PAT01370,Metformin 500mg,1x1 tablet,oral,14,2024-12-18,14
RX00872,DGN0590,PAT01728,Paracetamol 500mg,3x1 tablet,oral,30,22-10-2023,90
RX00873,DGN0591,PAT00957,Ciprofloxacin 500mg,3x1 tablet,oral,5,14/04/2023,15
RX00874,DGN0591,PAT00957,Asam folat,2x500mg,oral,5,14/04/2023,10
RX00875,DGN0592,PAT00150,Paracetamol 500mg,2x1 tablet,oral,3,29/04/2024,6
RX00876,DGN0593,PAT01579,Omeprazole 20mg,1x1 sachet,oral,14,2024-01-26,14
RX00877,DGN0594,PAT00307,Amlodipine 5mg,2x1 tablet,oral,10,2024-07-17,20
RX00878,DGN0595,PAT00687,Amlodipine 5mg,1x1 tablet,oral,10,10/10/2024,10
RX00879,DGN0596,PAT01902,Paracetamol 500mg,2x500mg,oral,30,16/10/2023,60
RX00880,DGN0597,PAT01400,Salbutamol inhaler,Inhalasi bila sesak,inhaler,7,2024-08-11,1
RX00881,DGN0598,PAT01244,Asam folat,1x1 sachet,oral,7,30-07-2024,7
RX00882,DGN0599,PAT01280,Loratadine 10mg,3x1 tablet,oral,10,2024-06-16,30
RX00883,DGN0599,PAT01280,Salbutamol inhaler,2 puff 2x sehari,inhaler,7,2024-06-16,1
RX00884,DGN0600,PAT00093,Glibenclamide 5mg,3x1 tablet,oral,7,22/10/2021,21
RX00885,DGN0601,PAT00855,Dexamethasone inj,Injeksi tunggal,injeksi,30,14-12-2024,10
RX00886,DGN0602,PAT01016,Amoxicillin 500mg,3x1 tablet,oral,5,2024-08-12,15
RX00887,DGN0603,PAT01870,Ibuprofen 400mg,2x1 sachet,oral,7,2024-10-22,14
RX00888,DGN0604,PAT01219,Salep hidrokortison,Oles 2x sehari,topikal,14,10-07-2023,1
RX00889,DGN0605,PAT01238,Amlodipine 5mg,1x1 tablet,oral,7,20/07/2023,7
RX00890,DGN0606,PAT00465,Tetes mata,Oles 2x sehari,topikal,10,2024-02-19,1
RX00891,DGN0606,PAT00465,Amlodipine 5mg,2x1 sachet,oral,30,2024-02-19,60
RX00892,DGN0607,PAT00593,ORS pediatric,2x500mg,oral,30,29/08/2023,60
RX00893,DGN0607,PAT00593,Vitamin B complex,2x1 tablet,oral,14,29/08/2023,28
RX00894,DGN0608,PAT00936,Salep mata gentamicin,Oles 3x sehari,topikal,14,22-11-2024,1
RX00895,DGN0609,PAT00283,Loratadine 10mg,3x1 tablet,oral,3,09/07/2024,9
RX00896,DGN0609,PAT00283,Paracetamol 500mg,3x1 tablet,oral,3,09/07/2024,9
RX00897,DGN0610,PAT01469,Captopril 25mg,3x500mg,oral,14,06/01/2025,42
RX00898,DGN0610,PAT01469,Tetes mata,Oles pagi & malam,topikal,10,06/01/2025,1
RX00899,DGN0611,PAT01549,Amoxicillin 500mg,2x1 tablet,oral,30,2025-01-14,60
RX00900,DGN0612,PAT01385,Loratadine 10mg,2x500mg,oral,10,06/10/2024,20
RX00901,DGN0613,PAT00732,Omeprazole 20mg,1x1 sachet,oral,5,2024-07-05,5
RX00902,DGN0614,PAT00899,Metformin 500mg,2x1 sachet,oral,10,2023-10-13,20
RX00903,DGN0614,PAT00899,Mefenamic acid 500mg,3x500mg,oral,30,2023-10-13,90
RX00904,DGN0615,PAT01062,Loperamide 2mg,2x1 tablet,oral,30,2023-12-16,60
RX00905,DGN0616,PAT02000,Mefenamic acid 500mg,3x500mg,oral,14,2024-12-09,42
RX00906,DGN0617,PAT01050,ORS pediatric,2x500mg,oral,5,20-07-2024,10
RX00907,DGN0617,PAT01050,ORS pediatric,1x1 tablet,oral,14,20-07-2024,14
RX00908,DGN0618,PAT01185,Captopril 25mg,2x500mg,oral,10,16/11/2022,20
RX00909,DGN0618,PAT01185,Tetes mata,Oles 2x sehari,topikal,7,16/11/2022,1
RX00910,DGN0619,PAT00455,Omeprazole 20mg,2x1 sachet,oral,30,07/08/2024,60
RX00911,DGN0620,PAT01753,Antasida,1x1 tablet,oral,5,2022-08-19,5
RX00912,DGN0621,PAT01678,Salep hidrokortison,Oles 3x sehari,topikal,3,2023-05-25,1
RX00913,DGN0621,PAT01678,Glibenclamide 5mg,1x1 sachet,oral,10,2023-05-25,10
RX00914,DGN0622,PAT01930,Vitamin C 500mg,3x1 tablet,oral,7,2024-11-24,21
RX00915,DGN0623,PAT01604,Vitamin B complex,3x1 tablet,oral,3,13-12-2023,9
RX00916,DGN0624,PAT01102,Oralit sachet,1x1 tablet,oral,7,11/04/2024,7
RX00917,DGN0625,PAT01469,Glibenclamide 5mg,3x1 tablet,oral,5,10/12/2023,15
RX00918,DGN0626,PAT01179,Glibenclamide 5mg,3x500mg,oral,5,23/10/2024,15
RX00919,DGN0627,PAT00967,Mefenamic acid 500mg,1x1 sachet,oral,14,2023-10-01,14
RX00920,DGN0628,PAT01061,ORS pediatric,3x1 tablet,oral,30,2023-08-20,90
RX00921,DGN0629,PAT01221,Loperamide 2mg,3x1 tablet,oral,30,19/09/2024,90
RX00922,DGN0630,PAT01354,Salep gatal,Oles pagi & malam,topikal,10,2024-08-04,1
RX00923,DGN0631,PAT00349,Domperidone 10mg,3x1 tablet,oral,10,2023-05-24,30
RX00924,DGN0631,PAT00349,Vitamin B complex,2x1 sachet,oral,14,2023-05-24,28
RX00925,DGN0632,PAT00183,Salep mata gentamicin,Oles 2x sehari,topikal,10,2022-03-16,1
RX00926,DGN0632,PAT00183,Vitamin B complex,1x1 sachet,oral,5,2022-03-16,5
RX00927,DGN0633,PAT00749,Salep hidrokortison,Oles 2x sehari,topikal,7,2024-07-10,1
RX00928,DGN0633,PAT00749,Salep hidrokortison,Oles 2x sehari,topikal,14,2024-07-10,1
RX00929,DGN0634,PAT01076,Loperamide 2mg,1x1 tablet,oral,30,2023-06-18,30
RX00930,DGN0634,PAT01076,ORS pediatric,1x1 tablet,oral,10,2023-06-18,10
RX00931,DGN0635,PAT01326,Cetirizine 10mg,2x1 tablet,oral,5,2022-05-19,10
RX00932,DGN0636,PAT00443,Omeprazole 20mg,3x500mg,oral,3,2023-04-22,9
RX00933,DGN0637,PAT01878,Tetes mata,Oles 3x sehari,topikal,7,05-03-2022,1
RX00934,DGN0638,PAT01429,Ciprofloxacin 500mg,1x1 sachet,oral,30,2024-12-22,30
RX00935,DGN0639,PAT01242,Domperidone 10mg,2x1 tablet,oral,5,10/11/2023,10
RX00936,DGN0640,PAT01490,Tetes mata,Oles pagi & malam,topikal,14,16/10/2022,1
RX00937,DGN0641,PAT01604,Antasida,2x1 tablet,oral,7,04-04-2024,14
RX00938,DGN0641,PAT01604,Omeprazole 20mg,2x1 tablet,oral,7,04-04-2024,14
RX00939,DGN0642,PAT00556,Antibiotik salep,Oles pagi & malam,topikal,30,28-02-2024,1
RX00940,DGN0643,PAT00831,Amoxicillin 500mg,1x1 sachet,oral,10,2024-10-31,10
RX00941,DGN0643,PAT00831,Antasida,1x1 sachet,oral,14,2024-10-31,14
RX00942,DGN0644,PAT00498,Captopril 25mg,3x500mg,oral,30,25-05-2022,90
RX00943,DGN0645,PAT01761,Omeprazole 20mg,3x500mg,oral,14,09-12-2023,42
RX00944,DGN0645,PAT01761,Glibenclamide 5mg,3x500mg,oral,5,09-12-2023,15
RX00945,DGN0646,PAT00022,Salep mata gentamicin,Oles pagi & malam,topikal,5,13-07-2023,1
RX00946,DGN0647,PAT00074,Mefenamic acid 500mg,2x1 sachet,oral,7,03-11-2024,14
RX00947,DGN0647,PAT00074,Vitamin C 500mg,1x1 tablet,oral,10,03-11-2024,10
RX00948,DGN0648,PAT00813,Antasida,1x1 tablet,oral,10,2022-05-21,10
RX00949,DGN0648,PAT00813,Dexamethasone inj,Injeksi tunggal,injeksi,5,2022-05-21,1
RX00950,DGN0649,PAT01980,Oralit sachet,1x1 sachet,oral,3,2025-01-17,3
RX00951,DGN0649,PAT01980,Ciprofloxacin 500mg,2x1 tablet,oral,3,2025-01-17,6
RX00952,DGN0650,PAT01512,Budesonide inhaler,2 puff 3x sehari,inhaler,3,19/11/2023,1
RX00953,DGN0651,PAT00162,ORS pediatric,2x1 tablet,oral,10,04/06/2023,20
RX00954,DGN0652,PAT01828,Asam folat,2x1 sachet,oral,5,22-01-2025,10
RX00955,DGN0653,PAT01633,Salbutamol inhaler,Inhalasi bila sesak,inhaler,7,15-06-2024,1
RX00956,DGN0653,PAT01633,Antibiotik salep,Oles pagi & malam,topikal,10,15-06-2024,1
RX00957,DGN0653,PAT01633,Loperamide 2mg,1x1 tablet,oral,5,15-06-2024,5
RX00958,DGN0654,PAT00655,Vitamin C 500mg,2x500mg,oral,3,2022-05-21,6
RX00959,DGN0655,PAT00516,Domperidone 10mg,1x1 tablet,oral,30,2024-04-07,30
RX00960,DGN0655,PAT00516,Budesonide inhaler,Inhalasi bila sesak,inhaler,10,2024-04-07,1
RX00961,DGN0655,PAT00516,ORS pediatric,1x1 sachet,oral,7,2024-04-07,7
RX00962,DGN0656,PAT00636,Glibenclamide 5mg,3x1 tablet,oral,5,14/05/2024,15
RX00963,DGN0656,PAT00636,Metformin 500mg,2x500mg,oral,10,14/05/2024,20
RX00964,DGN0656,PAT00636,Loratadine 10mg,1x1 tablet,oral,14,14/05/2024,14
RX00965,DGN0657,PAT01437,Antasida,2x500mg,oral,7,23-08-2024,14
RX00966,DGN0658,PAT00353,Antasida,3x500mg,oral,10,09/08/2022,30
RX00967,DGN0659,PAT01716,Ranitidine 150mg,2x500mg,oral,10,21-02-2024,20
RX00968,DGN0659,PAT01716,Antasida,2x500mg,oral,30,21-02-2024,60
RX00969,DGN0660,PAT00647,Vitamin C 500mg,1x1 tablet,oral,7,2024-05-01,7
RX00970,DGN0660,PAT00647,Asam folat,3x1 tablet,oral,30,2024-05-01,90
RX00971,DGN0661,PAT00556,Tetes mata,Oles 2x sehari,topikal,5,23/06/2024,1
RX00972,DGN0661,PAT00556,Omeprazole 20mg,1x1 tablet,oral,5,23/06/2024,5
RX00973,DGN0662,PAT00828,Captopril 25mg,2x500mg,oral,14,30-10-2023,28
RX00974,DGN0663,PAT00867,Ibuprofen 400mg,2x500mg,oral,10,03/09/2024,20
RX00975,DGN0663,PAT00867,Cetirizine 10mg,3x1 tablet,oral,30,03/09/2024,90
RX00976,DGN0664,PAT01986,Captopril 25mg,2x1 sachet,oral,10,21/04/2024,20
RX00977,DGN0664,PAT01986,Paracetamol 500mg,3x1 tablet,oral,30,21/04/2024,90
RX00978,DGN0665,PAT01242,Domperidone 10mg,1x1 tablet,oral,5,30/01/2023,5
RX00979,DGN0666,PAT01632,Cetirizine 10mg,2x1 sachet,oral,5,20-04-2024,10
RX00980,DGN0667,PAT01809,Mefenamic acid 500mg,3x500mg,oral,5,2024-08-28,15
RX00981,DGN0667,PAT01809,Ciprofloxacin 500mg,2x1 sachet,oral,10,2024-08-28,20
RX00982,DGN0668,PAT01025,Amoxicillin 500mg,3x500mg,oral,3,2024-07-25,9
RX00983,DGN0669,PAT01477,Salep mata gentamicin,Oles 2x sehari,topikal,3,2021-09-12,1
RX00984,DGN0670,PAT00823,Antasida,1x1 sachet,oral,5,09/11/2024,5
RX00985,DGN0670,PAT00823,Antibiotik salep,Oles 2x sehari,topikal,5,09/11/2024,1
RX00986,DGN0671,PAT00832,Ibuprofen 400mg,1x1 sachet,oral,5,2024-06-17,5
RX00987,DGN0672,PAT01084,Salep mata gentamicin,Oles 3x sehari,topikal,5,26/02/2024,1
RX00988,DGN0673,PAT01417,Dexamethasone inj,Injeksi 1x sehari,injeksi,7,20-03-2024,2
RX00989,DGN0674,PAT01763,Salbutamol inhaler,Inhalasi bila sesak,inhaler,7,06/06/2023,1
RX00990,DGN0675,PAT01214,Loperamide 2mg,2x1 tablet,oral,10,12/10/2021,20
RX00991,DGN0676,PAT01102,Amlodipine 5mg,3x1 tablet,oral,5,2024-12-21,15
RX00992,DGN0677,PAT01262,Simvastatin 10mg,2x1 tablet,oral,14,06/04/2024,28
RX00993,DGN0678,PAT00746,Captopril 25mg,2x500mg,oral,10,27-12-2024,20
RX00994,DGN0679,PAT01459,Cetirizine 10mg,2x1 tablet,oral,14,20-07-2023,28
RX00995,DGN0679,PAT01459,Antibiotik salep,Oles 3x sehari,topikal,5,20-07-2023,1
RX00996,DGN0679,PAT01459,Loratadine 10mg,1x1 sachet,oral,14,20-07-2023,14
RX00997,DGN0680,PAT00733,Ibuprofen 400mg,2x500mg,oral,10,2024-01-20,20
RX00998,DGN0680,PAT00733,Oralit sachet,1x1 sachet,oral,30,2024-01-20,30
RX00999,DGN0681,PAT00253,Ciprofloxacin 500mg,2x500mg,oral,10,01/06/2023,20
RX01000,DGN0681,PAT00253,Salep mata gentamicin,Oles 2x sehari,topikal,10,01/06/2023,1
RX01001,DGN0682,PAT01696,Mefenamic acid 500mg,2x1 sachet,oral,3,26/08/2024,6
RX01002,DGN0683,PAT00104,Metformin 500mg,1x1 tablet,oral,30,10-10-2023,30
RX01003,DGN0684,PAT00005,Budesonide inhaler,2 puff 3x sehari,inhaler,30,19/01/2024,1
RX01004,DGN0685,PAT00325,Asam folat,2x500mg,oral,3,2023-01-02,6
RX01005,DGN0685,PAT00325,Salbutamol inhaler,2 puff 2x sehari,inhaler,5,2023-01-02,1
RX01006,DGN0686,PAT01757,Captopril 25mg,2x500mg,oral,30,2025-01-03,60
RX01007,DGN0686,PAT01757,Salep hidrokortison,Oles pagi & malam,topikal,7,2025-01-03,1
RX01008,DGN0687,PAT01747,Antasida,2x1 sachet,oral,7,10-06-2021,14
RX01009,DGN0687,PAT01747,Antibiotik salep,Oles 2x sehari,topikal,30,10-06-2021,1
RX01010,DGN0688,PAT01909,Amoxicillin 500mg,1x1 sachet,oral,14,25/03/2023,14
RX01011,DGN0688,PAT01909,Cetirizine 10mg,2x500mg,oral,5,25/03/2023,10
RX01012,DGN0689,PAT00573,Ranitidine 150mg,1x1 tablet,oral,5,03-12-2024,5
RX01013,DGN0689,PAT00573,Antibiotik salep,Oles 3x sehari,topikal,30,03-12-2024,1
RX01014,DGN0690,PAT00542,Paracetamol 500mg,1x1 sachet,oral,3,15-03-2024,3
RX01015,DGN0690,PAT00542,Captopril 25mg,2x1 tablet,oral,30,15-03-2024,60
RX01016,DGN0691,PAT00805,Vitamin C 500mg,3x1 tablet,oral,3,15-09-2024,9
RX01017,DGN0691,PAT00805,Oralit sachet,2x1 sachet,oral,10,15-09-2024,20
RX01018,DGN0692,PAT00549,Vitamin B complex,3x500mg,oral,3,2022-08-12,9
RX01019,DGN0693,PAT00718,Captopril 25mg,3x500mg,oral,30,10/06/2024,90
RX01020,DGN0693,PAT00718,Budesonide inhaler,Inhalasi bila sesak,inhaler,14,10/06/2024,1
RX01021,DGN0693,PAT00718,Ibuprofen 400mg,2x1 sachet,oral,30,10/06/2024,60
RX01022,DGN0694,PAT00605,Simvastatin 10mg,1x1 sachet,oral,14,2023-05-08,14
RX01023,DGN0695,PAT00675,Salep mata gentamicin,Oles 3x sehari,topikal,14,05-10-2024,1
RX01024,DGN0695,PAT00675,Salep gatal,Oles 2x sehari,topikal,14,05-10-2024,1
RX01025,DGN0696,PAT00765,Salbutamol inhaler,2 puff 3x sehari,inhaler,14,13-09-2024,1
RX01026,DGN0696,PAT00765,Ciprofloxacin 500mg,1x1 sachet,oral,14,13-09-2024,14
RX01027,DGN0696,PAT00765,Mefenamic acid 500mg,3x500mg,oral,14,13-09-2024,42
RX01028,DGN0697,PAT01995,Cetirizine 10mg,1x1 sachet,oral,10,16/09/2022,10
RX01029,DGN0698,PAT00909,Oralit sachet,2x500mg,oral,5,18/10/2024,10
RX01030,DGN0699,PAT00681,Amoxicillin 500mg,1x1 tablet,oral,7,13/10/2023,7
RX01031,DGN0699,PAT00681,Budesonide inhaler,2 puff 2x sehari,inhaler,7,13/10/2023,1
RX01032,DGN0700,PAT00162,Loperamide 2mg,2x1 tablet,oral,30,25/01/2025,60
RX01033,DGN0700,PAT00162,Amlodipine 5mg,2x500mg,oral,7,25/01/2025,14
RX01034,DGN0700,PAT00162,Amlodipine 5mg,2x1 tablet,oral,30,25/01/2025,60
RX01035,DGN0701,PAT01314,ORS pediatric,2x500mg,oral,3,2024-05-04,6
RX01036,DGN0702,PAT01867,Tetes mata,Oles 2x sehari,topikal,5,18-08-2024,1
RX01037,DGN0702,PAT01867,Captopril 25mg,1x1 tablet,oral,3,18-08-2024,3
RX01038,DGN0703,PAT00914,Simvastatin 10mg,3x500mg,oral,30,16-05-2024,90
RX01039,DGN0703,PAT00914,Ciprofloxacin 500mg,3x1 tablet,oral,10,16-05-2024,30
RX01040,DGN0704,PAT00912,Cetirizine 10mg,2x1 sachet,oral,10,2024-07-17,20
RX01041,DGN0704,PAT00912,Cetirizine 10mg,2x500mg,oral,10,2024-07-17,20
RX01042,DGN0705,PAT01506,Metformin 500mg,2x1 tablet,oral,10,31/07/2023,20
RX01043,DGN0705,PAT01506,Ciprofloxacin 500mg,1x1 sachet,oral,3,31/07/2023,3
RX01044,DGN0706,PAT00260,Salbutamol inhaler,2 puff 3x sehari,inhaler,5,09-09-2022,1
RX01045,DGN0707,PAT00831,Mefenamic acid 500mg,3x500mg,oral,5,11/01/2024,15
RX01046,DGN0707,PAT00831,Antasida,3x500mg,oral,7,11/01/2024,21
RX01047,DGN0707,PAT00831,Salep gatal,Oles 2x sehari,topikal,3,11/01/2024,1
RX01048,DGN0708,PAT01102,Loratadine 10mg,2x1 sachet,oral,3,21-08-2024,6
RX01049,DGN0708,PAT01102,Amlodipine 5mg,1x1 sachet,oral,3,21-08-2024,3
RX01050,DGN0709,PAT00992,Ibuprofen 400mg,1x1 tablet,oral,3,28-04-2024,3
RX01051,DGN0709,PAT00992,Tetes mata,Oles 3x sehari,topikal,10,28-04-2024,1
RX01052,DGN0710,PAT01987,Salep hidrokortison,Oles pagi & malam,topikal,10,02/11/2023,1
RX01053,DGN0711,PAT00541,Asam folat,3x500mg,oral,10,2022-05-12,30
RX01054,DGN0712,PAT01267,Ciprofloxacin 500mg,2x1 tablet,oral,14,02-09-2024,28
RX01055,DGN0713,PAT01052,Paracetamol 500mg,1x1 tablet,oral,10,06-01-2024,10
RX01056,DGN0714,PAT00191,Loratadine 10mg,2x1 sachet,oral,5,10-10-2023,10
RX01057,DGN0714,PAT00191,Amoxicillin 500mg,1x1 sachet,oral,14,10-10-2023,14
RX01058,DGN0715,PAT01016,Salbutamol inhaler,2 puff 2x sehari,inhaler,30,15/07/2024,1
RX01059,DGN0715,PAT01016,Amlodipine 5mg,3x500mg,oral,30,15/07/2024,90
RX01060,DGN0715,PAT01016,Vitamin B complex,3x500mg,oral,5,15/07/2024,15
RX01061,DGN0716,PAT00299,Mefenamic acid 500mg,1x1 sachet,oral,7,2023-11-26,7
RX01062,DGN0717,PAT01932,Salep mata gentamicin,Oles pagi & malam,topikal,3,10/01/2025,1
RX01063,DGN0718,PAT01164,Omeprazole 20mg,3x500mg,oral,14,2021-12-11,42
RX01064,DGN0718,PAT01164,Amlodipine 5mg,3x1 tablet,oral,7,2021-12-11,21
RX01065,DGN0719,PAT00568,Captopril 25mg,1x1 tablet,oral,5,25/05/2024,5
RX01066,DGN0720,PAT01724,Dexamethasone inj,Injeksi tunggal,injeksi,30,10-03-2023,10
RX01067,DGN0721,PAT01391,Glibenclamide 5mg,2x1 sachet,oral,3,2024-07-12,6
RX01068,DGN0721,PAT01391,Ciprofloxacin 500mg,2x500mg,oral,5,2024-07-12,10
RX01069,DGN0721,PAT01391,Tetes mata,Oles 2x sehari,topikal,3,2024-07-12,1
RX01070,DGN0722,PAT00272,Salep gatal,Oles 2x sehari,topikal,30,30-11-2022,1
RX01071,DGN0722,PAT00272,Glibenclamide 5mg,2x500mg,oral,5,30-11-2022,10
RX01072,DGN0723,PAT00158,Cetirizine 10mg,1x1 tablet,oral,3,2023-07-25,3
RX01073,DGN0724,PAT00434,Tetes mata,Oles pagi & malam,topikal,7,22/06/2024,1
RX01074,DGN0724,PAT00434,Antibiotik salep,Oles 2x sehari,topikal,30,22/06/2024,1
RX01075,DGN0725,PAT01358,Mefenamic acid 500mg,2x1 tablet,oral,14,2023-02-21,28
RX01076,DGN0726,PAT00996,Tetes mata,Oles 2x sehari,topikal,10,20/11/2024,1
RX01077,DGN0727,PAT00744,Ranitidine 150mg,2x1 sachet,oral,5,2022-05-20,10
RX01078,DGN0728,PAT01240,Domperidone 10mg,2x1 tablet,oral,14,12/05/2024,28
RX01079,DGN0729,PAT01518,Amlodipine 5mg,3x1 tablet,oral,5,2024-03-14,15
RX01080,DGN0730,PAT00574,Ibuprofen 400mg,2x1 tablet,oral,5,31/01/2025,10
RX01081,DGN0731,PAT00250,Salbutamol inhaler,2 puff 3x sehari,inhaler,5,23/06/2024,1
RX01082,DGN0732,PAT01062,Cetirizine 10mg,2x1 sachet,oral,3,04-05-2024,6
RX01083,DGN0733,PAT00217,Asam folat,3x500mg,oral,7,07-02-2023,21
RX01084,DGN0734,PAT00675,Amoxicillin 500mg,3x500mg,oral,7,2023-11-25,21
RX01085,DGN0735,PAT00624,Tetes mata,Oles pagi & malam,topikal,14,09-09-2024,1
RX01086,DGN0735,PAT00624,Glibenclamide 5mg,2x1 sachet,oral,7,09-09-2024,14
RX01087,DGN0735,PAT00624,Oralit sachet,3x1 tablet,oral,5,09-09-2024,15
RX01088,DGN0736,PAT01788,Vitamin B complex,3x500mg,oral,10,2023-09-28,30
RX01089,DGN0736,PAT01788,Salep mata gentamicin,Oles 2x sehari,topikal,3,2023-09-28,1
RX01090,DGN0737,PAT01867,Paracetamol 500mg,1x1 tablet,oral,14,19-05-2024,14
RX01091,DGN0738,PAT01524,Loperamide 2mg,2x1 sachet,oral,3,11/06/2024,6
RX01092,DGN0738,PAT01524,Ciprofloxacin 500mg,3x500mg,oral,10,11/06/2024,30
RX01093,DGN0738,PAT01524,Mefenamic acid 500mg,3x1 tablet,oral,30,11/06/2024,90
RX01094,DGN0739,PAT00938,Simvastatin 10mg,2x1 tablet,oral,7,2023-08-10,14
RX01095,DGN0740,PAT01446,Dexamethasone inj,Injeksi tunggal,injeksi,30,08-04-2024,10
RX01096,DGN0741,PAT01527,ORS pediatric,2x500mg,oral,7,01/02/2022,14
RX01097,DGN0742,PAT01761,Ranitidine 150mg,2x1 sachet,oral,10,07-10-2022,20
RX01098,DGN0742,PAT01761,Budesonide inhaler,2 puff 2x sehari,inhaler,5,07-10-2022,1
RX01099,DGN0743,PAT01355,Ciprofloxacin 500mg,1x1 sachet,oral,30,2024-03-01,30
RX01100,DGN0744,PAT00678,Amoxicillin 500mg,2x500mg,oral,7,19-06-2024,14
RX01101,DGN0745,PAT00217,Antibiotik salep,Oles pagi & malam,topikal,5,16-07-2024,1
RX01102,DGN0745,PAT00217,Asam folat,2x1 sachet,oral,5,16-07-2024,10
RX01103,DGN0745,PAT00217,Asam folat,2x1 tablet,oral,30,16-07-2024,60
RX01104,DGN0746,PAT00251,Antibiotik salep,Oles pagi & malam,topikal,5,2023-12-07,1
RX01105,DGN0747,PAT00834,Ibuprofen 400mg,2x1 sachet,oral,30,2024-08-19,60
RX01106,DGN0747,PAT00834,Captopril 25mg,2x1 sachet,oral,3,2024-08-19,6
RX01107,DGN0747,PAT00834,Simvastatin 10mg,2x500mg,oral,14,2024-08-19,28
RX01108,DGN0748,PAT00519,Salep gatal,Oles 3x sehari,topikal,5,14-05-2023,1
RX01109,DGN0748,PAT00519,Ibuprofen 400mg,1x1 sachet,oral,14,14-05-2023,14
RX01110,DGN0749,PAT00813,Cetirizine 10mg,1x1 tablet,oral,7,2022-10-20,7
RX01111,DGN0749,PAT00813,Dexamethasone inj,Injeksi tunggal,injeksi,30,2022-10-20,10
RX01112,DGN0750,PAT01868,Dexamethasone inj,Injeksi tunggal,injeksi,10,2024-12-25,3
RX01113,DGN0750,PAT01868,Simvastatin 10mg,1x1 tablet,oral,7,2024-12-25,7
RX01114,DGN0750,PAT01868,Vitamin C 500mg,1x1 tablet,oral,30,2024-12-25,30
RX01115,DGN0751,PAT01674,Loperamide 2mg,3x500mg,oral,14,03/11/2022,42
RX01116,DGN0751,PAT01674,Salep mata gentamicin,Oles 3x sehari,topikal,14,03/11/2022,1
RX01117,DGN0751,PAT01674,Ciprofloxacin 500mg,2x1 tablet,oral,10,03/11/2022,20
RX01118,DGN0752,PAT00684,Vitamin B complex,1x1 tablet,oral,30,01-11-2024,30
RX01119,DGN0752,PAT00684,Captopril 25mg,3x1 tablet,oral,5,01-11-2024,15
RX01120,DGN0753,PAT00965,Tetes mata,Oles 2x sehari,topikal,30,2024-03-04,1
RX01121,DGN0754,PAT01820,Vitamin B complex,1x1 sachet,oral,5,22/09/2022,5
RX01122,DGN0755,PAT01602,Simvastatin 10mg,2x1 tablet,oral,30,2023-05-09,60
RX01123,DGN0756,PAT00126,Loperamide 2mg,1x1 sachet,oral,30,08-08-2022,30
RX01124,DGN0757,PAT00133,Captopril 25mg,1x1 tablet,oral,7,06-09-2024,7
RX01125,DGN0757,PAT00133,Glibenclamide 5mg,3x500mg,oral,30,06-09-2024,90
RX01126,DGN0757,PAT00133,Captopril 25mg,3x1 tablet,oral,7,06-09-2024,21
RX01127,DGN0758,PAT01464,Antasida,2x1 sachet,oral,7,28-07-2024,14
RX01128,DGN0759,PAT01745,Ranitidine 150mg,1x1 sachet,oral,14,2023-01-22,14
RX01129,DGN0760,PAT00989,Amlodipine 5mg,1x1 tablet,oral,3,31/12/2024,3
RX01130,DGN0761,PAT01918,Metformin 500mg,2x1 tablet,oral,30,29-10-2023,60
RX01131,DGN0761,PAT01918,Antibiotik salep,Oles pagi & malam,topikal,5,29-10-2023,1
RX01132,DGN0762,PAT01047,Glibenclamide 5mg,2x1 sachet,oral,14,20-09-2023,28
RX01133,DGN0763,PAT00654,Salep mata gentamicin,Oles 2x sehari,topikal,3,02-07-2021,1
RX01134,DGN0764,PAT00524,Metformin 500mg,1x1 sachet,oral,3,16-11-2023,3
RX01135,DGN0764,PAT00524,Mefenamic acid 500mg,3x1 tablet,oral,7,16-11-2023,21
RX01136,DGN0765,PAT01526,Amlodipine 5mg,1x1 sachet,oral,7,12/11/2024,7
RX01137,DGN0766,PAT00142,Salep hidrokortison,Oles pagi & malam,topikal,3,24-12-2024,1
RX01138,DGN0766,PAT00142,Salbutamol inhaler,2 puff 2x sehari,inhaler,7,24-12-2024,1
RX01139,DGN0767,PAT01687,Oralit sachet,3x1 tablet,oral,30,08-09-2024,90
RX01140,DGN0768,PAT01392,Metformin 500mg,3x1 tablet,oral,30,23/12/2024,90
RX01141,DGN0768,PAT01392,Oralit sachet,3x500mg,oral,30,23/12/2024,90
RX01142,DGN0769,PAT01704,Captopril 25mg,1x1 tablet,oral,3,19/06/2024,3
RX01143,DGN0770,PAT01118,Loperamide 2mg,2x1 tablet,oral,10,05/09/2024,20
RX01144,DGN0771,PAT01024,Salep mata gentamicin,Oles 3x sehari,topikal,7,16/05/2024,1
RX01145,DGN0772,PAT01754,Glibenclamide 5mg,2x1 sachet,oral,14,04-11-2024,28
RX01146,DGN0773,PAT00098,Dexamethasone inj,Injeksi 1x sehari,injeksi,14,2023-05-27,4
RX01147,DGN0774,PAT01945,Oralit sachet,2x1 sachet,oral,7,2024-01-09,14
RX01148,DGN0775,PAT01948,Salep gatal,Oles 3x sehari,topikal,7,28/10/2022,1
RX01149,DGN0775,PAT01948,Mefenamic acid 500mg,3x500mg,oral,5,28/10/2022,15
RX01150,DGN0775,PAT01948,Omeprazole 20mg,3x1 tablet,oral,7,28/10/2022,21
RX01151,DGN0776,PAT01340,Salep hidrokortison,Oles 2x sehari,topikal,10,30-12-2021,1
RX01152,DGN0777,PAT01262,Omeprazole 20mg,3x500mg,oral,14,05-05-2023,42
RX01153,DGN0778,PAT00295,Mefenamic acid 500mg,3x500mg,oral,10,23/09/2024,30
RX01154,DGN0779,PAT01832,Dexamethasone inj,Injeksi 1x sehari,injeksi,30,03/07/2022,10
RX01155,DGN0780,PAT00325,Cetirizine 10mg,3x1 tablet,oral,5,13-03-2022,15
RX01156,DGN0781,PAT01643,Budesonide inhaler,2 puff 2x sehari,inhaler,5,15-09-2024,1
RX01157,DGN0782,PAT01072,Captopril 25mg,1x1 tablet,oral,7,21-10-2024,7
RX01158,DGN0783,PAT01244,Budesonide inhaler,Inhalasi bila sesak,inhaler,7,2024-08-31,1
RX01159,DGN0783,PAT01244,Oralit sachet,2x1 tablet,oral,3,2024-08-31,6
RX01160,DGN0784,PAT01472,Ciprofloxacin 500mg,2x1 tablet,oral,10,2023-12-19,20
RX01161,DGN0784,PAT01472,Simvastatin 10mg,3x500mg,oral,3,2023-12-19,9
RX01162,DGN0785,PAT01731,Cetirizine 10mg,2x1 sachet,oral,7,31/05/2024,14
RX01163,DGN0786,PAT01664,Cetirizine 10mg,2x1 tablet,oral,14,30/09/2022,28
RX01164,DGN0787,PAT00697,Domperidone 10mg,2x500mg,oral,10,30-11-2023,20
RX01165,DGN0787,PAT00697,Cetirizine 10mg,2x1 sachet,oral,14,30-11-2023,28
RX01166,DGN0788,PAT01227,Vitamin C 500mg,3x500mg,oral,30,04/12/2022,90
RX01167,DGN0788,PAT01227,Mefenamic acid 500mg,2x1 tablet,oral,30,04/12/2022,60
RX01168,DGN0789,PAT01128,Salep hidrokortison,Oles 3x sehari,topikal,7,2024-01-24,1
RX01169,DGN0789,PAT01128,Ciprofloxacin 500mg,2x1 sachet,oral,5,2024-01-24,10
RX01170,DGN0790,PAT00911,Budesonide inhaler,Inhalasi bila sesak,inhaler,5,30-04-2024,1
RX01171,DGN0790,PAT00911,Dexamethasone inj,Injeksi 1x sehari,injeksi,3,30-04-2024,1
RX01172,DGN0790,PAT00911,Ibuprofen 400mg,3x1 tablet,oral,7,30-04-2024,21
RX01173,DGN0791,PAT00231,Simvastatin 10mg,2x1 tablet,oral,3,2024-02-25,6
RX01174,DGN0792,PAT00523,Ibuprofen 400mg,2x1 sachet,oral,14,17-10-2022,28
RX01175,DGN0793,PAT00099,Loratadine 10mg,3x500mg,oral,30,30/04/2022,90
RX01176,DGN0794,PAT01043,Salep hidrokortison,Oles pagi & malam,topikal,7,2024-09-26,1
RX01177,DGN0795,PAT01606,Antibiotik salep,Oles 2x sehari,topikal,10,14/07/2023,1
RX01178,DGN0796,PAT00875,Asam folat,1x1 tablet,oral,5,27-11-2024,5
RX01179,DGN0797,PAT00606,Loratadine 10mg,3x1 tablet,oral,3,2024-01-19,9
RX01180,DGN0797,PAT00606,Cetirizine 10mg,2x1 tablet,oral,10,2024-01-19,20
RX01181,DGN0798,PAT01981,Salbutamol inhaler,Inhalasi bila sesak,inhaler,5,01-08-2023,1
RX01182,DGN0799,PAT01365,Vitamin C 500mg,1x1 tablet,oral,3,2024-02-16,3
RX01183,DGN0799,PAT01365,Simvastatin 10mg,2x500mg,oral,10,2024-02-16,20
RX01184,DGN0800,PAT01356,Omeprazole 20mg,1x1 sachet,oral,3,27-04-2024,3
RX01185,DGN0801,PAT00572,Domperidone 10mg,2x1 sachet,oral,7,2024-05-30,14
RX01186,DGN0802,PAT01958,Paracetamol 500mg,1x1 sachet,oral,7,2024-02-19,7
RX01187,DGN0803,PAT01415,Paracetamol 500mg,2x1 tablet,oral,10,24/03/2023,20
RX01188,DGN0804,PAT00824,Metformin 500mg,1x1 sachet,oral,10,27/03/2024,10
RX01189,DGN0805,PAT00193,Glibenclamide 5mg,3x500mg,oral,30,2024-03-03,90
RX01190,DGN0806,PAT01432,Salep gatal,Oles 3x sehari,topikal,14,05-01-2025,1
RX01191,DGN0807,PAT01910,Salep hidrokortison,Oles 2x sehari,topikal,5,09/11/2022,1
RX01192,DGN0807,PAT01910,Ranitidine 150mg,3x500mg,oral,30,09/11/2022,90
RX01193,DGN0808,PAT00436,Vitamin C 500mg,3x500mg,oral,30,09/09/2024,90
RX01194,DGN0808,PAT00436,Ranitidine 150mg,1x1 tablet,oral,10,09/09/2024,10
RX01195,DGN0809,PAT00844,Salep gatal,Oles pagi & malam,topikal,7,14/08/2024,1
RX01196,DGN0810,PAT01441,Omeprazole 20mg,2x500mg,oral,10,2024-02-10,20
RX01197,DGN0811,PAT01235,Domperidone 10mg,2x1 sachet,oral,14,2024-07-23,28
RX01198,DGN0812,PAT01512,Antibiotik salep,Oles pagi & malam,topikal,3,25/11/2024,1
RX01199,DGN0812,PAT01512,Ciprofloxacin 500mg,1x1 tablet,oral,7,25/11/2024,7
RX01200,DGN0813,PAT01149,Dexamethasone inj,Injeksi 1x sehari,injeksi,7,2024-01-07,2
RX01201,DGN0814,PAT01492,Metformin 500mg,3x500mg,oral,14,06/07/2022,42
RX01202,DGN0814,PAT01492,Salbutamol inhaler,2 puff 2x sehari,inhaler,7,06/07/2022,1
RX01203,DGN0815,PAT01021,Vitamin B complex,2x500mg,oral,14,12/07/2023,28
RX01204,DGN0815,PAT01021,Simvastatin 10mg,3x1 tablet,oral,30,12/07/2023,90
RX01205,DGN0816,PAT00678,Captopril 25mg,2x1 sachet,oral,3,01/11/2023,6
RX01206,DGN0816,PAT00678,Salep hidrokortison,Oles pagi & malam,topikal,10,01/11/2023,1
RX01207,DGN0816,PAT00678,Paracetamol 500mg,3x1 tablet,oral,14,01/11/2023,42
RX01208,DGN0817,PAT01705,Amlodipine 5mg,2x1 tablet,oral,7,2023-03-25,14
RX01209,DGN0818,PAT01671,Ranitidine 150mg,2x1 sachet,oral,7,04-03-2024,14
RX01210,DGN0818,PAT01671,Oralit sachet,2x1 sachet,oral,3,04-03-2024,6
RX01211,DGN0819,PAT01623,Salbutamol inhaler,Inhalasi bila sesak,inhaler,10,05/11/2023,1
RX01212,DGN0820,PAT01014,Asam folat,1x1 sachet,oral,10,09-12-2024,10
RX01213,DGN0821,PAT00527,Paracetamol 500mg,2x1 tablet,oral,30,13/08/2024,60
RX01214,DGN0821,PAT00527,Salep hidrokortison,Oles 3x sehari,topikal,7,13/08/2024,1
RX01215,DGN0822,PAT01912,Amoxicillin 500mg,1x1 sachet,oral,30,27/02/2024,30
RX01216,DGN0823,PAT00265,Ibuprofen 400mg,1x1 tablet,oral,3,2022-08-15,3
RX01217,DGN0824,PAT00843,Dexamethasone inj,Injeksi 1x sehari,injeksi,30,29-11-2023,10
RX01218,DGN0825,PAT01773,Antasida,2x1 tablet,oral,14,2022-09-27,28
RX01219,DGN0826,PAT01667,Ibuprofen 400mg,3x1 tablet,oral,14,06-01-2024,42
RX01220,DGN0827,PAT01489,Ranitidine 150mg,2x1 sachet,oral,14,27/11/2021,28
RX01221,DGN0827,PAT01489,Amoxicillin 500mg,3x1 tablet,oral,14,27/11/2021,42
RX01222,DGN0827,PAT01489,Salep gatal,Oles 2x sehari,topikal,14,27/11/2021,1
RX01223,DGN0828,PAT01288,Salep gatal,Oles pagi & malam,topikal,7,2021-12-31,1
RX01224,DGN0828,PAT01288,Domperidone 10mg,2x1 tablet,oral,10,2021-12-31,20
RX01225,DGN0828,PAT01288,Amlodipine 5mg,3x1 tablet,oral,5,2021-12-31,15
RX01226,DGN0829,PAT00280,Paracetamol 500mg,3x1 tablet,oral,5,2023-01-17,15
RX01227,DGN0829,PAT00280,Asam folat,3x500mg,oral,30,2023-01-17,90
RX01228,DGN0830,PAT01289,Budesonide inhaler,2 puff 2x sehari,inhaler,7,05-10-2024,1
RX01229,DGN0830,PAT01289,Salep hidrokortison,Oles pagi & malam,topikal,10,05-10-2024,1
RX01230,DGN0831,PAT00090,Vitamin B complex,2x500mg,oral,30,09/09/2021,60
RX01231,DGN0832,PAT01497,Loratadine 10mg,2x1 tablet,oral,3,15/03/2022,6
RX01232,DGN0832,PAT01497,Simvastatin 10mg,2x1 tablet,oral,7,15/03/2022,14
RX01233,DGN0833,PAT01866,Budesonide inhaler,Inhalasi bila sesak,inhaler,5,2024-06-02,1
RX01234,DGN0834,PAT01880,Asam folat,3x1 tablet,oral,5,2022-12-13,15
RX01235,DGN0834,PAT01880,Domperidone 10mg,2x500mg,oral,5,2022-12-13,10
RX01236,DGN0835,PAT00559,Ibuprofen 400mg,2x1 sachet,oral,10,16/12/2024,20
RX01237,DGN0836,PAT00649,Captopril 25mg,2x1 tablet,oral,5,08-05-2024,10
RX01238,DGN0837,PAT00420,Ibuprofen 400mg,2x1 sachet,oral,14,2024-06-04,28
RX01239,DGN0838,PAT01685,Vitamin B complex,3x1 tablet,oral,5,2024-04-10,15
RX01240,DGN0839,PAT00892,Glibenclamide 5mg,3x1 tablet,oral,7,2024-10-13,21
RX01241,DGN0840,PAT00397,Metformin 500mg,3x500mg,oral,3,09/12/2024,9
RX01242,DGN0841,PAT00970,Salep mata gentamicin,Oles 3x sehari,topikal,10,2024-04-09,1
RX01243,DGN0841,PAT00970,Budesonide inhaler,2 puff 3x sehari,inhaler,5,2024-04-09,1
RX01244,DGN0842,PAT00727,Domperidone 10mg,1x1 sachet,oral,7,30/10/2024,7
RX01245,DGN0843,PAT01928,Metformin 500mg,2x500mg,oral,7,2024-01-10,14
RX01246,DGN0843,PAT01928,Salep hidrokortison,Oles 2x sehari,topikal,10,2024-01-10,1
RX01247,DGN0843,PAT01928,Antasida,2x1 sachet,oral,3,2024-01-10,6
RX01248,DGN0844,PAT00205,Ibuprofen 400mg,2x1 sachet,oral,30,11-08-2024,60
RX01249,DGN0845,PAT01580,Antasida,1x1 tablet,oral,10,14/12/2024,10
RX01250,DGN0845,PAT01580,Ranitidine 150mg,1x1 tablet,oral,7,14/12/2024,7
RX01251,DGN0846,PAT00132,Simvastatin 10mg,1x1 tablet,oral,14,2024-02-01,14
RX01252,DGN0846,PAT00132,Loratadine 10mg,2x500mg,oral,30,2024-02-01,60
RX01253,DGN0846,PAT00132,Oralit sachet,1x1 sachet,oral,14,2024-02-01,14
RX01254,DGN0847,PAT01540,Captopril 25mg,1x1 tablet,oral,30,22/11/2023,30
RX01255,DGN0847,PAT01540,Oralit sachet,3x500mg,oral,10,22/11/2023,30
RX01256,DGN0848,PAT01719,Salbutamol inhaler,Inhalasi bila sesak,inhaler,5,2022-12-08,1
RX01257,DGN0849,PAT01234,Asam folat,1x1 tablet,oral,14,02/11/2023,14
RX01258,DGN0849,PAT01234,Tetes mata,Oles 3x sehari,topikal,10,02/11/2023,1
RX01259,DGN0850,PAT01816,Paracetamol 500mg,1x1 sachet,oral,5,12/11/2021,5
RX01260,DGN0851,PAT01381,Ciprofloxacin 500mg,3x500mg,oral,10,21-01-2024,30
RX01261,DGN0852,PAT01649,Dexamethasone inj,Injeksi 1x sehari,injeksi,5,16/09/2024,1
RX01262,DGN0852,PAT01649,Omeprazole 20mg,2x1 sachet,oral,10,16/09/2024,20
RX01263,DGN0853,PAT01190,Asam folat,3x1 tablet,oral,10,2024-08-29,30
RX01264,DGN0854,PAT00776,Salep hidrokortison,Oles 2x sehari,topikal,7,26-04-2023,1
RX01265,DGN0855,PAT01586,Amlodipine 5mg,1x1 tablet,oral,14,2024-05-13,14
RX01266,DGN0856,PAT00288,Vitamin B complex,1x1 tablet,oral,3,2023-10-21,3
RX01267,DGN0856,PAT00288,Metformin 500mg,2x500mg,oral,5,2023-10-21,10
RX01268,DGN0857,PAT00127,Mefenamic acid 500mg,3x1 tablet,oral,14,13-12-2023,42
RX01269,DGN0858,PAT01905,Asam folat,3x1 tablet,oral,3,27/12/2023,9
RX01270,DGN0859,PAT00326,Ranitidine 150mg,2x1 sachet,oral,14,2024-10-17,28
RX01271,DGN0860,PAT01323,Paracetamol 500mg,1x1 sachet,oral,3,09/08/2024,3
RX01272,DGN0860,PAT01323,Ciprofloxacin 500mg,2x500mg,oral,3,09/08/2024,6
RX01273,DGN0861,PAT01385,Ranitidine 150mg,2x500mg,oral,7,11-09-2024,14
RX01274,DGN0862,PAT00257,Vitamin C 500mg,2x1 tablet,oral,7,27/05/2024,14
RX01275,DGN0863,PAT00094,Ibuprofen 400mg,2x500mg,oral,3,2024-08-02,6
RX01276,DGN0864,PAT01732,Paracetamol 500mg,3x500mg,oral,30,2022-05-18,90
RX01277,DGN0865,PAT00155,Salep gatal,Oles 2x sehari,topikal,14,02/09/2024,1
RX01278,DGN0866,PAT00829,Budesonide inhaler,2 puff 3x sehari,inhaler,14,29/08/2023,1
RX01279,DGN0866,PAT00829,Dexamethasone inj,Injeksi tunggal,injeksi,5,29/08/2023,1
RX01280,DGN0866,PAT00829,Loratadine 10mg,1x1 tablet,oral,3,29/08/2023,3
RX01281,DGN0867,PAT01827,Vitamin C 500mg,2x1 sachet,oral,30,2024-07-08,60
RX01282,DGN0867,PAT01827,Vitamin B complex,1x1 sachet,oral,5,2024-07-08,5
RX01283,DGN0868,PAT01604,Cetirizine 10mg,1x1 tablet,oral,7,28-10-2023,7
RX01284,DGN0868,PAT01604,Asam folat,3x500mg,oral,30,28-10-2023,90
RX01285,DGN0869,PAT00699,Amlodipine 5mg,1x1 sachet,oral,5,08/06/2022,5
RX01286,DGN0869,PAT00699,Ciprofloxacin 500mg,1x1 sachet,oral,10,08/06/2022,10
RX01287,DGN0870,PAT01960,Omeprazole 20mg,1x1 tablet,oral,10,2025-01-10,10
RX01288,DGN0871,PAT01696,Oralit sachet,2x500mg,oral,5,2025-01-17,10
RX01289,DGN0872,PAT01249,Salep gatal,Oles pagi & malam,topikal,5,2022-04-25,1
RX01290,DGN0873,PAT01400,Captopril 25mg,2x1 tablet,oral,14,24/07/2022,28
RX01291,DGN0874,PAT00257,Loperamide 2mg,2x1 tablet,oral,5,09/01/2025,10
RX01292,DGN0875,PAT00938,Ibuprofen 400mg,1x1 sachet,oral,3,2024-12-02,3
RX01293,DGN0876,PAT00466,Mefenamic acid 500mg,2x1 tablet,oral,14,2022-03-25,28
RX01294,DGN0877,PAT00640,Tetes mata,Oles pagi & malam,topikal,14,2024-06-04,1
RX01295,DGN0877,PAT00640,Domperidone 10mg,2x1 tablet,oral,5,2024-06-04,10
RX01296,DGN0878,PAT00096,Cetirizine 10mg,2x1 tablet,oral,7,05-01-2022,14
RX01297,DGN0879,PAT01261,Antasida,2x500mg,oral,7,2024-04-04,14
RX01298,DGN0880,PAT01266,Metformin 500mg,1x1 tablet,oral,10,2023-05-09,10
RX01299,DGN0881,PAT00603,Simvastatin 10mg,2x1 tablet,oral,14,2023-12-25,28
RX01300,DGN0881,PAT00603,Budesonide inhaler,Inhalasi bila sesak,inhaler,14,2023-12-25,1
RX01301,DGN0882,PAT00448,Glibenclamide 5mg,1x1 tablet,oral,5,20-08-2024,5
RX01302,DGN0883,PAT01201,Asam folat,2x500mg,oral,30,25-06-2024,60
RX01303,DGN0883,PAT01201,Salep mata gentamicin,Oles pagi & malam,topikal,7,25-06-2024,1
RX01304,DGN0883,PAT01201,Amlodipine 5mg,2x1 sachet,oral,7,25-06-2024,14
RX01305,DGN0884,PAT00764,Simvastatin 10mg,2x500mg,oral,3,20/03/2024,6
RX01306,DGN0884,PAT00764,Amlodipine 5mg,2x500mg,oral,14,20/03/2024,28
RX01307,DGN0885,PAT00246,Simvastatin 10mg,2x1 tablet,oral,7,26/08/2023,14
RX01308,DGN0886,PAT00165,ORS pediatric,3x500mg,oral,14,2024-09-28,42
RX01309,DGN0887,PAT01563,Amoxicillin 500mg,3x1 tablet,oral,10,2023-11-07,30
RX01310,DGN0887,PAT01563,Budesonide inhaler,2 puff 3x sehari,inhaler,3,2023-11-07,1
RX01311,DGN0888,PAT00848,Oralit sachet,3x500mg,oral,14,30/08/2022,42
RX01312,DGN0888,PAT00848,Simvastatin 10mg,1x1 tablet,oral,7,30/08/2022,7
RX01313,DGN0888,PAT00848,Amoxicillin 500mg,3x500mg,oral,7,30/08/2022,21
RX01314,DGN0889,PAT01673,Amoxicillin 500mg,2x1 tablet,oral,5,2024-05-10,10
RX01315,DGN0889,PAT01673,Glibenclamide 5mg,3x500mg,oral,30,2024-05-10,90
RX01316,DGN0889,PAT01673,Amlodipine 5mg,2x1 sachet,oral,3,2024-05-10,6
RX01317,DGN0890,PAT01234,Amoxicillin 500mg,3x500mg,oral,10,2023-04-08,30
RX01318,DGN0891,PAT00293,Loratadine 10mg,2x1 sachet,oral,5,19/06/2023,10
RX01319,DGN0892,PAT00679,Paracetamol 500mg,1x1 tablet,oral,7,08-04-2023,7
RX01320,DGN0893,PAT00501,Oralit sachet,2x1 sachet,oral,3,2024-09-13,6
RX01321,DGN0894,PAT00947,Metformin 500mg,2x500mg,oral,5,16-09-2024,10
RX01322,DGN0895,PAT00366,Tetes mata,Oles pagi & malam,topikal,30,27/12/2023,1
RX01323,DGN0895,PAT00366,Dexamethasone inj,Injeksi tunggal,injeksi,5,27/12/2023,1
RX01324,DGN0896,PAT00092,Amoxicillin 500mg,1x1 sachet,oral,14,25-07-2023,14
RX01325,DGN0896,PAT00092,Salep gatal,Oles 2x sehari,topikal,10,25-07-2023,1
RX01326,DGN0897,PAT01345,Salep gatal,Oles 3x sehari,topikal,30,2024-03-25,1
RX01327,DGN0898,PAT00985,Domperidone 10mg,1x1 tablet,oral,14,2024-07-27,14
RX01328,DGN0899,PAT01954,Antibiotik salep,Oles pagi & malam,topikal,3,12/05/2024,1
RX01329,DGN0899,PAT01954,Salep hidrokortison,Oles pagi & malam,topikal,5,12/05/2024,1
RX01330,DGN0900,PAT01506,Salep hidrokortison,Oles pagi & malam,topikal,5,21/12/2024,1
RX01331,DGN0901,PAT00025,Salep gatal,Oles 3x sehari,topikal,10,29/07/2024,1
RX01332,DGN0902,PAT00696,Mefenamic acid 500mg,2x1 sachet,oral,10,2025-01-13,20
RX01333,DGN0902,PAT00696,Loperamide 2mg,3x1 tablet,oral,5,2025-01-13,15
RX01334,DGN0902,PAT00696,Vitamin C 500mg,2x1 sachet,oral,5,2025-01-13,10
RX01335,DGN0903,PAT00167,ORS pediatric,2x500mg,oral,10,2022-05-30,20
RX01336,DGN0904,PAT00361,Loratadine 10mg,3x500mg,oral,3,06/09/2023,9
RX01337,DGN0905,PAT00525,Metformin 500mg,1x1 tablet,oral,30,2024-03-24,30
RX01338,DGN0905,PAT00525,Antibiotik salep,Oles 2x sehari,topikal,3,2024-03-24,1
RX01339,DGN0906,PAT00083,Paracetamol 500mg,1x1 tablet,oral,3,19/12/2024,3
RX01340,DGN0907,PAT00717,Amoxicillin 500mg,2x1 sachet,oral,30,12/05/2024,60
RX01341,DGN0908,PAT00599,Paracetamol 500mg,1x1 sachet,oral,10,2024-10-01,10
RX01342,DGN0908,PAT00599,Vitamin C 500mg,2x1 sachet,oral,10,2024-10-01,20
RX01343,DGN0909,PAT00973,Salep gatal,Oles 2x sehari,topikal,30,2024-01-13,1
RX01344,DGN0910,PAT01513,Loratadine 10mg,3x1 tablet,oral,30,27-07-2024,90
RX01345,DGN0910,PAT01513,Budesonide inhaler,2 puff 2x sehari,inhaler,10,27-07-2024,1
RX01346,DGN0910,PAT01513,Paracetamol 500mg,2x1 tablet,oral,7,27-07-2024,14
RX01347,DGN0911,PAT00282,Budesonide inhaler,2 puff 3x sehari,inhaler,3,03-06-2024,1
RX01348,DGN0911,PAT00282,Vitamin B complex,2x1 tablet,oral,10,03-06-2024,20
RX01349,DGN0911,PAT00282,Ibuprofen 400mg,3x500mg,oral,7,03-06-2024,21
RX01350,DGN0912,PAT01987,Loperamide 2mg,1x1 tablet,oral,10,09-01-2024,10
RX01351,DGN0912,PAT01987,Omeprazole 20mg,2x1 tablet,oral,30,09-01-2024,60
RX01352,DGN0913,PAT00362,Amoxicillin 500mg,1x1 sachet,oral,10,2023-11-03,10
RX01353,DGN0913,PAT00362,Loratadine 10mg,3x500mg,oral,10,2023-11-03,30
RX01354,DGN0913,PAT00362,Cetirizine 10mg,3x1 tablet,oral,14,2023-11-03,42
RX01355,DGN0914,PAT01180,Mefenamic acid 500mg,1x1 sachet,oral,5,23-08-2024,5
RX01356,DGN0915,PAT00401,Vitamin C 500mg,1x1 sachet,oral,5,2024-12-29,5
RX01357,DGN0915,PAT00401,Oralit sachet,1x1 sachet,oral,7,2024-12-29,7
RX01358,DGN0915,PAT00401,Mefenamic acid 500mg,2x1 tablet,oral,3,2024-12-29,6
RX01359,DGN0916,PAT01487,Vitamin B complex,2x1 sachet,oral,7,12/09/2024,14
RX01360,DGN0917,PAT00659,Amoxicillin 500mg,3x500mg,oral,3,2022-08-11,9
RX01361,DGN0918,PAT00293,Omeprazole 20mg,1x1 tablet,oral,10,10/07/2024,10
RX01362,DGN0919,PAT01595,Metformin 500mg,3x500mg,oral,3,2023-02-17,9
RX01363,DGN0920,PAT00592,Salep gatal,Oles pagi & malam,topikal,3,2023-08-09,1
RX01364,DGN0921,PAT01134,Amlodipine 5mg,2x1 tablet,oral,14,2024-02-27,28
RX01365,DGN0921,PAT01134,ORS pediatric,3x500mg,oral,7,2024-02-27,21
RX01366,DGN0922,PAT00256,Simvastatin 10mg,3x500mg,oral,5,2023-02-19,15
RX01367,DGN0922,PAT00256,Tetes mata,Oles pagi & malam,topikal,3,2023-02-19,1
RX01368,DGN0923,PAT01856,Domperidone 10mg,3x1 tablet,oral,3,2024-04-21,9
RX01369,DGN0923,PAT01856,Budesonide inhaler,2 puff 2x sehari,inhaler,10,2024-04-21,1
RX01370,DGN0924,PAT01316,Salep gatal,Oles 2x sehari,topikal,10,2024-12-18,1
RX01371,DGN0925,PAT01991,Salep hidrokortison,Oles 2x sehari,topikal,10,2024-06-03,1
RX01372,DGN0925,PAT01991,Antasida,1x1 tablet,oral,7,2024-06-03,7
RX01373,DGN0926,PAT01983,Ciprofloxacin 500mg,2x500mg,oral,30,2023-09-26,60
RX01374,DGN0927,PAT00432,Ciprofloxacin 500mg,2x1 sachet,oral,3,02/01/2025,6
RX01375,DGN0928,PAT01951,Mefenamic acid 500mg,2x1 tablet,oral,7,29/11/2024,14
RX01376,DGN0929,PAT01703,Amoxicillin 500mg,3x1 tablet,oral,5,21/01/2023,15
RX01377,DGN0930,PAT00307,Antibiotik salep,Oles 3x sehari,topikal,5,04-06-2023,1
RX01378,DGN0931,PAT00877,Ibuprofen 400mg,3x1 tablet,oral,30,06/07/2024,90
RX01379,DGN0931,PAT00877,Dexamethasone inj,Injeksi 1x sehari,injeksi,30,06/07/2024,10
RX01380,DGN0932,PAT01264,Antasida,3x500mg,oral,7,15/03/2023,21
RX01381,DGN0933,PAT01710,Vitamin B complex,3x1 tablet,oral,3,06/10/2021,9
RX01382,DGN0933,PAT01710,Glibenclamide 5mg,1x1 sachet,oral,30,06/10/2021,30
RX01383,DGN0933,PAT01710,Domperidone 10mg,3x500mg,oral,14,06/10/2021,42
RX01384,DGN0934,PAT00263,Ibuprofen 400mg,3x500mg,oral,30,2023-04-10,90
RX01385,DGN0934,PAT00263,Budesonide inhaler,Inhalasi bila sesak,inhaler,14,2023-04-10,1
RX01386,DGN0935,PAT00791,Captopril 25mg,2x1 tablet,oral,10,23-08-2024,20
RX01387,DGN0935,PAT00791,Ciprofloxacin 500mg,2x1 tablet,oral,14,23-08-2024,28
RX01388,DGN0936,PAT01422,Tetes mata,Oles 2x sehari,topikal,14,23/10/2024,1
RX01389,DGN0937,PAT00044,Salep hidrokortison,Oles pagi & malam,topikal,5,2024-01-07,1
RX01390,DGN0937,PAT00044,Loratadine 10mg,2x500mg,oral,3,2024-01-07,6
RX01391,DGN0937,PAT00044,Dexamethasone inj,Injeksi tunggal,injeksi,14,2024-01-07,4
RX01392,DGN0938,PAT00113,Ibuprofen 400mg,3x1 tablet,oral,3,21/07/2024,9
RX01393,DGN0939,PAT00148,Oralit sachet,2x500mg,oral,5,2024-01-04,10
RX01394,DGN0939,PAT00148,Captopril 25mg,3x1 tablet,oral,14,2024-01-04,42
RX01395,DGN0940,PAT01759,Ibuprofen 400mg,1x1 tablet,oral,30,28-04-2023,30
RX01396,DGN0941,PAT01615,Salep gatal,Oles pagi & malam,topikal,3,2023-08-16,1
RX01397,DGN0942,PAT00307,Metformin 500mg,1x1 sachet,oral,14,26/03/2024,14
RX01398,DGN0942,PAT00307,Salep gatal,Oles pagi & malam,topikal,5,26/03/2024,1
RX01399,DGN0942,PAT00307,Vitamin C 500mg,2x500mg,oral,30,26/03/2024,60
RX01400,DGN0943,PAT00004,Mefenamic acid 500mg,3x1 tablet,oral,7,31-03-2023,21
RX01401,DGN0943,PAT00004,Glibenclamide 5mg,1x1 tablet,oral,10,31-03-2023,10
RX01402,DGN0944,PAT01372,Salep hidrokortison,Oles 3x sehari,topikal,7,25/11/2021,1
RX01403,DGN0945,PAT00963,Ibuprofen 400mg,2x1 tablet,oral,3,15/12/2023,6
RX01404,DGN0945,PAT00963,Omeprazole 20mg,1x1 tablet,oral,14,15/12/2023,14
RX01405,DGN0945,PAT00963,Salep mata gentamicin,Oles 3x sehari,topikal,30,15/12/2023,1
RX01406,DGN0946,PAT01229,Amlodipine 5mg,2x1 tablet,oral,5,24/10/2024,10
RX01407,DGN0946,PAT01229,Asam folat,1x1 sachet,oral,7,24/10/2024,7
RX01408,DGN0947,PAT01985,Ibuprofen 400mg,1x1 sachet,oral,14,29/09/2023,14
RX01409,DGN0948,PAT00316,Amoxicillin 500mg,3x500mg,oral,14,2024-07-15,42
RX01410,DGN0949,PAT01759,Antibiotik salep,Oles 2x sehari,topikal,3,05-04-2023,1
RX01411,DGN0949,PAT01759,Captopril 25mg,1x1 sachet,oral,3,05-04-2023,3
RX01412,DGN0949,PAT01759,ORS pediatric,2x500mg,oral,14,05-04-2023,28
RX01413,DGN0950,PAT00748,Salep hidrokortison,Oles pagi & malam,topikal,30,14/02/2024,1
RX01414,DGN0951,PAT00853,Oralit sachet,3x1 tablet,oral,30,2025-01-02,90
RX01415,DGN0952,PAT01417,Oralit sachet,3x1 tablet,oral,10,03/07/2023,30
RX01416,DGN0953,PAT01531,Budesonide inhaler,2 puff 3x sehari,inhaler,5,2023-07-13,1
RX01417,DGN0953,PAT01531,Asam folat,2x1 sachet,oral,5,2023-07-13,10
RX01418,DGN0954,PAT00395,Ranitidine 150mg,1x1 tablet,oral,3,2024-08-05,3
RX01419,DGN0955,PAT00570,Amoxicillin 500mg,3x500mg,oral,5,2023-12-20,15
RX01420,DGN0955,PAT00570,Vitamin B complex,1x1 tablet,oral,3,2023-12-20,3
RX01421,DGN0956,PAT00073,Ibuprofen 400mg,1x1 tablet,oral,30,2024-02-12,30
RX01422,DGN0957,PAT00472,Salbutamol inhaler,2 puff 2x sehari,inhaler,14,2024-09-19,1
RX01423,DGN0958,PAT01770,Glibenclamide 5mg,1x1 tablet,oral,30,22/08/2023,30
RX01424,DGN0959,PAT01232,Ciprofloxacin 500mg,1x1 tablet,oral,10,2022-09-30,10
RX01425,DGN0960,PAT01261,Loratadine 10mg,1x1 tablet,oral,7,16/01/2023,7
RX01426,DGN0961,PAT00087,Loperamide 2mg,3x500mg,oral,14,2023-07-01,42
RX01427,DGN0962,PAT01007,Metformin 500mg,2x500mg,oral,10,2023-11-13,20
RX01428,DGN0962,PAT01007,Metformin 500mg,1x1 sachet,oral,7,2023-11-13,7
RX01429,DGN0963,PAT01836,Loperamide 2mg,2x1 sachet,oral,3,08/02/2022,6
RX01430,DGN0964,PAT00456,Ibuprofen 400mg,1x1 tablet,oral,3,2023-04-03,3
RX01431,DGN0965,PAT01875,Loperamide 2mg,3x1 tablet,oral,5,2023-03-21,15
RX01432,DGN0966,PAT00053,Asam folat,2x500mg,oral,14,14-05-2024,28
RX01433,DGN0966,PAT00053,Cetirizine 10mg,3x500mg,oral,5,14-05-2024,15
RX01434,DGN0967,PAT01574,Loperamide 2mg,2x1 tablet,oral,10,29-12-2023,20
RX01435,DGN0967,PAT01574,Metformin 500mg,2x500mg,oral,3,29-12-2023,6
RX01436,DGN0968,PAT00542,Mefenamic acid 500mg,3x500mg,oral,10,12/12/2023,30
RX01437,DGN0969,PAT00031,Amlodipine 5mg,2x1 tablet,oral,5,31/07/2024,10
RX01438,DGN0970,PAT01637,Salep mata gentamicin,Oles pagi & malam,topikal,7,2023-10-20,1
RX01439,DGN0971,PAT00719,Asam folat,2x500mg,oral,30,2024-05-19,60
RX01440,DGN0972,PAT01544,Antibiotik salep,Oles 3x sehari,topikal,10,19-03-2024,1
RX01441,DGN0973,PAT00902,Cetirizine 10mg,2x1 tablet,oral,3,17-09-2023,6
RX01442,DGN0974,PAT00335,ORS pediatric,2x1 tablet,oral,30,12/04/2023,60
RX01443,DGN0974,PAT00335,Salep mata gentamicin,Oles 3x sehari,topikal,30,12/04/2023,1
RX01444,DGN0975,PAT00058,Metformin 500mg,2x1 tablet,oral,5,30/04/2024,10
RX01445,DGN0975,PAT00058,Cetirizine 10mg,2x500mg,oral,3,30/04/2024,6
RX01446,DGN0976,PAT00747,Loperamide 2mg,3x1 tablet,oral,3,14-01-2024,9
RX01447,DGN0976,PAT00747,Salep mata gentamicin,Oles 2x sehari,topikal,7,14-01-2024,1
RX01448,DGN0977,PAT01531,Loratadine 10mg,3x1 tablet,oral,30,11-03-2023,90
RX01449,DGN0977,PAT01531,Glibenclamide 5mg,1x1 sachet,oral,14,11-03-2023,14
RX01450,DGN0978,PAT01169,Omeprazole 20mg,2x1 tablet,oral,3,21/01/2025,6
RX01451,DGN0978,PAT01169,Salep gatal,Oles 2x sehari,topikal,3,21/01/2025,1
RX01452,DGN0978,PAT01169,Domperidone 10mg,1x1 tablet,oral,3,21/01/2025,3
RX01453,DGN0979,PAT01370,Vitamin C 500mg,2x500mg,oral,3,2023-09-28,6
RX01454,DGN0980,PAT00074,Vitamin C 500mg,2x500mg,oral,7,23/01/2025,14
RX01455,DGN0980,PAT00074,Asam folat,3x1 tablet,oral,10,23/01/2025,30
RX01456,DGN0981,PAT00804,Glibenclamide 5mg,2x500mg,oral,30,12-04-2023,60
RX01457,DGN0982,PAT00355,Captopril 25mg,3x500mg,oral,3,25/01/2025,9
RX01458,DGN0982,PAT00355,Salep mata gentamicin,Oles 3x sehari,topikal,3,25/01/2025,1
RX01459,DGN0983,PAT00659,Oralit sachet,3x1 tablet,oral,7,2024-07-19,21
RX01460,DGN0984,PAT01457,Omeprazole 20mg,1x1 sachet,oral,14,27/04/2023,14
RX01461,DGN0984,PAT01457,Simvastatin 10mg,3x1 tablet,oral,10,27/04/2023,30
RX01462,DGN0985,PAT01896,Omeprazole 20mg,2x1 sachet,oral,3,2023-08-17,6
RX01463,DGN0986,PAT01865,Amlodipine 5mg,1x1 tablet,oral,10,17-12-2022,10
RX01464,DGN0987,PAT01698,Asam folat,3x500mg,oral,7,2022-06-30,21
RX01465,DGN0987,PAT01698,Ciprofloxacin 500mg,1x1 sachet,oral,30,2022-06-30,30
RX01466,DGN0988,PAT00430,Omeprazole 20mg,1x1 tablet,oral,14,19-05-2024,14
RX01467,DGN0989,PAT00278,Loratadine 10mg,1x1 sachet,oral,14,04-12-2023,14
RX01468,DGN0989,PAT00278,Antibiotik salep,Oles pagi & malam,topikal,14,04-12-2023,1
RX01469,DGN0989,PAT00278,Budesonide inhaler,2 puff 2x sehari,inhaler,5,04-12-2023,1
RX01470,DGN0990,PAT01455,Simvastatin 10mg,3x1 tablet,oral,3,2025-01-10,9
RX01471,DGN0991,PAT00700,Mefenamic acid 500mg,1x1 tablet,oral,3,2024-03-18,3
RX01472,DGN0992,PAT01773,Captopril 25mg,1x1 sachet,oral,14,01-08-2022,14
RX01473,DGN0992,PAT01773,Budesonide inhaler,2 puff 3x sehari,inhaler,30,01-08-2022,1
RX01474,DGN0993,PAT01511,Glibenclamide 5mg,2x1 tablet,oral,14,2024-04-30,28
RX01475,DGN0993,PAT01511,Glibenclamide 5mg,3x1 tablet,oral,10,2024-04-30,30
RX01476,DGN0994,PAT01077,Salep gatal,Oles 3x sehari,topikal,7,26/02/2024,1
RX01477,DGN0995,PAT01533,ORS pediatric,1x1 sachet,oral,10,06/09/2024,10
RX01478,DGN0996,PAT01950,Antibiotik salep,Oles 3x sehari,topikal,5,14/01/2024,1
RX01479,DGN0997,PAT01673,Amlodipine 5mg,1x1 tablet,oral,10,05/08/2024,10
RX01480,DGN0998,PAT01718,Tetes mata,Oles 3x sehari,topikal,30,08/12/2023,1
RX01481,DGN0999,PAT01857,Asam folat,1x1 sachet,oral,3,2024-04-12,3
RX01482,DGN1000,PAT00562,Antibiotik salep,Oles 3x sehari,topikal,5,27/06/2023,1
RX01483,DGN1001,PAT00522,Antibiotik salep,Oles 3x sehari,topikal,30,26/04/2024,1
RX01484,DGN1001,PAT00522,Ibuprofen 400mg,2x1 tablet,oral,7,26/04/2024,14
RX01485,DGN1002,PAT01408,Vitamin C 500mg,1x1 sachet,oral,7,13/04/2024,7
RX01486,DGN1003,PAT00652,Metformin 500mg,2x1 tablet,oral,10,04/05/2024,20
RX01487,DGN1004,PAT00556,Vitamin B complex,1x1 sachet,oral,30,2024-11-25,30
RX01488,DGN1005,PAT01627,Omeprazole 20mg,3x500mg,oral,30,2023-10-21,90
RX01489,DGN1006,PAT00217,Vitamin B complex,1x1 tablet,oral,5,18-12-2023,5
RX01490,DGN1006,PAT00217,Asam folat,3x1 tablet,oral,7,18-12-2023,21
RX01491,DGN1007,PAT01938,Salbutamol inhaler,2 puff 3x sehari,inhaler,7,2024-07-28,1
RX01492,DGN1008,PAT01498,Mefenamic acid 500mg,2x500mg,oral,30,2022-01-14,60
RX01493,DGN1008,PAT01498,Oralit sachet,2x1 tablet,oral,5,2022-01-14,10
RX01494,DGN1009,PAT00638,Antibiotik salep,Oles 2x sehari,topikal,14,29/06/2024,1
RX01495,DGN1009,PAT00638,Budesonide inhaler,2 puff 2x sehari,inhaler,10,29/06/2024,1
RX01496,DGN1010,PAT00874,Simvastatin 10mg,2x1 tablet,oral,30,2021-11-28,60
RX01497,DGN1011,PAT00540,Glibenclamide 5mg,3x500mg,oral,14,26-04-2024,42
RX01498,DGN1012,PAT01026,Domperidone 10mg,2x500mg,oral,10,2022-12-21,20
RX01499,DGN1013,PAT01043,Antasida,2x1 sachet,oral,30,02-10-2024,60
RX01500,DGN1013,PAT01043,Ciprofloxacin 500mg,3x500mg,oral,30,02-10-2024,90
RX01501,DGN1014,PAT01412,Vitamin C 500mg,3x1 tablet,oral,5,13-04-2022,15
RX01502,DGN1015,PAT00626,Salep gatal,Oles 2x sehari,topikal,3,2024-09-02,1
RX01503,DGN1016,PAT00692,Amoxicillin 500mg,2x500mg,oral,10,25-06-2022,20
RX01504,DGN1017,PAT01740,Amoxicillin 500mg,2x1 tablet,oral,14,31-05-2024,28
RX01505,DGN1017,PAT01740,Mefenamic acid 500mg,2x500mg,oral,5,31-05-2024,10
RX01506,DGN1018,PAT01234,Captopril 25mg,1x1 sachet,oral,30,17/08/2023,30
RX01507,DGN1018,PAT01234,Paracetamol 500mg,3x1 tablet,oral,30,17/08/2023,90
RX01508,DGN1019,PAT01452,Ranitidine 150mg,3x1 tablet,oral,14,2024-10-15,42
RX01509,DGN1019,PAT01452,Paracetamol 500mg,2x500mg,oral,7,2024-10-15,14
RX01510,DGN1020,PAT00820,Tetes mata,Oles pagi & malam,topikal,5,2024-07-18,1
RX01511,DGN1021,PAT00586,Loratadine 10mg,2x1 sachet,oral,5,2024-04-26,10
RX01512,DGN1022,PAT01067,Vitamin B complex,1x1 sachet,oral,10,24/12/2024,10
RX01513,DGN1023,PAT00315,Loperamide 2mg,3x1 tablet,oral,10,18/10/2024,30
RX01514,DGN1024,PAT00122,ORS pediatric,2x500mg,oral,10,2022-12-09,20
RX01515,DGN1025,PAT00808,Glibenclamide 5mg,2x1 sachet,oral,10,2024-12-05,20
RX01516,DGN1026,PAT01960,Dexamethasone inj,Injeksi tunggal,injeksi,3,2023-08-11,1
RX01517,DGN1026,PAT01960,ORS pediatric,1x1 sachet,oral,30,2023-08-11,30
RX01518,DGN1027,PAT00849,Mefenamic acid 500mg,3x1 tablet,oral,30,2025-01-16,90
RX01519,DGN1027,PAT00849,Ciprofloxacin 500mg,3x500mg,oral,5,2025-01-16,15
RX01520,DGN1028,PAT01603,Ranitidine 150mg,2x1 tablet,oral,30,21/04/2024,60
RX01521,DGN1028,PAT01603,Vitamin B complex,1x1 tablet,oral,7,21/04/2024,7
RX01522,DGN1029,PAT01598,Dexamethasone inj,Injeksi 1x sehari,injeksi,14,2023-04-03,4
RX01523,DGN1029,PAT01598,Tetes mata,Oles 3x sehari,topikal,7,2023-04-03,1
RX01524,DGN1030,PAT00008,Loratadine 10mg,1x1 sachet,oral,3,2022-12-08,3
RX01525,DGN1031,PAT00470,Cetirizine 10mg,2x1 sachet,oral,5,2024-03-27,10
RX01526,DGN1032,PAT01673,Antasida,2x500mg,oral,14,19-08-2024,28
RX01527,DGN1033,PAT00394,Omeprazole 20mg,3x500mg,oral,3,19/12/2024,9
RX01528,DGN1034,PAT00753,Dexamethasone inj,Injeksi 1x sehari,injeksi,14,08/01/2023,4
RX01529,DGN1035,PAT01131,Salep mata gentamicin,Oles pagi & malam,topikal,14,16/04/2023,1
RX01530,DGN1036,PAT01094,Dexamethasone inj,Injeksi tunggal,injeksi,14,28/05/2023,4
RX01531,DGN1036,PAT01094,Cetirizine 10mg,2x1 sachet,oral,7,28/05/2023,14
RX01532,DGN1037,PAT01891,Oralit sachet,1x1 sachet,oral,14,23/01/2025,14
RX01533,DGN1038,PAT00525,Oralit sachet,2x1 sachet,oral,10,2023-11-23,20
RX01534,DGN1039,PAT00125,Amoxicillin 500mg,1x1 tablet,oral,5,2024-10-28,5
RX01535,DGN1040,PAT00797,Dexamethasone inj,Injeksi tunggal,injeksi,7,20-11-2021,2
RX01536,DGN1041,PAT01472,Vitamin B complex,3x500mg,oral,10,2024-09-04,30
RX01537,DGN1041,PAT01472,Salep mata gentamicin,Oles 2x sehari,topikal,30,2024-09-04,1
RX01538,DGN1042,PAT01397,Tetes mata,Oles pagi & malam,topikal,7,17-10-2024,1
RX01539,DGN1043,PAT01188,Metformin 500mg,1x1 sachet,oral,7,2024-06-12,7
RX01540,DGN1044,PAT01832,Dexamethasone inj,Injeksi 1x sehari,injeksi,5,12/10/2022,1
RX01541,DGN1045,PAT01992,Simvastatin 10mg,3x500mg,oral,5,25/11/2022,15
RX01542,DGN1046,PAT00286,Mefenamic acid 500mg,2x1 tablet,oral,7,2023-07-01,14
RX01543,DGN1046,PAT00286,Dexamethasone inj,Injeksi 1x sehari,injeksi,7,2023-07-01,2
RX01544,DGN1047,PAT00854,Captopril 25mg,3x1 tablet,oral,7,2024-11-30,21
RX01545,DGN1048,PAT00895,Glibenclamide 5mg,2x500mg,oral,14,21-11-2024,28
RX01546,DGN1049,PAT00862,Antasida,1x1 tablet,oral,5,2024-03-14,5
RX01547,DGN1050,PAT00671,Ciprofloxacin 500mg,2x500mg,oral,7,2024-07-18,14
RX01548,DGN1050,PAT00671,Ranitidine 150mg,2x1 tablet,oral,3,2024-07-18,6
RX01549,DGN1050,PAT00671,Vitamin C 500mg,2x500mg,oral,5,2024-07-18,10
RX01550,DGN1051,PAT01177,Antibiotik salep,Oles 3x sehari,topikal,30,2024-08-25,1
RX01551,DGN1052,PAT01571,Captopril 25mg,1x1 sachet,oral,14,08/01/2025,14
RX01552,DGN1053,PAT00309,Simvastatin 10mg,2x1 sachet,oral,7,2024-01-29,14
RX01553,DGN1053,PAT00309,Loratadine 10mg,2x500mg,oral,5,2024-01-29,10
RX01554,DGN1054,PAT01885,Salep hidrokortison,Oles pagi & malam,topikal,14,26-06-2024,1
RX01555,DGN1054,PAT01885,Amoxicillin 500mg,3x500mg,oral,10,26-06-2024,30
RX01556,DGN1055,PAT01020,Metformin 500mg,3x500mg,oral,7,30/07/2023,21
RX01557,DGN1056,PAT01791,Antasida,2x500mg,oral,30,12/12/2023,60
RX01558,DGN1057,PAT01466,Budesonide inhaler,Inhalasi bila sesak,inhaler,7,2024-06-03,1
RX01559,DGN1058,PAT01103,Simvastatin 10mg,1x1 sachet,oral,10,05-11-2024,10
RX01560,DGN1058,PAT01103,Metformin 500mg,2x1 sachet,oral,10,05-11-2024,20
RX01561,DGN1059,PAT01470,Salep gatal,Oles pagi & malam,topikal,5,31/07/2024,1
RX01562,DGN1059,PAT01470,Amlodipine 5mg,2x1 sachet,oral,30,31/07/2024,60
RX01563,DGN1060,PAT01079,Budesonide inhaler,Inhalasi bila sesak,inhaler,7,08/06/2022,1
RX01564,DGN1061,PAT00565,Metformin 500mg,2x1 sachet,oral,5,17/08/2024,10
RX01565,DGN1062,PAT01905,Domperidone 10mg,2x500mg,oral,5,2024-04-19,10
RX01566,DGN1062,PAT01905,Loratadine 10mg,3x500mg,oral,7,2024-04-19,21
RX01567,DGN1063,PAT00691,Mefenamic acid 500mg,1x1 tablet,oral,3,05/12/2024,3
RX01568,DGN1063,PAT00691,Amoxicillin 500mg,1x1 tablet,oral,7,05/12/2024,7
RX01569,DGN1064,PAT01989,Vitamin C 500mg,2x1 sachet,oral,7,14/03/2022,14
RX01570,DGN1064,PAT01989,Antibiotik salep,Oles 2x sehari,topikal,3,14/03/2022,1
RX01571,DGN1065,PAT00810,Salbutamol inhaler,2 puff 3x sehari,inhaler,5,2024-09-18,1
RX01572,DGN1065,PAT00810,Paracetamol 500mg,3x500mg,oral,30,2024-09-18,90
RX01573,DGN1066,PAT01568,Vitamin B complex,1x1 tablet,oral,5,2022-08-12,5
RX01574,DGN1066,PAT01568,Domperidone 10mg,3x500mg,oral,5,2022-08-12,15
RX01575,DGN1067,PAT01405,Vitamin B complex,3x500mg,oral,3,25/01/2024,9
RX01576,DGN1067,PAT01405,Captopril 25mg,1x1 sachet,oral,10,25/01/2024,10
RX01577,DGN1068,PAT01764,Vitamin B complex,3x500mg,oral,14,10/08/2022,42
RX01578,DGN1069,PAT01275,Ibuprofen 400mg,1x1 tablet,oral,3,2022-11-04,3
RX01579,DGN1069,PAT01275,Tetes mata,Oles pagi & malam,topikal,7,2022-11-04,1
RX01580,DGN1069,PAT01275,Vitamin C 500mg,3x500mg,oral,14,2022-11-04,42
RX01581,DGN1070,PAT01209,Ranitidine 150mg,2x500mg,oral,30,2024-11-08,60
RX01582,DGN1070,PAT01209,Loratadine 10mg,3x1 tablet,oral,5,2024-11-08,15
RX01583,DGN1070,PAT01209,Dexamethasone inj,Injeksi tunggal,injeksi,10,2024-11-08,3
RX01584,DGN1071,PAT00856,Paracetamol 500mg,2x1 tablet,oral,30,2024-12-28,60
RX01585,DGN1072,PAT01926,Amoxicillin 500mg,2x1 sachet,oral,3,22/08/2024,6
RX01586,DGN1073,PAT00587,Metformin 500mg,2x500mg,oral,5,28/05/2022,10
RX01587,DGN1074,PAT01153,Antibiotik salep,Oles 2x sehari,topikal,10,2024-01-01,1
RX01588,DGN1074,PAT01153,Salep mata gentamicin,Oles 2x sehari,topikal,10,2024-01-01,1
RX01589,DGN1074,PAT01153,Vitamin B complex,2x1 tablet,oral,30,2024-01-01,60
RX01590,DGN1075,PAT00099,Dexamethasone inj,Injeksi 1x sehari,injeksi,10,25-10-2024,3
RX01591,DGN1075,PAT00099,Loratadine 10mg,2x1 sachet,oral,30,25-10-2024,60
RX01592,DGN1076,PAT00282,Paracetamol 500mg,2x1 sachet,oral,7,2023-08-02,14
RX01593,DGN1077,PAT00970,Loperamide 2mg,1x1 tablet,oral,5,17/08/2023,5
RX01594,DGN1077,PAT00970,Paracetamol 500mg,1x1 tablet,oral,3,17/08/2023,3
RX01595,DGN1078,PAT01812,Vitamin C 500mg,3x1 tablet,oral,3,2024-08-23,9
RX01596,DGN1078,PAT01812,Amoxicillin 500mg,3x1 tablet,oral,14,2024-08-23,42
RX01597,DGN1079,PAT00588,Salbutamol inhaler,2 puff 3x sehari,inhaler,30,12/07/2024,1
RX01598,DGN1079,PAT00588,Simvastatin 10mg,2x1 tablet,oral,3,12/07/2024,6
RX01599,DGN1080,PAT01617,Metformin 500mg,2x500mg,oral,14,27-09-2023,28
RX01600,DGN1080,PAT01617,Paracetamol 500mg,2x1 sachet,oral,10,27-09-2023,20
RX01601,DGN1080,PAT01617,ORS pediatric,2x500mg,oral,14,27-09-2023,28
RX01602,DGN1081,PAT00631,Paracetamol 500mg,1x1 sachet,oral,30,20/10/2023,30
RX01603,DGN1082,PAT00364,Mefenamic acid 500mg,3x1 tablet,oral,7,19-10-2021,21
RX01604,DGN1082,PAT00364,Cetirizine 10mg,2x1 tablet,oral,5,19-10-2021,10
RX01605,DGN1083,PAT00668,Oralit sachet,1x1 sachet,oral,10,10-11-2023,10
RX01606,DGN1083,PAT00668,Ranitidine 150mg,1x1 sachet,oral,7,10-11-2023,7
RX01607,DGN1083,PAT00668,Glibenclamide 5mg,3x500mg,oral,7,10-11-2023,21
RX01608,DGN1084,PAT01654,Antibiotik salep,Oles pagi & malam,topikal,7,05/04/2024,1
RX01609,DGN1085,PAT01630,Salep mata gentamicin,Oles 3x sehari,topikal,14,19/01/2022,1
RX01610,DGN1085,PAT01630,Salep hidrokortison,Oles 3x sehari,topikal,5,19/01/2022,1
RX01611,DGN1086,PAT01844,Salep gatal,Oles pagi & malam,topikal,5,2023-08-04,1
RX01612,DGN1086,PAT01844,Omeprazole 20mg,3x1 tablet,oral,5,2023-08-04,15
RX01613,DGN1087,PAT00258,Ranitidine 150mg,2x500mg,oral,30,31-08-2024,60
RX01614,DGN1088,PAT01889,Loperamide 2mg,2x1 tablet,oral,3,18/07/2024,6
RX01615,DGN1088,PAT01889,Dexamethasone inj,Injeksi 1x sehari,injeksi,7,18/07/2024,2
RX01616,DGN1089,PAT00457,Salep gatal,Oles 2x sehari,topikal,7,10-03-2024,1
RX01617,DGN1089,PAT00457,Mefenamic acid 500mg,2x1 tablet,oral,5,10-03-2024,10
RX01618,DGN1089,PAT00457,Glibenclamide 5mg,3x500mg,oral,3,10-03-2024,9
RX01619,DGN1090,PAT00670,Vitamin B complex,2x1 sachet,oral,5,02-08-2023,10
RX01620,DGN1090,PAT00670,Salep mata gentamicin,Oles 3x sehari,topikal,3,02-08-2023,1
RX01621,DGN1090,PAT00670,Metformin 500mg,2x1 sachet,oral,7,02-08-2023,14
RX01622,DGN1091,PAT01145,Loperamide 2mg,3x500mg,oral,7,2024-10-05,21
RX01623,DGN1092,PAT01826,Antibiotik salep,Oles 3x sehari,topikal,10,2024-10-08,1
RX01624,DGN1093,PAT01898,Amlodipine 5mg,1x1 sachet,oral,7,28/07/2023,7
RX01625,DGN1094,PAT00881,Vitamin B complex,1x1 tablet,oral,30,30/03/2023,30
RX01626,DGN1094,PAT00881,Antibiotik salep,Oles pagi & malam,topikal,30,30/03/2023,1
RX01627,DGN1095,PAT01873,Tetes mata,Oles 3x sehari,topikal,10,14-12-2023,1
RX01628,DGN1095,PAT01873,Antibiotik salep,Oles 2x sehari,topikal,10,14-12-2023,1
RX01629,DGN1096,PAT01668,Antibiotik salep,Oles pagi & malam,topikal,30,2023-01-09,1
RX01630,DGN1096,PAT01668,Ranitidine 150mg,3x500mg,oral,30,2023-01-09,90
RX01631,DGN1097,PAT00021,Salep hidrokortison,Oles 3x sehari,topikal,10,07/07/2024,1
RX01632,DGN1098,PAT00535,Cetirizine 10mg,1x1 sachet,oral,30,16/04/2023,30
RX01633,DGN1099,PAT00785,Salep gatal,Oles 2x sehari,topikal,7,2023-11-26,1
RX01634,DGN1100,PAT01208,Glibenclamide 5mg,1x1 tablet,oral,30,14/08/2024,30
RX01635,DGN1100,PAT01208,Paracetamol 500mg,3x1 tablet,oral,30,14/08/2024,90
RX01636,DGN1101,PAT00900,Salep gatal,Oles 3x sehari,topikal,3,2022-06-29,1
RX01637,DGN1102,PAT01576,Salep hidrokortison,Oles 2x sehari,topikal,3,03/07/2024,1
RX01638,DGN1103,PAT00508,Ibuprofen 400mg,1x1 sachet,oral,5,20-05-2022,5
RX01639,DGN1104,PAT01340,Mefenamic acid 500mg,3x1 tablet,oral,3,25/05/2023,9
RX01640,DGN1105,PAT00794,Vitamin B complex,1x1 sachet,oral,10,26/01/2023,10
RX01641,DGN1105,PAT00794,Salep mata gentamicin,Oles 2x sehari,topikal,5,26/01/2023,1
RX01642,DGN1106,PAT00790,Salep gatal,Oles pagi & malam,topikal,14,19/11/2023,1
RX01643,DGN1107,PAT01621,Captopril 25mg,1x1 tablet,oral,10,2024-04-19,10
RX01644,DGN1108,PAT01276,Salbutamol inhaler,2 puff 3x sehari,inhaler,3,15/03/2024,1
RX01645,DGN1109,PAT01835,Salep hidrokortison,Oles pagi & malam,topikal,14,2021-12-26,1
RX01646,DGN1110,PAT00270,Oralit sachet,1x1 tablet,oral,14,04/08/2023,14
RX01647,DGN1110,PAT00270,Amlodipine 5mg,2x1 tablet,oral,7,04/08/2023,14
RX01648,DGN1111,PAT00570,Captopril 25mg,2x1 sachet,oral,5,2024-07-03,10
RX01649,DGN1111,PAT00570,Salep gatal,Oles 3x sehari,topikal,5,2024-07-03,1
RX01650,DGN1112,PAT00934,Ciprofloxacin 500mg,1x1 tablet,oral,5,18/07/2024,5
RX01651,DGN1113,PAT00216,Salep mata gentamicin,Oles 3x sehari,topikal,7,2024-04-23,1
RX01652,DGN1114,PAT01350,Mefenamic acid 500mg,2x500mg,oral,7,10/06/2024,14
RX01653,DGN1114,PAT01350,Antibiotik salep,Oles pagi & malam,topikal,7,10/06/2024,1
RX01654,DGN1115,PAT01659,Paracetamol 500mg,2x500mg,oral,3,2023-12-19,6
RX01655,DGN1115,PAT01659,Oralit sachet,2x500mg,oral,14,2023-12-19,28
RX01656,DGN1115,PAT01659,Captopril 25mg,2x500mg,oral,14,2023-12-19,28
RX01657,DGN1116,PAT00649,Salep hidrokortison,Oles pagi & malam,topikal,5,31-05-2023,1
RX01658,DGN1117,PAT00620,Antibiotik salep,Oles 3x sehari,topikal,7,31/01/2024,1
RX01659,DGN1117,PAT00620,Salep gatal,Oles pagi & malam,topikal,30,31/01/2024,1
RX01660,DGN1118,PAT01153,Salbutamol inhaler,2 puff 3x sehari,inhaler,3,25-02-2024,1
RX01661,DGN1118,PAT01153,Vitamin B complex,2x1 tablet,oral,14,25-02-2024,28
RX01662,DGN1119,PAT00616,Dexamethasone inj,Injeksi 1x sehari,injeksi,5,08/07/2023,1
RX01663,DGN1119,PAT00616,Salep hidrokortison,Oles 3x sehari,topikal,3,08/07/2023,1
RX01664,DGN1120,PAT01943,Asam folat,2x500mg,oral,5,2021-08-24,10
RX01665,DGN1120,PAT01943,Ibuprofen 400mg,2x500mg,oral,30,2021-08-24,60
RX01666,DGN1120,PAT01943,Mefenamic acid 500mg,1x1 tablet,oral,5,2021-08-24,5
RX01667,DGN1121,PAT00689,Mefenamic acid 500mg,3x1 tablet,oral,3,2023-11-09,9
RX01668,DGN1122,PAT01423,Simvastatin 10mg,2x1 tablet,oral,14,2022-08-20,28
RX01669,DGN1123,PAT01505,Salbutamol inhaler,2 puff 2x sehari,inhaler,14,24/06/2023,1
RX01670,DGN1124,PAT00541,Amlodipine 5mg,1x1 tablet,oral,14,09-08-2023,14
RX01671,DGN1125,PAT00838,Dexamethasone inj,Injeksi tunggal,injeksi,10,15-11-2021,3
RX01672,DGN1125,PAT00838,Captopril 25mg,2x1 sachet,oral,7,15-11-2021,14
RX01673,DGN1126,PAT01217,Ibuprofen 400mg,2x500mg,oral,14,23/04/2023,28
RX01674,DGN1127,PAT01124,Omeprazole 20mg,2x1 tablet,oral,30,20/10/2024,60
RX01675,DGN1127,PAT01124,Oralit sachet,1x1 tablet,oral,3,20/10/2024,3
RX01676,DGN1128,PAT00201,Budesonide inhaler,2 puff 3x sehari,inhaler,14,12/09/2024,1
RX01677,DGN1129,PAT01822,Mefenamic acid 500mg,1x1 tablet,oral,10,2025-01-03,10
RX01678,DGN1129,PAT01822,Salep gatal,Oles 3x sehari,topikal,5,2025-01-03,1
RX01679,DGN1129,PAT01822,Vitamin B complex,2x1 tablet,oral,10,2025-01-03,20
RX01680,DGN1130,PAT00675,Omeprazole 20mg,2x500mg,oral,5,22/07/2024,10
RX01681,DGN1131,PAT01637,Mefenamic acid 500mg,2x500mg,oral,10,25/11/2023,20
RX01682,DGN1132,PAT00955,Tetes mata,Oles 2x sehari,topikal,10,11/01/2024,1
RX01683,DGN1133,PAT00433,Domperidone 10mg,3x1 tablet,oral,3,2023-03-14,9
RX01684,DGN1134,PAT01986,Metformin 500mg,1x1 sachet,oral,5,2023-11-26,5
RX01685,DGN1134,PAT01986,Metformin 500mg,1x1 tablet,oral,10,2023-11-26,10
RX01686,DGN1135,PAT00349,Cetirizine 10mg,2x500mg,oral,14,22/07/2024,28
RX01687,DGN1136,PAT00357,Antibiotik salep,Oles pagi & malam,topikal,10,2024-01-21,1
RX01688,DGN1137,PAT01249,Ibuprofen 400mg,1x1 tablet,oral,7,2024-03-01,7
RX01689,DGN1137,PAT01249,Vitamin B complex,3x500mg,oral,5,2024-03-01,15
RX01690,DGN1138,PAT01637,Loperamide 2mg,2x1 tablet,oral,30,08/08/2024,60
RX01691,DGN1139,PAT00172,Vitamin B complex,1x1 tablet,oral,30,24-06-2023,30
RX01692,DGN1140,PAT00010,Amlodipine 5mg,1x1 sachet,oral,14,09/07/2024,14
RX01693,DGN1140,PAT00010,Vitamin C 500mg,3x1 tablet,oral,3,09/07/2024,9
RX01694,DGN1141,PAT00761,Loratadine 10mg,2x1 sachet,oral,7,21/01/2023,14
RX01695,DGN1141,PAT00761,Dexamethasone inj,Injeksi 1x sehari,injeksi,14,21/01/2023,4
RX01696,DGN1142,PAT00738,Ranitidine 150mg,2x500mg,oral,10,16-10-2023,20
RX01697,DGN1142,PAT00738,Vitamin C 500mg,2x500mg,oral,3,16-10-2023,6
RX01698,DGN1143,PAT01196,Salep mata gentamicin,Oles 3x sehari,topikal,7,2024-12-12,1
RX01699,DGN1144,PAT00350,Metformin 500mg,1x1 tablet,oral,5,03/07/2024,5
RX01700,DGN1145,PAT01842,ORS pediatric,3x1 tablet,oral,14,26-01-2024,42
RX01701,DGN1146,PAT00409,Oralit sachet,3x1 tablet,oral,3,04/01/2023,9
RX01702,DGN1146,PAT00409,Antibiotik salep,Oles 2x sehari,topikal,3,04/01/2023,1
RX01703,DGN1147,PAT00917,Paracetamol 500mg,3x1 tablet,oral,5,09/08/2024,15
RX01704,DGN1147,PAT00917,Captopril 25mg,1x1 sachet,oral,5,09/08/2024,5
RX01705,DGN1148,PAT00604,Dexamethasone inj,Injeksi 1x sehari,injeksi,3,13/11/2024,1
RX01706,DGN1148,PAT00604,Budesonide inhaler,Inhalasi bila sesak,inhaler,5,13/11/2024,1
RX01707,DGN1149,PAT00978,Ranitidine 150mg,2x1 tablet,oral,7,2024-12-25,14
RX01708,DGN1150,PAT00774,Loperamide 2mg,2x1 sachet,oral,14,20/06/2023,28
RX01709,DGN1150,PAT00774,Dexamethasone inj,Injeksi tunggal,injeksi,10,20/06/2023,3
RX01710,DGN1151,PAT00014,Amoxicillin 500mg,1x1 sachet,oral,30,2023-05-27,30
RX01711,DGN1151,PAT00014,Amoxicillin 500mg,2x1 tablet,oral,14,2023-05-27,28
RX01712,DGN1151,PAT00014,Vitamin B complex,1x1 tablet,oral,30,2023-05-27,30
RX01713,DGN1152,PAT01823,Glibenclamide 5mg,1x1 sachet,oral,7,29/01/2024,7
RX01714,DGN1152,PAT01823,Oralit sachet,2x500mg,oral,5,29/01/2024,10
RX01715,DGN1153,PAT01046,Antasida,1x1 tablet,oral,10,2023-05-07,10
RX01716,DGN1153,PAT01046,Antibiotik salep,Oles 2x sehari,topikal,10,2023-05-07,1
RX01717,DGN1154,PAT01858,Oralit sachet,2x1 tablet,oral,10,2024-04-29,20
RX01718,DGN1154,PAT01858,Paracetamol 500mg,3x1 tablet,oral,14,2024-04-29,42
RX01719,DGN1155,PAT00459,Ibuprofen 400mg,2x500mg,oral,14,11/09/2023,28
RX01720,DGN1156,PAT01258,Omeprazole 20mg,3x1 tablet,oral,10,25-02-2024,30
RX01721,DGN1157,PAT00549,Salep hidrokortison,Oles pagi & malam,topikal,5,23/02/2024,1
RX01722,DGN1157,PAT00549,Simvastatin 10mg,3x1 tablet,oral,10,23/02/2024,30
RX01723,DGN1158,PAT00624,Salbutamol inhaler,Inhalasi bila sesak,inhaler,14,08/07/2022,1
RX01724,DGN1158,PAT00624,Domperidone 10mg,2x1 sachet,oral,7,08/07/2022,14
RX01725,DGN1159,PAT01875,Vitamin C 500mg,3x500mg,oral,14,22-04-2024,42
RX01726,DGN1159,PAT01875,Amlodipine 5mg,2x500mg,oral,5,22-04-2024,10
RX01727,DGN1160,PAT01826,Ibuprofen 400mg,2x1 tablet,oral,5,2024-06-29,10
RX01728,DGN1161,PAT00297,Salbutamol inhaler,2 puff 3x sehari,inhaler,7,18-04-2022,1
RX01729,DGN1162,PAT01141,Vitamin C 500mg,3x1 tablet,oral,10,2024-09-11,30
RX01730,DGN1162,PAT01141,Cetirizine 10mg,3x500mg,oral,7,2024-09-11,21
RX01731,DGN1162,PAT01141,Ibuprofen 400mg,1x1 tablet,oral,14,2024-09-11,14
RX01732,DGN1163,PAT00416,Simvastatin 10mg,2x500mg,oral,5,02-12-2023,10
RX01733,DGN1163,PAT00416,Salep gatal,Oles 2x sehari,topikal,14,02-12-2023,1
RX01734,DGN1164,PAT00839,Oralit sachet,1x1 tablet,oral,30,2023-06-29,30
RX01735,DGN1164,PAT00839,Ranitidine 150mg,2x1 sachet,oral,7,2023-06-29,14
RX01736,DGN1164,PAT00839,Omeprazole 20mg,2x1 sachet,oral,3,2023-06-29,6
RX01737,DGN1165,PAT00063,Captopril 25mg,3x1 tablet,oral,5,30/08/2023,15
RX01738,DGN1165,PAT00063,Amlodipine 5mg,3x1 tablet,oral,14,30/08/2023,42
RX01739,DGN1165,PAT00063,ORS pediatric,3x1 tablet,oral,7,30/08/2023,21
RX01740,DGN1166,PAT01590,Antibiotik salep,Oles 2x sehari,topikal,30,19-05-2023,1
RX01741,DGN1167,PAT00317,Salep mata gentamicin,Oles 3x sehari,topikal,7,28/10/2024,1
RX01742,DGN1167,PAT00317,Amoxicillin 500mg,2x1 tablet,oral,10,28/10/2024,20
RX01743,DGN1168,PAT00715,Glibenclamide 5mg,3x1 tablet,oral,14,2021-10-04,42
RX01744,DGN1168,PAT00715,Cetirizine 10mg,1x1 sachet,oral,10,2021-10-04,10
RX01745,DGN1169,PAT01008,Mefenamic acid 500mg,2x1 tablet,oral,7,01/08/2024,14
RX01746,DGN1169,PAT01008,Salep mata gentamicin,Oles pagi & malam,topikal,30,01/08/2024,1
RX01747,DGN1169,PAT01008,Salep gatal,Oles pagi & malam,topikal,5,01/08/2024,1
RX01748,DGN1170,PAT00961,Dexamethasone inj,Injeksi 1x sehari,injeksi,3,2021-10-04,1
RX01749,DGN1171,PAT01029,Loratadine 10mg,3x1 tablet,oral,14,2023-10-22,42
RX01750,DGN1172,PAT01075,Antibiotik salep,Oles 2x sehari,topikal,30,2024-03-17,1
RX01751,DGN1172,PAT01075,Cetirizine 10mg,1x1 sachet,oral,14,2024-03-17,14
RX01752,DGN1172,PAT01075,Budesonide inhaler,2 puff 3x sehari,inhaler,3,2024-03-17,1
RX01753,DGN1173,PAT01820,Salep gatal,Oles 2x sehari,topikal,10,15/11/2024,1
RX01754,DGN1174,PAT00774,Antasida,2x1 tablet,oral,14,2024-07-23,28
RX01755,DGN1174,PAT00774,Mefenamic acid 500mg,2x500mg,oral,5,2024-07-23,10
RX01756,DGN1175,PAT00375,Asam folat,2x1 tablet,oral,14,2024-08-23,28
RX01757,DGN1176,PAT00475,Salep mata gentamicin,Oles 3x sehari,topikal,30,06-06-2024,1
RX01758,DGN1176,PAT00475,Loratadine 10mg,1x1 sachet,oral,30,06-06-2024,30
RX01759,DGN1177,PAT00422,Metformin 500mg,2x1 sachet,oral,5,2024-12-31,10
RX01760,DGN1178,PAT00681,Salbutamol inhaler,Inhalasi bila sesak,inhaler,30,2024-05-09,1
RX01761,DGN1179,PAT00886,Salep gatal,Oles 3x sehari,topikal,14,2024-12-07,1
RX01762,DGN1179,PAT00886,Salbutamol inhaler,2 puff 2x sehari,inhaler,3,2024-12-07,1
RX01763,DGN1180,PAT01357,Asam folat,1x1 sachet,oral,10,25/07/2023,10
RX01764,DGN1180,PAT01357,Amlodipine 5mg,1x1 tablet,oral,30,25/07/2023,30
RX01765,DGN1180,PAT01357,Salep hidrokortison,Oles 2x sehari,topikal,3,25/07/2023,1
RX01766,DGN1181,PAT00874,Amoxicillin 500mg,3x500mg,oral,10,2024-09-27,30
RX01767,DGN1181,PAT00874,Metformin 500mg,2x1 tablet,oral,30,2024-09-27,60
RX01768,DGN1181,PAT00874,Glibenclamide 5mg,1x1 sachet,oral,14,2024-09-27,14
RX01769,DGN1182,PAT01196,Oralit sachet,2x1 tablet,oral,5,2024-04-03,10
RX01770,DGN1182,PAT01196,Antasida,2x1 tablet,oral,14,2024-04-03,28
RX01771,DGN1183,PAT00374,Vitamin B complex,1x1 tablet,oral,3,2024-06-04,3
RX01772,DGN1183,PAT00374,Antasida,2x500mg,oral,30,2024-06-04,60
RX01773,DGN1184,PAT01142,Salep hidrokortison,Oles 2x sehari,topikal,7,2023-10-22,1
RX01774,DGN1185,PAT00604,Ibuprofen 400mg,3x1 tablet,oral,3,2022-05-10,9
RX01775,DGN1186,PAT00067,Simvastatin 10mg,2x1 tablet,oral,7,22-01-2022,14
RX01776,DGN1186,PAT00067,Domperidone 10mg,3x500mg,oral,7,22-01-2022,21
RX01777,DGN1187,PAT00741,Ciprofloxacin 500mg,1x1 tablet,oral,10,2024-04-12,10
RX01778,DGN1187,PAT00741,Simvastatin 10mg,1x1 sachet,oral,10,2024-04-12,10
RX01779,DGN1187,PAT00741,Amlodipine 5mg,3x500mg,oral,30,2024-04-12,90
RX01780,DGN1188,PAT00052,Paracetamol 500mg,1x1 tablet,oral,10,13/01/2024,10
RX01781,DGN1189,PAT01724,Antasida,2x500mg,oral,7,09-03-2023,14
RX01782,DGN1190,PAT00563,Omeprazole 20mg,1x1 tablet,oral,7,04/02/2023,7
RX01783,DGN1191,PAT00833,Antibiotik salep,Oles 3x sehari,topikal,30,24-11-2021,1
RX01784,DGN1192,PAT01145,Vitamin C 500mg,1x1 tablet,oral,30,08-06-2023,30
RX01785,DGN1193,PAT01946,Antasida,3x1 tablet,oral,7,2023-09-01,21
RX01786,DGN1193,PAT01946,Amlodipine 5mg,2x1 sachet,oral,14,2023-09-01,28
RX01787,DGN1194,PAT00099,Budesonide inhaler,Inhalasi bila sesak,inhaler,7,12-05-2024,1
RX01788,DGN1194,PAT00099,Salep gatal,Oles pagi & malam,topikal,3,12-05-2024,1
RX01789,DGN1194,PAT00099,Salep hidrokortison,Oles 3x sehari,topikal,10,12-05-2024,1
RX01790,DGN1195,PAT00559,Salep gatal,Oles 3x sehari,topikal,5,2023-01-19,1
RX01791,DGN1195,PAT00559,Loratadine 10mg,2x1 sachet,oral,5,2023-01-19,10
RX01792,DGN1195,PAT00559,Captopril 25mg,1x1 tablet,oral,30,2023-01-19,30
RX01793,DGN1196,PAT01179,Omeprazole 20mg,2x1 sachet,oral,14,08-09-2022,28
RX01794,DGN1197,PAT00525,Antibiotik salep,Oles 2x sehari,topikal,30,2023-09-03,1
RX01795,DGN1198,PAT00398,Paracetamol 500mg,2x1 tablet,oral,14,2024-07-14,28
RX01796,DGN1199,PAT00774,Oralit sachet,1x1 sachet,oral,30,2024-10-26,30
RX01797,DGN1200,PAT00900,Amlodipine 5mg,2x1 sachet,oral,14,2024-05-02,28
RX01798,DGN1200,PAT00900,Paracetamol 500mg,2x1 sachet,oral,7,2024-05-02,14
RX01799,DGN1200,PAT00900,Budesonide inhaler,Inhalasi bila sesak,inhaler,10,2024-05-02,1
RX01800,DGN1201,PAT01579,Salep gatal,Oles pagi & malam,topikal,14,04/06/2024,1
RX01801,DGN1201,PAT01579,Budesonide inhaler,Inhalasi bila sesak,inhaler,5,04/06/2024,1
RX01802,DGN1202,PAT00436,Domperidone 10mg,1x1 tablet,oral,5,2025-01-18,5
RX01803,DGN1202,PAT00436,Amoxicillin 500mg,3x1 tablet,oral,14,2025-01-18,42
RX01804,DGN1202,PAT00436,Vitamin C 500mg,2x500mg,oral,10,2025-01-18,20
RX01805,DGN1203,PAT01764,Antasida,3x1 tablet,oral,3,2023-04-02,9
RX01806,DGN1204,PAT01179,Ciprofloxacin 500mg,3x500mg,oral,10,23/09/2023,30
RX01807,DGN1204,PAT01179,Ibuprofen 400mg,3x1 tablet,oral,5,23/09/2023,15
RX01808,DGN1205,PAT00570,Tetes mata,Oles 3x sehari,topikal,10,24/09/2023,1
RX01809,DGN1205,PAT00570,Salep gatal,Oles pagi & malam,topikal,30,24/09/2023,1
RX01810,DGN1206,PAT00054,Antibiotik salep,Oles 3x sehari,topikal,5,24/11/2024,1
RX01811,DGN1206,PAT00054,Glibenclamide 5mg,1x1 sachet,oral,30,24/11/2024,30
RX01812,DGN1207,PAT00868,Vitamin C 500mg,2x1 sachet,oral,14,14-06-2024,28
RX01813,DGN1208,PAT00952,Glibenclamide 5mg,2x1 sachet,oral,10,18-03-2024,20
RX01814,DGN1208,PAT00952,Ciprofloxacin 500mg,3x1 tablet,oral,30,18-03-2024,90
RX01815,DGN1209,PAT01909,Antasida,1x1 tablet,oral,14,13/12/2023,14
RX01816,DGN1210,PAT01383,Vitamin C 500mg,2x1 tablet,oral,30,31-07-2024,60
RX01817,DGN1211,PAT00504,Salep mata gentamicin,Oles 3x sehari,topikal,7,30/01/2023,1
RX01818,DGN1212,PAT00275,Glibenclamide 5mg,3x1 tablet,oral,3,2023-07-31,9
RX01819,DGN1213,PAT00618,Tetes mata,Oles pagi & malam,topikal,5,24-02-2024,1
RX01820,DGN1213,PAT00618,Tetes mata,Oles 3x sehari,topikal,10,24-02-2024,1
RX01821,DGN1214,PAT00734,Ranitidine 150mg,3x1 tablet,oral,14,2024-10-31,42
RX01822,DGN1215,PAT01127,Paracetamol 500mg,1x1 tablet,oral,14,2024-05-11,14
RX01823,DGN1215,PAT01127,Salep hidrokortison,Oles 2x sehari,topikal,14,2024-05-11,1
RX01824,DGN1216,PAT01469,Oralit sachet,3x500mg,oral,5,2023-09-17,15
RX01825,DGN1217,PAT01571,Salep mata gentamicin,Oles 3x sehari,topikal,10,19/05/2022,1
RX01826,DGN1217,PAT01571,Paracetamol 500mg,3x1 tablet,oral,3,19/05/2022,9
RX01827,DGN1218,PAT01855,Antasida,1x1 tablet,oral,10,03-09-2024,10
RX01828,DGN1218,PAT01855,Asam folat,2x1 sachet,oral,10,03-09-2024,20
RX01829,DGN1219,PAT00223,Antibiotik salep,Oles 2x sehari,topikal,30,28/06/2024,1
RX01830,DGN1220,PAT00634,Paracetamol 500mg,1x1 sachet,oral,14,02-02-2022,14
RX01831,DGN1220,PAT00634,Loratadine 10mg,2x500mg,oral,7,02-02-2022,14
RX01832,DGN1221,PAT00380,Salep mata gentamicin,Oles pagi & malam,topikal,30,2023-07-30,1
RX01833,DGN1222,PAT01701,Salep gatal,Oles pagi & malam,topikal,30,07/02/2023,1
RX01834,DGN1222,PAT01701,Loperamide 2mg,2x1 tablet,oral,14,07/02/2023,28
RX01835,DGN1223,PAT01837,Omeprazole 20mg,1x1 tablet,oral,3,2022-09-04,3
RX01836,DGN1224,PAT01522,Amlodipine 5mg,3x500mg,oral,10,09-12-2023,30
RX01837,DGN1225,PAT00817,Simvastatin 10mg,1x1 tablet,oral,14,29/10/2023,14
RX01838,DGN1226,PAT01637,Antasida,2x1 sachet,oral,7,2023-02-11,14
RX01839,DGN1227,PAT00652,Paracetamol 500mg,3x1 tablet,oral,7,27-12-2023,21
RX01840,DGN1227,PAT00652,Captopril 25mg,2x1 tablet,oral,14,27-12-2023,28
RX01841,DGN1228,PAT01674,Antibiotik salep,Oles 2x sehari,topikal,10,01-02-2022,1
RX01842,DGN1228,PAT01674,Salep hidrokortison,Oles 2x sehari,topikal,30,01-02-2022,1
RX01843,DGN1228,PAT01674,Paracetamol 500mg,1x1 tablet,oral,5,01-02-2022,5
RX01844,DGN1229,PAT00948,Metformin 500mg,2x1 sachet,oral,3,14-07-2022,6
RX01845,DGN1229,PAT00948,Ibuprofen 400mg,2x500mg,oral,10,14-07-2022,20
RX01846,DGN1230,PAT01387,Paracetamol 500mg,2x500mg,oral,5,2024-03-10,10
RX01847,DGN1230,PAT01387,Antasida,1x1 sachet,oral,3,2024-03-10,3
RX01848,DGN1231,PAT01033,Salep mata gentamicin,Oles 2x sehari,topikal,10,2024-06-26,1
RX01849,DGN1231,PAT01033,Ranitidine 150mg,1x1 tablet,oral,30,2024-06-26,30
RX01850,DGN1232,PAT01556,Asam folat,2x500mg,oral,14,01-06-2023,28
RX01851,DGN1233,PAT00753,Tetes mata,Oles 3x sehari,topikal,10,16-10-2023,1
RX01852,DGN1234,PAT00299,Salep gatal,Oles 2x sehari,topikal,10,2023-08-24,1
RX01853,DGN1235,PAT01195,Amlodipine 5mg,3x1 tablet,oral,3,02/12/2022,9
RX01854,DGN1236,PAT00653,Cetirizine 10mg,1x1 tablet,oral,14,03-06-2024,14
RX01855,DGN1236,PAT00653,Captopril 25mg,2x1 tablet,oral,7,03-06-2024,14
RX01856,DGN1237,PAT01338,Budesonide inhaler,Inhalasi bila sesak,inhaler,10,2024-03-21,1
RX01857,DGN1238,PAT00498,Tetes mata,Oles pagi & malam,topikal,30,19/12/2024,1
RX01858,DGN1239,PAT01945,ORS pediatric,2x500mg,oral,5,04/09/2024,10
RX01859,DGN1240,PAT01458,Captopril 25mg,2x500mg,oral,7,2025-01-07,14
RX01860,DGN1241,PAT01693,Salbutamol inhaler,2 puff 3x sehari,inhaler,10,30/11/2023,1
RX01861,DGN1241,PAT01693,Oralit sachet,2x500mg,oral,14,30/11/2023,28
RX01862,DGN1241,PAT01693,ORS pediatric,2x500mg,oral,5,30/11/2023,10
RX01863,DGN1242,PAT01641,Salep hidrokortison,Oles 3x sehari,topikal,3,2024-04-16,1
RX01864,DGN1242,PAT01641,Metformin 500mg,1x1 tablet,oral,14,2024-04-16,14
RX01865,DGN1243,PAT00371,Domperidone 10mg,1x1 sachet,oral,3,29/11/2023,3
RX01866,DGN1243,PAT00371,Asam folat,2x1 tablet,oral,10,29/11/2023,20
RX01867,DGN1243,PAT00371,Paracetamol 500mg,2x1 sachet,oral,30,29/11/2023,60
RX01868,DGN1244,PAT01820,Salep gatal,Oles 3x sehari,topikal,30,2023-11-11,1
RX01869,DGN1245,PAT01294,Salep mata gentamicin,Oles 3x sehari,topikal,10,25-07-2024,1
RX01870,DGN1246,PAT00577,Antibiotik salep,Oles 2x sehari,topikal,7,2024-06-28,1
RX01871,DGN1247,PAT00520,ORS pediatric,3x500mg,oral,5,02/09/2024,15
RX01872,DGN1247,PAT00520,Ibuprofen 400mg,1x1 sachet,oral,10,02/09/2024,10
RX01873,DGN1247,PAT00520,ORS pediatric,1x1 tablet,oral,7,02/09/2024,7
RX01874,DGN1248,PAT01238,Tetes mata,Oles 3x sehari,topikal,7,2024-12-24,1
RX01875,DGN1248,PAT01238,Dexamethasone inj,Injeksi 1x sehari,injeksi,14,2024-12-24,4
RX01876,DGN1248,PAT01238,Salep hidrokortison,Oles 2x sehari,topikal,3,2024-12-24,1
RX01877,DGN1249,PAT01555,Salbutamol inhaler,Inhalasi bila sesak,inhaler,3,02/08/2024,1
RX01878,DGN1250,PAT01620,Vitamin C 500mg,3x500mg,oral,14,05-12-2024,42
RX01879,DGN1251,PAT00059,Ibuprofen 400mg,1x1 tablet,oral,14,17/07/2024,14
RX01880,DGN1251,PAT00059,Asam folat,2x500mg,oral,5,17/07/2024,10
RX01881,DGN1252,PAT00725,Oralit sachet,2x500mg,oral,7,2024-11-01,14
RX01882,DGN1253,PAT00600,Metformin 500mg,1x1 sachet,oral,30,09/08/2024,30
RX01883,DGN1254,PAT01705,Simvastatin 10mg,1x1 tablet,oral,14,2024-03-03,14
RX01884,DGN1255,PAT00295,Amlodipine 5mg,1x1 tablet,oral,7,2023-08-28,7
RX01885,DGN1255,PAT00295,Glibenclamide 5mg,3x1 tablet,oral,5,2023-08-28,15
RX01886,DGN1256,PAT01637,Ibuprofen 400mg,3x1 tablet,oral,5,2024-05-08,15
RX01887,DGN1257,PAT01984,Vitamin B complex,1x1 sachet,oral,30,2024-02-15,30
RX01888,DGN1258,PAT00851,Metformin 500mg,2x1 sachet,oral,7,12/08/2022,14
RX01889,DGN1259,PAT00594,Dexamethasone inj,Injeksi 1x sehari,injeksi,5,2024-03-12,1
RX01890,DGN1259,PAT00594,Tetes mata,Oles pagi & malam,topikal,7,2024-03-12,1
RX01891,DGN1260,PAT00707,Metformin 500mg,1x1 tablet,oral,14,2024-07-07,14
RX01892,DGN1261,PAT01990,Amlodipine 5mg,1x1 tablet,oral,30,17-06-2023,30
RX01893,DGN1262,PAT00534,Loperamide 2mg,3x500mg,oral,5,2023-12-16,15
RX01894,DGN1263,PAT01685,Cetirizine 10mg,3x1 tablet,oral,7,15-12-2024,21
RX01895,DGN1264,PAT01376,Vitamin B complex,2x1 sachet,oral,14,04/07/2024,28
RX01896,DGN1265,PAT01846,Salep mata gentamicin,Oles 3x sehari,topikal,5,10-05-2024,1
RX01897,DGN1266,PAT01087,Vitamin B complex,2x1 sachet,oral,7,13-10-2024,14
RX01898,DGN1267,PAT00775,Amlodipine 5mg,2x500mg,oral,14,25-02-2023,28
RX01899,DGN1267,PAT00775,Salep gatal,Oles 2x sehari,topikal,3,25-02-2023,1
RX01900,DGN1267,PAT00775,Simvastatin 10mg,3x1 tablet,oral,10,25-02-2023,30
RX01901,DGN1268,PAT01843,Salep gatal,Oles pagi & malam,topikal,30,14/03/2024,1
RX01902,DGN1269,PAT01725,Simvastatin 10mg,2x1 tablet,oral,7,22/08/2024,14
RX01903,DGN1270,PAT01864,Omeprazole 20mg,2x500mg,oral,5,2023-01-23,10
RX01904,DGN1271,PAT01923,Ibuprofen 400mg,1x1 sachet,oral,3,2023-11-01,3
RX01905,DGN1271,PAT01923,Paracetamol 500mg,1x1 sachet,oral,14,2023-11-01,14
RX01906,DGN1271,PAT01923,Cetirizine 10mg,3x500mg,oral,5,2023-11-01,15
RX01907,DGN1272,PAT01170,Captopril 25mg,2x1 tablet,oral,14,25-06-2023,28
RX01908,DGN1273,PAT01828,ORS pediatric,2x1 tablet,oral,7,09/10/2023,14
RX01909,DGN1273,PAT01828,Dexamethasone inj,Injeksi tunggal,injeksi,5,09/10/2023,1
RX01910,DGN1274,PAT00746,Simvastatin 10mg,1x1 sachet,oral,10,2024-04-10,10
RX01911,DGN1274,PAT00746,Cetirizine 10mg,3x1 tablet,oral,14,2024-04-10,42
RX01912,DGN1275,PAT00717,Dexamethasone inj,Injeksi tunggal,injeksi,7,2024-04-29,2
RX01913,DGN1276,PAT00337,Ranitidine 150mg,1x1 sachet,oral,3,08/09/2024,3
RX01914,DGN1277,PAT00016,Captopril 25mg,2x1 tablet,oral,10,2021-06-24,20
RX01915,DGN1277,PAT00016,Ranitidine 150mg,2x500mg,oral,10,2021-06-24,20
RX01916,DGN1277,PAT00016,Vitamin C 500mg,2x1 sachet,oral,10,2021-06-24,20
RX01917,DGN1278,PAT00245,Amoxicillin 500mg,2x1 tablet,oral,10,2021-07-25,20
RX01918,DGN1278,PAT00245,Metformin 500mg,2x1 sachet,oral,14,2021-07-25,28
RX01919,DGN1279,PAT00518,Ranitidine 150mg,2x500mg,oral,30,29/09/2022,60
RX01920,DGN1279,PAT00518,Salbutamol inhaler,Inhalasi bila sesak,inhaler,5,29/09/2022,1
RX01921,DGN1280,PAT01399,Mefenamic acid 500mg,2x500mg,oral,30,2025-01-01,60
RX01922,DGN1281,PAT01568,Ibuprofen 400mg,3x500mg,oral,14,02-06-2023,42
RX01923,DGN1282,PAT01349,Captopril 25mg,3x500mg,oral,3,2024-04-19,9
RX01924,DGN1283,PAT01266,Ibuprofen 400mg,3x1 tablet,oral,3,2022-09-22,9
RX01925,DGN1284,PAT01218,Paracetamol 500mg,1x1 sachet,oral,7,09/01/2025,7
RX01926,DGN1284,PAT01218,Simvastatin 10mg,1x1 tablet,oral,7,09/01/2025,7
RX01927,DGN1285,PAT01505,Vitamin C 500mg,2x500mg,oral,10,2024-03-16,20
RX01928,DGN1286,PAT01237,Salep hidrokortison,Oles 3x sehari,topikal,7,31-08-2024,1
RX01929,DGN1287,PAT01004,Salep hidrokortison,Oles pagi & malam,topikal,10,2023-09-12,1
RX01930,DGN1288,PAT01361,Antibiotik salep,Oles pagi & malam,topikal,30,25/01/2022,1
RX01931,DGN1289,PAT01137,Salep hidrokortison,Oles pagi & malam,topikal,5,2023-05-24,1
RX01932,DGN1290,PAT00630,Metformin 500mg,2x500mg,oral,30,01/11/2024,60
RX01933,DGN1290,PAT00630,Ranitidine 150mg,1x1 sachet,oral,14,01/11/2024,14
RX01934,DGN1290,PAT00630,Paracetamol 500mg,1x1 sachet,oral,30,01/11/2024,30
RX01935,DGN1291,PAT00966,Salep gatal,Oles 2x sehari,topikal,7,24/11/2024,1
RX01936,DGN1292,PAT00948,Ranitidine 150mg,2x1 sachet,oral,30,07-10-2022,60
RX01937,DGN1292,PAT00948,Asam folat,2x1 tablet,oral,3,07-10-2022,6
RX01938,DGN1293,PAT00651,Ibuprofen 400mg,1x1 sachet,oral,10,09/11/2021,10
RX01939,DGN1294,PAT01563,Salep gatal,Oles pagi & malam,topikal,10,2023-08-19,1
RX01940,DGN1294,PAT01563,Salep mata gentamicin,Oles 2x sehari,topikal,5,2023-08-19,1
RX01941,DGN1294,PAT01563,Vitamin B complex,3x500mg,oral,14,2023-08-19,42
RX01942,DGN1295,PAT00489,Ranitidine 150mg,3x1 tablet,oral,3,2023-12-06,9
RX01943,DGN1296,PAT00233,Mefenamic acid 500mg,2x500mg,oral,5,03/04/2024,10
RX01944,DGN1296,PAT00233,Amoxicillin 500mg,2x1 sachet,oral,7,03/04/2024,14
RX01945,DGN1297,PAT00699,Metformin 500mg,3x500mg,oral,3,26-01-2025,9
RX01946,DGN1298,PAT01995,Ranitidine 150mg,3x500mg,oral,5,30/09/2024,15
RX01947,DGN1299,PAT00252,Salep hidrokortison,Oles pagi & malam,topikal,7,04/07/2023,1
RX01948,DGN1300,PAT01332,Antibiotik salep,Oles 2x sehari,topikal,3,08-06-2024,1
RX01949,DGN1301,PAT01955,Oralit sachet,2x500mg,oral,10,21/02/2024,20
RX01950,DGN1302,PAT01190,Mefenamic acid 500mg,3x500mg,oral,7,2023-12-22,21
RX01951,DGN1303,PAT00834,Salbutamol inhaler,Inhalasi bila sesak,inhaler,5,31-12-2024,1
RX01952,DGN1304,PAT01396,Paracetamol 500mg,2x1 tablet,oral,30,2023-07-04,60
RX01953,DGN1304,PAT01396,ORS pediatric,3x500mg,oral,10,2023-07-04,30
RX01954,DGN1305,PAT00850,Amoxicillin 500mg,2x1 sachet,oral,5,20/05/2023,10
RX01955,DGN1305,PAT00850,Omeprazole 20mg,1x1 sachet,oral,30,20/05/2023,30
RX01956,DGN1306,PAT00790,ORS pediatric,2x1 tablet,oral,14,11/09/2024,28
RX01957,DGN1307,PAT00580,Asam folat,2x500mg,oral,10,2025-01-10,20
RX01958,DGN1307,PAT00580,Salbutamol inhaler,2 puff 2x sehari,inhaler,5,2025-01-10,1
RX01959,DGN1308,PAT00023,Mefenamic acid 500mg,3x1 tablet,oral,5,28/09/2024,15
RX01960,DGN1309,PAT01063,Amlodipine 5mg,3x1 tablet,oral,5,29/08/2021,15
RX01961,DGN1310,PAT01026,Ibuprofen 400mg,1x1 sachet,oral,14,10/01/2024,14
RX01962,DGN1311,PAT00702,Antasida,1x1 sachet,oral,10,05/09/2024,10
RX01963,DGN1311,PAT00702,Glibenclamide 5mg,1x1 sachet,oral,10,05/09/2024,10
RX01964,DGN1311,PAT00702,Dexamethasone inj,Injeksi tunggal,injeksi,7,05/09/2024,2
RX01965,DGN1312,PAT01525,Vitamin C 500mg,2x1 tablet,oral,5,05/08/2023,10
RX01966,DGN1313,PAT01136,Paracetamol 500mg,2x1 sachet,oral,30,30/01/2025,60
RX01967,DGN1313,PAT01136,Loratadine 10mg,3x500mg,oral,30,30/01/2025,90
RX01968,DGN1314,PAT00176,Domperidone 10mg,2x1 tablet,oral,3,08/11/2024,6
RX01969,DGN1314,PAT00176,Metformin 500mg,2x500mg,oral,5,08/11/2024,10
RX01970,DGN1315,PAT01678,Salep hidrokortison,Oles 2x sehari,topikal,10,2023-11-18,1
RX01971,DGN1316,PAT00142,Vitamin B complex,2x500mg,oral,5,2022-09-25,10
RX01972,DGN1317,PAT00402,Salep gatal,Oles pagi & malam,topikal,5,06/09/2024,1
RX01973,DGN1318,PAT01783,Ibuprofen 400mg,1x1 tablet,oral,10,03-04-2024,10
RX01974,DGN1318,PAT01783,Budesonide inhaler,2 puff 3x sehari,inhaler,3,03-04-2024,1
RX01975,DGN1319,PAT01205,Salep gatal,Oles pagi & malam,topikal,3,13-10-2024,1
RX01976,DGN1320,PAT01803,Mefenamic acid 500mg,3x1 tablet,oral,3,24-04-2023,9
RX01977,DGN1320,PAT01803,Loratadine 10mg,1x1 sachet,oral,10,24-04-2023,10
RX01978,DGN1321,PAT01159,Loratadine 10mg,1x1 sachet,oral,5,22/03/2023,5
RX01979,DGN1322,PAT01004,Asam folat,2x1 tablet,oral,3,19-01-2025,6
RX01980,DGN1323,PAT01776,Loperamide 2mg,1x1 tablet,oral,14,2024-09-22,14
RX01981,DGN1324,PAT01884,Ciprofloxacin 500mg,3x1 tablet,oral,30,2022-09-13,90
RX01982,DGN1324,PAT01884,Metformin 500mg,1x1 tablet,oral,3,2022-09-13,3
RX01983,DGN1325,PAT00430,Amlodipine 5mg,1x1 sachet,oral,14,16-05-2024,14
RX01984,DGN1326,PAT00774,Mefenamic acid 500mg,2x500mg,oral,10,14-08-2024,20
RX01985,DGN1326,PAT00774,Omeprazole 20mg,2x1 tablet,oral,3,14-08-2024,6
RX01986,DGN1326,PAT00774,Salbutamol inhaler,Inhalasi bila sesak,inhaler,10,14-08-2024,1
RX01987,DGN1327,PAT01368,Salbutamol inhaler,2 puff 2x sehari,inhaler,5,2024-04-13,1
RX01988,DGN1328,PAT01309,Ciprofloxacin 500mg,1x1 tablet,oral,3,2025-01-14,3
RX01989,DGN1328,PAT01309,Domperidone 10mg,1x1 tablet,oral,5,2025-01-14,5
RX01990,DGN1329,PAT00595,Mefenamic acid 500mg,2x500mg,oral,5,03/06/2024,10
RX01991,DGN1330,PAT00777,Asam folat,3x1 tablet,oral,5,30/12/2022,15
RX01992,DGN1330,PAT00777,Salep gatal,Oles pagi & malam,topikal,30,30/12/2022,1
RX01993,DGN1330,PAT00777,Amoxicillin 500mg,3x1 tablet,oral,10,30/12/2022,30
RX01994,DGN1331,PAT00765,Simvastatin 10mg,1x1 tablet,oral,3,2024-08-12,3
RX01995,DGN1331,PAT00765,Glibenclamide 5mg,3x1 tablet,oral,10,2024-08-12,30
RX01996,DGN1332,PAT01113,Budesonide inhaler,2 puff 3x sehari,inhaler,5,2022-12-29,1
RX01997,DGN1333,PAT01761,Ibuprofen 400mg,1x1 sachet,oral,10,31-08-2022,10
RX01998,DGN1333,PAT01761,Simvastatin 10mg,1x1 sachet,oral,10,31-08-2022,10
RX01999,DGN1334,PAT01825,Ciprofloxacin 500mg,2x500mg,oral,30,27-06-2024,60
RX02000,DGN1335,PAT01114,Amlodipine 5mg,1x1 sachet,oral,10,06/02/2023,10
RX02001,DGN1335,PAT01114,Asam folat,1x1 tablet,oral,30,06/02/2023,30
RX02002,DGN1336,PAT01992,Ranitidine 150mg,1x1 tablet,oral,3,24/01/2022,3
RX02003,DGN1337,PAT01214,Vitamin B complex,2x1 sachet,oral,30,29-10-2023,60
RX02004,DGN1338,PAT01259,ORS pediatric,3x1 tablet,oral,7,10/09/2024,21
RX02005,DGN1339,PAT01314,Budesonide inhaler,2 puff 2x sehari,inhaler,7,12-06-2024,1
RX02006,DGN1339,PAT01314,Amoxicillin 500mg,2x500mg,oral,10,12-06-2024,20
RX02007,DGN1340,PAT01474,Amoxicillin 500mg,3x500mg,oral,7,04-04-2024,21
RX02008,DGN1341,PAT01448,Vitamin B complex,1x1 tablet,oral,10,03/10/2024,10
RX02009,DGN1341,PAT01448,Ciprofloxacin 500mg,1x1 sachet,oral,5,03/10/2024,5
RX02010,DGN1342,PAT00424,Domperidone 10mg,1x1 sachet,oral,14,2023-06-21,14
RX02011,DGN1342,PAT00424,Antibiotik salep,Oles 3x sehari,topikal,5,2023-06-21,1
RX02012,DGN1343,PAT01807,Omeprazole 20mg,2x1 sachet,oral,5,01-11-2022,10
RX02013,DGN1343,PAT01807,Mefenamic acid 500mg,2x500mg,oral,3,01-11-2022,6
RX02014,DGN1344,PAT01876,Oralit sachet,1x1 sachet,oral,7,2024-08-24,7
RX02015,DGN1344,PAT01876,Salep mata gentamicin,Oles 3x sehari,topikal,10,2024-08-24,1
RX02016,DGN1345,PAT01346,Loratadine 10mg,2x1 tablet,oral,5,02/02/2023,10
RX02017,DGN1346,PAT00405,Domperidone 10mg,3x500mg,oral,3,16-11-2023,9
RX02018,DGN1347,PAT00007,Salbutamol inhaler,2 puff 3x sehari,inhaler,3,24-11-2023,1
RX02019,DGN1348,PAT01294,Ciprofloxacin 500mg,2x1 tablet,oral,10,2024-12-07,20
RX02020,DGN1349,PAT01455,Salep hidrokortison,Oles pagi & malam,topikal,10,30/12/2023,1
RX02021,DGN1349,PAT01455,Antibiotik salep,Oles 2x sehari,topikal,10,30/12/2023,1
RX02022,DGN1350,PAT00525,Vitamin B complex,2x1 sachet,oral,10,2022-09-28,20
RX02023,DGN1351,PAT00176,Oralit sachet,3x1 tablet,oral,30,2023-08-17,90
RX02024,DGN1351,PAT00176,Antasida,2x500mg,oral,10,2023-08-17,20
RX02025,DGN1352,PAT00051,Antasida,3x500mg,oral,10,2024-06-12,30
RX02026,DGN1352,PAT00051,Antibiotik salep,Oles pagi & malam,topikal,14,2024-06-12,1
RX02027,DGN1353,PAT01933,Loratadine 10mg,1x1 sachet,oral,3,04/09/2022,3
RX02028,DGN1353,PAT01933,Amoxicillin 500mg,1x1 tablet,oral,7,04/09/2022,7
RX02029,DGN1353,PAT01933,Simvastatin 10mg,3x500mg,oral,30,04/09/2022,90
RX02030,DGN1354,PAT00833,Omeprazole 20mg,3x500mg,oral,7,04/10/2024,21
RX02031,DGN1355,PAT00129,Asam folat,1x1 sachet,oral,30,2024-11-19,30
RX02032,DGN1356,PAT01402,ORS pediatric,2x1 sachet,oral,14,23/07/2021,28
RX02033,DGN1357,PAT00025,Cetirizine 10mg,1x1 sachet,oral,10,2024-02-04,10
RX02034,DGN1357,PAT00025,Metformin 500mg,2x1 sachet,oral,10,2024-02-04,20
RX02035,DGN1357,PAT00025,Asam folat,1x1 sachet,oral,3,2024-02-04,3
RX02036,DGN1358,PAT00021,Salep gatal,Oles 3x sehari,topikal,10,09/03/2024,1
RX02037,DGN1359,PAT01024,Vitamin C 500mg,3x500mg,oral,10,06-07-2024,30
RX02038,DGN1359,PAT01024,Oralit sachet,2x1 sachet,oral,3,06-07-2024,6
RX02039,DGN1360,PAT00813,Ranitidine 150mg,3x500mg,oral,7,07/04/2023,21
RX02040,DGN1361,PAT01444,Mefenamic acid 500mg,2x1 tablet,oral,10,24/08/2022,20
RX02041,DGN1361,PAT01444,Antasida,3x500mg,oral,7,24/08/2022,21
RX02042,DGN1361,PAT01444,Tetes mata,Oles pagi & malam,topikal,3,24/08/2022,1
RX02043,DGN1362,PAT00682,Vitamin B complex,1x1 sachet,oral,10,28-07-2023,10
RX02044,DGN1362,PAT00682,Salep mata gentamicin,Oles 2x sehari,topikal,3,28-07-2023,1
RX02045,DGN1363,PAT01168,Glibenclamide 5mg,3x1 tablet,oral,14,2023-12-16,42
RX02046,DGN1363,PAT01168,Vitamin C 500mg,2x1 tablet,oral,14,2023-12-16,28
RX02047,DGN1364,PAT01952,Tetes mata,Oles 3x sehari,topikal,3,2021-09-01,1
RX02048,DGN1365,PAT00054,Captopril 25mg,2x1 tablet,oral,5,29-03-2024,10
RX02049,DGN1366,PAT01339,Antasida,2x1 sachet,oral,3,14/07/2024,6
RX02050,DGN1367,PAT01648,Cetirizine 10mg,2x1 tablet,oral,3,2024-04-19,6
RX02051,DGN1367,PAT01648,Antasida,2x1 tablet,oral,14,2024-04-19,28
RX02052,DGN1367,PAT01648,Omeprazole 20mg,3x1 tablet,oral,10,2024-04-19,30
RX02053,DGN1368,PAT00837,Tetes mata,Oles pagi & malam,topikal,5,06/08/2024,1
RX02054,DGN1369,PAT00886,Vitamin B complex,2x1 sachet,oral,14,07/12/2024,28
RX02055,DGN1370,PAT01686,Budesonide inhaler,2 puff 3x sehari,inhaler,30,15/06/2024,1
RX02056,DGN1370,PAT01686,Asam folat,2x500mg,oral,30,15/06/2024,60
RX02057,DGN1370,PAT01686,Ciprofloxacin 500mg,2x1 sachet,oral,10,15/06/2024,20
RX02058,DGN1371,PAT01609,Asam folat,3x500mg,oral,5,2024-03-26,15
RX02059,DGN1371,PAT01609,Ranitidine 150mg,2x1 tablet,oral,14,2024-03-26,28
RX02060,DGN1371,PAT01609,Ibuprofen 400mg,2x1 tablet,oral,30,2024-03-26,60
RX02061,DGN1372,PAT01199,Tetes mata,Oles 2x sehari,topikal,5,14-06-2024,1
RX02062,DGN1372,PAT01199,Loperamide 2mg,2x1 tablet,oral,5,14-06-2024,10
RX02063,DGN1372,PAT01199,Vitamin C 500mg,1x1 sachet,oral,7,14-06-2024,7
RX02064,DGN1373,PAT01514,Omeprazole 20mg,1x1 tablet,oral,3,2024-02-13,3
RX02065,DGN1374,PAT01553,ORS pediatric,2x1 tablet,oral,5,13/04/2024,10
RX02066,DGN1375,PAT01613,Dexamethasone inj,Injeksi 1x sehari,injeksi,30,14/11/2024,10
RX02067,DGN1376,PAT01603,Amoxicillin 500mg,3x1 tablet,oral,10,2023-04-11,30
RX02068,DGN1377,PAT00387,Salep gatal,Oles pagi & malam,topikal,30,2022-09-29,1
RX02069,DGN1378,PAT01742,Oralit sachet,2x1 tablet,oral,7,2023-11-17,14
RX02070,DGN1379,PAT01562,Salbutamol inhaler,Inhalasi bila sesak,inhaler,3,2024-12-20,1
RX02071,DGN1380,PAT01560,Cetirizine 10mg,2x500mg,oral,3,23-04-2024,6
RX02072,DGN1380,PAT01560,Salep gatal,Oles pagi & malam,topikal,5,23-04-2024,1
RX02073,DGN1381,PAT01725,Mefenamic acid 500mg,1x1 sachet,oral,14,15-07-2024,14
RX02074,DGN1382,PAT00444,ORS pediatric,2x1 sachet,oral,7,01/06/2024,14
RX02075,DGN1383,PAT00734,Amoxicillin 500mg,1x1 sachet,oral,14,21/08/2024,14
RX02076,DGN1383,PAT00734,Cetirizine 10mg,3x1 tablet,oral,30,21/08/2024,90
RX02077,DGN1384,PAT01546,Domperidone 10mg,2x1 sachet,oral,10,2024-11-02,20
RX02078,DGN1384,PAT01546,Oralit sachet,2x1 sachet,oral,14,2024-11-02,28
RX02079,DGN1384,PAT01546,Omeprazole 20mg,3x500mg,oral,14,2024-11-02,42
RX02080,DGN1385,PAT01781,Salep hidrokortison,Oles pagi & malam,topikal,10,17-11-2021,1
RX02081,DGN1386,PAT00926,Oralit sachet,1x1 tablet,oral,5,19-10-2022,5
RX02082,DGN1387,PAT01841,Ibuprofen 400mg,1x1 sachet,oral,10,2023-12-08,10
RX02083,DGN1388,PAT00652,Ranitidine 150mg,3x500mg,oral,7,2024-01-01,21
RX02084,DGN1389,PAT01902,Oralit sachet,2x1 tablet,oral,10,2022-10-06,20
RX02085,DGN1390,PAT01852,Domperidone 10mg,2x500mg,oral,3,2023-06-30,6
RX02086,DGN1391,PAT00642,Salep gatal,Oles pagi & malam,topikal,7,26-04-2023,1
RX02087,DGN1391,PAT00642,Salbutamol inhaler,2 puff 2x sehari,inhaler,5,26-04-2023,1
RX02088,DGN1391,PAT00642,Omeprazole 20mg,1x1 sachet,oral,3,26-04-2023,3
RX02089,DGN1392,PAT01106,Asam folat,1x1 tablet,oral,14,14/11/2023,14
RX02090,DGN1393,PAT01827,Ranitidine 150mg,3x1 tablet,oral,5,2023-11-20,15
RX02091,DGN1393,PAT01827,Loratadine 10mg,2x500mg,oral,5,2023-11-20,10
RX02092,DGN1393,PAT01827,Domperidone 10mg,2x1 sachet,oral,14,2023-11-20,28
RX02093,DGN1394,PAT01180,Cetirizine 10mg,3x500mg,oral,14,28-06-2023,42
RX02094,DGN1394,PAT01180,Amoxicillin 500mg,3x500mg,oral,30,28-06-2023,90
RX02095,DGN1395,PAT00419,Domperidone 10mg,2x1 sachet,oral,7,28-07-2023,14
RX02096,DGN1395,PAT00419,Captopril 25mg,3x500mg,oral,5,28-07-2023,15
RX02097,DGN1395,PAT00419,Loratadine 10mg,1x1 sachet,oral,14,28-07-2023,14
RX02098,DGN1396,PAT01564,Loratadine 10mg,3x1 tablet,oral,5,15/01/2023,15
RX02099,DGN1396,PAT01564,ORS pediatric,2x1 tablet,oral,5,15/01/2023,10
RX02100,DGN1397,PAT00234,Asam folat,3x1 tablet,oral,10,2023-05-13,30
RX02101,DGN1398,PAT01262,Glibenclamide 5mg,2x1 tablet,oral,5,02-02-2024,10
RX02102,DGN1399,PAT00791,Salep hidrokortison,Oles pagi & malam,topikal,14,24-09-2022,1
RX02103,DGN1400,PAT01001,Salep hidrokortison,Oles 3x sehari,topikal,5,15-12-2021,1
RX02104,DGN1401,PAT01916,Ibuprofen 400mg,1x1 sachet,oral,30,2024-10-10,30
RX02105,DGN1401,PAT01916,Loratadine 10mg,2x500mg,oral,7,2024-10-10,14
RX02106,DGN1402,PAT01020,Domperidone 10mg,3x1 tablet,oral,7,25-08-2024,21
RX02107,DGN1403,PAT00589,Omeprazole 20mg,1x1 tablet,oral,5,2023-03-25,5
RX02108,DGN1404,PAT00497,Amoxicillin 500mg,1x1 tablet,oral,5,30/05/2023,5
RX02109,DGN1404,PAT00497,Salbutamol inhaler,Inhalasi bila sesak,inhaler,10,30/05/2023,1
RX02110,DGN1405,PAT00094,Antibiotik salep,Oles pagi & malam,topikal,14,15/12/2024,1
RX02111,DGN1406,PAT00999,Antibiotik salep,Oles 3x sehari,topikal,10,31-10-2024,1
RX02112,DGN1406,PAT00999,Oralit sachet,3x1 tablet,oral,5,31-10-2024,15
RX02113,DGN1406,PAT00999,Metformin 500mg,1x1 sachet,oral,30,31-10-2024,30
RX02114,DGN1407,PAT00953,Dexamethasone inj,Injeksi 1x sehari,injeksi,5,28/01/2024,1
RX02115,DGN1408,PAT00319,Salep hidrokortison,Oles pagi & malam,topikal,7,2024-06-22,1
RX02116,DGN1408,PAT00319,Amlodipine 5mg,1x1 sachet,oral,3,2024-06-22,3
RX02117,DGN1409,PAT01582,Tetes mata,Oles 2x sehari,topikal,5,25-02-2022,1
RX02118,DGN1410,PAT01828,Cetirizine 10mg,1x1 sachet,oral,10,27/05/2024,10
RX02119,DGN1411,PAT00093,Vitamin C 500mg,2x500mg,oral,10,2023-02-01,20
RX02120,DGN1411,PAT00093,Mefenamic acid 500mg,1x1 tablet,oral,3,2023-02-01,3
RX02121,DGN1412,PAT00401,Oralit sachet,2x1 sachet,oral,3,2024-12-24,6
RX02122,DGN1413,PAT00723,Dexamethasone inj,Injeksi tunggal,injeksi,30,02-06-2022,10
RX02123,DGN1413,PAT00723,Cetirizine 10mg,3x500mg,oral,5,02-06-2022,15
RX02124,DGN1414,PAT00459,Domperidone 10mg,1x1 sachet,oral,5,03/09/2022,5
RX02125,DGN1414,PAT00459,Vitamin B complex,2x1 sachet,oral,5,03/09/2022,10
RX02126,DGN1415,PAT00311,Amoxicillin 500mg,3x1 tablet,oral,3,2024-12-03,9
RX02127,DGN1415,PAT00311,Salep hidrokortison,Oles 2x sehari,topikal,5,2024-12-03,1
RX02128,DGN1415,PAT00311,Mefenamic acid 500mg,3x1 tablet,oral,3,2024-12-03,9
RX02129,DGN1416,PAT00397,Vitamin C 500mg,3x1 tablet,oral,3,2024-08-15,9
RX02130,DGN1417,PAT01037,Cetirizine 10mg,2x1 sachet,oral,14,2021-08-22,28
RX02131,DGN1418,PAT01041,Metformin 500mg,2x1 sachet,oral,3,06/03/2024,6
RX02132,DGN1418,PAT01041,Ibuprofen 400mg,2x1 sachet,oral,14,06/03/2024,28
RX02133,DGN1419,PAT01452,Vitamin B complex,3x500mg,oral,14,2024-07-20,42
RX02134,DGN1419,PAT01452,Metformin 500mg,1x1 tablet,oral,3,2024-07-20,3
RX02135,DGN1420,PAT00167,Metformin 500mg,3x500mg,oral,14,2024-12-16,42
RX02136,DGN1420,PAT00167,Mefenamic acid 500mg,2x1 sachet,oral,5,2024-12-16,10
RX02137,DGN1421,PAT00694,Amlodipine 5mg,3x1 tablet,oral,3,2023-04-27,9
RX02138,DGN1422,PAT01814,Tetes mata,Oles 3x sehari,topikal,5,30-01-2023,1
RX02139,DGN1422,PAT01814,Oralit sachet,1x1 tablet,oral,5,30-01-2023,5
RX02140,DGN1423,PAT00366,Asam folat,1x1 sachet,oral,7,2023-08-22,7
RX02141,DGN1424,PAT01487,Ranitidine 150mg,2x500mg,oral,10,2024-11-29,20
RX02142,DGN1425,PAT00948,Dexamethasone inj,Injeksi tunggal,injeksi,7,01-04-2023,2
RX02143,DGN1426,PAT01754,Cetirizine 10mg,2x1 tablet,oral,30,2024-11-19,60
RX02144,DGN1426,PAT01754,Oralit sachet,2x1 sachet,oral,3,2024-11-19,6
RX02145,DGN1427,PAT01715,Salep hidrokortison,Oles 2x sehari,topikal,5,18-03-2024,1
RX02146,DGN1428,PAT00083,Ranitidine 150mg,3x500mg,oral,3,31/03/2023,9
RX02147,DGN1428,PAT00083,Salep mata gentamicin,Oles 3x sehari,topikal,14,31/03/2023,1
RX02148,DGN1429,PAT00896,Captopril 25mg,1x1 tablet,oral,7,20-04-2024,7
RX02149,DGN1429,PAT00896,Loperamide 2mg,2x500mg,oral,10,20-04-2024,20
RX02150,DGN1429,PAT00896,Ibuprofen 400mg,2x1 tablet,oral,7,20-04-2024,14
RX02151,DGN1430,PAT00602,Amlodipine 5mg,3x500mg,oral,10,01/09/2022,30
RX02152,DGN1430,PAT00602,Amoxicillin 500mg,1x1 tablet,oral,10,01/09/2022,10
RX02153,DGN1431,PAT00721,Loratadine 10mg,2x500mg,oral,7,2025-01-18,14
RX02154,DGN1432,PAT00595,Tetes mata,Oles 2x sehari,topikal,14,14-05-2024,1
RX02155,DGN1433,PAT00053,Metformin 500mg,1x1 sachet,oral,7,2024-10-14,7
RX02156,DGN1434,PAT00037,Metformin 500mg,3x1 tablet,oral,3,30/12/2021,9
RX02157,DGN1435,PAT01347,Amoxicillin 500mg,2x500mg,oral,10,21/05/2023,20
RX02158,DGN1436,PAT00233,Oralit sachet,3x500mg,oral,10,2022-06-21,30
RX02159,DGN1436,PAT00233,Antibiotik salep,Oles 2x sehari,topikal,7,2022-06-21,1
RX02160,DGN1437,PAT01528,Paracetamol 500mg,2x1 tablet,oral,7,19/02/2024,14
RX02161,DGN1437,PAT01528,Metformin 500mg,2x500mg,oral,5,19/02/2024,10
RX02162,DGN1438,PAT00211,Amoxicillin 500mg,2x500mg,oral,30,2024-09-30,60
RX02163,DGN1438,PAT00211,Loperamide 2mg,3x1 tablet,oral,7,2024-09-30,21
RX02164,DGN1438,PAT00211,Loratadine 10mg,2x1 sachet,oral,5,2024-09-30,10
RX02165,DGN1439,PAT00937,Domperidone 10mg,1x1 tablet,oral,10,2024-05-26,10
RX02166,DGN1440,PAT00464,Glibenclamide 5mg,3x1 tablet,oral,14,2022-07-31,42
RX02167,DGN1441,PAT01893,Tetes mata,Oles 2x sehari,topikal,5,25/10/2023,1
RX02168,DGN1441,PAT01893,Asam folat,2x1 sachet,oral,7,25/10/2023,14
RX02169,DGN1442,PAT00710,Salep hidrokortison,Oles pagi & malam,topikal,30,18-01-2024,1
RX02170,DGN1442,PAT00710,Vitamin B complex,3x1 tablet,oral,7,18-01-2024,21
RX02171,DGN1442,PAT00710,Antasida,1x1 sachet,oral,7,18-01-2024,7
RX02172,DGN1443,PAT01340,Salep gatal,Oles 2x sehari,topikal,14,2023-02-23,1
RX02173,DGN1444,PAT00893,Mefenamic acid 500mg,3x1 tablet,oral,7,26/05/2024,21
RX02174,DGN1444,PAT00893,Ranitidine 150mg,3x500mg,oral,14,26/05/2024,42
RX02175,DGN1445,PAT00485,Salep mata gentamicin,Oles pagi & malam,topikal,14,2023-10-09,1
RX02176,DGN1445,PAT00485,Mefenamic acid 500mg,3x1 tablet,oral,30,2023-10-09,90
RX02177,DGN1445,PAT00485,Glibenclamide 5mg,1x1 sachet,oral,7,2023-10-09,7
RX02178,DGN1446,PAT00452,Omeprazole 20mg,2x500mg,oral,30,21/08/2022,60
RX02179,DGN1446,PAT00452,Dexamethasone inj,Injeksi 1x sehari,injeksi,14,21/08/2022,4
RX02180,DGN1447,PAT00175,ORS pediatric,3x1 tablet,oral,14,2024-05-03,42
RX02181,DGN1448,PAT01240,Salbutamol inhaler,2 puff 3x sehari,inhaler,30,10/12/2024,1
RX02182,DGN1448,PAT01240,Vitamin C 500mg,2x1 tablet,oral,10,10/12/2024,20
RX02183,DGN1449,PAT01186,Salep mata gentamicin,Oles 2x sehari,topikal,10,2024-01-26,1
RX02184,DGN1450,PAT00686,Ranitidine 150mg,1x1 sachet,oral,7,10-07-2024,7
RX02185,DGN1451,PAT01954,Mefenamic acid 500mg,3x1 tablet,oral,10,20/04/2023,30
RX02186,DGN1451,PAT01954,Salep hidrokortison,Oles pagi & malam,topikal,5,20/04/2023,1
RX02187,DGN1452,PAT00440,Mefenamic acid 500mg,1x1 tablet,oral,14,24-02-2024,14
RX02188,DGN1452,PAT00440,Ranitidine 150mg,2x1 tablet,oral,14,24-02-2024,28
RX02189,DGN1453,PAT00785,Amlodipine 5mg,1x1 tablet,oral,30,23/12/2023,30
RX02190,DGN1454,PAT00667,Paracetamol 500mg,1x1 tablet,oral,30,01-01-2023,30
RX02191,DGN1454,PAT00667,Captopril 25mg,1x1 tablet,oral,30,01-01-2023,30
RX02192,DGN1454,PAT00667,Simvastatin 10mg,2x1 tablet,oral,30,01-01-2023,60
RX02193,DGN1455,PAT00587,Vitamin C 500mg,2x1 tablet,oral,10,08/06/2024,20
RX02194,DGN1456,PAT00935,Salep gatal,Oles 3x sehari,topikal,30,14-06-2024,1
RX02195,DGN1457,PAT01817,Omeprazole 20mg,3x500mg,oral,14,2024-06-27,42
RX02196,DGN1457,PAT01817,ORS pediatric,3x500mg,oral,3,2024-06-27,9
RX02197,DGN1458,PAT01678,Vitamin C 500mg,2x1 sachet,oral,7,2023-04-14,14
RX02198,DGN1458,PAT01678,Amlodipine 5mg,2x1 sachet,oral,10,2023-04-14,20
RX02199,DGN1459,PAT00621,Amoxicillin 500mg,1x1 sachet,oral,10,19/09/2024,10
RX02200,DGN1460,PAT00482,Ciprofloxacin 500mg,2x500mg,oral,14,28-02-2023,28
RX02201,DGN1460,PAT00482,Vitamin B complex,2x500mg,oral,10,28-02-2023,20
RX02202,DGN1460,PAT00482,Salep hidrokortison,Oles 2x sehari,topikal,14,28-02-2023,1
RX02203,DGN1461,PAT00777,Amlodipine 5mg,2x1 tablet,oral,5,28/11/2024,10
RX02204,DGN1462,PAT01246,Salep mata gentamicin,Oles pagi & malam,topikal,30,2024-04-26,1
RX02205,DGN1463,PAT01135,Oralit sachet,2x500mg,oral,14,31/03/2024,28
RX02206,DGN1463,PAT01135,Loperamide 2mg,1x1 tablet,oral,5,31/03/2024,5
RX02207,DGN1463,PAT01135,Captopril 25mg,2x1 sachet,oral,14,31/03/2024,28
RX02208,DGN1464,PAT00274,Amlodipine 5mg,2x500mg,oral,30,10/03/2024,60
RX02209,DGN1465,PAT00455,Cetirizine 10mg,1x1 tablet,oral,5,05-11-2023,5
RX02210,DGN1466,PAT00579,Oralit sachet,1x1 tablet,oral,14,02/09/2023,14
RX02211,DGN1467,PAT01897,Ranitidine 150mg,1x1 sachet,oral,3,11/11/2022,3
RX02212,DGN1468,PAT01104,Ranitidine 150mg,2x500mg,oral,30,20-09-2024,60
RX02213,DGN1468,PAT01104,Captopril 25mg,2x1 sachet,oral,5,20-09-2024,10
RX02214,DGN1469,PAT00161,Oralit sachet,2x1 tablet,oral,3,2024-11-21,6
RX02215,DGN1470,PAT01238,Salep gatal,Oles 2x sehari,topikal,3,13/10/2023,1
RX02216,DGN1471,PAT00365,Vitamin B complex,1x1 tablet,oral,30,2024-10-04,30
RX02217,DGN1472,PAT01979,Captopril 25mg,3x1 tablet,oral,10,2024-07-10,30
RX02218,DGN1473,PAT01765,Domperidone 10mg,2x1 sachet,oral,3,18/08/2023,6
RX02219,DGN1474,PAT00545,Cetirizine 10mg,1x1 sachet,oral,10,2023-05-20,10
RX02220,DGN1474,PAT00545,Omeprazole 20mg,3x1 tablet,oral,14,2023-05-20,42
RX02221,DGN1475,PAT00712,Domperidone 10mg,1x1 sachet,oral,5,22/05/2024,5
RX02222,DGN1475,PAT00712,Metformin 500mg,1x1 tablet,oral,7,22/05/2024,7
RX02223,DGN1475,PAT00712,Budesonide inhaler,2 puff 3x sehari,inhaler,10,22/05/2024,1
RX02224,DGN1476,PAT01959,Amlodipine 5mg,2x1 tablet,oral,7,27-06-2023,14
RX02225,DGN1476,PAT01959,Asam folat,2x500mg,oral,30,27-06-2023,60
RX02226,DGN1477,PAT01720,Simvastatin 10mg,3x1 tablet,oral,3,16/11/2024,9
RX02227,DGN1478,PAT01104,Asam folat,1x1 sachet,oral,7,2024-12-09,7
RX02228,DGN1479,PAT01928,Tetes mata,Oles pagi & malam,topikal,3,2022-05-22,1
RX02229,DGN1479,PAT01928,Metformin 500mg,3x500mg,oral,3,2022-05-22,9
RX02230,DGN1479,PAT01928,Vitamin C 500mg,3x1 tablet,oral,3,2022-05-22,9
RX02231,DGN1480,PAT01539,Salep hidrokortison,Oles 3x sehari,topikal,5,2024-03-24,1
RX02232,DGN1481,PAT00249,Antibiotik salep,Oles pagi & malam,topikal,10,2023-12-22,1
RX02233,DGN1482,PAT01522,Salep gatal,Oles pagi & malam,topikal,7,17/12/2024,1
RX02234,DGN1483,PAT01374,Vitamin B complex,1x1 tablet,oral,7,29/06/2022,7
RX02235,DGN1484,PAT01806,Amoxicillin 500mg,2x1 sachet,oral,30,26-08-2024,60
RX02236,DGN1485,PAT01264,Vitamin C 500mg,3x1 tablet,oral,5,20-09-2024,15
RX02237,DGN1485,PAT01264,Paracetamol 500mg,3x500mg,oral,30,20-09-2024,90
RX02238,DGN1486,PAT00086,Amlodipine 5mg,3x500mg,oral,3,28-09-2022,9
RX02239,DGN1487,PAT01784,Captopril 25mg,3x500mg,oral,14,2024-08-07,42
RX02240,DGN1488,PAT00025,Amoxicillin 500mg,2x1 tablet,oral,30,01/12/2023,60
RX02241,DGN1489,PAT01538,Ibuprofen 400mg,2x1 sachet,oral,3,15-04-2022,6
RX02242,DGN1490,PAT00897,Domperidone 10mg,2x500mg,oral,7,02-09-2024,14
RX02243,DGN1491,PAT00849,Asam folat,1x1 sachet,oral,10,2022-03-31,10
RX02244,DGN1491,PAT00849,Antasida,3x1 tablet,oral,3,2022-03-31,9
RX02245,DGN1492,PAT01629,ORS pediatric,3x500mg,oral,10,2023-09-18,30
RX02246,DGN1493,PAT00025,Paracetamol 500mg,3x500mg,oral,5,2024-02-01,15
RX02247,DGN1493,PAT00025,Omeprazole 20mg,2x500mg,oral,30,2024-02-01,60
RX02248,DGN1493,PAT00025,Oralit sachet,3x500mg,oral,14,2024-02-01,42
RX02249,DGN1494,PAT01269,Antasida,2x1 sachet,oral,7,2023-05-07,14
RX02250,DGN1495,PAT01277,Salep mata gentamicin,Oles pagi & malam,topikal,7,2023-05-22,1
RX02251,DGN1496,PAT01005,Oralit sachet,3x1 tablet,oral,10,29/09/2023,30
RX02252,DGN1497,PAT01511,Salep gatal,Oles 3x sehari,topikal,7,2024-09-18,1
RX02253,DGN1498,PAT01306,Salep mata gentamicin,Oles pagi & malam,topikal,14,2024-12-11,1
RX02254,DGN1498,PAT01306,Loperamide 2mg,3x1 tablet,oral,7,2024-12-11,21
RX02255,DGN1499,PAT01162,Tetes mata,Oles 3x sehari,topikal,5,17-10-2023,1
RX02256,DGN1500,PAT01269,Captopril 25mg,1x1 sachet,oral,3,12-12-2024,3
RX02257,DGN1501,PAT01812,Metformin 500mg,3x500mg,oral,30,12/07/2024,90
RX02258,DGN1501,PAT01812,Metformin 500mg,1x1 tablet,oral,5,12/07/2024,5
RX02259,DGN1502,PAT01526,Salep hidrokortison,Oles 3x sehari,topikal,7,03-12-2023,1
RX02260,DGN1502,PAT01526,Loratadine 10mg,2x1 sachet,oral,5,03-12-2023,10
RX02261,DGN1503,PAT00198,Simvastatin 10mg,2x1 tablet,oral,5,09-10-2024,10
RX02262,DGN1503,PAT00198,Paracetamol 500mg,3x1 tablet,oral,5,09-10-2024,15
RX02263,DGN1504,PAT01436,Amlodipine 5mg,1x1 sachet,oral,7,09-07-2023,7
RX02264,DGN1505,PAT00702,Cetirizine 10mg,2x1 sachet,oral,3,08-10-2024,6
RX02265,DGN1505,PAT00702,Vitamin B complex,2x1 sachet,oral,5,08-10-2024,10
RX02266,DGN1506,PAT00579,Paracetamol 500mg,2x1 sachet,oral,14,2021-09-08,28
RX02267,DGN1507,PAT01323,Vitamin C 500mg,1x1 sachet,oral,14,07-05-2024,14
RX02268,DGN1508,PAT01326,Vitamin C 500mg,1x1 sachet,oral,5,29/06/2023,5
RX02269,DGN1508,PAT01326,Antasida,3x1 tablet,oral,7,29/06/2023,21
RX02270,DGN1509,PAT00877,Ibuprofen 400mg,1x1 sachet,oral,14,2024-08-15,14
RX02271,DGN1510,PAT01182,Salbutamol inhaler,Inhalasi bila sesak,inhaler,7,2023-05-04,1
RX02272,DGN1511,PAT01750,Loratadine 10mg,1x1 tablet,oral,3,2022-04-07,3
RX02273,DGN1511,PAT01750,Salep hidrokortison,Oles 2x sehari,topikal,3,2022-04-07,1
RX02274,DGN1511,PAT01750,Salep gatal,Oles pagi & malam,topikal,3,2022-04-07,1
RX02275,DGN1512,PAT01024,Amoxicillin 500mg,3x500mg,oral,5,2024-07-31,15
RX02276,DGN1513,PAT01405,Antibiotik salep,Oles 2x sehari,topikal,10,28/07/2024,1
RX02277,DGN1513,PAT01405,Vitamin C 500mg,2x500mg,oral,7,28/07/2024,14
RX02278,DGN1514,PAT00881,Domperidone 10mg,3x500mg,oral,30,01/02/2022,90
RX02279,DGN1515,PAT01312,Omeprazole 20mg,3x1 tablet,oral,3,07/06/2023,9
RX02280,DGN1516,PAT01836,Tetes mata,Oles 2x sehari,topikal,30,2024-10-13,1
RX02281,DGN1516,PAT01836,Mefenamic acid 500mg,3x1 tablet,oral,5,2024-10-13,15
RX02282,DGN1517,PAT00256,Metformin 500mg,1x1 tablet,oral,7,2022-04-03,7
RX02283,DGN1517,PAT00256,Omeprazole 20mg,1x1 tablet,oral,14,2022-04-03,14
RX02284,DGN1518,PAT00493,Omeprazole 20mg,2x500mg,oral,5,2024-08-13,10
RX02285,DGN1519,PAT01849,Salep mata gentamicin,Oles pagi & malam,topikal,3,02/12/2024,1
RX02286,DGN1519,PAT01849,Metformin 500mg,2x1 tablet,oral,3,02/12/2024,6
RX02287,DGN1520,PAT00157,Mefenamic acid 500mg,3x500mg,oral,3,12/01/2025,9
RX02288,DGN1521,PAT00160,Antasida,2x1 tablet,oral,30,2023-04-03,60
RX02289,DGN1521,PAT00160,Loratadine 10mg,1x1 sachet,oral,7,2023-04-03,7
RX02290,DGN1521,PAT00160,Tetes mata,Oles 2x sehari,topikal,30,2023-04-03,1
RX02291,DGN1522,PAT00730,Simvastatin 10mg,3x1 tablet,oral,30,08-12-2024,90
RX02292,DGN1522,PAT00730,Omeprazole 20mg,1x1 tablet,oral,10,08-12-2024,10
RX02293,DGN1523,PAT01418,Tetes mata,Oles 2x sehari,topikal,30,2022-08-13,1
RX02294,DGN1524,PAT00023,Metformin 500mg,3x500mg,oral,3,04/08/2022,9
RX02295,DGN1525,PAT01386,Oralit sachet,2x1 tablet,oral,3,25/06/2024,6
RX02296,DGN1526,PAT01017,Ciprofloxacin 500mg,1x1 sachet,oral,7,2025-01-11,7
RX02297,DGN1526,PAT01017,ORS pediatric,1x1 tablet,oral,7,2025-01-11,7
RX02298,DGN1527,PAT00922,Ibuprofen 400mg,1x1 tablet,oral,5,2024-05-16,5
RX02299,DGN1528,PAT01817,Salep mata gentamicin,Oles pagi & malam,topikal,30,30/05/2022,1
RX02300,DGN1528,PAT01817,Domperidone 10mg,2x500mg,oral,10,30/05/2022,20
RX02301,DGN1529,PAT01433,Loratadine 10mg,2x500mg,oral,3,30/05/2023,6
RX02302,DGN1530,PAT01741,Simvastatin 10mg,2x1 sachet,oral,10,22-11-2024,20
RX02303,DGN1531,PAT01234,Loperamide 2mg,3x500mg,oral,30,21/11/2024,90
RX02304,DGN1532,PAT01693,Paracetamol 500mg,1x1 sachet,oral,3,10/10/2024,3
RX02305,DGN1533,PAT01040,Ciprofloxacin 500mg,3x1 tablet,oral,5,2022-11-22,15
RX02306,DGN1533,PAT01040,Vitamin B complex,1x1 sachet,oral,10,2022-11-22,10
RX02307,DGN1534,PAT01211,Captopril 25mg,3x500mg,oral,10,2024-05-28,30
RX02308,DGN1535,PAT01894,Antasida,2x1 tablet,oral,7,20/03/2023,14
RX02309,DGN1536,PAT01364,Omeprazole 20mg,2x1 tablet,oral,5,11-09-2021,10
RX02310,DGN1537,PAT01790,Salep gatal,Oles 3x sehari,topikal,5,2024-10-09,1
RX02311,DGN1537,PAT01790,ORS pediatric,3x1 tablet,oral,30,2024-10-09,90
RX02312,DGN1537,PAT01790,Loratadine 10mg,3x500mg,oral,3,2024-10-09,9
RX02313,DGN1538,PAT00099,Dexamethasone inj,Injeksi tunggal,injeksi,30,15-07-2022,10
RX02314,DGN1539,PAT01285,Glibenclamide 5mg,3x1 tablet,oral,30,21/08/2023,90
RX02315,DGN1539,PAT01285,ORS pediatric,2x1 tablet,oral,14,21/08/2023,28
RX02316,DGN1540,PAT00461,Amlodipine 5mg,2x1 sachet,oral,3,11/02/2024,6
RX02317,DGN1540,PAT00461,Amlodipine 5mg,2x500mg,oral,3,11/02/2024,6
RX02318,DGN1540,PAT00461,Domperidone 10mg,3x500mg,oral,3,11/02/2024,9
RX02319,DGN1541,PAT01844,Antasida,3x1 tablet,oral,5,16/06/2024,15
RX02320,DGN1541,PAT01844,Vitamin B complex,1x1 tablet,oral,5,16/06/2024,5
RX02321,DGN1542,PAT00774,Salep gatal,Oles 3x sehari,topikal,30,2024-12-06,1
RX02322,DGN1543,PAT01261,Ciprofloxacin 500mg,3x500mg,oral,5,27-12-2023,15
RX02323,DGN1544,PAT00794,Domperidone 10mg,2x1 tablet,oral,30,20/12/2024,60
RX02324,DGN1544,PAT00794,Simvastatin 10mg,1x1 sachet,oral,14,20/12/2024,14
RX02325,DGN1545,PAT01930,Glibenclamide 5mg,3x1 tablet,oral,5,02/08/2024,15
RX02326,DGN1546,PAT01829,Omeprazole 20mg,3x500mg,oral,10,2022-10-21,30
RX02327,DGN1547,PAT01497,Ciprofloxacin 500mg,3x1 tablet,oral,7,15/04/2024,21
RX02328,DGN1547,PAT01497,Glibenclamide 5mg,1x1 tablet,oral,14,15/04/2024,14
RX02329,DGN1547,PAT01497,Paracetamol 500mg,2x1 sachet,oral,14,15/04/2024,28
RX02330,DGN1548,PAT01903,Vitamin B complex,2x1 tablet,oral,3,14-07-2024,6
RX02331,DGN1549,PAT01261,Salep gatal,Oles 3x sehari,topikal,7,05-01-2025,1
RX02332,DGN1550,PAT01394,Loratadine 10mg,2x1 tablet,oral,3,08/08/2024,6
RX02333,DGN1551,PAT00051,Amlodipine 5mg,2x500mg,oral,14,02/01/2024,28
RX02334,DGN1551,PAT00051,ORS pediatric,1x1 sachet,oral,30,02/01/2024,30
RX02335,DGN1551,PAT00051,Cetirizine 10mg,3x1 tablet,oral,14,02/01/2024,42
RX02336,DGN1552,PAT01649,Dexamethasone inj,Injeksi 1x sehari,injeksi,14,04/06/2024,4
RX02337,DGN1552,PAT01649,Antasida,2x1 tablet,oral,10,04/06/2024,20
RX02338,DGN1553,PAT00213,Vitamin B complex,1x1 sachet,oral,14,29-07-2022,14
RX02339,DGN1554,PAT00842,Paracetamol 500mg,2x1 sachet,oral,3,2024-12-18,6
RX02340,DGN1554,PAT00842,Antibiotik salep,Oles 2x sehari,topikal,5,2024-12-18,1
RX02341,DGN1555,PAT00472,Ciprofloxacin 500mg,2x500mg,oral,7,11-07-2024,14
RX02342,DGN1556,PAT01620,Tetes mata,Oles pagi & malam,topikal,3,2024-03-03,1
RX02343,DGN1557,PAT00126,Salbutamol inhaler,2 puff 3x sehari,inhaler,14,11-01-2022,1
RX02344,DGN1557,PAT00126,Domperidone 10mg,1x1 tablet,oral,7,11-01-2022,7
RX02345,DGN1558,PAT00116,Glibenclamide 5mg,2x1 tablet,oral,3,18/09/2022,6
RX02346,DGN1559,PAT00913,Amoxicillin 500mg,3x500mg,oral,30,06-08-2023,90
RX02347,DGN1559,PAT00913,Captopril 25mg,3x500mg,oral,3,06-08-2023,9
RX02348,DGN1560,PAT00902,Vitamin C 500mg,3x500mg,oral,7,10/02/2024,21
RX02349,DGN1560,PAT00902,Salep mata gentamicin,Oles 2x sehari,topikal,5,10/02/2024,1
RX02350,DGN1561,PAT01205,Tetes mata,Oles 3x sehari,topikal,14,30-05-2024,1
RX02351,DGN1561,PAT01205,Paracetamol 500mg,1x1 sachet,oral,14,30-05-2024,14
RX02352,DGN1561,PAT01205,Domperidone 10mg,3x1 tablet,oral,3,30-05-2024,9
RX02353,DGN1562,PAT00070,Salbutamol inhaler,2 puff 3x sehari,inhaler,7,2024-05-14,1
RX02354,DGN1563,PAT01575,Amlodipine 5mg,3x500mg,oral,7,2024-08-19,21
RX02355,DGN1563,PAT01575,Salep mata gentamicin,Oles 2x sehari,topikal,3,2024-08-19,1
RX02356,DGN1564,PAT01404,Captopril 25mg,1x1 tablet,oral,30,19/12/2023,30
RX02357,DGN1565,PAT01977,Oralit sachet,2x500mg,oral,5,14-08-2023,10
RX02358,DGN1565,PAT01977,Budesonide inhaler,2 puff 3x sehari,inhaler,14,14-08-2023,1
RX02359,DGN1566,PAT00090,Vitamin C 500mg,3x1 tablet,oral,7,02/02/2024,21
RX02360,DGN1566,PAT00090,Captopril 25mg,3x500mg,oral,10,02/02/2024,30
RX02361,DGN1567,PAT00952,Cetirizine 10mg,2x500mg,oral,10,2023-08-08,20
RX02362,DGN1568,PAT01450,Salep gatal,Oles pagi & malam,topikal,30,03-06-2024,1
RX02363,DGN1569,PAT00975,Domperidone 10mg,3x500mg,oral,30,2023-11-07,90
RX02364,DGN1569,PAT00975,Paracetamol 500mg,3x500mg,oral,30,2023-11-07,90
RX02365,DGN1570,PAT00988,Dexamethasone inj,Injeksi 1x sehari,injeksi,14,08/11/2024,4
RX02366,DGN1571,PAT01588,Salep hidrokortison,Oles pagi & malam,topikal,30,2024-11-29,1
RX02367,DGN1571,PAT01588,Mefenamic acid 500mg,1x1 tablet,oral,14,2024-11-29,14
RX02368,DGN1571,PAT01588,Amoxicillin 500mg,1x1 tablet,oral,5,2024-11-29,5
RX02369,DGN1572,PAT00677,Loratadine 10mg,2x1 sachet,oral,5,27/07/2022,10
RX02370,DGN1573,PAT00601,Antasida,1x1 sachet,oral,14,2022-09-12,14
RX02371,DGN1573,PAT00601,Budesonide inhaler,2 puff 2x sehari,inhaler,3,2022-09-12,1
RX02372,DGN1574,PAT00933,Tetes mata,Oles pagi & malam,topikal,14,24/07/2024,1
RX02373,DGN1575,PAT00670,Amoxicillin 500mg,3x500mg,oral,3,25-08-2021,9
RX02374,DGN1576,PAT00297,Ciprofloxacin 500mg,3x500mg,oral,7,16-08-2023,21
RX02375,DGN1576,PAT00297,Amoxicillin 500mg,3x500mg,oral,5,16-08-2023,15
RX02376,DGN1577,PAT01299,Dexamethasone inj,Injeksi tunggal,injeksi,7,22/05/2023,2
RX02377,DGN1578,PAT01229,Domperidone 10mg,3x1 tablet,oral,14,2022-08-12,42
RX02378,DGN1578,PAT01229,Paracetamol 500mg,2x1 sachet,oral,14,2022-08-12,28
RX02379,DGN1578,PAT01229,Ibuprofen 400mg,1x1 sachet,oral,5,2022-08-12,5
RX02380,DGN1579,PAT00892,Vitamin B complex,3x500mg,oral,30,20-09-2024,90
RX02381,DGN1579,PAT00892,Vitamin B complex,2x1 sachet,oral,5,20-09-2024,10
RX02382,DGN1579,PAT00892,Salep hidrokortison,Oles pagi & malam,topikal,14,20-09-2024,1
RX02383,DGN1580,PAT01311,Mefenamic acid 500mg,3x1 tablet,oral,7,20/10/2024,21
RX02384,DGN1580,PAT01311,Salep mata gentamicin,Oles 3x sehari,topikal,14,20/10/2024,1
RX02385,DGN1581,PAT01511,Simvastatin 10mg,3x500mg,oral,30,09/02/2023,90
RX02386,DGN1582,PAT01757,Ranitidine 150mg,2x500mg,oral,3,24/08/2024,6
RX02387,DGN1582,PAT01757,Salep hidrokortison,Oles pagi & malam,topikal,14,24/08/2024,1
RX02388,DGN1583,PAT01704,Mefenamic acid 500mg,3x1 tablet,oral,14,28/10/2024,42
RX02389,DGN1584,PAT01486,Tetes mata,Oles 3x sehari,topikal,5,2023-01-12,1
RX02390,DGN1584,PAT01486,Antibiotik salep,Oles 2x sehari,topikal,3,2023-01-12,1
RX02391,DGN1585,PAT01979,Domperidone 10mg,1x1 sachet,oral,7,26/04/2024,7
RX02392,DGN1586,PAT00895,Antibiotik salep,Oles 2x sehari,topikal,14,2023-12-08,1
RX02393,DGN1587,PAT00144,Ibuprofen 400mg,1x1 tablet,oral,14,20/09/2022,14
RX02394,DGN1588,PAT00005,Budesonide inhaler,Inhalasi bila sesak,inhaler,3,12-01-2023,1
RX02395,DGN1589,PAT00479,Oralit sachet,3x500mg,oral,7,2024-03-26,21
RX02396,DGN1590,PAT00571,Domperidone 10mg,2x1 sachet,oral,3,21-07-2024,6
RX02397,DGN1591,PAT01096,Oralit sachet,1x1 tablet,oral,30,16-10-2023,30
RX02398,DGN1592,PAT01663,Salep hidrokortison,Oles 3x sehari,topikal,14,13/03/2023,1
RX02399,DGN1593,PAT00064,Domperidone 10mg,3x500mg,oral,10,01/10/2023,30
RX02400,DGN1594,PAT00591,Asam folat,2x500mg,oral,3,31-10-2023,6
RX02401,DGN1594,PAT00591,Domperidone 10mg,1x1 sachet,oral,3,31-10-2023,3
RX02402,DGN1594,PAT00591,Antasida,2x1 sachet,oral,30,31-10-2023,60
RX02403,DGN1595,PAT00092,Loperamide 2mg,1x1 sachet,oral,14,21-07-2023,14
RX02404,DGN1596,PAT00222,Budesonide inhaler,Inhalasi bila sesak,inhaler,14,2023-04-03,1
RX02405,DGN1597,PAT01694,Antasida,2x500mg,oral,3,02-05-2024,6
RX02406,DGN1598,PAT01718,Cetirizine 10mg,3x1 tablet,oral,3,10/11/2024,9
RX02407,DGN1599,PAT00944,Amoxicillin 500mg,1x1 sachet,oral,7,11-06-2024,7
RX02408,DGN1599,PAT00944,Mefenamic acid 500mg,2x1 sachet,oral,7,11-06-2024,14
RX02409,DGN1599,PAT00944,Simvastatin 10mg,3x500mg,oral,14,11-06-2024,42
RX02410,DGN1600,PAT00415,ORS pediatric,1x1 tablet,oral,30,25-05-2023,30
RX02411,DGN1601,PAT00876,ORS pediatric,3x500mg,oral,30,2023-12-18,90
RX02412,DGN1602,PAT01334,Tetes mata,Oles pagi & malam,topikal,14,29-08-2024,1
RX02413,DGN1603,PAT00971,Ciprofloxacin 500mg,1x1 tablet,oral,14,2024-02-06,14
RX02414,DGN1604,PAT01399,Salep hidrokortison,Oles 2x sehari,topikal,30,26/10/2023,1
RX02415,DGN1605,PAT01630,Omeprazole 20mg,2x500mg,oral,30,16/12/2024,60
RX02416,DGN1606,PAT01564,Salep gatal,Oles 3x sehari,topikal,30,2021-12-10,1
RX02417,DGN1607,PAT01598,Salep hidrokortison,Oles 2x sehari,topikal,7,2021-06-05,1
RX02418,DGN1608,PAT01835,Captopril 25mg,2x1 tablet,oral,3,10/10/2022,6
RX02419,DGN1608,PAT01835,Amlodipine 5mg,2x1 tablet,oral,3,10/10/2022,6
RX02420,DGN1609,PAT00956,Asam folat,1x1 sachet,oral,5,12-07-2024,5
RX02421,DGN1610,PAT01812,Salep mata gentamicin,Oles 3x sehari,topikal,30,24-04-2023,1
RX02422,DGN1610,PAT01812,Salbutamol inhaler,2 puff 2x sehari,inhaler,3,24-04-2023,1
RX02423,DGN1611,PAT01384,Mefenamic acid 500mg,2x500mg,oral,14,18-11-2024,28
RX02424,DGN1612,PAT01210,Ibuprofen 400mg,3x500mg,oral,30,21/11/2022,90
RX02425,DGN1613,PAT00364,Oralit sachet,1x1 tablet,oral,3,2024-05-04,3
RX02426,DGN1613,PAT00364,Omeprazole 20mg,2x500mg,oral,14,2024-05-04,28
RX02427,DGN1614,PAT01332,Salbutamol inhaler,Inhalasi bila sesak,inhaler,10,2024-12-05,1
RX02428,DGN1614,PAT01332,Asam folat,2x1 sachet,oral,14,2024-12-05,28
RX02429,DGN1615,PAT01413,Ibuprofen 400mg,2x1 tablet,oral,10,10/10/2024,20
RX02430,DGN1615,PAT01413,Cetirizine 10mg,3x1 tablet,oral,3,10/10/2024,9
RX02431,DGN1616,PAT00123,Salep hidrokortison,Oles pagi & malam,topikal,7,2023-07-14,1
RX02432,DGN1617,PAT00109,Loratadine 10mg,3x500mg,oral,5,19-07-2024,15
RX02433,DGN1618,PAT00237,ORS pediatric,1x1 tablet,oral,7,14/04/2024,7
RX02434,DGN1619,PAT01006,Salep hidrokortison,Oles 2x sehari,topikal,3,09-03-2023,1
RX02435,DGN1620,PAT00121,Domperidone 10mg,2x1 tablet,oral,10,22/08/2021,20
RX02436,DGN1621,PAT01706,Ibuprofen 400mg,1x1 sachet,oral,3,17-01-2024,3
RX02437,DGN1621,PAT01706,Vitamin C 500mg,3x1 tablet,oral,30,17-01-2024,90
RX02438,DGN1622,PAT01457,Salep mata gentamicin,Oles 3x sehari,topikal,3,2023-12-13,1
RX02439,DGN1623,PAT00411,Dexamethasone inj,Injeksi 1x sehari,injeksi,3,2024-06-22,1
RX02440,DGN1623,PAT00411,Omeprazole 20mg,1x1 tablet,oral,5,2024-06-22,5
RX02441,DGN1623,PAT00411,Amoxicillin 500mg,1x1 tablet,oral,7,2024-06-22,7
RX02442,DGN1624,PAT00829,Simvastatin 10mg,2x500mg,oral,30,20/02/2024,60
RX02443,DGN1625,PAT01756,Oralit sachet,1x1 sachet,oral,3,29/01/2024,3
RX02444,DGN1626,PAT00950,Omeprazole 20mg,3x500mg,oral,30,21/12/2024,90
RX02445,DGN1626,PAT00950,Tetes mata,Oles pagi & malam,topikal,14,21/12/2024,1
RX02446,DGN1627,PAT00065,Mefenamic acid 500mg,1x1 tablet,oral,14,02/09/2021,14
RX02447,DGN1627,PAT00065,Salep mata gentamicin,Oles pagi & malam,topikal,7,02/09/2021,1
RX02448,DGN1628,PAT00166,Antibiotik salep,Oles 2x sehari,topikal,3,2024-02-03,1
RX02449,DGN1628,PAT00166,Salep mata gentamicin,Oles pagi & malam,topikal,14,2024-02-03,1
RX02450,DGN1629,PAT00486,Mefenamic acid 500mg,2x1 sachet,oral,5,2024-12-10,10
RX02451,DGN1629,PAT00486,Simvastatin 10mg,3x500mg,oral,5,2024-12-10,15
RX02452,DGN1630,PAT01363,Domperidone 10mg,2x1 sachet,oral,14,13/01/2023,28
RX02453,DGN1630,PAT01363,Ranitidine 150mg,2x1 sachet,oral,30,13/01/2023,60
RX02454,DGN1631,PAT01548,Simvastatin 10mg,3x500mg,oral,7,02-10-2021,21
RX02455,DGN1631,PAT01548,Amoxicillin 500mg,2x500mg,oral,30,02-10-2021,60
RX02456,DGN1631,PAT01548,Salbutamol inhaler,2 puff 2x sehari,inhaler,10,02-10-2021,1
RX02457,DGN1632,PAT01382,Amoxicillin 500mg,3x1 tablet,oral,5,18-01-2024,15
RX02458,DGN1632,PAT01382,Salep gatal,Oles pagi & malam,topikal,5,18-01-2024,1
RX02459,DGN1632,PAT01382,Mefenamic acid 500mg,1x1 tablet,oral,30,18-01-2024,30
RX02460,DGN1633,PAT00725,Dexamethasone inj,Injeksi tunggal,injeksi,5,2023-04-19,1
RX02461,DGN1633,PAT00725,Amlodipine 5mg,2x500mg,oral,5,2023-04-19,10
RX02462,DGN1633,PAT00725,Glibenclamide 5mg,1x1 sachet,oral,7,2023-04-19,7
RX02463,DGN1634,PAT01714,Metformin 500mg,3x500mg,oral,10,21/06/2024,30
RX02464,DGN1635,PAT01633,Ciprofloxacin 500mg,1x1 sachet,oral,14,29/11/2021,14
RX02465,DGN1636,PAT00318,Dexamethasone inj,Injeksi tunggal,injeksi,10,2023-09-01,3
RX02466,DGN1637,PAT00205,Domperidone 10mg,2x500mg,oral,3,2024-01-25,6
RX02467,DGN1637,PAT00205,Asam folat,2x500mg,oral,7,2024-01-25,14
RX02468,DGN1638,PAT00972,Mefenamic acid 500mg,2x1 sachet,oral,14,09/11/2023,28
RX02469,DGN1639,PAT01109,Salep mata gentamicin,Oles 2x sehari,topikal,7,09-12-2022,1
RX02470,DGN1640,PAT00171,Budesonide inhaler,2 puff 2x sehari,inhaler,3,2024-09-27,1
RX02471,DGN1641,PAT01096,Amlodipine 5mg,2x1 sachet,oral,10,2022-03-04,20
RX02472,DGN1642,PAT01862,Antibiotik salep,Oles 2x sehari,topikal,7,30/04/2023,1
RX02473,DGN1642,PAT01862,Salep hidrokortison,Oles 3x sehari,topikal,30,30/04/2023,1
RX02474,DGN1643,PAT00123,Amoxicillin 500mg,3x1 tablet,oral,5,24/10/2022,15
RX02475,DGN1644,PAT00599,Cetirizine 10mg,2x500mg,oral,3,2022-11-15,6
RX02476,DGN1645,PAT00710,ORS pediatric,2x500mg,oral,7,04/02/2024,14
RX02477,DGN1646,PAT00672,Omeprazole 20mg,2x1 sachet,oral,3,28/09/2022,6
RX02478,DGN1646,PAT00672,Tetes mata,Oles 3x sehari,topikal,7,28/09/2022,1
RX02479,DGN1646,PAT00672,Vitamin B complex,3x1 tablet,oral,3,28/09/2022,9
RX02480,DGN1647,PAT01404,Ciprofloxacin 500mg,3x500mg,oral,5,23-08-2023,15
RX02481,DGN1648,PAT00020,Simvastatin 10mg,1x1 tablet,oral,5,31/10/2024,5
RX02482,DGN1649,PAT01568,Tetes mata,Oles 2x sehari,topikal,14,2024-02-20,1
RX02483,DGN1650,PAT00014,Salbutamol inhaler,Inhalasi bila sesak,inhaler,14,2022-09-17,1
RX02484,DGN1651,PAT01034,Glibenclamide 5mg,3x1 tablet,oral,30,24-09-2021,90
RX02485,DGN1652,PAT00022,Simvastatin 10mg,3x500mg,oral,3,2024-01-29,9
RX02486,DGN1653,PAT01259,Tetes mata,Oles 2x sehari,topikal,14,19/12/2024,1
RX02487,DGN1654,PAT01777,Salep mata gentamicin,Oles pagi & malam,topikal,3,10/11/2021,1
RX02488,DGN1655,PAT01290,Loperamide 2mg,3x500mg,oral,5,23-05-2023,15
RX02489,DGN1656,PAT01533,Ibuprofen 400mg,2x500mg,oral,5,25-11-2024,10
RX02490,DGN1656,PAT01533,Vitamin B complex,3x500mg,oral,14,25-11-2024,42
RX02491,DGN1657,PAT01181,Antibiotik salep,Oles pagi & malam,topikal,14,21-12-2024,1
RX02492,DGN1657,PAT01181,Salep hidrokortison,Oles 2x sehari,topikal,30,21-12-2024,1
RX02493,DGN1658,PAT01279,Budesonide inhaler,2 puff 3x sehari,inhaler,5,12-08-2024,1
RX02494,DGN1658,PAT01279,Captopril 25mg,2x1 tablet,oral,14,12-08-2024,28
RX02495,DGN1658,PAT01279,Oralit sachet,2x500mg,oral,3,12-08-2024,6
RX02496,DGN1659,PAT01843,Salep gatal,Oles 2x sehari,topikal,5,14/10/2024,1
RX02497,DGN1660,PAT00915,Domperidone 10mg,2x500mg,oral,5,2023-02-02,10
RX02498,DGN1661,PAT00453,Metformin 500mg,1x1 sachet,oral,3,30/10/2024,3
RX02499,DGN1662,PAT00431,Ibuprofen 400mg,2x1 sachet,oral,14,02-10-2024,28
RX02500,DGN1663,PAT00719,Salep gatal,Oles 3x sehari,topikal,3,2023-06-07,1
RX02501,DGN1663,PAT00719,Loratadine 10mg,2x1 tablet,oral,3,2023-06-07,6
RX02502,DGN1664,PAT01741,Glibenclamide 5mg,2x1 sachet,oral,30,24/11/2024,60
RX02503,DGN1665,PAT01167,Salbutamol inhaler,2 puff 3x sehari,inhaler,14,2023-11-18,1
RX02504,DGN1666,PAT01671,ORS pediatric,2x500mg,oral,5,2024-03-05,10
RX02505,DGN1667,PAT00304,Ciprofloxacin 500mg,2x500mg,oral,10,16/11/2022,20
RX02506,DGN1668,PAT01634,Oralit sachet,3x1 tablet,oral,3,29-04-2022,9
RX02507,DGN1668,PAT01634,Glibenclamide 5mg,3x500mg,oral,7,29-04-2022,21
RX02508,DGN1669,PAT00784,Ciprofloxacin 500mg,2x500mg,oral,3,23/05/2024,6
RX02509,DGN1670,PAT01319,Domperidone 10mg,2x500mg,oral,3,03-08-2024,6
RX02510,DGN1671,PAT00816,Antasida,3x500mg,oral,10,2023-08-20,30
RX02511,DGN1671,PAT00816,ORS pediatric,1x1 sachet,oral,3,2023-08-20,3
RX02512,DGN1672,PAT01898,Vitamin C 500mg,2x500mg,oral,14,27-02-2023,28
RX02513,DGN1672,PAT01898,Tetes mata,Oles pagi & malam,topikal,14,27-02-2023,1
RX02514,DGN1673,PAT00639,Salep mata gentamicin,Oles 2x sehari,topikal,5,2024-06-30,1
RX02515,DGN1673,PAT00639,Vitamin B complex,3x1 tablet,oral,7,2024-06-30,21
RX02516,DGN1673,PAT00639,Dexamethasone inj,Injeksi tunggal,injeksi,7,2024-06-30,2
RX02517,DGN1674,PAT01116,Salep hidrokortison,Oles 3x sehari,topikal,3,2024-06-07,1
RX02518,DGN1675,PAT00810,Antasida,1x1 tablet,oral,30,12/03/2024,30
RX02519,DGN1676,PAT01786,Asam folat,1x1 sachet,oral,5,02/06/2023,5
RX02520,DGN1677,PAT01726,Captopril 25mg,2x500mg,oral,10,23/07/2024,20
RX02521,DGN1678,PAT00877,Amoxicillin 500mg,3x1 tablet,oral,10,17/01/2024,30
RX02522,DGN1678,PAT00877,Amoxicillin 500mg,1x1 tablet,oral,7,17/01/2024,7
RX02523,DGN1679,PAT00996,Ciprofloxacin 500mg,3x500mg,oral,5,15/11/2023,15
RX02524,DGN1680,PAT01514,Budesonide inhaler,2 puff 3x sehari,inhaler,14,12-02-2024,1
RX02525,DGN1680,PAT01514,Salbutamol inhaler,Inhalasi bila sesak,inhaler,14,12-02-2024,1
RX02526,DGN1681,PAT00381,Tetes mata,Oles 2x sehari,topikal,3,13-11-2024,1
RX02527,DGN1682,PAT00017,Dexamethasone inj,Injeksi 1x sehari,injeksi,5,2022-05-29,1
RX02528,DGN1683,PAT01573,Ciprofloxacin 500mg,1x1 sachet,oral,7,19/07/2024,7
RX02529,DGN1684,PAT01184,Omeprazole 20mg,1x1 sachet,oral,10,30/01/2024,10
RX02530,DGN1684,PAT01184,Salep hidrokortison,Oles 3x sehari,topikal,7,30/01/2024,1
RX02531,DGN1685,PAT00039,Ciprofloxacin 500mg,1x1 tablet,oral,30,2023-09-24,30
RX02532,DGN1686,PAT01346,ORS pediatric,3x500mg,oral,14,14/07/2021,42
RX02533,DGN1687,PAT01793,Loperamide 2mg,1x1 sachet,oral,3,22/02/2024,3
RX02534,DGN1688,PAT01747,Ciprofloxacin 500mg,2x1 tablet,oral,14,12/12/2024,28
RX02535,DGN1688,PAT01747,ORS pediatric,2x1 sachet,oral,3,12/12/2024,6
RX02536,DGN1689,PAT00272,Budesonide inhaler,Inhalasi bila sesak,inhaler,30,28/10/2023,1
RX02537,DGN1690,PAT00463,Vitamin C 500mg,1x1 sachet,oral,30,18/02/2023,30
RX02538,DGN1691,PAT01660,Amoxicillin 500mg,2x1 tablet,oral,5,26/03/2023,10
RX02539,DGN1691,PAT01660,Captopril 25mg,3x1 tablet,oral,3,26/03/2023,9
RX02540,DGN1691,PAT01660,Ibuprofen 400mg,3x500mg,oral,10,26/03/2023,30
RX02541,DGN1692,PAT00525,Amoxicillin 500mg,2x1 tablet,oral,14,10-10-2024,28
RX02542,DGN1693,PAT00437,Captopril 25mg,3x1 tablet,oral,5,2024-03-13,15
RX02543,DGN1693,PAT00437,Vitamin C 500mg,2x1 sachet,oral,7,2024-03-13,14
RX02544,DGN1694,PAT01467,Domperidone 10mg,2x1 sachet,oral,3,19-08-2024,6
RX02545,DGN1694,PAT01467,Paracetamol 500mg,3x500mg,oral,14,19-08-2024,42
RX02546,DGN1695,PAT01251,Ciprofloxacin 500mg,3x500mg,oral,5,30/10/2024,15
RX02547,DGN1695,PAT01251,Domperidone 10mg,3x1 tablet,oral,10,30/10/2024,30
RX02548,DGN1696,PAT00746,Budesonide inhaler,2 puff 3x sehari,inhaler,5,2024-07-06,1
RX02549,DGN1697,PAT01251,Amoxicillin 500mg,1x1 sachet,oral,3,14/10/2024,3
RX02550,DGN1697,PAT01251,Salep mata gentamicin,Oles 2x sehari,topikal,14,14/10/2024,1
RX02551,DGN1698,PAT01649,Glibenclamide 5mg,2x1 sachet,oral,14,03/12/2024,28
RX02552,DGN1699,PAT01279,Salep hidrokortison,Oles 2x sehari,topikal,5,2024-10-29,1
RX02553,DGN1700,PAT00383,Cetirizine 10mg,3x1 tablet,oral,10,15/05/2023,30
RX02554,DGN1701,PAT01193,ORS pediatric,2x500mg,oral,3,25/01/2025,6
RX02555,DGN1702,PAT00290,Amlodipine 5mg,2x500mg,oral,3,2024-02-22,6
RX02556,DGN1703,PAT00577,Domperidone 10mg,1x1 tablet,oral,3,2024-09-14,3
RX02557,DGN1704,PAT01982,Budesonide inhaler,2 puff 3x sehari,inhaler,7,15-10-2023,1
RX02558,DGN1705,PAT00802,Loperamide 2mg,3x500mg,oral,5,14-01-2023,15
RX02559,DGN1705,PAT00802,Salbutamol inhaler,2 puff 3x sehari,inhaler,14,14-01-2023,1
RX02560,DGN1706,PAT00818,Salep mata gentamicin,Oles 3x sehari,topikal,5,2023-05-26,1
RX02561,DGN1707,PAT01385,Metformin 500mg,1x1 sachet,oral,5,10/07/2024,5
RX02562,DGN1707,PAT01385,Dexamethasone inj,Injeksi tunggal,injeksi,7,10/07/2024,2
RX02563,DGN1707,PAT01385,Vitamin C 500mg,1x1 tablet,oral,14,10/07/2024,14
RX02564,DGN1708,PAT01032,Amlodipine 5mg,2x1 tablet,oral,7,27/10/2021,14
RX02565,DGN1708,PAT01032,Vitamin B complex,2x1 sachet,oral,5,27/10/2021,10
RX02566,DGN1709,PAT01611,Asam folat,2x1 sachet,oral,3,2024-05-01,6
RX02567,DGN1710,PAT01857,Vitamin B complex,1x1 tablet,oral,10,08-04-2024,10
RX02568,DGN1710,PAT01857,Simvastatin 10mg,2x1 tablet,oral,30,08-04-2024,60
RX02569,DGN1711,PAT00143,Simvastatin 10mg,2x1 tablet,oral,5,10-02-2022,10
RX02570,DGN1711,PAT00143,Mefenamic acid 500mg,3x1 tablet,oral,10,10-02-2022,30
RX02571,DGN1712,PAT00786,Loperamide 2mg,2x1 tablet,oral,30,2025-01-28,60
RX02572,DGN1712,PAT00786,Captopril 25mg,2x1 sachet,oral,3,2025-01-28,6
RX02573,DGN1713,PAT01656,Vitamin C 500mg,2x1 sachet,oral,30,25/11/2023,60
RX02574,DGN1714,PAT00011,Asam folat,2x1 sachet,oral,7,27/01/2024,14
RX02575,DGN1714,PAT00011,Salep gatal,Oles 3x sehari,topikal,5,27/01/2024,1
RX02576,DGN1715,PAT01830,Simvastatin 10mg,2x500mg,oral,10,2024-09-19,20
RX02577,DGN1716,PAT01322,Loperamide 2mg,1x1 sachet,oral,3,2024-08-09,3
RX02578,DGN1716,PAT01322,Vitamin B complex,2x500mg,oral,3,2024-08-09,6
RX02579,DGN1716,PAT01322,Simvastatin 10mg,1x1 sachet,oral,5,2024-08-09,5
RX02580,DGN1717,PAT00089,ORS pediatric,3x500mg,oral,5,2021-10-12,15
RX02581,DGN1718,PAT01937,Vitamin B complex,2x1 sachet,oral,30,16-04-2023,60
RX02582,DGN1718,PAT01937,Ciprofloxacin 500mg,2x500mg,oral,5,16-04-2023,10
RX02583,DGN1719,PAT00031,Glibenclamide 5mg,1x1 tablet,oral,3,08/11/2024,3
RX02584,DGN1720,PAT01923,Asam folat,2x1 sachet,oral,30,2024-02-27,60
RX02585,DGN1721,PAT00939,Vitamin C 500mg,2x1 tablet,oral,14,21-11-2024,28
RX02586,DGN1721,PAT00939,Metformin 500mg,2x1 tablet,oral,10,21-11-2024,20
RX02587,DGN1722,PAT00853,Asam folat,1x1 tablet,oral,5,2024-10-29,5
RX02588,DGN1723,PAT01406,Simvastatin 10mg,2x500mg,oral,7,2023-07-19,14
RX02589,DGN1724,PAT01024,Antibiotik salep,Oles pagi & malam,topikal,3,11/09/2024,1
RX02590,DGN1724,PAT01024,Amoxicillin 500mg,2x1 sachet,oral,10,11/09/2024,20
RX02591,DGN1724,PAT01024,Vitamin B complex,1x1 tablet,oral,3,11/09/2024,3
RX02592,DGN1725,PAT00625,Antasida,2x1 sachet,oral,10,09/11/2024,20
RX02593,DGN1725,PAT00625,Amoxicillin 500mg,2x1 sachet,oral,5,09/11/2024,10
RX02594,DGN1726,PAT00528,Salep gatal,Oles pagi & malam,topikal,3,2024-05-04,1
RX02595,DGN1726,PAT00528,Cetirizine 10mg,2x1 tablet,oral,3,2024-05-04,6
RX02596,DGN1727,PAT00824,Glibenclamide 5mg,2x500mg,oral,7,26-01-2024,14
RX02597,DGN1727,PAT00824,Loperamide 2mg,2x1 sachet,oral,10,26-01-2024,20
RX02598,DGN1728,PAT00922,Ranitidine 150mg,2x500mg,oral,10,13/11/2024,20
RX02599,DGN1728,PAT00922,Loperamide 2mg,1x1 tablet,oral,14,13/11/2024,14
RX02600,DGN1729,PAT01032,Amlodipine 5mg,2x500mg,oral,14,13/10/2023,28
RX02601,DGN1729,PAT01032,Tetes mata,Oles pagi & malam,topikal,5,13/10/2023,1
RX02602,DGN1730,PAT01331,Salbutamol inhaler,Inhalasi bila sesak,inhaler,14,2023-09-26,1
RX02603,DGN1730,PAT01331,Paracetamol 500mg,1x1 sachet,oral,5,2023-09-26,5
RX02604,DGN1731,PAT00717,Amoxicillin 500mg,2x500mg,oral,3,11-11-2024,6
RX02605,DGN1732,PAT01695,Salep hidrokortison,Oles pagi & malam,topikal,10,31-08-2023,1
RX02606,DGN1733,PAT01859,Vitamin C 500mg,2x1 sachet,oral,3,2021-11-06,6
RX02607,DGN1733,PAT01859,Ibuprofen 400mg,3x500mg,oral,30,2021-11-06,90
RX02608,DGN1734,PAT00534,Loperamide 2mg,2x1 sachet,oral,3,30/10/2024,6
RX02609,DGN1735,PAT01181,Antasida,1x1 tablet,oral,10,10/10/2024,10
RX02610,DGN1736,PAT00044,Ciprofloxacin 500mg,1x1 tablet,oral,5,2023-11-09,5
RX02611,DGN1737,PAT00149,Amoxicillin 500mg,2x1 sachet,oral,7,24/07/2024,14
RX02612,DGN1737,PAT00149,Simvastatin 10mg,2x1 sachet,oral,3,24/07/2024,6
RX02613,DGN1738,PAT00717,Vitamin C 500mg,2x500mg,oral,14,21/03/2024,28
RX02614,DGN1739,PAT01199,Metformin 500mg,3x1 tablet,oral,3,03/09/2021,9
RX02615,DGN1740,PAT01458,ORS pediatric,1x1 tablet,oral,30,2023-07-16,30
RX02616,DGN1740,PAT01458,Asam folat,3x500mg,oral,30,2023-07-16,90
RX02617,DGN1741,PAT00492,Salep hidrokortison,Oles pagi & malam,topikal,3,2021-08-05,1
RX02618,DGN1741,PAT00492,Salep mata gentamicin,Oles 3x sehari,topikal,14,2021-08-05,1
RX02619,DGN1742,PAT00598,Ibuprofen 400mg,1x1 tablet,oral,3,17/12/2023,3
RX02620,DGN1742,PAT00598,Glibenclamide 5mg,3x1 tablet,oral,3,17/12/2023,9
RX02621,DGN1743,PAT01804,Domperidone 10mg,2x1 sachet,oral,10,2024-12-03,20
RX02622,DGN1744,PAT01537,Metformin 500mg,2x1 sachet,oral,14,01/09/2022,28
RX02623,DGN1744,PAT01537,Amlodipine 5mg,2x1 sachet,oral,30,01/09/2022,60
RX02624,DGN1744,PAT01537,Domperidone 10mg,1x1 sachet,oral,7,01/09/2022,7
RX02625,DGN1745,PAT01971,Captopril 25mg,2x1 sachet,oral,7,31-03-2024,14
RX02626,DGN1746,PAT01954,Glibenclamide 5mg,2x1 tablet,oral,5,2025-01-03,10
RX02627,DGN1746,PAT01954,Captopril 25mg,1x1 tablet,oral,14,2025-01-03,14
RX02628,DGN1747,PAT01378,Omeprazole 20mg,2x500mg,oral,7,13/12/2022,14
RX02629,DGN1747,PAT01378,Glibenclamide 5mg,3x1 tablet,oral,7,13/12/2022,21
RX02630,DGN1748,PAT00350,Omeprazole 20mg,1x1 tablet,oral,3,2024-02-08,3
RX02631,DGN1748,PAT00350,Metformin 500mg,3x1 tablet,oral,14,2024-02-08,42
RX02632,DGN1749,PAT01587,Salep gatal,Oles 2x sehari,topikal,7,14-12-2023,1
RX02633,DGN1750,PAT00752,Loperamide 2mg,2x1 sachet,oral,14,06/11/2024,28
RX02634,DGN1751,PAT00472,Cetirizine 10mg,2x500mg,oral,30,26/12/2023,60
RX02635,DGN1752,PAT00405,Amlodipine 5mg,3x500mg,oral,10,24/01/2023,30
RX02636,DGN1752,PAT00405,Cetirizine 10mg,2x500mg,oral,10,24/01/2023,20
RX02637,DGN1753,PAT01631,Oralit sachet,1x1 tablet,oral,14,14/11/2023,14
RX02638,DGN1754,PAT01067,Loratadine 10mg,2x1 sachet,oral,7,23/02/2023,14
RX02639,DGN1755,PAT00464,Mefenamic acid 500mg,1x1 tablet,oral,10,10-06-2021,10
RX02640,DGN1755,PAT00464,Cetirizine 10mg,3x500mg,oral,5,10-06-2021,15
RX02641,DGN1756,PAT01461,Oralit sachet,1x1 tablet,oral,7,2022-04-11,7
RX02642,DGN1757,PAT00686,Amoxicillin 500mg,2x1 tablet,oral,5,03-09-2023,10
RX02643,DGN1757,PAT00686,Salep hidrokortison,Oles 2x sehari,topikal,14,03-09-2023,1
RX02644,DGN1758,PAT01004,Budesonide inhaler,2 puff 3x sehari,inhaler,14,13-05-2024,1
RX02645,DGN1758,PAT01004,Asam folat,3x500mg,oral,30,13-05-2024,90
RX02646,DGN1759,PAT01594,Vitamin C 500mg,2x1 tablet,oral,14,09/12/2024,28
RX02647,DGN1760,PAT01185,Antasida,2x500mg,oral,14,2023-10-02,28
RX02648,DGN1761,PAT00397,Vitamin B complex,1x1 tablet,oral,14,25-01-2025,14
RX02649,DGN1762,PAT00080,Amoxicillin 500mg,3x500mg,oral,5,07/07/2023,15
RX02650,DGN1763,PAT01489,Antibiotik salep,Oles 3x sehari,topikal,5,16/02/2023,1
RX02651,DGN1764,PAT00583,Metformin 500mg,3x1 tablet,oral,5,2024-09-24,15
RX02652,DGN1764,PAT00583,ORS pediatric,2x1 tablet,oral,30,2024-09-24,60
RX02653,DGN1765,PAT00457,Paracetamol 500mg,3x1 tablet,oral,30,28-04-2024,90
RX02654,DGN1765,PAT00457,Ibuprofen 400mg,3x1 tablet,oral,30,28-04-2024,90
RX02655,DGN1765,PAT00457,Metformin 500mg,2x1 sachet,oral,3,28-04-2024,6
RX02656,DGN1766,PAT01202,Simvastatin 10mg,2x1 tablet,oral,5,2024-08-24,10
RX02657,DGN1767,PAT00269,Vitamin C 500mg,3x500mg,oral,14,03-10-2022,42
RX02658,DGN1768,PAT01942,Salbutamol inhaler,2 puff 2x sehari,inhaler,10,28-03-2023,1
RX02659,DGN1769,PAT00127,Dexamethasone inj,Injeksi tunggal,injeksi,7,25/02/2024,2
RX02660,DGN1770,PAT01098,Metformin 500mg,2x1 sachet,oral,7,2024-12-04,14
RX02661,DGN1770,PAT01098,Salep hidrokortison,Oles 2x sehari,topikal,14,2024-12-04,1
RX02662,DGN1771,PAT00909,Loperamide 2mg,3x1 tablet,oral,5,2024-12-13,15
RX02663,DGN1771,PAT00909,Cetirizine 10mg,3x1 tablet,oral,14,2024-12-13,42
RX02664,DGN1771,PAT00909,Paracetamol 500mg,1x1 tablet,oral,5,2024-12-13,5
RX02665,DGN1772,PAT00820,Domperidone 10mg,1x1 sachet,oral,10,15/08/2024,10
RX02666,DGN1772,PAT00820,Amoxicillin 500mg,1x1 tablet,oral,10,15/08/2024,10
RX02667,DGN1773,PAT01676,Loratadine 10mg,2x1 sachet,oral,5,2024-08-09,10
RX02668,DGN1774,PAT00179,Tetes mata,Oles pagi & malam,topikal,7,26/08/2024,1
RX02669,DGN1775,PAT01219,Loratadine 10mg,1x1 tablet,oral,30,29/05/2022,30
RX02670,DGN1775,PAT01219,Domperidone 10mg,1x1 sachet,oral,10,29/05/2022,10
RX02671,DGN1776,PAT00362,Loratadine 10mg,1x1 tablet,oral,5,2024-01-15,5
RX02672,DGN1776,PAT00362,Antibiotik salep,Oles 2x sehari,topikal,30,2024-01-15,1
RX02673,DGN1777,PAT00749,Salbutamol inhaler,2 puff 2x sehari,inhaler,3,2024-09-15,1
RX02674,DGN1778,PAT00200,Antibiotik salep,Oles 2x sehari,topikal,7,2024-04-09,1
RX02675,DGN1778,PAT00200,Ibuprofen 400mg,1x1 sachet,oral,3,2024-04-09,3
RX02676,DGN1779,PAT00191,Salbutamol inhaler,Inhalasi bila sesak,inhaler,3,04/01/2022,1
RX02677,DGN1780,PAT00239,Metformin 500mg,1x1 sachet,oral,14,2024-07-18,14
RX02678,DGN1780,PAT00239,Budesonide inhaler,2 puff 3x sehari,inhaler,3,2024-07-18,1
RX02679,DGN1781,PAT01020,Salep hidrokortison,Oles 3x sehari,topikal,7,04/11/2024,1
RX02680,DGN1782,PAT01452,Loratadine 10mg,2x1 sachet,oral,10,2023-04-20,20
RX02681,DGN1782,PAT01452,Ranitidine 150mg,2x500mg,oral,14,2023-04-20,28
RX02682,DGN1782,PAT01452,Vitamin C 500mg,2x500mg,oral,5,2023-04-20,10
RX02683,DGN1783,PAT01740,Amlodipine 5mg,3x1 tablet,oral,3,07-12-2022,9
RX02684,DGN1784,PAT00832,Oralit sachet,1x1 tablet,oral,30,05/07/2024,30
RX02685,DGN1784,PAT00832,Antibiotik salep,Oles pagi & malam,topikal,10,05/07/2024,1
RX02686,DGN1784,PAT00832,Mefenamic acid 500mg,3x1 tablet,oral,30,05/07/2024,90
RX02687,DGN1785,PAT00438,Salep hidrokortison,Oles 3x sehari,topikal,30,02/10/2024,1
RX02688,DGN1785,PAT00438,Dexamethasone inj,Injeksi tunggal,injeksi,7,02/10/2024,2
RX02689,DGN1786,PAT00112,Captopril 25mg,1x1 tablet,oral,3,2023-11-08,3
RX02690,DGN1787,PAT00048,Metformin 500mg,2x500mg,oral,14,13-11-2023,28
RX02691,DGN1788,PAT00200,Tetes mata,Oles 3x sehari,topikal,7,23-09-2024,1
RX02692,DGN1788,PAT00200,Amoxicillin 500mg,2x1 sachet,oral,3,23-09-2024,6
RX02693,DGN1789,PAT00121,Salep hidrokortison,Oles pagi & malam,topikal,5,25/03/2024,1
RX02694,DGN1790,PAT01190,Ibuprofen 400mg,2x500mg,oral,30,22/03/2024,60
RX02695,DGN1791,PAT00547,Asam folat,3x1 tablet,oral,7,2022-04-05,21
RX02696,DGN1792,PAT00202,Salep mata gentamicin,Oles 3x sehari,topikal,30,2024-03-11,1
RX02697,DGN1792,PAT00202,Dexamethasone inj,Injeksi 1x sehari,injeksi,14,2024-03-11,4
RX02698,DGN1792,PAT00202,Asam folat,1x1 sachet,oral,3,2024-03-11,3
RX02699,DGN1793,PAT01481,ORS pediatric,3x500mg,oral,14,2024-01-25,42
RX02700,DGN1793,PAT01481,ORS pediatric,2x1 sachet,oral,14,2024-01-25,28
RX02701,DGN1794,PAT01680,Amoxicillin 500mg,2x1 tablet,oral,30,2024-04-24,60
RX02702,DGN1794,PAT01680,Antibiotik salep,Oles 2x sehari,topikal,3,2024-04-24,1
RX02703,DGN1795,PAT00386,Tetes mata,Oles pagi & malam,topikal,5,2023-01-08,1
RX02704,DGN1795,PAT00386,Dexamethasone inj,Injeksi 1x sehari,injeksi,30,2023-01-08,10
RX02705,DGN1796,PAT00076,Oralit sachet,2x500mg,oral,3,24/07/2024,6
RX02706,DGN1796,PAT00076,Domperidone 10mg,2x1 tablet,oral,30,24/07/2024,60
RX02707,DGN1797,PAT00696,Metformin 500mg,2x1 sachet,oral,5,19-05-2024,10
RX02708,DGN1798,PAT00061,Paracetamol 500mg,2x500mg,oral,14,2024-11-17,28
RX02709,DGN1799,PAT01723,Amlodipine 5mg,2x500mg,oral,7,2023-06-16,14
RX02710,DGN1799,PAT01723,Tetes mata,Oles 3x sehari,topikal,3,2023-06-16,1
RX02711,DGN1800,PAT00434,Ibuprofen 400mg,1x1 tablet,oral,3,08/07/2024,3
RX02712,DGN1801,PAT01854,Salep gatal,Oles pagi & malam,topikal,3,15/11/2024,1
RX02713,DGN1802,PAT01418,Tetes mata,Oles 3x sehari,topikal,14,22/12/2021,1
RX02714,DGN1803,PAT01713,Salep mata gentamicin,Oles pagi & malam,topikal,7,05-11-2022,1
RX02715,DGN1804,PAT01168,Antasida,3x1 tablet,oral,10,2021-11-10,30
RX02716,DGN1805,PAT01100,Budesonide inhaler,2 puff 2x sehari,inhaler,14,27-05-2024,1
RX02717,DGN1806,PAT00923,Paracetamol 500mg,2x1 tablet,oral,7,09-06-2024,14
RX02718,DGN1807,PAT01990,Ciprofloxacin 500mg,3x1 tablet,oral,5,14/05/2024,15
RX02719,DGN1807,PAT01990,Dexamethasone inj,Injeksi tunggal,injeksi,10,14/05/2024,3
RX02720,DGN1808,PAT01820,Loperamide 2mg,2x1 tablet,oral,10,2023-08-04,20
RX02721,DGN1809,PAT00862,Captopril 25mg,1x1 sachet,oral,30,20/09/2024,30
RX02722,DGN1810,PAT01355,Domperidone 10mg,2x1 sachet,oral,3,2024-08-15,6
RX02723,DGN1811,PAT01689,Glibenclamide 5mg,1x1 sachet,oral,5,24-03-2024,5
RX02724,DGN1812,PAT00806,Amlodipine 5mg,3x1 tablet,oral,10,02/10/2022,30
RX02725,DGN1813,PAT00528,Salep mata gentamicin,Oles pagi & malam,topikal,10,2025-01-21,1
RX02726,DGN1813,PAT00528,Loperamide 2mg,2x1 tablet,oral,3,2025-01-21,6
RX02727,DGN1814,PAT00289,Glibenclamide 5mg,1x1 tablet,oral,5,17/11/2024,5
RX02728,DGN1814,PAT00289,Salep hidrokortison,Oles 3x sehari,topikal,10,17/11/2024,1
RX02729,DGN1814,PAT00289,Budesonide inhaler,2 puff 2x sehari,inhaler,30,17/11/2024,1
RX02730,DGN1815,PAT00759,Budesonide inhaler,Inhalasi bila sesak,inhaler,30,2022-09-15,1
RX02731,DGN1816,PAT01637,Captopril 25mg,1x1 sachet,oral,7,28-03-2023,7
RX02732,DGN1816,PAT01637,Asam folat,3x1 tablet,oral,3,28-03-2023,9
RX02733,DGN1816,PAT01637,Salbutamol inhaler,Inhalasi bila sesak,inhaler,30,28-03-2023,1
RX02734,DGN1817,PAT01388,Ciprofloxacin 500mg,3x1 tablet,oral,3,2023-08-11,9
RX02735,DGN1817,PAT01388,Asam folat,1x1 tablet,oral,5,2023-08-11,5
RX02736,DGN1817,PAT01388,Amlodipine 5mg,3x1 tablet,oral,30,2023-08-11,90
RX02737,DGN1818,PAT01625,Captopril 25mg,2x1 tablet,oral,7,2023-06-24,14
RX02738,DGN1818,PAT01625,Omeprazole 20mg,3x500mg,oral,14,2023-06-24,42
RX02739,DGN1818,PAT01625,Domperidone 10mg,2x500mg,oral,10,2023-06-24,20
RX02740,DGN1819,PAT00559,Mefenamic acid 500mg,2x1 sachet,oral,10,2025-01-31,20
RX02741,DGN1819,PAT00559,Mefenamic acid 500mg,3x500mg,oral,10,2025-01-31,30
RX02742,DGN1820,PAT01613,Ciprofloxacin 500mg,2x1 sachet,oral,14,21/06/2024,28
RX02743,DGN1821,PAT01668,Amoxicillin 500mg,3x500mg,oral,14,2022-09-10,42
RX02744,DGN1821,PAT01668,Cetirizine 10mg,2x500mg,oral,3,2022-09-10,6
RX02745,DGN1822,PAT00330,Paracetamol 500mg,1x1 tablet,oral,3,2023-06-07,3
RX02746,DGN1823,PAT01561,Dexamethasone inj,Injeksi 1x sehari,injeksi,7,2025-01-18,2
RX02747,DGN1823,PAT01561,Salep hidrokortison,Oles 2x sehari,topikal,7,2025-01-18,1
RX02748,DGN1824,PAT01742,Tetes mata,Oles 3x sehari,topikal,3,2023-05-19,1
RX02749,DGN1824,PAT01742,Ibuprofen 400mg,2x500mg,oral,5,2023-05-19,10
RX02750,DGN1824,PAT01742,Amlodipine 5mg,3x1 tablet,oral,3,2023-05-19,9
RX02751,DGN1825,PAT00413,Tetes mata,Oles 2x sehari,topikal,3,06/06/2022,1
RX02752,DGN1826,PAT00630,Dexamethasone inj,Injeksi 1x sehari,injeksi,3,2023-11-30,1
RX02753,DGN1827,PAT01688,Ranitidine 150mg,3x1 tablet,oral,30,2023-10-27,90
RX02754,DGN1828,PAT00054,Vitamin B complex,1x1 tablet,oral,14,27-06-2024,14
RX02755,DGN1828,PAT00054,Asam folat,3x1 tablet,oral,14,27-06-2024,42
RX02756,DGN1829,PAT00216,Loratadine 10mg,1x1 tablet,oral,10,2024-11-04,10
RX02757,DGN1830,PAT00246,ORS pediatric,1x1 sachet,oral,14,2024-10-25,14
RX02758,DGN1831,PAT01186,Ranitidine 150mg,2x1 tablet,oral,3,2024-11-28,6
RX02759,DGN1832,PAT01430,Ibuprofen 400mg,3x1 tablet,oral,5,2024-07-29,15
RX02760,DGN1833,PAT01754,Loperamide 2mg,2x1 tablet,oral,5,2024-10-20,10
RX02761,DGN1833,PAT01754,Mefenamic acid 500mg,2x1 sachet,oral,30,2024-10-20,60
RX02762,DGN1834,PAT01072,Glibenclamide 5mg,1x1 tablet,oral,3,21-01-2025,3
RX02763,DGN1835,PAT01995,Budesonide inhaler,2 puff 3x sehari,inhaler,5,07-07-2023,1
RX02764,DGN1836,PAT00590,Domperidone 10mg,2x500mg,oral,7,2024-10-23,14
RX02765,DGN1836,PAT00590,Asam folat,1x1 tablet,oral,10,2024-10-23,10
RX02766,DGN1837,PAT01753,Budesonide inhaler,Inhalasi bila sesak,inhaler,3,23-05-2022,1
RX02767,DGN1838,PAT00736,Metformin 500mg,2x500mg,oral,10,2024-05-28,20
RX02768,DGN1839,PAT01634,Salep mata gentamicin,Oles 3x sehari,topikal,30,12-12-2024,1
RX02769,DGN1839,PAT01634,ORS pediatric,2x1 sachet,oral,30,12-12-2024,60
RX02770,DGN1839,PAT01634,Dexamethasone inj,Injeksi tunggal,injeksi,7,12-12-2024,2
RX02771,DGN1840,PAT01146,Captopril 25mg,1x1 sachet,oral,7,2025-01-15,7
RX02772,DGN1840,PAT01146,Mefenamic acid 500mg,3x500mg,oral,3,2025-01-15,9
RX02773,DGN1840,PAT01146,Salep hidrokortison,Oles 3x sehari,topikal,10,2025-01-15,1
RX02774,DGN1841,PAT01204,Salep mata gentamicin,Oles 3x sehari,topikal,10,2024-05-06,1
RX02775,DGN1842,PAT01640,Antasida,2x1 tablet,oral,7,2024-01-27,14
RX02776,DGN1843,PAT00006,Oralit sachet,1x1 sachet,oral,10,28/02/2023,10
RX02777,DGN1844,PAT01515,ORS pediatric,2x500mg,oral,5,25/10/2023,10
RX02778,DGN1844,PAT01515,Loratadine 10mg,2x500mg,oral,7,25/10/2023,14
RX02779,DGN1845,PAT00432,Budesonide inhaler,2 puff 2x sehari,inhaler,3,05/08/2024,1
RX02780,DGN1846,PAT00883,ORS pediatric,3x500mg,oral,14,10/01/2024,42
RX02781,DGN1846,PAT00883,Vitamin B complex,2x1 sachet,oral,3,10/01/2024,6
RX02782,DGN1847,PAT00119,ORS pediatric,2x500mg,oral,5,2023-02-19,10
RX02783,DGN1848,PAT00201,Antibiotik salep,Oles pagi & malam,topikal,10,25/12/2023,1
RX02784,DGN1849,PAT01236,Simvastatin 10mg,3x1 tablet,oral,10,2024-02-11,30
RX02785,DGN1849,PAT01236,Asam folat,2x1 tablet,oral,30,2024-02-11,60
RX02786,DGN1850,PAT01569,Antasida,3x500mg,oral,14,2024-04-20,42
RX02787,DGN1850,PAT01569,Vitamin B complex,1x1 sachet,oral,5,2024-04-20,5
RX02788,DGN1850,PAT01569,ORS pediatric,1x1 sachet,oral,3,2024-04-20,3
RX02789,DGN1851,PAT00371,Ciprofloxacin 500mg,1x1 tablet,oral,14,29-07-2023,14
RX02790,DGN1851,PAT00371,Cetirizine 10mg,3x500mg,oral,14,29-07-2023,42
RX02791,DGN1852,PAT00540,Tetes mata,Oles pagi & malam,topikal,30,2024-04-29,1
RX02792,DGN1852,PAT00540,Asam folat,2x1 tablet,oral,5,2024-04-29,10
RX02793,DGN1852,PAT00540,Vitamin C 500mg,1x1 tablet,oral,14,2024-04-29,14
RX02794,DGN1853,PAT01658,Simvastatin 10mg,2x1 sachet,oral,14,2023-03-13,28
RX02795,DGN1853,PAT01658,Ranitidine 150mg,1x1 tablet,oral,7,2023-03-13,7
RX02796,DGN1854,PAT00659,Salbutamol inhaler,Inhalasi bila sesak,inhaler,3,19-04-2022,1
RX02797,DGN1855,PAT01878,ORS pediatric,3x500mg,oral,7,02/07/2023,21
RX02798,DGN1855,PAT01878,Antasida,1x1 tablet,oral,30,02/07/2023,30
RX02799,DGN1856,PAT00852,Vitamin B complex,2x1 tablet,oral,5,06/09/2024,10
RX02800,DGN1857,PAT00568,Omeprazole 20mg,2x500mg,oral,5,2024-10-07,10
RX02801,DGN1858,PAT01905,Captopril 25mg,2x500mg,oral,14,2025-01-23,28
RX02802,DGN1859,PAT00843,Loratadine 10mg,1x1 sachet,oral,14,18-04-2022,14
RX02803,DGN1860,PAT00702,Simvastatin 10mg,2x1 sachet,oral,3,02/07/2024,6
RX02804,DGN1860,PAT00702,Captopril 25mg,2x1 tablet,oral,3,02/07/2024,6
RX02805,DGN1860,PAT00702,Oralit sachet,1x1 tablet,oral,14,02/07/2024,14
RX02806,DGN1861,PAT00507,Tetes mata,Oles 3x sehari,topikal,5,06-10-2023,1
RX02807,DGN1862,PAT00570,Salep hidrokortison,Oles 3x sehari,topikal,30,2023-07-23,1
RX02808,DGN1863,PAT01491,Oralit sachet,2x1 tablet,oral,14,02-12-2023,28
RX02809,DGN1863,PAT01491,Vitamin B complex,1x1 tablet,oral,3,02-12-2023,3
RX02810,DGN1864,PAT01835,Simvastatin 10mg,2x500mg,oral,7,22/04/2024,14
RX02811,DGN1865,PAT01399,Ciprofloxacin 500mg,1x1 tablet,oral,14,07-07-2023,14
RX02812,DGN1865,PAT01399,Salep gatal,Oles 3x sehari,topikal,3,07-07-2023,1
RX02813,DGN1866,PAT01551,Loperamide 2mg,2x1 tablet,oral,14,2024-06-07,28
RX02814,DGN1867,PAT00539,Antibiotik salep,Oles 3x sehari,topikal,14,2022-10-04,1
RX02815,DGN1867,PAT00539,Paracetamol 500mg,2x1 sachet,oral,10,2022-10-04,20
RX02816,DGN1868,PAT00349,Salbutamol inhaler,2 puff 3x sehari,inhaler,7,2025-01-25,1
RX02817,DGN1868,PAT00349,Loratadine 10mg,1x1 tablet,oral,30,2025-01-25,30
RX02818,DGN1869,PAT01818,Paracetamol 500mg,1x1 sachet,oral,30,2023-05-25,30
RX02819,DGN1870,PAT00890,Asam folat,2x500mg,oral,10,2023-06-23,20
RX02820,DGN1871,PAT00681,Antasida,2x1 tablet,oral,10,2023-04-09,20
RX02821,DGN1872,PAT00140,Omeprazole 20mg,2x1 tablet,oral,3,2025-01-14,6
RX02822,DGN1873,PAT00013,Ibuprofen 400mg,1x1 tablet,oral,10,2023-07-06,10
RX02823,DGN1874,PAT00658,Metformin 500mg,2x1 tablet,oral,10,10/08/2024,20
RX02824,DGN1875,PAT01762,Budesonide inhaler,2 puff 3x sehari,inhaler,30,2024-08-30,1
RX02825,DGN1876,PAT01481,Mefenamic acid 500mg,2x500mg,oral,7,2025-01-28,14
RX02826,DGN1876,PAT01481,Simvastatin 10mg,2x500mg,oral,7,2025-01-28,14
RX02827,DGN1877,PAT00583,Metformin 500mg,1x1 sachet,oral,5,2024-07-31,5
RX02828,DGN1878,PAT01129,Tetes mata,Oles pagi & malam,topikal,14,2025-01-12,1
RX02829,DGN1879,PAT00186,Domperidone 10mg,1x1 tablet,oral,7,17/09/2023,7
RX02830,DGN1880,PAT01750,Loratadine 10mg,2x1 tablet,oral,3,14-11-2024,6
RX02831,DGN1880,PAT01750,Metformin 500mg,1x1 sachet,oral,14,14-11-2024,14
RX02832,DGN1881,PAT00146,Simvastatin 10mg,2x1 sachet,oral,10,09/03/2024,20
RX02833,DGN1882,PAT01562,Simvastatin 10mg,2x1 tablet,oral,5,2023-06-08,10
RX02834,DGN1882,PAT01562,Captopril 25mg,2x1 sachet,oral,3,2023-06-08,6
RX02835,DGN1882,PAT01562,Glibenclamide 5mg,2x1 tablet,oral,3,2023-06-08,6
RX02836,DGN1883,PAT00590,Salep mata gentamicin,Oles 3x sehari,topikal,30,2023-11-09,1
RX02837,DGN1884,PAT00176,Vitamin C 500mg,3x1 tablet,oral,7,22/04/2023,21
RX02838,DGN1885,PAT01085,Antasida,3x1 tablet,oral,3,2024-05-13,9
RX02839,DGN1886,PAT00138,Ciprofloxacin 500mg,3x1 tablet,oral,7,08/04/2023,21
RX02840,DGN1887,PAT00103,Amlodipine 5mg,1x1 sachet,oral,10,2023-11-19,10
RX02841,DGN1888,PAT01867,Antasida,3x500mg,oral,3,12-05-2024,9
RX02842,DGN1889,PAT00310,Glibenclamide 5mg,2x500mg,oral,7,12-07-2024,14
RX02843,DGN1889,PAT00310,Antasida,1x1 sachet,oral,14,12-07-2024,14
RX02844,DGN1889,PAT00310,Loratadine 10mg,3x500mg,oral,14,12-07-2024,42
RX02845,DGN1890,PAT00313,Dexamethasone inj,Injeksi tunggal,injeksi,14,28-04-2024,4
RX02846,DGN1890,PAT00313,Amlodipine 5mg,3x500mg,oral,3,28-04-2024,9
RX02847,DGN1891,PAT00268,Metformin 500mg,2x500mg,oral,14,29/07/2023,28
RX02848,DGN1892,PAT01926,Cetirizine 10mg,2x1 sachet,oral,7,20-05-2024,14
RX02849,DGN1893,PAT00277,ORS pediatric,2x500mg,oral,30,2023-06-10,60
RX02850,DGN1894,PAT01658,ORS pediatric,2x1 tablet,oral,5,23-10-2021,10
RX02851,DGN1895,PAT01556,Amoxicillin 500mg,3x500mg,oral,7,10/07/2024,21
RX02852,DGN1896,PAT01055,Salep hidrokortison,Oles pagi & malam,topikal,10,12/09/2023,1
RX02853,DGN1897,PAT01662,Antasida,2x1 tablet,oral,7,29-09-2024,14
RX02854,DGN1897,PAT01662,Captopril 25mg,2x1 tablet,oral,30,29-09-2024,60
RX02855,DGN1898,PAT01582,Salep mata gentamicin,Oles 2x sehari,topikal,5,2024-06-25,1
RX02856,DGN1899,PAT00611,Budesonide inhaler,Inhalasi bila sesak,inhaler,10,08/08/2024,1
RX02857,DGN1899,PAT00611,Metformin 500mg,1x1 sachet,oral,10,08/08/2024,10
RX02858,DGN1899,PAT00611,Budesonide inhaler,Inhalasi bila sesak,inhaler,3,08/08/2024,1
RX02859,DGN1900,PAT01579,ORS pediatric,2x1 tablet,oral,14,2024-01-03,28
RX02860,DGN1901,PAT01662,Glibenclamide 5mg,2x1 sachet,oral,30,16/11/2023,60
RX02861,DGN1902,PAT01634,Captopril 25mg,1x1 sachet,oral,3,2023-07-11,3
RX02862,DGN1902,PAT01634,Budesonide inhaler,2 puff 3x sehari,inhaler,30,2023-07-11,1
RX02863,DGN1903,PAT00132,Vitamin C 500mg,2x500mg,oral,30,09/12/2024,60
RX02864,DGN1904,PAT00703,Ranitidine 150mg,2x1 tablet,oral,30,18/07/2023,60
RX02865,DGN1905,PAT00867,Antasida,2x500mg,oral,14,2023-09-23,28
RX02866,DGN1905,PAT00867,Mefenamic acid 500mg,3x500mg,oral,14,2023-09-23,42
RX02867,DGN1906,PAT01914,Amlodipine 5mg,3x1 tablet,oral,7,2022-12-28,21
RX02868,DGN1907,PAT00340,Captopril 25mg,1x1 sachet,oral,10,2024-12-31,10
RX02869,DGN1908,PAT01044,Paracetamol 500mg,1x1 sachet,oral,10,28/12/2023,10
RX02870,DGN1908,PAT01044,Paracetamol 500mg,1x1 sachet,oral,7,28/12/2023,7
RX02871,DGN1909,PAT01252,Tetes mata,Oles 2x sehari,topikal,5,01-03-2023,1
RX02872,DGN1910,PAT01569,Paracetamol 500mg,3x1 tablet,oral,14,2024-02-25,42
RX02873,DGN1910,PAT01569,Vitamin C 500mg,2x500mg,oral,7,2024-02-25,14
RX02874,DGN1911,PAT00871,Loperamide 2mg,2x500mg,oral,3,2024-07-28,6
RX02875,DGN1911,PAT00871,Captopril 25mg,3x500mg,oral,30,2024-07-28,90
RX02876,DGN1911,PAT00871,Cetirizine 10mg,3x500mg,oral,7,2024-07-28,21
RX02877,DGN1912,PAT01160,Domperidone 10mg,3x500mg,oral,30,2024-01-13,90
RX02878,DGN1913,PAT00616,Salep hidrokortison,Oles 3x sehari,topikal,5,22-04-2023,1
RX02879,DGN1914,PAT01743,Vitamin C 500mg,2x1 tablet,oral,5,28/10/2022,10
RX02880,DGN1915,PAT00793,Glibenclamide 5mg,2x1 tablet,oral,14,12/05/2024,28
RX02881,DGN1916,PAT00673,Salep gatal,Oles 2x sehari,topikal,3,2024-12-02,1
RX02882,DGN1917,PAT01096,Captopril 25mg,2x500mg,oral,7,2024-01-02,14
RX02883,DGN1918,PAT01223,Loratadine 10mg,2x1 tablet,oral,3,21/01/2024,6
RX02884,DGN1919,PAT00405,Antasida,2x500mg,oral,7,22-01-2024,14
RX02885,DGN1920,PAT01967,Salbutamol inhaler,Inhalasi bila sesak,inhaler,5,22/11/2023,1
RX02886,DGN1921,PAT00439,Amoxicillin 500mg,1x1 tablet,oral,5,03/02/2024,5
RX02887,DGN1921,PAT00439,Amlodipine 5mg,1x1 tablet,oral,30,03/02/2024,30
RX02888,DGN1921,PAT00439,Dexamethasone inj,Injeksi 1x sehari,injeksi,5,03/02/2024,1
RX02889,DGN1922,PAT01046,Domperidone 10mg,3x1 tablet,oral,5,15-05-2024,15
RX02890,DGN1923,PAT00674,Salep gatal,Oles pagi & malam,topikal,5,04-01-2023,1
RX02891,DGN1923,PAT00674,ORS pediatric,1x1 sachet,oral,3,04-01-2023,3
RX02892,DGN1923,PAT00674,Metformin 500mg,1x1 sachet,oral,14,04-01-2023,14
RX02893,DGN1924,PAT00850,Salep gatal,Oles pagi & malam,topikal,5,05/12/2022,1
RX02894,DGN1925,PAT00380,Ranitidine 150mg,2x1 sachet,oral,14,2022-06-27,28
RX02895,DGN1925,PAT00380,Amoxicillin 500mg,3x500mg,oral,7,2022-06-27,21
RX02896,DGN1926,PAT00090,Asam folat,1x1 tablet,oral,30,12/02/2023,30
RX02897,DGN1927,PAT00672,Cetirizine 10mg,2x500mg,oral,3,2023-09-23,6
RX02898,DGN1928,PAT01613,Omeprazole 20mg,3x1 tablet,oral,30,2024-04-01,90
RX02899,DGN1929,PAT01537,Tetes mata,Oles 2x sehari,topikal,7,14/08/2023,1
RX02900,DGN1930,PAT00184,Salbutamol inhaler,Inhalasi bila sesak,inhaler,10,2025-01-03,1
RX02901,DGN1930,PAT00184,Ranitidine 150mg,1x1 sachet,oral,5,2025-01-03,5
RX02902,DGN1931,PAT00050,Antasida,3x1 tablet,oral,10,24-04-2023,30
RX02903,DGN1932,PAT01558,Loperamide 2mg,3x500mg,oral,10,22-08-2024,30
RX02904,DGN1932,PAT01558,Salep hidrokortison,Oles pagi & malam,topikal,14,22-08-2024,1
RX02905,DGN1932,PAT01558,Salep gatal,Oles pagi & malam,topikal,30,22-08-2024,1
RX02906,DGN1933,PAT01516,Salbutamol inhaler,Inhalasi bila sesak,inhaler,7,2023-08-09,1
RX02907,DGN1934,PAT01654,Oralit sachet,2x500mg,oral,10,18-04-2022,20
RX02908,DGN1934,PAT01654,Ranitidine 150mg,2x1 tablet,oral,7,18-04-2022,14
RX02909,DGN1934,PAT01654,Salbutamol inhaler,2 puff 3x sehari,inhaler,7,18-04-2022,1
RX02910,DGN1935,PAT00528,Domperidone 10mg,2x1 sachet,oral,3,27/08/2024,6
RX02911,DGN1935,PAT00528,Glibenclamide 5mg,3x1 tablet,oral,5,27/08/2024,15
RX02912,DGN1936,PAT01037,Metformin 500mg,2x500mg,oral,5,24-09-2022,10
RX02913,DGN1936,PAT01037,Captopril 25mg,3x1 tablet,oral,30,24-09-2022,90
RX02914,DGN1937,PAT01152,Vitamin B complex,2x1 sachet,oral,30,2022-10-01,60
RX02915,DGN1937,PAT01152,Domperidone 10mg,2x1 tablet,oral,10,2022-10-01,20
RX02916,DGN1938,PAT01397,Salep gatal,Oles 2x sehari,topikal,7,17-04-2024,1
RX02917,DGN1938,PAT01397,Domperidone 10mg,3x1 tablet,oral,10,17-04-2024,30
RX02918,DGN1939,PAT00877,Antibiotik salep,Oles 2x sehari,topikal,7,23-01-2025,1
RX02919,DGN1939,PAT00877,Asam folat,1x1 sachet,oral,7,23-01-2025,7
RX02920,DGN1940,PAT01000,Glibenclamide 5mg,1x1 sachet,oral,5,2024-09-07,5
RX02921,DGN1940,PAT01000,Simvastatin 10mg,3x500mg,oral,7,2024-09-07,21
RX02922,DGN1941,PAT00315,Salep hidrokortison,Oles 2x sehari,topikal,7,08-10-2024,1
RX02923,DGN1942,PAT00571,Ibuprofen 400mg,2x1 tablet,oral,5,22-12-2024,10
RX02924,DGN1942,PAT00571,Cetirizine 10mg,2x500mg,oral,5,22-12-2024,10
RX02925,DGN1942,PAT00571,Budesonide inhaler,2 puff 3x sehari,inhaler,3,22-12-2024,1
RX02926,DGN1943,PAT00551,Paracetamol 500mg,2x1 tablet,oral,30,09-11-2024,60
RX02927,DGN1943,PAT00551,Dexamethasone inj,Injeksi tunggal,injeksi,5,09-11-2024,1
RX02928,DGN1943,PAT00551,Omeprazole 20mg,2x1 sachet,oral,3,09-11-2024,6
RX02929,DGN1944,PAT00372,Vitamin C 500mg,1x1 tablet,oral,3,26/07/2022,3
RX02930,DGN1945,PAT00430,Paracetamol 500mg,1x1 tablet,oral,7,24-02-2022,7
RX02931,DGN1945,PAT00430,Ibuprofen 400mg,1x1 tablet,oral,7,24-02-2022,7
RX02932,DGN1946,PAT01107,ORS pediatric,2x1 tablet,oral,5,09/01/2025,10
RX02933,DGN1947,PAT01713,Oralit sachet,2x1 sachet,oral,14,2025-01-04,28
RX02934,DGN1948,PAT01140,Vitamin B complex,3x1 tablet,oral,10,23-08-2023,30
RX02935,DGN1948,PAT01140,Omeprazole 20mg,3x500mg,oral,5,23-08-2023,15
RX02936,DGN1949,PAT00980,Ranitidine 150mg,2x1 tablet,oral,7,27/09/2023,14
RX02937,DGN1950,PAT00874,Cetirizine 10mg,1x1 sachet,oral,3,27/10/2023,3
RX02938,DGN1951,PAT00255,Asam folat,2x500mg,oral,30,2024-04-25,60
RX02939,DGN1952,PAT01690,Ranitidine 150mg,2x1 sachet,oral,10,11-09-2024,20
RX02940,DGN1953,PAT01892,Asam folat,2x1 sachet,oral,5,2024-07-10,10
RX02941,DGN1953,PAT01892,Antibiotik salep,Oles pagi & malam,topikal,5,2024-07-10,1
RX02942,DGN1953,PAT01892,Captopril 25mg,1x1 sachet,oral,7,2024-07-10,7
RX02943,DGN1954,PAT01698,Amlodipine 5mg,2x1 sachet,oral,14,09/05/2024,28
RX02944,DGN1955,PAT00261,Cetirizine 10mg,1x1 sachet,oral,10,15/10/2024,10
RX02945,DGN1956,PAT00722,Simvastatin 10mg,1x1 tablet,oral,7,16/12/2022,7
RX02946,DGN1957,PAT01514,Dexamethasone inj,Injeksi 1x sehari,injeksi,30,2023-10-21,10
RX02947,DGN1958,PAT00314,Domperidone 10mg,1x1 sachet,oral,14,20-04-2024,14
RX02948,DGN1958,PAT00314,Loratadine 10mg,3x1 tablet,oral,5,20-04-2024,15
RX02949,DGN1959,PAT00090,Paracetamol 500mg,2x500mg,oral,30,04/01/2022,60
RX02950,DGN1959,PAT00090,Loperamide 2mg,2x1 sachet,oral,10,04/01/2022,20
RX02951,DGN1959,PAT00090,Antasida,3x1 tablet,oral,10,04/01/2022,30
RX02952,DGN1960,PAT01234,Captopril 25mg,2x1 sachet,oral,14,09/08/2024,28
RX02953,DGN1961,PAT01957,Simvastatin 10mg,2x500mg,oral,5,2024-03-06,10
RX02954,DGN1961,PAT01957,Domperidone 10mg,3x1 tablet,oral,14,2024-03-06,42
RX02955,DGN1962,PAT00514,Salep gatal,Oles 3x sehari,topikal,30,24-01-2025,1
RX02956,DGN1963,PAT00051,Tetes mata,Oles 3x sehari,topikal,10,13/07/2022,1
RX02957,DGN1963,PAT00051,Salep hidrokortison,Oles 3x sehari,topikal,14,13/07/2022,1
RX02958,DGN1964,PAT01370,Salep gatal,Oles 3x sehari,topikal,30,13/09/2023,1
RX02959,DGN1965,PAT00017,Salep hidrokortison,Oles 3x sehari,topikal,10,30/04/2023,1
RX02960,DGN1966,PAT00592,Paracetamol 500mg,2x1 tablet,oral,30,28/05/2023,60
RX02961,DGN1966,PAT00592,Paracetamol 500mg,3x500mg,oral,10,28/05/2023,30
RX02962,DGN1967,PAT00608,Loratadine 10mg,2x1 sachet,oral,30,2024-09-04,60
RX02963,DGN1967,PAT00608,Captopril 25mg,3x1 tablet,oral,5,2024-09-04,15
RX02964,DGN1968,PAT01183,Mefenamic acid 500mg,3x500mg,oral,3,2025-01-06,9
RX02965,DGN1968,PAT01183,Salep gatal,Oles 2x sehari,topikal,10,2025-01-06,1
RX02966,DGN1969,PAT00332,Amlodipine 5mg,1x1 sachet,oral,14,13-06-2024,14
RX02967,DGN1969,PAT00332,ORS pediatric,1x1 tablet,oral,10,13-06-2024,10
RX02968,DGN1970,PAT00260,Domperidone 10mg,1x1 sachet,oral,7,2022-10-03,7
RX02969,DGN1970,PAT00260,Ciprofloxacin 500mg,1x1 tablet,oral,3,2022-10-03,3
RX02970,DGN1971,PAT01386,Amlodipine 5mg,1x1 sachet,oral,7,03-02-2023,7
RX02971,DGN1971,PAT01386,Cetirizine 10mg,3x500mg,oral,7,03-02-2023,21
RX02972,DGN1972,PAT00193,Mefenamic acid 500mg,1x1 sachet,oral,7,15/04/2024,7
RX02973,DGN1972,PAT00193,Ranitidine 150mg,3x500mg,oral,3,15/04/2024,9
RX02974,DGN1973,PAT01847,Tetes mata,Oles 3x sehari,topikal,7,18/10/2024,1
RX02975,DGN1974,PAT00652,Antasida,1x1 tablet,oral,14,2023-12-10,14
RX02976,DGN1974,PAT00652,Budesonide inhaler,2 puff 2x sehari,inhaler,7,2023-12-10,1
RX02977,DGN1975,PAT01591,Captopril 25mg,1x1 sachet,oral,3,17/07/2024,3
RX02978,DGN1976,PAT00149,Cetirizine 10mg,1x1 sachet,oral,14,2024-09-28,14
RX02979,DGN1977,PAT01898,Oralit sachet,2x500mg,oral,30,2023-09-26,60
RX02980,DGN1978,PAT01380,Vitamin C 500mg,2x500mg,oral,10,06/02/2023,20
RX02981,DGN1979,PAT00341,Vitamin B complex,3x1 tablet,oral,3,2023-10-25,9
RX02982,DGN1979,PAT00341,Simvastatin 10mg,1x1 sachet,oral,7,2023-10-25,7
RX02983,DGN1979,PAT00341,Glibenclamide 5mg,3x1 tablet,oral,30,2023-10-25,90
RX02984,DGN1980,PAT01873,Metformin 500mg,1x1 tablet,oral,14,2023-07-29,14
RX02985,DGN1981,PAT01831,Vitamin B complex,3x500mg,oral,10,04/09/2024,30
RX02986,DGN1982,PAT01761,Metformin 500mg,2x1 sachet,oral,7,2023-09-28,14
RX02987,DGN1982,PAT01761,Budesonide inhaler,2 puff 2x sehari,inhaler,14,2023-09-28,1
RX02988,DGN1983,PAT01792,Paracetamol 500mg,3x1 tablet,oral,7,19/11/2024,21
RX02989,DGN1983,PAT01792,Oralit sachet,2x500mg,oral,30,19/11/2024,60
RX02990,DGN1984,PAT01517,Asam folat,2x1 sachet,oral,14,2022-11-24,28
RX02991,DGN1984,PAT01517,Amoxicillin 500mg,2x500mg,oral,30,2022-11-24,60
RX02992,DGN1984,PAT01517,Paracetamol 500mg,2x1 sachet,oral,30,2022-11-24,60
RX02993,DGN1985,PAT00998,ORS pediatric,3x500mg,oral,30,02-02-2024,90
RX02994,DGN1986,PAT01087,Cetirizine 10mg,1x1 tablet,oral,14,19-06-2022,14
RX02995,DGN1987,PAT01421,Loperamide 2mg,2x500mg,oral,5,2025-01-07,10
RX02996,DGN1988,PAT01683,Domperidone 10mg,2x1 sachet,oral,10,2024-04-10,20
RX02997,DGN1989,PAT00578,Ciprofloxacin 500mg,3x500mg,oral,14,22/09/2024,42
RX02998,DGN1990,PAT00520,Captopril 25mg,2x1 tablet,oral,5,14-11-2024,10
RX02999,DGN1991,PAT00645,Antasida,1x1 tablet,oral,7,25/07/2024,7
RX03000,DGN1992,PAT00884,Simvastatin 10mg,2x1 tablet,oral,30,21-12-2024,60
RX03001,DGN1993,PAT00868,Ciprofloxacin 500mg,2x1 tablet,oral,30,12/08/2023,60
RX03002,DGN1994,PAT00137,Mefenamic acid 500mg,2x500mg,oral,7,15-05-2023,14
RX03003,DGN1995,PAT01075,Oralit sachet,1x1 sachet,oral,30,14-04-2024,30
RX03004,DGN1995,PAT01075,Omeprazole 20mg,3x1 tablet,oral,7,14-04-2024,21
RX03005,DGN1996,PAT01828,Metformin 500mg,3x500mg,oral,3,2023-07-12,9
RX03006,DGN1997,PAT00119,ORS pediatric,3x500mg,oral,5,12/10/2021,15
RX03007,DGN1998,PAT00981,Dexamethasone inj,Injeksi 1x sehari,injeksi,14,22/07/2022,4
RX03008,DGN1998,PAT00981,Ciprofloxacin 500mg,1x1 sachet,oral,30,22/07/2022,30
RX03009,DGN1999,PAT00666,Oralit sachet,2x1 tablet,oral,14,29-04-2024,28
RX03010,DGN2000,PAT01453,Amlodipine 5mg,3x500mg,oral,30,27-12-2024,90
RX03011,DGN2000,PAT01453,Vitamin B complex,1x1 tablet,oral,14,27-12-2024,14
RX03012,DGN2000,PAT01453,Loperamide 2mg,1x1 tablet,oral,10,27-12-2024,10
RX03013,DGN2001,PAT00175,Paracetamol 500mg,1x1 tablet,oral,3,27-06-2022,3
RX03014,DGN2002,PAT01612,Salep gatal,Oles 3x sehari,topikal,10,2022-02-11,1
RX03015,DGN2002,PAT01612,Glibenclamide 5mg,2x500mg,oral,14,2022-02-11,28
RX03016,DGN2003,PAT01742,Salep mata gentamicin,Oles 2x sehari,topikal,30,2023-07-10,1
RX03017,DGN2004,PAT00133,Cetirizine 10mg,2x1 sachet,oral,14,2024-03-16,28
RX03018,DGN2004,PAT00133,Salep hidrokortison,Oles 2x sehari,topikal,14,2024-03-16,1
RX03019,DGN2005,PAT01473,Antibiotik salep,Oles pagi & malam,topikal,30,08-06-2024,1
RX03020,DGN2006,PAT01476,Loratadine 10mg,3x1 tablet,oral,7,22/01/2022,21
RX03021,DGN2007,PAT01999,ORS pediatric,1x1 tablet,oral,10,09/01/2024,10
RX03022,DGN2008,PAT01188,Asam folat,2x1 tablet,oral,14,12-05-2024,28
RX03023,DGN2008,PAT01188,Asam folat,3x1 tablet,oral,30,12-05-2024,90
RX03024,DGN2009,PAT01650,Mefenamic acid 500mg,2x1 tablet,oral,7,12/12/2022,14
RX03025,DGN2009,PAT01650,Vitamin B complex,3x1 tablet,oral,7,12/12/2022,21
RX03026,DGN2010,PAT00911,Ibuprofen 400mg,3x1 tablet,oral,10,2022-03-24,30
RX03027,DGN2011,PAT00576,Vitamin C 500mg,2x1 tablet,oral,30,21/06/2022,60
RX03028,DGN2012,PAT01590,Tetes mata,Oles 3x sehari,topikal,7,25/03/2023,1
RX03029,DGN2012,PAT01590,Salep gatal,Oles 2x sehari,topikal,10,25/03/2023,1
RX03030,DGN2013,PAT01488,Domperidone 10mg,1x1 tablet,oral,7,22-08-2022,7
RX03031,DGN2014,PAT01094,Metformin 500mg,3x1 tablet,oral,10,29-09-2024,30
RX03032,DGN2015,PAT00927,Domperidone 10mg,2x500mg,oral,7,22/08/2023,14
RX03033,DGN2015,PAT00927,Ciprofloxacin 500mg,3x500mg,oral,5,22/08/2023,15
RX03034,DGN2016,PAT00954,Loratadine 10mg,2x1 tablet,oral,30,2023-11-24,60
RX03035,DGN2016,PAT00954,Loperamide 2mg,1x1 sachet,oral,10,2023-11-24,10
RX03036,DGN2017,PAT00541,ORS pediatric,1x1 sachet,oral,7,07/11/2023,7
RX03037,DGN2018,PAT01224,Amoxicillin 500mg,3x500mg,oral,3,2024-11-22,9
RX03038,DGN2019,PAT00126,Salep mata gentamicin,Oles 3x sehari,topikal,5,30/01/2023,1
RX03039,DGN2020,PAT01936,Ranitidine 150mg,1x1 tablet,oral,30,02/09/2023,30
RX03040,DGN2020,PAT01936,Captopril 25mg,1x1 sachet,oral,3,02/09/2023,3
RX03041,DGN2021,PAT00237,Salep mata gentamicin,Oles pagi & malam,topikal,3,2024-09-04,1
RX03042,DGN2022,PAT01025,Oralit sachet,1x1 sachet,oral,3,22-09-2024,3
RX03043,DGN2023,PAT01855,ORS pediatric,2x1 sachet,oral,30,2024-03-28,60
RX03044,DGN2023,PAT01855,Salbutamol inhaler,2 puff 3x sehari,inhaler,3,2024-03-28,1
RX03045,DGN2023,PAT01855,Vitamin B complex,1x1 sachet,oral,3,2024-03-28,3
RX03046,DGN2024,PAT00618,Metformin 500mg,1x1 sachet,oral,3,15/01/2025,3
RX03047,DGN2025,PAT00222,Loratadine 10mg,3x1 tablet,oral,5,13/01/2024,15
RX03048,DGN2025,PAT00222,Glibenclamide 5mg,2x500mg,oral,14,13/01/2024,28
RX03049,DGN2026,PAT01145,Salep mata gentamicin,Oles 2x sehari,topikal,7,2024-07-02,1
RX03050,DGN2026,PAT01145,Ciprofloxacin 500mg,1x1 sachet,oral,10,2024-07-02,10
RX03051,DGN2026,PAT01145,Paracetamol 500mg,2x1 tablet,oral,30,2024-07-02,60
RX03052,DGN2027,PAT00072,Amoxicillin 500mg,2x500mg,oral,5,14-12-2023,10
RX03053,DGN2028,PAT00944,Paracetamol 500mg,3x1 tablet,oral,3,2024-06-05,9
RX03054,DGN2028,PAT00944,Ciprofloxacin 500mg,2x500mg,oral,14,2024-06-05,28
RX03055,DGN2028,PAT00944,Captopril 25mg,1x1 tablet,oral,5,2024-06-05,5
RX03056,DGN2029,PAT01723,Dexamethasone inj,Injeksi tunggal,injeksi,14,2023-03-12,4
RX03057,DGN2030,PAT01549,Omeprazole 20mg,3x500mg,oral,3,2022-03-15,9
RX03058,DGN2030,PAT01549,Omeprazole 20mg,1x1 sachet,oral,10,2022-03-15,10
RX03059,DGN2031,PAT01344,Omeprazole 20mg,1x1 tablet,oral,14,2024-10-03,14
RX03060,DGN2031,PAT01344,Omeprazole 20mg,2x1 sachet,oral,10,2024-10-03,20
RX03061,DGN2031,PAT01344,Mefenamic acid 500mg,3x500mg,oral,10,2024-10-03,30
RX03062,DGN2032,PAT01244,Loratadine 10mg,3x1 tablet,oral,5,14-07-2024,15
RX03063,DGN2032,PAT01244,Budesonide inhaler,2 puff 3x sehari,inhaler,14,14-07-2024,1
RX03064,DGN2032,PAT01244,Salep gatal,Oles pagi & malam,topikal,5,14-07-2024,1
RX03065,DGN2033,PAT01079,Loperamide 2mg,3x1 tablet,oral,3,2022-05-02,9
RX03066,DGN2033,PAT01079,Amoxicillin 500mg,2x500mg,oral,30,2022-05-02,60
RX03067,DGN2034,PAT01097,Mefenamic acid 500mg,2x1 sachet,oral,7,2023-09-01,14
RX03068,DGN2034,PAT01097,Omeprazole 20mg,1x1 tablet,oral,7,2023-09-01,7
RX03069,DGN2034,PAT01097,Amoxicillin 500mg,2x1 sachet,oral,3,2023-09-01,6
RX03070,DGN2035,PAT01237,Ibuprofen 400mg,1x1 tablet,oral,30,20/04/2024,30
RX03071,DGN2035,PAT01237,Tetes mata,Oles 2x sehari,topikal,30,20/04/2024,1
RX03072,DGN2036,PAT00372,Vitamin B complex,1x1 sachet,oral,14,11-09-2023,14
RX03073,DGN2036,PAT00372,Ibuprofen 400mg,1x1 tablet,oral,30,11-09-2023,30
RX03074,DGN2037,PAT01371,Simvastatin 10mg,2x1 sachet,oral,7,08/04/2024,14
RX03075,DGN2038,PAT01805,Budesonide inhaler,Inhalasi bila sesak,inhaler,30,31-01-2024,1
RX03076,DGN2039,PAT00640,Budesonide inhaler,Inhalasi bila sesak,inhaler,5,14/09/2024,1
RX03077,DGN2040,PAT01372,Domperidone 10mg,1x1 sachet,oral,30,2022-07-10,30
RX03078,DGN2041,PAT01941,Antasida,3x1 tablet,oral,10,15-08-2023,30
RX03079,DGN2042,PAT00357,Salep mata gentamicin,Oles pagi & malam,topikal,3,2023-12-16,1
RX03080,DGN2042,PAT00357,Salbutamol inhaler,Inhalasi bila sesak,inhaler,30,2023-12-16,1
RX03081,DGN2043,PAT00716,Simvastatin 10mg,3x500mg,oral,30,20-01-2024,90
RX03082,DGN2044,PAT01192,Cetirizine 10mg,3x500mg,oral,10,03/06/2023,30
RX03083,DGN2044,PAT01192,Ranitidine 150mg,1x1 sachet,oral,30,03/06/2023,30
RX03084,DGN2045,PAT00595,Vitamin B complex,2x500mg,oral,5,01-09-2021,10
RX03085,DGN2045,PAT00595,Ciprofloxacin 500mg,3x500mg,oral,14,01-09-2021,42
RX03086,DGN2046,PAT00815,Salep gatal,Oles 3x sehari,topikal,10,2024-12-29,1
RX03087,DGN2046,PAT00815,Vitamin C 500mg,1x1 sachet,oral,5,2024-12-29,5
RX03088,DGN2047,PAT01228,Vitamin B complex,1x1 sachet,oral,7,13/07/2024,7
RX03089,DGN2048,PAT00188,Captopril 25mg,3x1 tablet,oral,10,2024-10-21,30
RX03090,DGN2049,PAT01831,Cetirizine 10mg,3x500mg,oral,5,17-01-2024,15
RX03091,DGN2050,PAT00115,Loperamide 2mg,1x1 tablet,oral,7,13/04/2024,7
RX03092,DGN2051,PAT00469,Domperidone 10mg,1x1 tablet,oral,7,18-09-2022,7
RX03093,DGN2051,PAT00469,Cetirizine 10mg,1x1 tablet,oral,3,18-09-2022,3
RX03094,DGN2052,PAT01031,Loratadine 10mg,2x1 sachet,oral,3,2023-09-19,6
RX03095,DGN2052,PAT01031,Salbutamol inhaler,Inhalasi bila sesak,inhaler,5,2023-09-19,1
RX03096,DGN2053,PAT01298,Metformin 500mg,1x1 tablet,oral,5,2024-09-09,5
RX03097,DGN2053,PAT01298,Metformin 500mg,1x1 sachet,oral,30,2024-09-09,30
RX03098,DGN2054,PAT01672,Budesonide inhaler,2 puff 3x sehari,inhaler,30,06-08-2022,1
RX03099,DGN2054,PAT01672,Ranitidine 150mg,2x1 sachet,oral,14,06-08-2022,28
RX03100,DGN2055,PAT00693,Ibuprofen 400mg,2x1 tablet,oral,10,2024-07-22,20
RX03101,DGN2056,PAT00712,Captopril 25mg,1x1 tablet,oral,7,07/02/2023,7
RX03102,DGN2057,PAT01818,Cetirizine 10mg,3x500mg,oral,7,2024-01-22,21
RX03103,DGN2058,PAT01258,Antasida,2x1 sachet,oral,5,2024-02-11,10
RX03104,DGN2058,PAT01258,Loratadine 10mg,2x1 tablet,oral,5,2024-02-11,10
RX03105,DGN2058,PAT01258,Paracetamol 500mg,2x1 sachet,oral,30,2024-02-11,60
RX03106,DGN2059,PAT00215,Mefenamic acid 500mg,1x1 sachet,oral,5,30/10/2023,5
RX03107,DGN2060,PAT01552,Oralit sachet,3x500mg,oral,14,05-09-2022,42
RX03108,DGN2061,PAT00850,Antibiotik salep,Oles 3x sehari,topikal,30,22/10/2023,1
RX03109,DGN2061,PAT00850,Omeprazole 20mg,3x500mg,oral,30,22/10/2023,90
RX03110,DGN2062,PAT01828,Salep hidrokortison,Oles pagi & malam,topikal,5,2023-12-26,1
RX03111,DGN2063,PAT01474,Budesonide inhaler,2 puff 2x sehari,inhaler,5,14/07/2024,1
RX03112,DGN2064,PAT00391,Tetes mata,Oles pagi & malam,topikal,7,30-03-2024,1
RX03113,DGN2065,PAT01889,Vitamin C 500mg,1x1 tablet,oral,30,2024-03-12,30
RX03114,DGN2066,PAT01436,Ciprofloxacin 500mg,1x1 tablet,oral,14,2025-01-12,14
RX03115,DGN2066,PAT01436,Paracetamol 500mg,2x1 tablet,oral,30,2025-01-12,60
RX03116,DGN2066,PAT01436,Salep hidrokortison,Oles 2x sehari,topikal,5,2025-01-12,1
RX03117,DGN2067,PAT01562,Ranitidine 150mg,1x1 sachet,oral,5,2025-01-02,5
RX03118,DGN2068,PAT00788,Oralit sachet,2x500mg,oral,10,23/05/2023,20
RX03119,DGN2068,PAT00788,Vitamin B complex,1x1 tablet,oral,7,23/05/2023,7
RX03120,DGN2069,PAT01924,Loperamide 2mg,3x500mg,oral,7,14/04/2024,21
RX03121,DGN2069,PAT01924,Antibiotik salep,Oles 2x sehari,topikal,3,14/04/2024,1
RX03122,DGN2070,PAT00259,Dexamethasone inj,Injeksi 1x sehari,injeksi,30,18-08-2022,10
RX03123,DGN2070,PAT00259,Vitamin C 500mg,2x1 sachet,oral,3,18-08-2022,6
RX03124,DGN2071,PAT00219,Vitamin B complex,3x1 tablet,oral,3,26/10/2023,9
RX03125,DGN2072,PAT00262,Mefenamic acid 500mg,2x1 tablet,oral,14,04/05/2023,28
RX03126,DGN2073,PAT01434,Ranitidine 150mg,3x1 tablet,oral,10,2024-08-11,30
RX03127,DGN2074,PAT01442,Salep mata gentamicin,Oles 2x sehari,topikal,10,18/07/2023,1
RX03128,DGN2075,PAT01905,Loperamide 2mg,3x1 tablet,oral,5,09/10/2023,15
RX03129,DGN2076,PAT01498,Amlodipine 5mg,2x500mg,oral,5,17-01-2025,10
RX03130,DGN2076,PAT01498,Loperamide 2mg,1x1 sachet,oral,14,17-01-2025,14
RX03131,DGN2077,PAT00132,Budesonide inhaler,Inhalasi bila sesak,inhaler,5,2024-03-17,1
RX03132,DGN2078,PAT01881,Metformin 500mg,3x1 tablet,oral,10,28/01/2025,30
RX03133,DGN2079,PAT01701,Omeprazole 20mg,1x1 tablet,oral,30,13/05/2022,30
RX03134,DGN2080,PAT01246,Metformin 500mg,2x1 sachet,oral,3,28-01-2025,6
RX03135,DGN2081,PAT01423,Asam folat,1x1 tablet,oral,14,15/08/2024,14
RX03136,DGN2082,PAT00713,Antibiotik salep,Oles 3x sehari,topikal,30,13/01/2023,1
RX03137,DGN2083,PAT00073,Vitamin B complex,1x1 tablet,oral,5,14-04-2024,5
RX03138,DGN2084,PAT00729,Omeprazole 20mg,2x1 sachet,oral,14,09-01-2023,28
RX03139,DGN2085,PAT00908,Glibenclamide 5mg,2x1 tablet,oral,14,2024-06-15,28
RX03140,DGN2086,PAT00103,Loratadine 10mg,2x1 sachet,oral,3,08/03/2024,6
RX03141,DGN2086,PAT00103,Salep hidrokortison,Oles pagi & malam,topikal,3,08/03/2024,1
RX03142,DGN2087,PAT00703,Domperidone 10mg,3x500mg,oral,5,15/10/2024,15
RX03143,DGN2088,PAT01466,Cetirizine 10mg,2x500mg,oral,5,2024-07-28,10
RX03144,DGN2089,PAT01418,Antasida,3x500mg,oral,7,2024-07-14,21
RX03145,DGN2090,PAT01958,Antasida,2x1 tablet,oral,10,09-08-2024,20
RX03146,DGN2091,PAT01064,Salep gatal,Oles 2x sehari,topikal,3,10/03/2023,1
RX03147,DGN2091,PAT01064,Glibenclamide 5mg,2x500mg,oral,10,10/03/2023,20
RX03148,DGN2091,PAT01064,Antibiotik salep,Oles pagi & malam,topikal,7,10/03/2023,1
RX03149,DGN2092,PAT01000,Tetes mata,Oles 3x sehari,topikal,14,01/12/2024,1
RX03150,DGN2092,PAT01000,Salep hidrokortison,Oles 2x sehari,topikal,30,01/12/2024,1
RX03151,DGN2093,PAT01652,Vitamin C 500mg,3x1 tablet,oral,14,27/01/2024,42
RX03152,DGN2093,PAT01652,Vitamin C 500mg,1x1 tablet,oral,7,27/01/2024,7
RX03153,DGN2093,PAT01652,Dexamethasone inj,Injeksi 1x sehari,injeksi,5,27/01/2024,1
RX03154,DGN2094,PAT00984,Oralit sachet,1x1 sachet,oral,10,2022-03-24,10
RX03155,DGN2095,PAT01424,Ranitidine 150mg,3x1 tablet,oral,10,07/04/2024,30
RX03156,DGN2096,PAT01714,Antibiotik salep,Oles 2x sehari,topikal,30,14/09/2022,1
RX03157,DGN2097,PAT00509,Ranitidine 150mg,2x500mg,oral,5,01-05-2023,10
RX03158,DGN2098,PAT00300,Amoxicillin 500mg,1x1 sachet,oral,7,22-07-2023,7
RX03159,DGN2098,PAT00300,Glibenclamide 5mg,1x1 sachet,oral,30,22-07-2023,30
RX03160,DGN2098,PAT00300,Budesonide inhaler,2 puff 2x sehari,inhaler,3,22-07-2023,1
RX03161,DGN2099,PAT00065,Ciprofloxacin 500mg,2x1 sachet,oral,14,2024-02-06,28
RX03162,DGN2099,PAT00065,Salbutamol inhaler,2 puff 3x sehari,inhaler,30,2024-02-06,1
RX03163,DGN2100,PAT00536,Ranitidine 150mg,3x500mg,oral,10,2021-09-21,30
RX03164,DGN2100,PAT00536,Tetes mata,Oles pagi & malam,topikal,3,2021-09-21,1
RX03165,DGN2101,PAT00904,Loratadine 10mg,2x1 tablet,oral,7,2024-03-05,14
RX03166,DGN2101,PAT00904,Loperamide 2mg,2x1 tablet,oral,3,2024-03-05,6
RX03167,DGN2102,PAT01036,Paracetamol 500mg,2x1 tablet,oral,10,30/11/2023,20
RX03168,DGN2103,PAT01753,Dexamethasone inj,Injeksi tunggal,injeksi,3,2024-02-23,1
RX03169,DGN2104,PAT01666,Antibiotik salep,Oles pagi & malam,topikal,30,2024-06-24,1
RX03170,DGN2104,PAT01666,Budesonide inhaler,Inhalasi bila sesak,inhaler,14,2024-06-24,1
RX03171,DGN2104,PAT01666,Vitamin C 500mg,1x1 sachet,oral,10,2024-06-24,10
RX03172,DGN2105,PAT01950,Vitamin C 500mg,2x1 sachet,oral,10,26/08/2023,20
RX03173,DGN2105,PAT01950,Vitamin B complex,2x1 tablet,oral,10,26/08/2023,20
RX03174,DGN2106,PAT00236,Amoxicillin 500mg,2x1 sachet,oral,30,07-05-2023,60
RX03175,DGN2107,PAT01701,Oralit sachet,2x1 tablet,oral,5,24/12/2021,10
RX03176,DGN2108,PAT00086,Amlodipine 5mg,2x500mg,oral,30,2022-05-01,60
RX03177,DGN2109,PAT01600,Salbutamol inhaler,2 puff 2x sehari,inhaler,5,23/06/2023,1
RX03178,DGN2109,PAT01600,Captopril 25mg,2x1 tablet,oral,14,23/06/2023,28
RX03179,DGN2109,PAT01600,Simvastatin 10mg,3x500mg,oral,3,23/06/2023,9
RX03180,DGN2110,PAT00156,Ibuprofen 400mg,2x1 tablet,oral,5,2024-06-14,10
RX03181,DGN2111,PAT01042,Ibuprofen 400mg,3x1 tablet,oral,5,27-08-2023,15
RX03182,DGN2112,PAT00088,Captopril 25mg,2x500mg,oral,7,05/08/2023,14
RX03183,DGN2113,PAT00510,Ibuprofen 400mg,2x1 sachet,oral,14,21/05/2023,28
RX03184,DGN2114,PAT01084,ORS pediatric,2x1 tablet,oral,3,2024-05-23,6
RX03185,DGN2114,PAT01084,Captopril 25mg,2x500mg,oral,30,2024-05-23,60
RX03186,DGN2115,PAT00055,Salep hidrokortison,Oles 2x sehari,topikal,3,03/05/2024,1
RX03187,DGN2115,PAT00055,Glibenclamide 5mg,1x1 sachet,oral,3,03/05/2024,3
RX03188,DGN2115,PAT00055,Vitamin C 500mg,1x1 sachet,oral,7,03/05/2024,7
RX03189,DGN2116,PAT00482,Dexamethasone inj,Injeksi 1x sehari,injeksi,5,2023-08-27,1
RX03190,DGN2117,PAT00965,Metformin 500mg,3x1 tablet,oral,30,12-11-2022,90
RX03191,DGN2118,PAT00128,Metformin 500mg,2x500mg,oral,30,2024-05-27,60
RX03192,DGN2119,PAT01972,Paracetamol 500mg,2x500mg,oral,14,23-01-2024,28
RX03193,DGN2120,PAT00511,Amoxicillin 500mg,3x1 tablet,oral,3,06/12/2024,9
RX03194,DGN2121,PAT01854,Vitamin C 500mg,2x1 sachet,oral,30,2024-10-11,60
RX03195,DGN2122,PAT01512,Metformin 500mg,1x1 sachet,oral,5,21/01/2025,5
RX03196,DGN2122,PAT01512,Omeprazole 20mg,3x1 tablet,oral,5,21/01/2025,15
RX03197,DGN2123,PAT01416,Mefenamic acid 500mg,3x500mg,oral,3,2022-05-20,9
RX03198,DGN2124,PAT00813,Dexamethasone inj,Injeksi 1x sehari,injeksi,14,2024-09-08,4
RX03199,DGN2125,PAT00118,Salep gatal,Oles 2x sehari,topikal,5,26/04/2023,1
RX03200,DGN2125,PAT00118,Simvastatin 10mg,2x500mg,oral,3,26/04/2023,6
RX03201,DGN2125,PAT00118,Budesonide inhaler,2 puff 3x sehari,inhaler,30,26/04/2023,1
RX03202,DGN2126,PAT01408,Asam folat,3x500mg,oral,14,10/08/2023,42
RX03203,DGN2127,PAT01133,Amlodipine 5mg,2x1 sachet,oral,7,2023-10-27,14
RX03204,DGN2128,PAT00939,Salbutamol inhaler,Inhalasi bila sesak,inhaler,10,2022-08-11,1
RX03205,DGN2128,PAT00939,Ciprofloxacin 500mg,3x1 tablet,oral,30,2022-08-11,90
RX03206,DGN2129,PAT00498,Amoxicillin 500mg,2x1 tablet,oral,5,24/05/2024,10
RX03207,DGN2130,PAT00127,Domperidone 10mg,2x1 tablet,oral,10,27-12-2023,20
RX03208,DGN2131,PAT01550,ORS pediatric,1x1 sachet,oral,30,23/08/2021,30
RX03209,DGN2132,PAT01762,Vitamin B complex,2x1 sachet,oral,3,2024-10-09,6
RX03210,DGN2132,PAT01762,Loratadine 10mg,1x1 tablet,oral,10,2024-10-09,10
RX03211,DGN2133,PAT01623,Dexamethasone inj,Injeksi tunggal,injeksi,14,2024-03-09,4
RX03212,DGN2134,PAT01167,Mefenamic acid 500mg,2x1 tablet,oral,5,18/07/2024,10
RX03213,DGN2134,PAT01167,Captopril 25mg,2x500mg,oral,30,18/07/2024,60
RX03214,DGN2134,PAT01167,Salep mata gentamicin,Oles pagi & malam,topikal,5,18/07/2024,1
RX03215,DGN2135,PAT00270,Dexamethasone inj,Injeksi tunggal,injeksi,30,06/10/2024,10
RX03216,DGN2136,PAT01193,Amoxicillin 500mg,2x1 sachet,oral,7,2021-08-21,14
RX03217,DGN2136,PAT01193,Salep gatal,Oles pagi & malam,topikal,14,2021-08-21,1
RX03218,DGN2137,PAT00302,Salep gatal,Oles 2x sehari,topikal,7,09/12/2022,1
RX03219,DGN2138,PAT00486,Amoxicillin 500mg,3x1 tablet,oral,7,2024-05-31,21
RX03220,DGN2139,PAT00394,Loratadine 10mg,2x1 tablet,oral,3,25/09/2022,6
RX03221,DGN2139,PAT00394,Metformin 500mg,3x1 tablet,oral,3,25/09/2022,9
RX03222,DGN2139,PAT00394,Antibiotik salep,Oles 3x sehari,topikal,10,25/09/2022,1
RX03223,DGN2140,PAT00007,Glibenclamide 5mg,3x1 tablet,oral,5,2024-11-24,15
RX03224,DGN2141,PAT00564,Amoxicillin 500mg,3x500mg,oral,7,2024-09-02,21
RX03225,DGN2141,PAT00564,Ranitidine 150mg,1x1 tablet,oral,5,2024-09-02,5
RX03226,DGN2142,PAT00496,Salep hidrokortison,Oles 3x sehari,topikal,30,2024-10-27,1
RX03227,DGN2143,PAT00594,Oralit sachet,2x1 tablet,oral,10,12/08/2023,20
RX03228,DGN2143,PAT00594,Glibenclamide 5mg,1x1 sachet,oral,5,12/08/2023,5
RX03229,DGN2144,PAT00843,Dexamethasone inj,Injeksi 1x sehari,injeksi,7,12-07-2023,2
RX03230,DGN2144,PAT00843,Vitamin C 500mg,1x1 tablet,oral,14,12-07-2023,14
RX03231,DGN2144,PAT00843,Metformin 500mg,2x1 tablet,oral,30,12-07-2023,60
RX03232,DGN2145,PAT00275,Simvastatin 10mg,2x1 sachet,oral,7,19-03-2024,14
RX03233,DGN2146,PAT01253,Mefenamic acid 500mg,3x1 tablet,oral,7,04/05/2024,21
RX03234,DGN2147,PAT01833,Captopril 25mg,2x1 sachet,oral,14,05-06-2024,28
RX03235,DGN2147,PAT01833,Simvastatin 10mg,3x1 tablet,oral,14,05-06-2024,42
RX03236,DGN2148,PAT01205,ORS pediatric,3x500mg,oral,7,18-06-2024,21
RX03237,DGN2148,PAT01205,Antibiotik salep,Oles pagi & malam,topikal,7,18-06-2024,1
RX03238,DGN2149,PAT01760,Budesonide inhaler,2 puff 3x sehari,inhaler,14,11-10-2023,1
RX03239,DGN2150,PAT00826,Asam folat,2x500mg,oral,5,07/08/2024,10
RX03240,DGN2150,PAT00826,Antibiotik salep,Oles 2x sehari,topikal,3,07/08/2024,1
RX03241,DGN2150,PAT00826,Salbutamol inhaler,2 puff 3x sehari,inhaler,5,07/08/2024,1
RX03242,DGN2151,PAT00090,Asam folat,2x500mg,oral,5,24/07/2024,10
RX03243,DGN2151,PAT00090,Amlodipine 5mg,2x1 tablet,oral,10,24/07/2024,20
RX03244,DGN2151,PAT00090,Omeprazole 20mg,2x500mg,oral,3,24/07/2024,6
RX03245,DGN2152,PAT01274,Captopril 25mg,2x1 sachet,oral,3,2023-12-22,6
RX03246,DGN2153,PAT01934,Salbutamol inhaler,Inhalasi bila sesak,inhaler,14,06-06-2024,1
RX03247,DGN2154,PAT01424,Ibuprofen 400mg,2x1 tablet,oral,3,23/12/2021,6
RX03248,DGN2154,PAT01424,Tetes mata,Oles 3x sehari,topikal,3,23/12/2021,1
RX03249,DGN2155,PAT00707,Simvastatin 10mg,3x500mg,oral,7,2023-01-26,21
RX03250,DGN2156,PAT00224,Amoxicillin 500mg,3x1 tablet,oral,7,27-03-2024,21
RX03251,DGN2157,PAT00736,Amoxicillin 500mg,1x1 tablet,oral,7,17/01/2025,7
RX03252,DGN2157,PAT00736,Budesonide inhaler,Inhalasi bila sesak,inhaler,3,17/01/2025,1
RX03253,DGN2158,PAT00074,Loratadine 10mg,2x1 tablet,oral,30,19/08/2024,60
RX03254,DGN2158,PAT00074,Salep gatal,Oles 2x sehari,topikal,5,19/08/2024,1
RX03255,DGN2159,PAT01035,ORS pediatric,1x1 sachet,oral,10,2023-05-19,10
RX03256,DGN2159,PAT01035,Budesonide inhaler,Inhalasi bila sesak,inhaler,14,2023-05-19,1
RX03257,DGN2160,PAT01088,Mefenamic acid 500mg,3x1 tablet,oral,30,26/07/2024,90
RX03258,DGN2160,PAT01088,Vitamin B complex,2x1 tablet,oral,7,26/07/2024,14
RX03259,DGN2161,PAT00717,Loratadine 10mg,3x1 tablet,oral,7,25/06/2023,21
RX03260,DGN2161,PAT00717,Asam folat,2x1 tablet,oral,30,25/06/2023,60
RX03261,DGN2162,PAT00063,Omeprazole 20mg,1x1 tablet,oral,5,2022-06-01,5
RX03262,DGN2163,PAT01592,Amoxicillin 500mg,2x500mg,oral,7,2024-09-18,14
RX03263,DGN2163,PAT01592,Loratadine 10mg,3x1 tablet,oral,3,2024-09-18,9
RX03264,DGN2163,PAT01592,Asam folat,2x500mg,oral,7,2024-09-18,14
RX03265,DGN2164,PAT01371,Ciprofloxacin 500mg,3x500mg,oral,14,2024-04-08,42
RX03266,DGN2165,PAT00411,Dexamethasone inj,Injeksi 1x sehari,injeksi,7,2025-01-26,2
RX03267,DGN2165,PAT00411,Omeprazole 20mg,3x500mg,oral,5,2025-01-26,15
RX03268,DGN2166,PAT00369,Salep mata gentamicin,Oles 2x sehari,topikal,3,20/02/2023,1
RX03269,DGN2166,PAT00369,Ibuprofen 400mg,2x1 tablet,oral,7,20/02/2023,14
RX03270,DGN2167,PAT00573,Cetirizine 10mg,3x1 tablet,oral,5,29-06-2023,15
RX03271,DGN2168,PAT00731,Loratadine 10mg,3x1 tablet,oral,30,2023-09-05,90
RX03272,DGN2168,PAT00731,Salep mata gentamicin,Oles 3x sehari,topikal,3,2023-09-05,1
RX03273,DGN2169,PAT01256,Glibenclamide 5mg,3x1 tablet,oral,10,2024-07-11,30
RX03274,DGN2169,PAT01256,Asam folat,1x1 sachet,oral,5,2024-07-11,5
RX03275,DGN2170,PAT01508,Budesonide inhaler,2 puff 2x sehari,inhaler,5,25/12/2022,1
RX03276,DGN2170,PAT01508,Ciprofloxacin 500mg,3x1 tablet,oral,10,25/12/2022,30
RX03277,DGN2171,PAT00855,Domperidone 10mg,2x1 sachet,oral,10,05-09-2023,20
RX03278,DGN2172,PAT00806,Asam folat,2x1 sachet,oral,7,2024-12-27,14
RX03279,DGN2173,PAT00992,Salbutamol inhaler,2 puff 3x sehari,inhaler,10,30/10/2023,1
RX03280,DGN2174,PAT01813,Simvastatin 10mg,1x1 tablet,oral,14,18/04/2024,14
RX03281,DGN2174,PAT01813,Budesonide inhaler,Inhalasi bila sesak,inhaler,30,18/04/2024,1
RX03282,DGN2175,PAT00660,Cetirizine 10mg,3x1 tablet,oral,10,15/06/2024,30
RX03283,DGN2175,PAT00660,Salep gatal,Oles pagi & malam,topikal,14,15/06/2024,1
RX03284,DGN2176,PAT01573,Oralit sachet,1x1 sachet,oral,5,2024-12-17,5
RX03285,DGN2176,PAT01573,Amoxicillin 500mg,3x500mg,oral,7,2024-12-17,21
RX03286,DGN2177,PAT01300,Loratadine 10mg,2x1 sachet,oral,30,2024-09-25,60
RX03287,DGN2178,PAT01173,Simvastatin 10mg,1x1 tablet,oral,14,2024-02-16,14
RX03288,DGN2178,PAT01173,Salep hidrokortison,Oles 2x sehari,topikal,30,2024-02-16,1
RX03289,DGN2179,PAT01030,Antasida,1x1 tablet,oral,5,2022-01-02,5
RX03290,DGN2179,PAT01030,Domperidone 10mg,3x1 tablet,oral,5,2022-01-02,15
RX03291,DGN2180,PAT00470,Ibuprofen 400mg,1x1 sachet,oral,3,24/02/2024,3
RX03292,DGN2181,PAT01529,Loratadine 10mg,2x1 sachet,oral,14,18-03-2024,28
RX03293,DGN2182,PAT00963,Salep mata gentamicin,Oles 3x sehari,topikal,10,2021-10-03,1
RX03294,DGN2183,PAT01284,Metformin 500mg,2x1 sachet,oral,5,2023-01-30,10
RX03295,DGN2184,PAT01340,Vitamin C 500mg,2x1 tablet,oral,10,2022-06-27,20
RX03296,DGN2185,PAT01068,Mefenamic acid 500mg,2x1 sachet,oral,10,11/05/2023,20
RX03297,DGN2186,PAT01895,Amlodipine 5mg,1x1 sachet,oral,10,2024-09-24,10
RX03298,DGN2187,PAT01832,Ibuprofen 400mg,1x1 sachet,oral,3,19-12-2021,3
RX03299,DGN2188,PAT01051,Vitamin C 500mg,1x1 tablet,oral,30,05/06/2023,30
RX03300,DGN2189,PAT01713,ORS pediatric,3x500mg,oral,30,2023-01-20,90
RX03301,DGN2189,PAT01713,Loratadine 10mg,3x500mg,oral,30,2023-01-20,90
RX03302,DGN2190,PAT00151,Simvastatin 10mg,3x1 tablet,oral,14,2023-06-03,42
RX03303,DGN2191,PAT00445,Captopril 25mg,3x500mg,oral,30,26-09-2022,90
RX03304,DGN2191,PAT00445,Salep mata gentamicin,Oles 3x sehari,topikal,7,26-09-2022,1
RX03305,DGN2191,PAT00445,Metformin 500mg,1x1 tablet,oral,10,26-09-2022,10
RX03306,DGN2192,PAT00879,Metformin 500mg,1x1 sachet,oral,7,2024-12-14,7
RX03307,DGN2192,PAT00879,Domperidone 10mg,2x1 tablet,oral,14,2024-12-14,28
RX03308,DGN2193,PAT00884,Ranitidine 150mg,1x1 tablet,oral,5,2024-06-04,5
RX03309,DGN2193,PAT00884,Salep mata gentamicin,Oles pagi & malam,topikal,5,2024-06-04,1
RX03310,DGN2193,PAT00884,Amoxicillin 500mg,2x500mg,oral,10,2024-06-04,20
RX03311,DGN2194,PAT01127,Salbutamol inhaler,2 puff 3x sehari,inhaler,5,10/10/2024,1
RX03312,DGN2195,PAT00767,Captopril 25mg,2x1 sachet,oral,5,18/01/2025,10
RX03313,DGN2196,PAT00468,Oralit sachet,2x1 tablet,oral,5,2023-11-19,10
RX03314,DGN2196,PAT00468,Metformin 500mg,2x1 tablet,oral,30,2023-11-19,60
RX03315,DGN2197,PAT01949,Vitamin C 500mg,3x500mg,oral,14,27/12/2024,42
RX03316,DGN2198,PAT00393,Mefenamic acid 500mg,1x1 sachet,oral,10,03/06/2023,10
RX03317,DGN2199,PAT00409,Captopril 25mg,2x500mg,oral,14,2023-12-12,28
RX03318,DGN2200,PAT00351,Simvastatin 10mg,3x1 tablet,oral,14,19-08-2024,42
RX03319,DGN2200,PAT00351,Mefenamic acid 500mg,2x1 sachet,oral,30,19-08-2024,60
RX03320,DGN2201,PAT00494,Salep gatal,Oles pagi & malam,topikal,7,2024-02-14,1
RX03321,DGN2201,PAT00494,Dexamethasone inj,Injeksi 1x sehari,injeksi,14,2024-02-14,4
RX03322,DGN2201,PAT00494,Glibenclamide 5mg,2x500mg,oral,14,2024-02-14,28
RX03323,DGN2202,PAT00580,Ranitidine 150mg,1x1 tablet,oral,7,2023-07-18,7
RX03324,DGN2202,PAT00580,Ranitidine 150mg,2x1 tablet,oral,30,2023-07-18,60
RX03325,DGN2202,PAT00580,Vitamin B complex,3x1 tablet,oral,3,2023-07-18,9
RX03326,DGN2203,PAT00822,Salep hidrokortison,Oles 2x sehari,topikal,14,16/08/2024,1
RX03327,DGN2204,PAT00948,Antasida,3x500mg,oral,10,28-10-2024,30
RX03328,DGN2205,PAT01196,Salep mata gentamicin,Oles 2x sehari,topikal,10,25-08-2024,1
RX03329,DGN2206,PAT00855,Domperidone 10mg,1x1 tablet,oral,14,11/09/2024,14
RX03330,DGN2207,PAT00309,Mefenamic acid 500mg,2x1 sachet,oral,30,30/04/2022,60
RX03331,DGN2208,PAT00848,Glibenclamide 5mg,2x1 tablet,oral,30,2023-12-13,60
RX03332,DGN2209,PAT00412,Simvastatin 10mg,2x1 tablet,oral,5,25/10/2023,10
RX03333,DGN2209,PAT00412,Salbutamol inhaler,Inhalasi bila sesak,inhaler,3,25/10/2023,1
RX03334,DGN2209,PAT00412,Budesonide inhaler,2 puff 2x sehari,inhaler,14,25/10/2023,1
RX03335,DGN2210,PAT01267,Salbutamol inhaler,2 puff 3x sehari,inhaler,10,2024-04-02,1
RX03336,DGN2211,PAT01273,Salep mata gentamicin,Oles 2x sehari,topikal,10,2024-12-26,1
RX03337,DGN2212,PAT00926,Salep mata gentamicin,Oles 3x sehari,topikal,14,17/03/2022,1
RX03338,DGN2213,PAT01632,Salbutamol inhaler,2 puff 2x sehari,inhaler,5,19-10-2024,1
RX03339,DGN2214,PAT00122,Antasida,1x1 tablet,oral,10,15/09/2021,10
RX03340,DGN2214,PAT00122,Tetes mata,Oles 2x sehari,topikal,7,15/09/2021,1
RX03341,DGN2215,PAT00845,Captopril 25mg,3x500mg,oral,30,27/02/2024,90
RX03342,DGN2216,PAT01383,Loratadine 10mg,3x500mg,oral,7,11/07/2024,21
RX03343,DGN2217,PAT00868,Asam folat,2x500mg,oral,14,2023-09-15,28
RX03344,DGN2218,PAT01712,Salep hidrokortison,Oles pagi & malam,topikal,5,25-01-2025,1
RX03345,DGN2219,PAT00883,Budesonide inhaler,2 puff 3x sehari,inhaler,3,2024-09-19,1
RX03346,DGN2220,PAT01038,Salbutamol inhaler,2 puff 2x sehari,inhaler,3,09/08/2024,1
RX03347,DGN2221,PAT00414,ORS pediatric,2x1 sachet,oral,30,21/03/2024,60
RX03348,DGN2221,PAT00414,Glibenclamide 5mg,1x1 sachet,oral,5,21/03/2024,5
RX03349,DGN2222,PAT00967,Asam folat,3x500mg,oral,30,04-10-2023,90
RX03350,DGN2223,PAT01570,Asam folat,2x1 sachet,oral,5,02-03-2023,10
RX03351,DGN2224,PAT00396,Dexamethasone inj,Injeksi tunggal,injeksi,5,25-05-2023,1
RX03352,DGN2224,PAT00396,Tetes mata,Oles 2x sehari,topikal,7,25-05-2023,1
RX03353,DGN2225,PAT00922,Simvastatin 10mg,1x1 tablet,oral,30,23/06/2024,30
RX03354,DGN2226,PAT01141,Oralit sachet,2x500mg,oral,3,18-05-2024,6
RX03355,DGN2227,PAT01060,Antasida,1x1 sachet,oral,10,2022-03-16,10
RX03356,DGN2227,PAT01060,Oralit sachet,3x1 tablet,oral,10,2022-03-16,30
RX03357,DGN2228,PAT00908,Ranitidine 150mg,1x1 tablet,oral,7,29-01-2025,7
RX03358,DGN2229,PAT00414,Ciprofloxacin 500mg,3x1 tablet,oral,30,2024-10-20,90
RX03359,DGN2229,PAT00414,Antibiotik salep,Oles 2x sehari,topikal,5,2024-10-20,1
RX03360,DGN2229,PAT00414,Loperamide 2mg,1x1 sachet,oral,3,2024-10-20,3
RX03361,DGN2230,PAT00295,Loratadine 10mg,1x1 sachet,oral,3,2023-10-20,3
RX03362,DGN2230,PAT00295,Tetes mata,Oles pagi & malam,topikal,3,2023-10-20,1
RX03363,DGN2231,PAT00553,Loperamide 2mg,2x500mg,oral,3,2023-05-10,6
RX03364,DGN2232,PAT01617,Tetes mata,Oles 2x sehari,topikal,14,12/12/2021,1
RX03365,DGN2233,PAT01339,Ciprofloxacin 500mg,1x1 sachet,oral,14,26-09-2024,14
RX03366,DGN2234,PAT01255,Paracetamol 500mg,2x1 sachet,oral,7,14/07/2024,14
RX03367,DGN2234,PAT01255,Ciprofloxacin 500mg,2x1 sachet,oral,14,14/07/2024,28
RX03368,DGN2234,PAT01255,Ibuprofen 400mg,1x1 tablet,oral,10,14/07/2024,10
RX03369,DGN2235,PAT00488,Ranitidine 150mg,2x1 tablet,oral,10,13/06/2024,20
RX03370,DGN2235,PAT00488,Dexamethasone inj,Injeksi tunggal,injeksi,5,13/06/2024,1
RX03371,DGN2236,PAT01506,Loperamide 2mg,2x1 sachet,oral,14,11/01/2025,28
RX03372,DGN2237,PAT00350,Vitamin B complex,2x500mg,oral,30,05/01/2022,60
RX03373,DGN2238,PAT01072,Captopril 25mg,2x1 tablet,oral,7,2024-05-30,14
RX03374,DGN2238,PAT01072,Budesonide inhaler,2 puff 2x sehari,inhaler,14,2024-05-30,1
RX03375,DGN2239,PAT01909,Glibenclamide 5mg,1x1 sachet,oral,5,2023-01-11,5
RX03376,DGN2239,PAT01909,Simvastatin 10mg,1x1 tablet,oral,5,2023-01-11,5
RX03377,DGN2240,PAT00550,Ciprofloxacin 500mg,1x1 sachet,oral,10,2021-10-28,10
RX03378,DGN2241,PAT01494,Loperamide 2mg,2x1 sachet,oral,14,23-05-2024,28
RX03379,DGN2241,PAT01494,Dexamethasone inj,Injeksi 1x sehari,injeksi,5,23-05-2024,1
RX03380,DGN2241,PAT01494,Captopril 25mg,1x1 tablet,oral,5,23-05-2024,5
RX03381,DGN2242,PAT00315,Budesonide inhaler,2 puff 3x sehari,inhaler,14,23-08-2024,1
RX03382,DGN2243,PAT00449,Tetes mata,Oles 2x sehari,topikal,10,2022-08-23,1
RX03383,DGN2243,PAT00449,Vitamin B complex,1x1 tablet,oral,30,2022-08-23,30
RX03384,DGN2244,PAT00849,Salep mata gentamicin,Oles 3x sehari,topikal,14,2022-09-27,1
RX03385,DGN2244,PAT00849,Vitamin C 500mg,2x1 tablet,oral,30,2022-09-27,60
RX03386,DGN2245,PAT00071,Asam folat,2x1 sachet,oral,7,2024-02-27,14
RX03387,DGN2246,PAT00701,Amlodipine 5mg,1x1 sachet,oral,7,2024-07-01,7
RX03388,DGN2246,PAT00701,ORS pediatric,2x500mg,oral,3,2024-07-01,6
RX03389,DGN2247,PAT00028,Ibuprofen 400mg,2x1 sachet,oral,10,22/05/2023,20
RX03390,DGN2248,PAT01631,Domperidone 10mg,1x1 sachet,oral,30,2022-06-22,30
RX03391,DGN2249,PAT01027,Loratadine 10mg,2x500mg,oral,14,2022-12-02,28
RX03392,DGN2249,PAT01027,Amoxicillin 500mg,1x1 tablet,oral,14,2022-12-02,14
RX03393,DGN2250,PAT01259,Salep mata gentamicin,Oles 2x sehari,topikal,3,17/08/2024,1
RX03394,DGN2250,PAT01259,Salep mata gentamicin,Oles 3x sehari,topikal,3,17/08/2024,1
RX03395,DGN2251,PAT01023,Antasida,3x1 tablet,oral,14,2023-12-30,42
RX03396,DGN2251,PAT01023,Ciprofloxacin 500mg,1x1 sachet,oral,14,2023-12-30,14
RX03397,DGN2252,PAT01717,ORS pediatric,1x1 sachet,oral,5,2024-11-17,5
RX03398,DGN2252,PAT01717,Simvastatin 10mg,2x500mg,oral,30,2024-11-17,60
RX03399,DGN2252,PAT01717,Paracetamol 500mg,1x1 tablet,oral,14,2024-11-17,14
RX03400,DGN2253,PAT01301,Budesonide inhaler,2 puff 3x sehari,inhaler,5,2023-04-22,1
RX03401,DGN2253,PAT01301,Dexamethasone inj,Injeksi tunggal,injeksi,14,2023-04-22,4
RX03402,DGN2254,PAT00042,Simvastatin 10mg,2x1 sachet,oral,30,2024-11-30,60
RX03403,DGN2255,PAT01443,Mefenamic acid 500mg,1x1 tablet,oral,30,10/09/2024,30
RX03404,DGN2256,PAT00396,Ciprofloxacin 500mg,2x500mg,oral,3,20-02-2022,6
RX03405,DGN2256,PAT00396,Antibiotik salep,Oles pagi & malam,topikal,5,20-02-2022,1
RX03406,DGN2257,PAT00367,Salep mata gentamicin,Oles 2x sehari,topikal,5,27/08/2024,1
RX03407,DGN2257,PAT00367,Mefenamic acid 500mg,1x1 tablet,oral,10,27/08/2024,10
RX03408,DGN2258,PAT01436,Salep mata gentamicin,Oles 2x sehari,topikal,5,2024-09-01,1
RX03409,DGN2258,PAT01436,Domperidone 10mg,2x1 sachet,oral,30,2024-09-01,60
RX03410,DGN2259,PAT01837,Loratadine 10mg,2x500mg,oral,10,2024-09-03,20
RX03411,DGN2260,PAT01808,Glibenclamide 5mg,3x1 tablet,oral,7,2023-01-20,21
RX03412,DGN2261,PAT01661,Loperamide 2mg,3x500mg,oral,10,2024-06-11,30
RX03413,DGN2262,PAT01090,Amoxicillin 500mg,3x1 tablet,oral,5,2023-05-16,15
RX03414,DGN2263,PAT01902,Dexamethasone inj,Injeksi 1x sehari,injeksi,30,2023-10-07,10
RX03415,DGN2264,PAT01320,Loperamide 2mg,3x1 tablet,oral,10,19/07/2021,30
RX03416,DGN2265,PAT01781,Antasida,2x500mg,oral,14,24/08/2021,28
RX03417,DGN2266,PAT01270,ORS pediatric,1x1 tablet,oral,10,16/11/2023,10
RX03418,DGN2267,PAT01235,Omeprazole 20mg,2x1 sachet,oral,7,18/02/2024,14
RX03419,DGN2268,PAT01987,Salep hidrokortison,Oles 3x sehari,topikal,3,2022-12-28,1
RX03420,DGN2269,PAT01037,Vitamin C 500mg,1x1 sachet,oral,5,06/06/2022,5
RX03421,DGN2270,PAT00095,Amlodipine 5mg,3x1 tablet,oral,14,2022-01-29,42
RX03422,DGN2270,PAT00095,Omeprazole 20mg,2x500mg,oral,30,2022-01-29,60
RX03423,DGN2271,PAT00061,Domperidone 10mg,2x1 tablet,oral,10,2025-01-04,20
RX03424,DGN2272,PAT00190,Amlodipine 5mg,3x1 tablet,oral,10,05/10/2024,30
RX03425,DGN2272,PAT00190,Amlodipine 5mg,3x500mg,oral,3,05/10/2024,9
RX03426,DGN2273,PAT01576,Budesonide inhaler,2 puff 3x sehari,inhaler,7,11/05/2022,1
RX03427,DGN2274,PAT00622,Mefenamic acid 500mg,3x1 tablet,oral,30,2025-01-02,90
RX03428,DGN2274,PAT00622,Salbutamol inhaler,Inhalasi bila sesak,inhaler,3,2025-01-02,1
RX03429,DGN2274,PAT00622,Dexamethasone inj,Injeksi tunggal,injeksi,3,2025-01-02,1
RX03430,DGN2275,PAT00681,Dexamethasone inj,Injeksi 1x sehari,injeksi,30,07-09-2022,10
RX03431,DGN2275,PAT00681,Vitamin C 500mg,3x500mg,oral,14,07-09-2022,42
RX03432,DGN2276,PAT00487,Ibuprofen 400mg,2x1 tablet,oral,30,21-04-2023,60
RX03433,DGN2277,PAT01464,Amoxicillin 500mg,3x1 tablet,oral,3,2023-02-10,9
RX03434,DGN2278,PAT00520,Ciprofloxacin 500mg,2x1 sachet,oral,30,29/05/2024,60
RX03435,DGN2278,PAT00520,Loratadine 10mg,1x1 sachet,oral,5,29/05/2024,5
RX03436,DGN2279,PAT01455,Ciprofloxacin 500mg,3x500mg,oral,30,16/09/2024,90
RX03437,DGN2280,PAT00402,Tetes mata,Oles 3x sehari,topikal,7,15-04-2024,1
RX03438,DGN2281,PAT01140,ORS pediatric,2x1 sachet,oral,7,27-02-2023,14
RX03439,DGN2282,PAT00777,Salep hidrokortison,Oles 2x sehari,topikal,5,31-05-2024,1
RX03440,DGN2283,PAT01816,Salep gatal,Oles 3x sehari,topikal,3,01-12-2022,1
RX03441,DGN2284,PAT01230,Domperidone 10mg,1x1 sachet,oral,14,2023-06-12,14
RX03442,DGN2285,PAT00250,Domperidone 10mg,1x1 tablet,oral,10,2024-10-19,10
RX03443,DGN2286,PAT01389,Salep hidrokortison,Oles 3x sehari,topikal,14,14/03/2024,1
RX03444,DGN2287,PAT01185,Ranitidine 150mg,2x1 tablet,oral,3,2022-04-18,6
RX03445,DGN2287,PAT01185,Salep gatal,Oles 3x sehari,topikal,5,2022-04-18,1
RX03446,DGN2288,PAT01405,Mefenamic acid 500mg,1x1 tablet,oral,14,04/11/2023,14
RX03447,DGN2289,PAT00563,Antasida,1x1 sachet,oral,10,06/09/2023,10
RX03448,DGN2289,PAT00563,Antibiotik salep,Oles 2x sehari,topikal,14,06/09/2023,1
RX03449,DGN2290,PAT00764,ORS pediatric,1x1 tablet,oral,14,06/09/2023,14
RX03450,DGN2291,PAT00004,Metformin 500mg,2x500mg,oral,14,06/02/2023,28
RX03451,DGN2291,PAT00004,Omeprazole 20mg,3x500mg,oral,7,06/02/2023,21
RX03452,DGN2292,PAT00985,Salep hidrokortison,Oles pagi & malam,topikal,30,05-11-2024,1
RX03453,DGN2292,PAT00985,Loperamide 2mg,3x1 tablet,oral,30,05-11-2024,90
RX03454,DGN2293,PAT00206,Antasida,1x1 sachet,oral,5,19-11-2024,5
RX03455,DGN2294,PAT01304,Amlodipine 5mg,3x500mg,oral,5,2021-09-12,15
RX03456,DGN2295,PAT01456,Ibuprofen 400mg,2x1 tablet,oral,3,2024-10-11,6
RX03457,DGN2296,PAT01003,Amlodipine 5mg,1x1 tablet,oral,14,2023-09-27,14
RX03458,DGN2296,PAT01003,Salep mata gentamicin,Oles pagi & malam,topikal,7,2023-09-27,1
RX03459,DGN2297,PAT00220,Mefenamic acid 500mg,1x1 sachet,oral,30,2024-09-09,30
RX03460,DGN2297,PAT00220,Asam folat,1x1 tablet,oral,5,2024-09-09,5
RX03461,DGN2298,PAT01907,Mefenamic acid 500mg,1x1 tablet,oral,5,05/07/2024,5
RX03462,DGN2299,PAT00887,Salbutamol inhaler,2 puff 2x sehari,inhaler,10,2024-04-20,1
RX03463,DGN2299,PAT00887,Salep mata gentamicin,Oles 3x sehari,topikal,10,2024-04-20,1
RX03464,DGN2300,PAT00223,Amoxicillin 500mg,1x1 tablet,oral,7,14/12/2024,7
RX03465,DGN2300,PAT00223,Salep hidrokortison,Oles 3x sehari,topikal,3,14/12/2024,1
RX03466,DGN2301,PAT01409,Mefenamic acid 500mg,2x500mg,oral,10,04-12-2022,20
RX03467,DGN2301,PAT01409,Metformin 500mg,2x1 tablet,oral,30,04-12-2022,60
RX03468,DGN2302,PAT01454,Salep hidrokortison,Oles 2x sehari,topikal,10,2024-06-23,1
RX03469,DGN2302,PAT01454,Ciprofloxacin 500mg,1x1 tablet,oral,10,2024-06-23,10
RX03470,DGN2303,PAT01350,Dexamethasone inj,Injeksi tunggal,injeksi,5,17/09/2022,1
RX03471,DGN2303,PAT01350,Paracetamol 500mg,1x1 sachet,oral,14,17/09/2022,14
RX03472,DGN2304,PAT01245,Omeprazole 20mg,1x1 sachet,oral,30,24/03/2024,30
RX03473,DGN2305,PAT00215,Vitamin B complex,1x1 tablet,oral,5,05/01/2024,5
RX03474,DGN2306,PAT00108,Omeprazole 20mg,1x1 sachet,oral,7,15/09/2024,7
RX03475,DGN2307,PAT00089,Paracetamol 500mg,2x1 sachet,oral,10,04-10-2022,20
RX03476,DGN2308,PAT01603,Ibuprofen 400mg,1x1 tablet,oral,30,26/06/2024,30
RX03477,DGN2309,PAT00593,Antasida,3x500mg,oral,3,05-05-2023,9
RX03478,DGN2310,PAT00618,Vitamin C 500mg,2x500mg,oral,5,2024-10-25,10
RX03479,DGN2310,PAT00618,Omeprazole 20mg,3x1 tablet,oral,5,2024-10-25,15
RX03480,DGN2311,PAT00909,Metformin 500mg,3x500mg,oral,5,2024-06-30,15
RX03481,DGN2311,PAT00909,Ranitidine 150mg,3x500mg,oral,30,2024-06-30,90
RX03482,DGN2311,PAT00909,Antasida,2x1 tablet,oral,5,2024-06-30,10
RX03483,DGN2312,PAT00471,Antibiotik salep,Oles pagi & malam,topikal,3,26/09/2022,1
RX03484,DGN2312,PAT00471,Paracetamol 500mg,3x1 tablet,oral,3,26/09/2022,9
RX03485,DGN2313,PAT01414,Ciprofloxacin 500mg,1x1 tablet,oral,3,28-01-2024,3
RX03486,DGN2313,PAT01414,Vitamin B complex,1x1 sachet,oral,30,28-01-2024,30
RX03487,DGN2314,PAT01773,Loratadine 10mg,2x500mg,oral,7,23/01/2022,14
RX03488,DGN2314,PAT01773,Paracetamol 500mg,2x1 tablet,oral,5,23/01/2022,10
RX03489,DGN2314,PAT01773,Loratadine 10mg,3x500mg,oral,10,23/01/2022,30
RX03490,DGN2315,PAT00932,Budesonide inhaler,2 puff 2x sehari,inhaler,5,16-10-2024,1
RX03491,DGN2316,PAT00523,Loratadine 10mg,3x1 tablet,oral,7,2022-04-23,21
RX03492,DGN2317,PAT00313,Cetirizine 10mg,2x1 tablet,oral,10,18-01-2024,20
RX03493,DGN2318,PAT00197,Salbutamol inhaler,2 puff 3x sehari,inhaler,30,29/08/2024,1
RX03494,DGN2318,PAT00197,Paracetamol 500mg,2x500mg,oral,7,29/08/2024,14
RX03495,DGN2319,PAT00819,ORS pediatric,1x1 tablet,oral,30,2022-03-21,30
RX03496,DGN2319,PAT00819,Antibiotik salep,Oles 3x sehari,topikal,3,2022-03-21,1
RX03497,DGN2319,PAT00819,Domperidone 10mg,1x1 sachet,oral,14,2022-03-21,14
RX03498,DGN2320,PAT01222,Vitamin B complex,2x500mg,oral,5,2023-04-13,10
RX03499,DGN2321,PAT01085,Mefenamic acid 500mg,2x500mg,oral,14,2024-08-17,28
RX03500,DGN2321,PAT01085,Domperidone 10mg,1x1 tablet,oral,5,2024-08-17,5
RX03501,DGN2322,PAT01352,Salep gatal,Oles 2x sehari,topikal,3,2022-10-30,1
RX03502,DGN2323,PAT00598,Ibuprofen 400mg,1x1 sachet,oral,30,06-08-2024,30
RX03503,DGN2324,PAT01867,Salep mata gentamicin,Oles 3x sehari,topikal,3,2025-01-14,1
RX03504,DGN2325,PAT00734,Captopril 25mg,1x1 sachet,oral,5,30/10/2024,5
RX03505,DGN2325,PAT00734,Amoxicillin 500mg,2x500mg,oral,30,30/10/2024,60
RX03506,DGN2326,PAT00662,Salep hidrokortison,Oles 2x sehari,topikal,7,2024-09-30,1
RX03507,DGN2327,PAT01912,ORS pediatric,3x500mg,oral,14,20/03/2023,42
RX03508,DGN2328,PAT01860,Omeprazole 20mg,3x1 tablet,oral,7,15/09/2023,21
RX03509,DGN2329,PAT01305,Omeprazole 20mg,2x1 sachet,oral,14,2023-01-11,28
RX03510,DGN2329,PAT01305,Oralit sachet,2x1 sachet,oral,5,2023-01-11,10
RX03511,DGN2329,PAT01305,Captopril 25mg,3x1 tablet,oral,10,2023-01-11,30
RX03512,DGN2330,PAT00829,Mefenamic acid 500mg,2x500mg,oral,30,13/01/2023,60
RX03513,DGN2330,PAT00829,Salep gatal,Oles 2x sehari,topikal,5,13/01/2023,1
RX03514,DGN2331,PAT01952,Tetes mata,Oles 3x sehari,topikal,30,2023-06-29,1
RX03515,DGN2332,PAT01783,Loratadine 10mg,1x1 tablet,oral,30,2023-06-30,30
RX03516,DGN2332,PAT01783,Antibiotik salep,Oles 3x sehari,topikal,30,2023-06-30,1
RX03517,DGN2333,PAT01650,Domperidone 10mg,3x500mg,oral,5,09-05-2024,15
RX03518,DGN2334,PAT01370,Salbutamol inhaler,Inhalasi bila sesak,inhaler,10,2023-12-09,1
RX03519,DGN2335,PAT00761,Paracetamol 500mg,1x1 tablet,oral,30,2023-02-01,30
RX03520,DGN2335,PAT00761,Salep gatal,Oles 2x sehari,topikal,3,2023-02-01,1
RX03521,DGN2335,PAT00761,Glibenclamide 5mg,3x1 tablet,oral,10,2023-02-01,30
RX03522,DGN2336,PAT00480,Mefenamic acid 500mg,1x1 tablet,oral,7,2022-05-05,7
RX03523,DGN2336,PAT00480,Ibuprofen 400mg,2x500mg,oral,5,2022-05-05,10
RX03524,DGN2337,PAT01635,Vitamin C 500mg,3x1 tablet,oral,30,2023-04-27,90
RX03525,DGN2337,PAT01635,Metformin 500mg,1x1 sachet,oral,5,2023-04-27,5
RX03526,DGN2338,PAT01794,ORS pediatric,3x500mg,oral,7,2024-12-27,21
RX03527,DGN2338,PAT01794,Salep hidrokortison,Oles pagi & malam,topikal,30,2024-12-27,1
RX03528,DGN2338,PAT01794,Vitamin C 500mg,3x1 tablet,oral,10,2024-12-27,30
RX03529,DGN2339,PAT01322,Salep gatal,Oles pagi & malam,topikal,14,25/02/2024,1
RX03530,DGN2339,PAT01322,Ciprofloxacin 500mg,3x1 tablet,oral,10,25/02/2024,30
RX03531,DGN2339,PAT01322,Amoxicillin 500mg,2x1 sachet,oral,10,25/02/2024,20
RX03532,DGN2340,PAT00967,Paracetamol 500mg,2x500mg,oral,14,18/04/2024,28
RX03533,DGN2341,PAT00528,Ciprofloxacin 500mg,2x1 tablet,oral,5,17/09/2024,10
RX03534,DGN2341,PAT00528,Cetirizine 10mg,2x500mg,oral,5,17/09/2024,10
RX03535,DGN2341,PAT00528,Metformin 500mg,1x1 sachet,oral,3,17/09/2024,3
RX03536,DGN2342,PAT00804,Salep gatal,Oles 3x sehari,topikal,5,03/10/2024,1
RX03537,DGN2343,PAT01189,Salep hidrokortison,Oles pagi & malam,topikal,7,2022-06-11,1
RX03538,DGN2344,PAT00068,Budesonide inhaler,Inhalasi bila sesak,inhaler,30,26-01-2023,1
RX03539,DGN2344,PAT00068,Metformin 500mg,2x500mg,oral,5,26-01-2023,10
RX03540,DGN2345,PAT01065,Salep gatal,Oles 2x sehari,topikal,7,17/11/2024,1
RX03541,DGN2346,PAT01705,Antasida,3x500mg,oral,10,31-08-2024,30
RX03542,DGN2347,PAT00755,Vitamin B complex,1x1 tablet,oral,3,2023-01-15,3
RX03543,DGN2348,PAT01307,Metformin 500mg,2x500mg,oral,10,13-04-2023,20
RX03544,DGN2349,PAT00116,Ranitidine 150mg,2x1 tablet,oral,3,07/02/2023,6
RX03545,DGN2349,PAT00116,Ibuprofen 400mg,3x500mg,oral,3,07/02/2023,9
RX03546,DGN2350,PAT01985,Tetes mata,Oles 2x sehari,topikal,7,2023-10-12,1
RX03547,DGN2350,PAT01985,Mefenamic acid 500mg,1x1 sachet,oral,14,2023-10-12,14
RX03548,DGN2351,PAT00411,ORS pediatric,2x1 tablet,oral,10,30-04-2024,20
RX03549,DGN2352,PAT01414,Vitamin B complex,1x1 sachet,oral,7,07-07-2024,7
RX03550,DGN2352,PAT01414,Domperidone 10mg,1x1 tablet,oral,7,07-07-2024,7
RX03551,DGN2352,PAT01414,Dexamethasone inj,Injeksi 1x sehari,injeksi,30,07-07-2024,10
RX03552,DGN2353,PAT01372,Salbutamol inhaler,Inhalasi bila sesak,inhaler,5,2023-08-28,1
RX03553,DGN2354,PAT00385,Amlodipine 5mg,3x1 tablet,oral,30,05-12-2024,90
RX03554,DGN2355,PAT01260,Metformin 500mg,1x1 sachet,oral,14,2023-09-14,14
RX03555,DGN2356,PAT01135,Ciprofloxacin 500mg,2x500mg,oral,5,2024-01-17,10
RX03556,DGN2356,PAT01135,Cetirizine 10mg,2x1 tablet,oral,30,2024-01-17,60
RX03557,DGN2356,PAT01135,Ranitidine 150mg,2x500mg,oral,7,2024-01-17,14
RX03558,DGN2357,PAT00656,Domperidone 10mg,1x1 sachet,oral,14,2024-06-26,14
RX03559,DGN2357,PAT00656,Amoxicillin 500mg,2x1 sachet,oral,3,2024-06-26,6
RX03560,DGN2358,PAT00085,Paracetamol 500mg,2x1 sachet,oral,10,2023-06-05,20
RX03561,DGN2359,PAT00239,Glibenclamide 5mg,2x1 sachet,oral,10,29/06/2024,20
RX03562,DGN2360,PAT00541,Ibuprofen 400mg,3x500mg,oral,14,2022-06-12,42
RX03563,DGN2360,PAT00541,Salep mata gentamicin,Oles 3x sehari,topikal,10,2022-06-12,1
RX03564,DGN2361,PAT00547,Salep hidrokortison,Oles 2x sehari,topikal,3,2022-06-09,1
RX03565,DGN2362,PAT01939,Antibiotik salep,Oles pagi & malam,topikal,14,09/04/2022,1
RX03566,DGN2363,PAT00973,Ibuprofen 400mg,1x1 tablet,oral,14,26-05-2023,14
RX03567,DGN2364,PAT01935,Ciprofloxacin 500mg,3x1 tablet,oral,7,10-09-2024,21
RX03568,DGN2364,PAT01935,Glibenclamide 5mg,3x1 tablet,oral,7,10-09-2024,21
RX03569,DGN2365,PAT00713,Omeprazole 20mg,1x1 sachet,oral,10,2024-10-11,10
RX03570,DGN2366,PAT01680,Ibuprofen 400mg,3x1 tablet,oral,7,20-07-2022,21
RX03571,DGN2366,PAT01680,Salbutamol inhaler,2 puff 3x sehari,inhaler,30,20-07-2022,1
RX03572,DGN2367,PAT01304,Mefenamic acid 500mg,3x500mg,oral,5,09-01-2024,15
RX03573,DGN2368,PAT00600,Asam folat,2x1 tablet,oral,10,01/05/2024,20
RX03574,DGN2369,PAT01218,Domperidone 10mg,3x1 tablet,oral,7,17/12/2024,21
RX03575,DGN2370,PAT00183,Salep hidrokortison,Oles pagi & malam,topikal,14,23-01-2022,1
RX03576,DGN2371,PAT00033,Captopril 25mg,2x1 sachet,oral,14,11-12-2023,28
RX03577,DGN2372,PAT00718,Antasida,1x1 sachet,oral,10,19-04-2024,10
RX03578,DGN2372,PAT00718,Paracetamol 500mg,1x1 tablet,oral,14,19-04-2024,14
RX03579,DGN2373,PAT00898,Tetes mata,Oles pagi & malam,topikal,3,18/07/2023,1
RX03580,DGN2374,PAT01586,Ibuprofen 400mg,2x1 tablet,oral,3,2024-03-27,6
RX03581,DGN2374,PAT01586,Tetes mata,Oles 3x sehari,topikal,10,2024-03-27,1
RX03582,DGN2375,PAT00674,Simvastatin 10mg,1x1 sachet,oral,5,2024-09-30,5
RX03583,DGN2376,PAT01258,Vitamin B complex,3x500mg,oral,7,2024-11-06,21
RX03584,DGN2377,PAT01050,Amlodipine 5mg,1x1 tablet,oral,5,05/04/2024,5
RX03585,DGN2378,PAT00523,Salep mata gentamicin,Oles pagi & malam,topikal,5,2024-01-12,1
RX03586,DGN2378,PAT00523,Tetes mata,Oles pagi & malam,topikal,14,2024-01-12,1
RX03587,DGN2379,PAT00023,ORS pediatric,1x1 tablet,oral,14,2022-08-23,14
RX03588,DGN2380,PAT01558,Salep hidrokortison,Oles pagi & malam,topikal,14,2024-03-22,1
RX03589,DGN2381,PAT00709,Omeprazole 20mg,1x1 sachet,oral,7,07-07-2023,7
RX03590,DGN2381,PAT00709,Budesonide inhaler,2 puff 2x sehari,inhaler,14,07-07-2023,1
RX03591,DGN2381,PAT00709,Mefenamic acid 500mg,1x1 sachet,oral,14,07-07-2023,14
RX03592,DGN2382,PAT01014,Mefenamic acid 500mg,2x1 tablet,oral,14,25-09-2024,28
RX03593,DGN2383,PAT00621,Omeprazole 20mg,1x1 tablet,oral,3,13/09/2024,3
RX03594,DGN2383,PAT00621,Domperidone 10mg,3x1 tablet,oral,14,13/09/2024,42
RX03595,DGN2383,PAT00621,Ciprofloxacin 500mg,3x500mg,oral,10,13/09/2024,30
RX03596,DGN2384,PAT00805,Budesonide inhaler,2 puff 3x sehari,inhaler,14,2024-03-26,1
RX03597,DGN2385,PAT00163,Vitamin C 500mg,1x1 tablet,oral,30,2023-03-27,30
RX03598,DGN2385,PAT00163,Glibenclamide 5mg,3x1 tablet,oral,14,2023-03-27,42
RX03599,DGN2386,PAT00700,Glibenclamide 5mg,1x1 sachet,oral,7,2024-10-31,7
RX03600,DGN2386,PAT00700,Ranitidine 150mg,2x500mg,oral,7,2024-10-31,14
RX03601,DGN2386,PAT00700,Glibenclamide 5mg,2x1 tablet,oral,7,2024-10-31,14
RX03602,DGN2387,PAT00053,Ibuprofen 400mg,2x1 sachet,oral,14,06-04-2023,28
RX03603,DGN2388,PAT00009,Cetirizine 10mg,3x1 tablet,oral,7,2022-03-25,21
RX03604,DGN2388,PAT00009,Salbutamol inhaler,2 puff 3x sehari,inhaler,3,2022-03-25,1
RX03605,DGN2389,PAT01215,Antasida,3x1 tablet,oral,30,2024-01-10,90
RX03606,DGN2389,PAT01215,Glibenclamide 5mg,1x1 tablet,oral,14,2024-01-10,14
RX03607,DGN2389,PAT01215,Salep mata gentamicin,Oles 3x sehari,topikal,30,2024-01-10,1
RX03608,DGN2390,PAT01629,Salep mata gentamicin,Oles 3x sehari,topikal,5,2021-06-06,1
RX03609,DGN2391,PAT00052,Oralit sachet,2x1 tablet,oral,7,23-05-2023,14
RX03610,DGN2392,PAT00604,Omeprazole 20mg,1x1 tablet,oral,5,2022-02-28,5
RX03611,DGN2393,PAT01845,Asam folat,2x1 tablet,oral,14,08/12/2023,28
RX03612,DGN2394,PAT01930,Vitamin C 500mg,2x500mg,oral,30,2024-03-17,60
RX03613,DGN2394,PAT01930,Ibuprofen 400mg,3x500mg,oral,7,2024-03-17,21
RX03614,DGN2395,PAT01284,Glibenclamide 5mg,3x500mg,oral,7,2024-08-07,21
RX03615,DGN2396,PAT01558,Glibenclamide 5mg,1x1 sachet,oral,10,2024-02-14,10
RX03616,DGN2396,PAT01558,Paracetamol 500mg,2x1 tablet,oral,7,2024-02-14,14
RX03617,DGN2397,PAT01931,Metformin 500mg,2x500mg,oral,10,04/07/2023,20
RX03618,DGN2398,PAT01022,Oralit sachet,2x500mg,oral,10,2025-01-03,20
RX03619,DGN2399,PAT01427,Loratadine 10mg,3x1 tablet,oral,10,20/11/2024,30
RX03620,DGN2399,PAT01427,Asam folat,2x1 sachet,oral,10,20/11/2024,20
RX03621,DGN2400,PAT00514,Oralit sachet,1x1 sachet,oral,7,11/08/2024,7
RX03622,DGN2400,PAT00514,Budesonide inhaler,2 puff 3x sehari,inhaler,10,11/08/2024,1
RX03623,DGN2401,PAT00940,Ciprofloxacin 500mg,1x1 tablet,oral,14,16/01/2024,14
RX03624,DGN2402,PAT01523,Paracetamol 500mg,3x1 tablet,oral,5,28-06-2024,15
RX03625,DGN2403,PAT01026,Tetes mata,Oles pagi & malam,topikal,30,24/10/2023,1
RX03626,DGN2404,PAT01596,Ibuprofen 400mg,3x500mg,oral,3,10/09/2022,9
RX03627,DGN2405,PAT01292,Salbutamol inhaler,Inhalasi bila sesak,inhaler,30,06-07-2024,1
RX03628,DGN2406,PAT00381,Paracetamol 500mg,2x500mg,oral,3,11/05/2024,6
RX03629,DGN2407,PAT01412,Omeprazole 20mg,1x1 sachet,oral,10,26/09/2021,10
RX03630,DGN2407,PAT01412,Salbutamol inhaler,Inhalasi bila sesak,inhaler,10,26/09/2021,1
RX03631,DGN2407,PAT01412,Metformin 500mg,3x500mg,oral,5,26/09/2021,15
RX03632,DGN2408,PAT01818,Ibuprofen 400mg,2x1 tablet,oral,10,2023-08-04,20
RX03633,DGN2409,PAT00895,Metformin 500mg,2x1 tablet,oral,3,2024-01-21,6
RX03634,DGN2409,PAT00895,Loperamide 2mg,2x1 sachet,oral,5,2024-01-21,10
RX03635,DGN2410,PAT00780,Dexamethasone inj,Injeksi tunggal,injeksi,30,13/05/2024,10
RX03636,DGN2410,PAT00780,Glibenclamide 5mg,3x1 tablet,oral,5,13/05/2024,15
RX03637,DGN2411,PAT01523,Asam folat,2x1 tablet,oral,5,28-10-2024,10
RX03638,DGN2411,PAT01523,Salbutamol inhaler,Inhalasi bila sesak,inhaler,3,28-10-2024,1
RX03639,DGN2412,PAT01664,Dexamethasone inj,Injeksi tunggal,injeksi,10,2024-03-05,3
RX03640,DGN2413,PAT00507,Simvastatin 10mg,2x1 sachet,oral,5,27/12/2024,10
RX03641,DGN2414,PAT01198,Amlodipine 5mg,2x1 tablet,oral,3,2024-02-29,6
RX03642,DGN2415,PAT01450,Simvastatin 10mg,3x1 tablet,oral,3,2024-10-01,9
RX03643,DGN2416,PAT00056,Ciprofloxacin 500mg,3x1 tablet,oral,5,2024-11-13,15
RX03644,DGN2417,PAT01444,ORS pediatric,3x1 tablet,oral,10,2024-06-05,30
RX03645,DGN2417,PAT01444,Antibiotik salep,Oles 3x sehari,topikal,7,2024-06-05,1
RX03646,DGN2418,PAT01048,Budesonide inhaler,Inhalasi bila sesak,inhaler,10,2025-01-15,1
RX03647,DGN2418,PAT01048,Salep gatal,Oles pagi & malam,topikal,14,2025-01-15,1
RX03648,DGN2418,PAT01048,Cetirizine 10mg,1x1 tablet,oral,14,2025-01-15,14
RX03649,DGN2419,PAT01599,Omeprazole 20mg,2x1 tablet,oral,30,2024-09-12,60
RX03650,DGN2419,PAT01599,Antasida,3x500mg,oral,30,2024-09-12,90
RX03651,DGN2420,PAT00367,Vitamin C 500mg,1x1 sachet,oral,7,2024-12-02,7
RX03652,DGN2421,PAT00365,Dexamethasone inj,Injeksi 1x sehari,injeksi,3,28-10-2023,1
RX03653,DGN2421,PAT00365,Glibenclamide 5mg,2x1 tablet,oral,3,28-10-2023,6
RX03654,DGN2422,PAT00260,Metformin 500mg,1x1 tablet,oral,10,10/10/2024,10
RX03655,DGN2422,PAT00260,Glibenclamide 5mg,1x1 tablet,oral,30,10/10/2024,30
RX03656,DGN2423,PAT00041,Oralit sachet,2x500mg,oral,3,2023-06-24,6
RX03657,DGN2424,PAT00452,Antasida,3x500mg,oral,7,2023-10-06,21
RX03658,DGN2424,PAT00452,Dexamethasone inj,Injeksi tunggal,injeksi,14,2023-10-06,4
RX03659,DGN2425,PAT01643,Simvastatin 10mg,2x1 sachet,oral,10,04-12-2024,20
RX03660,DGN2426,PAT01505,Dexamethasone inj,Injeksi tunggal,injeksi,14,2023-08-28,4
RX03661,DGN2426,PAT01505,Loperamide 2mg,2x1 tablet,oral,7,2023-08-28,14
RX03662,DGN2427,PAT01038,Ciprofloxacin 500mg,2x500mg,oral,7,10-03-2023,14
RX03663,DGN2428,PAT01009,Amlodipine 5mg,3x500mg,oral,5,09-12-2024,15
RX03664,DGN2429,PAT00896,Ranitidine 150mg,2x1 sachet,oral,30,2021-09-10,60
RX03665,DGN2430,PAT01801,Salep hidrokortison,Oles pagi & malam,topikal,30,22/01/2024,1
RX03666,DGN2431,PAT01073,Simvastatin 10mg,3x1 tablet,oral,7,10/03/2023,21
RX03667,DGN2432,PAT00314,Domperidone 10mg,2x1 tablet,oral,5,2022-10-12,10
RX03668,DGN2432,PAT00314,Ibuprofen 400mg,2x500mg,oral,14,2022-10-12,28
RX03669,DGN2432,PAT00314,Oralit sachet,2x1 tablet,oral,7,2022-10-12,14
RX03670,DGN2433,PAT01631,Tetes mata,Oles pagi & malam,topikal,3,29/09/2024,1
RX03671,DGN2434,PAT01197,Salep mata gentamicin,Oles pagi & malam,topikal,3,28/12/2023,1
RX03672,DGN2434,PAT01197,Salbutamol inhaler,Inhalasi bila sesak,inhaler,5,28/12/2023,1
RX03673,DGN2435,PAT01252,ORS pediatric,1x1 sachet,oral,5,2023-09-18,5
RX03674,DGN2436,PAT01386,Asam folat,2x500mg,oral,7,2024-01-07,14
RX03675,DGN2437,PAT01132,Loratadine 10mg,2x1 sachet,oral,3,17/09/2022,6
RX03676,DGN2438,PAT00294,Captopril 25mg,2x500mg,oral,3,25-11-2023,6
RX03677,DGN2439,PAT00434,Amoxicillin 500mg,2x1 sachet,oral,10,2023-06-06,20
RX03678,DGN2440,PAT01178,Glibenclamide 5mg,3x1 tablet,oral,7,2024-06-29,21
RX03679,DGN2441,PAT00318,Glibenclamide 5mg,2x1 sachet,oral,30,28-09-2024,60
RX03680,DGN2442,PAT01311,Vitamin C 500mg,1x1 sachet,oral,10,2024-07-29,10
RX03681,DGN2442,PAT01311,Cetirizine 10mg,3x1 tablet,oral,10,2024-07-29,30
RX03682,DGN2443,PAT01201,Amoxicillin 500mg,3x1 tablet,oral,14,2023-11-10,42
RX03683,DGN2443,PAT01201,Dexamethasone inj,Injeksi tunggal,injeksi,5,2023-11-10,1
RX03684,DGN2443,PAT01201,Oralit sachet,2x1 tablet,oral,14,2023-11-10,28
RX03685,DGN2444,PAT00426,Antasida,3x1 tablet,oral,3,24/05/2024,9
RX03686,DGN2445,PAT01926,Domperidone 10mg,2x500mg,oral,30,07/09/2024,60
RX03687,DGN2445,PAT01926,Cetirizine 10mg,1x1 sachet,oral,10,07/09/2024,10
RX03688,DGN2446,PAT01509,Salep mata gentamicin,Oles 3x sehari,topikal,3,29/08/2021,1
RX03689,DGN2446,PAT01509,Glibenclamide 5mg,1x1 sachet,oral,14,29/08/2021,14
RX03690,DGN2447,PAT00336,Ranitidine 150mg,1x1 tablet,oral,7,29/03/2024,7
RX03691,DGN2448,PAT01990,Tetes mata,Oles pagi & malam,topikal,10,2024-01-06,1
RX03692,DGN2448,PAT01990,Glibenclamide 5mg,1x1 sachet,oral,14,2024-01-06,14
RX03693,DGN2449,PAT01071,Vitamin C 500mg,1x1 sachet,oral,30,04-08-2024,30
RX03694,DGN2450,PAT00917,Mefenamic acid 500mg,2x1 tablet,oral,30,13/10/2023,60
RX03695,DGN2450,PAT00917,Amoxicillin 500mg,2x500mg,oral,7,13/10/2023,14
RX03696,DGN2451,PAT00918,Cetirizine 10mg,1x1 tablet,oral,7,2025-01-27,7
RX03697,DGN2452,PAT00414,Asam folat,2x1 sachet,oral,3,2023-05-07,6
RX03698,DGN2452,PAT00414,Asam folat,2x1 tablet,oral,30,2023-05-07,60
RX03699,DGN2453,PAT00795,Loperamide 2mg,2x1 tablet,oral,3,2022-05-17,6
RX03700,DGN2454,PAT01233,Oralit sachet,2x1 sachet,oral,5,05/10/2022,10
RX03701,DGN2455,PAT00762,Ciprofloxacin 500mg,1x1 sachet,oral,14,17-10-2024,14
RX03702,DGN2456,PAT00732,Budesonide inhaler,Inhalasi bila sesak,inhaler,7,14/07/2022,1
RX03703,DGN2457,PAT00827,Salep gatal,Oles pagi & malam,topikal,30,08-03-2023,1
RX03704,DGN2458,PAT01157,Glibenclamide 5mg,2x1 sachet,oral,5,16/07/2024,10
RX03705,DGN2459,PAT01983,Antibiotik salep,Oles pagi & malam,topikal,14,11/07/2022,1
RX03706,DGN2460,PAT00444,Omeprazole 20mg,1x1 sachet,oral,14,2024-01-26,14
RX03707,DGN2461,PAT00675,Loratadine 10mg,2x1 sachet,oral,3,13/04/2024,6
RX03708,DGN2462,PAT01765,Salep mata gentamicin,Oles 3x sehari,topikal,5,2022-02-26,1
RX03709,DGN2462,PAT01765,Paracetamol 500mg,1x1 sachet,oral,10,2022-02-26,10
RX03710,DGN2463,PAT01282,Antibiotik salep,Oles 2x sehari,topikal,3,03-08-2024,1
RX03711,DGN2464,PAT01682,Antibiotik salep,Oles 3x sehari,topikal,10,2021-08-07,1
RX03712,DGN2464,PAT01682,Ranitidine 150mg,2x1 tablet,oral,14,2021-08-07,28
RX03713,DGN2464,PAT01682,Metformin 500mg,2x500mg,oral,30,2021-08-07,60
RX03714,DGN2465,PAT00677,Domperidone 10mg,3x500mg,oral,7,30-05-2024,21
RX03715,DGN2466,PAT00804,Dexamethasone inj,Injeksi 1x sehari,injeksi,30,03-11-2023,10
RX03716,DGN2466,PAT00804,Loratadine 10mg,1x1 tablet,oral,14,03-11-2023,14
RX03717,DGN2467,PAT01102,Cetirizine 10mg,2x1 tablet,oral,14,03/08/2024,28
RX03718,DGN2468,PAT01101,Ibuprofen 400mg,3x1 tablet,oral,30,21/09/2023,90
RX03719,DGN2468,PAT01101,Asam folat,3x500mg,oral,7,21/09/2023,21
RX03720,DGN2469,PAT01019,Ibuprofen 400mg,2x1 tablet,oral,14,04/04/2023,28
RX03721,DGN2470,PAT01513,Antasida,2x1 sachet,oral,30,2024-11-29,60
RX03722,DGN2470,PAT01513,Amoxicillin 500mg,1x1 tablet,oral,14,2024-11-29,14
RX03723,DGN2471,PAT01733,Vitamin C 500mg,2x500mg,oral,3,18/10/2023,6
RX03724,DGN2471,PAT01733,Salbutamol inhaler,Inhalasi bila sesak,inhaler,7,18/10/2023,1
RX03725,DGN2472,PAT01079,Salbutamol inhaler,2 puff 3x sehari,inhaler,10,16-01-2023,1
RX03726,DGN2473,PAT00437,Tetes mata,Oles pagi & malam,topikal,5,2024-09-22,1
RX03727,DGN2474,PAT00097,Domperidone 10mg,1x1 sachet,oral,30,2024-02-19,30
RX03728,DGN2475,PAT01777,Oralit sachet,1x1 tablet,oral,14,14/06/2023,14
RX03729,DGN2475,PAT01777,Cetirizine 10mg,1x1 sachet,oral,14,14/06/2023,14
RX03730,DGN2476,PAT00203,Loratadine 10mg,2x500mg,oral,10,04/10/2024,20
RX03731,DGN2477,PAT00362,Cetirizine 10mg,1x1 tablet,oral,10,2024-12-06,10
RX03732,DGN2478,PAT00277,Metformin 500mg,3x500mg,oral,14,2023-06-03,42
RX03733,DGN2479,PAT01038,Budesonide inhaler,2 puff 2x sehari,inhaler,7,18/08/2022,1
RX03734,DGN2479,PAT01038,Salep hidrokortison,Oles 3x sehari,topikal,3,18/08/2022,1
RX03735,DGN2480,PAT00667,Amoxicillin 500mg,2x500mg,oral,3,28/09/2023,6
RX03736,DGN2481,PAT00677,Antasida,3x1 tablet,oral,30,22/03/2023,90
RX03737,DGN2482,PAT01398,Amoxicillin 500mg,3x1 tablet,oral,3,28/09/2023,9
RX03738,DGN2483,PAT00879,Captopril 25mg,2x500mg,oral,30,2023-10-01,60
RX03739,DGN2483,PAT00879,Mefenamic acid 500mg,1x1 sachet,oral,14,2023-10-01,14
RX03740,DGN2483,PAT00879,Oralit sachet,3x1 tablet,oral,3,2023-10-01,9
RX03741,DGN2484,PAT01683,Loratadine 10mg,2x1 sachet,oral,7,20/07/2024,14
RX03742,DGN2484,PAT01683,Loperamide 2mg,2x1 tablet,oral,7,20/07/2024,14
RX03743,DGN2485,PAT00842,Antibiotik salep,Oles pagi & malam,topikal,5,18/04/2024,1
RX03744,DGN2485,PAT00842,Loratadine 10mg,2x500mg,oral,30,18/04/2024,60
RX03745,DGN2486,PAT00139,Captopril 25mg,1x1 sachet,oral,10,22/12/2023,10
RX03746,DGN2487,PAT01106,Tetes mata,Oles 3x sehari,topikal,7,29/08/2023,1
RX03747,DGN2488,PAT00306,Simvastatin 10mg,2x1 tablet,oral,14,18/11/2023,28
RX03748,DGN2488,PAT00306,Paracetamol 500mg,3x500mg,oral,5,18/11/2023,15
RX03749,DGN2489,PAT01710,Budesonide inhaler,2 puff 2x sehari,inhaler,10,27/09/2024,1
RX03750,DGN2489,PAT01710,Captopril 25mg,1x1 sachet,oral,10,27/09/2024,10
RX03751,DGN2490,PAT00117,ORS pediatric,2x1 sachet,oral,14,15/10/2023,28
RX03752,DGN2491,PAT01289,Antasida,2x1 sachet,oral,5,25/06/2024,10
RX03753,DGN2492,PAT00618,Amlodipine 5mg,1x1 sachet,oral,30,18/01/2025,30
RX03754,DGN2492,PAT00618,Salep mata gentamicin,Oles pagi & malam,topikal,3,18/01/2025,1
RX03755,DGN2492,PAT00618,Amlodipine 5mg,1x1 sachet,oral,3,18/01/2025,3
RX03756,DGN2493,PAT01831,Dexamethasone inj,Injeksi tunggal,injeksi,7,2024-09-07,2
RX03757,DGN2494,PAT01638,Ciprofloxacin 500mg,2x1 sachet,oral,10,02/06/2022,20
RX03758,DGN2494,PAT01638,Glibenclamide 5mg,3x1 tablet,oral,5,02/06/2022,15
RX03759,DGN2495,PAT00032,Tetes mata,Oles pagi & malam,topikal,10,2023-08-08,1
RX03760,DGN2496,PAT01828,Vitamin C 500mg,3x1 tablet,oral,10,2023-05-10,30
RX03761,DGN2497,PAT00829,Amlodipine 5mg,2x500mg,oral,14,28/11/2023,28
RX03762,DGN2498,PAT01695,Glibenclamide 5mg,3x500mg,oral,5,11/04/2023,15
RX03763,DGN2498,PAT01695,Budesonide inhaler,2 puff 2x sehari,inhaler,10,11/04/2023,1
RX03764,DGN2498,PAT01695,Dexamethasone inj,Injeksi 1x sehari,injeksi,30,11/04/2023,10
RX03765,DGN2499,PAT01055,Domperidone 10mg,2x1 tablet,oral,5,2024-11-23,10
RX03766,DGN2500,PAT00598,Oralit sachet,2x1 sachet,oral,14,05/05/2024,28
RX03767,DGN2501,PAT00013,Budesonide inhaler,2 puff 3x sehari,inhaler,5,29-01-2025,1
RX03768,DGN2501,PAT00013,Salep mata gentamicin,Oles 3x sehari,topikal,5,29-01-2025,1
RX03769,DGN2502,PAT01302,Tetes mata,Oles 3x sehari,topikal,30,2022-03-20,1
RX03770,DGN2503,PAT01779,Budesonide inhaler,2 puff 3x sehari,inhaler,3,03/05/2023,1
RX03771,DGN2504,PAT00268,Captopril 25mg,3x1 tablet,oral,10,20-07-2024,30
RX03772,DGN2505,PAT01512,Glibenclamide 5mg,2x1 sachet,oral,14,30/11/2024,28
RX03773,DGN2505,PAT01512,Antasida,1x1 tablet,oral,3,30/11/2024,3
RX03774,DGN2506,PAT01950,Salep hidrokortison,Oles pagi & malam,topikal,30,2023-10-07,1
RX03775,DGN2507,PAT01458,Ranitidine 150mg,2x1 tablet,oral,30,2022-11-03,60
RX03776,DGN2508,PAT01780,Tetes mata,Oles 3x sehari,topikal,3,2024-10-26,1
RX03777,DGN2508,PAT01780,Cetirizine 10mg,3x1 tablet,oral,7,2024-10-26,21
RX03778,DGN2509,PAT00700,Dexamethasone inj,Injeksi tunggal,injeksi,3,2024-12-08,1
RX03779,DGN2510,PAT01176,Vitamin B complex,2x500mg,oral,14,19/03/2024,28
RX03780,DGN2510,PAT01176,Omeprazole 20mg,2x1 tablet,oral,30,19/03/2024,60
RX03781,DGN2511,PAT00134,Omeprazole 20mg,2x1 tablet,oral,7,19/05/2023,14
RX03782,DGN2511,PAT00134,Omeprazole 20mg,2x500mg,oral,5,19/05/2023,10
RX03783,DGN2512,PAT00966,Amlodipine 5mg,1x1 tablet,oral,30,30-08-2024,30
RX03784,DGN2513,PAT01116,Ciprofloxacin 500mg,1x1 sachet,oral,3,08/02/2024,3
RX03785,DGN2513,PAT01116,Asam folat,3x500mg,oral,3,08/02/2024,9
RX03786,DGN2514,PAT01244,Omeprazole 20mg,1x1 sachet,oral,5,2024-06-03,5
RX03787,DGN2515,PAT00176,Domperidone 10mg,1x1 tablet,oral,5,21/08/2024,5
RX03788,DGN2516,PAT00521,Asam folat,3x1 tablet,oral,10,17-07-2024,30
RX03789,DGN2516,PAT00521,Omeprazole 20mg,2x1 tablet,oral,5,17-07-2024,10
RX03790,DGN2517,PAT00059,Vitamin C 500mg,1x1 sachet,oral,7,20-04-2024,7
RX03791,DGN2518,PAT00964,Loratadine 10mg,1x1 tablet,oral,3,15/07/2023,3
RX03792,DGN2519,PAT01578,Metformin 500mg,2x1 tablet,oral,30,10/02/2023,60
RX03793,DGN2519,PAT01578,ORS pediatric,3x500mg,oral,7,10/02/2023,21
RX03794,DGN2519,PAT01578,Antibiotik salep,Oles pagi & malam,topikal,14,10/02/2023,1
RX03795,DGN2520,PAT01985,Glibenclamide 5mg,1x1 tablet,oral,7,2023-08-29,7
RX03796,DGN2521,PAT00340,Vitamin B complex,3x1 tablet,oral,3,30-08-2024,9
RX03797,DGN2521,PAT00340,Glibenclamide 5mg,3x500mg,oral,30,30-08-2024,90
RX03798,DGN2522,PAT00108,Captopril 25mg,2x1 sachet,oral,5,28/08/2024,10
RX03799,DGN2523,PAT01548,Antibiotik salep,Oles 3x sehari,topikal,7,2024-04-22,1
RX03800,DGN2523,PAT01548,Ciprofloxacin 500mg,2x1 tablet,oral,3,2024-04-22,6
RX03801,DGN2524,PAT01819,Salep mata gentamicin,Oles pagi & malam,topikal,14,10-11-2021,1
RX03802,DGN2524,PAT01819,Salep mata gentamicin,Oles 2x sehari,topikal,5,10-11-2021,1
RX03803,DGN2524,PAT01819,Ibuprofen 400mg,2x1 sachet,oral,30,10-11-2021,60
RX03804,DGN2525,PAT01310,Antasida,1x1 tablet,oral,5,03/06/2023,5
RX03805,DGN2526,PAT01303,Cetirizine 10mg,2x500mg,oral,5,28-12-2024,10
RX03806,DGN2526,PAT01303,Domperidone 10mg,2x1 sachet,oral,5,28-12-2024,10
RX03807,DGN2526,PAT01303,Ranitidine 150mg,2x1 tablet,oral,3,28-12-2024,6
RX03808,DGN2527,PAT01802,Salbutamol inhaler,Inhalasi bila sesak,inhaler,3,08-12-2024,1
RX03809,DGN2528,PAT01635,Domperidone 10mg,2x1 sachet,oral,10,10-07-2023,20
RX03810,DGN2528,PAT01635,Cetirizine 10mg,3x500mg,oral,30,10-07-2023,90
RX03811,DGN2528,PAT01635,Amlodipine 5mg,1x1 tablet,oral,10,10-07-2023,10
RX03812,DGN2529,PAT00713,Vitamin B complex,3x1 tablet,oral,10,2023-03-16,30
RX03813,DGN2530,PAT01723,Omeprazole 20mg,1x1 sachet,oral,3,2024-11-18,3
RX03814,DGN2531,PAT01582,Ranitidine 150mg,1x1 sachet,oral,14,30/09/2021,14
RX03815,DGN2531,PAT01582,Amlodipine 5mg,3x500mg,oral,30,30/09/2021,90
RX03816,DGN2531,PAT01582,ORS pediatric,3x1 tablet,oral,7,30/09/2021,21
RX03817,DGN2532,PAT01629,ORS pediatric,2x1 sachet,oral,5,14-11-2024,10
RX03818,DGN2533,PAT00167,Tetes mata,Oles pagi & malam,topikal,5,04-11-2023,1
RX03819,DGN2534,PAT01989,Salep gatal,Oles 2x sehari,topikal,30,27-10-2022,1
RX03820,DGN2535,PAT00824,Vitamin B complex,1x1 sachet,oral,5,2021-07-28,5
RX03821,DGN2535,PAT00824,Loperamide 2mg,2x1 sachet,oral,14,2021-07-28,28
RX03822,DGN2536,PAT01880,Oralit sachet,1x1 tablet,oral,7,2024-02-13,7
RX03823,DGN2536,PAT01880,Ranitidine 150mg,3x500mg,oral,30,2024-02-13,90
RX03824,DGN2536,PAT01880,Ranitidine 150mg,3x1 tablet,oral,7,2024-02-13,21
RX03825,DGN2537,PAT00943,Loperamide 2mg,2x1 sachet,oral,10,15/09/2024,20
RX03826,DGN2537,PAT00943,Antibiotik salep,Oles 2x sehari,topikal,10,15/09/2024,1
RX03827,DGN2537,PAT00943,Amoxicillin 500mg,2x1 tablet,oral,14,15/09/2024,28
RX03828,DGN2538,PAT01222,Captopril 25mg,3x500mg,oral,10,2024-12-18,30
RX03829,DGN2538,PAT01222,Omeprazole 20mg,1x1 sachet,oral,10,2024-12-18,10
RX03830,DGN2539,PAT01283,Ibuprofen 400mg,2x1 tablet,oral,5,2022-06-06,10
RX03831,DGN2540,PAT00935,Salep gatal,Oles 2x sehari,topikal,10,08-09-2022,1
RX03832,DGN2540,PAT00935,Ibuprofen 400mg,1x1 tablet,oral,14,08-09-2022,14
RX03833,DGN2541,PAT00855,Mefenamic acid 500mg,2x500mg,oral,3,2024-11-01,6
RX03834,DGN2542,PAT01449,Budesonide inhaler,Inhalasi bila sesak,inhaler,3,31/01/2023,1
RX03835,DGN2542,PAT01449,Omeprazole 20mg,2x1 tablet,oral,30,31/01/2023,60
RX03836,DGN2543,PAT01746,Budesonide inhaler,2 puff 2x sehari,inhaler,3,24/07/2024,1
RX03837,DGN2544,PAT01285,Metformin 500mg,3x1 tablet,oral,7,05/02/2023,21
RX03838,DGN2544,PAT01285,Ranitidine 150mg,1x1 tablet,oral,5,05/02/2023,5
RX03839,DGN2545,PAT01529,Salbutamol inhaler,2 puff 3x sehari,inhaler,5,20/07/2024,1
RX03840,DGN2545,PAT01529,Mefenamic acid 500mg,3x500mg,oral,7,20/07/2024,21
RX03841,DGN2546,PAT00556,Cetirizine 10mg,3x1 tablet,oral,3,2024-12-31,9
RX03842,DGN2547,PAT01972,Vitamin B complex,1x1 sachet,oral,10,30/12/2023,10
RX03843,DGN2547,PAT01972,Amlodipine 5mg,1x1 sachet,oral,7,30/12/2023,7
RX03844,DGN2547,PAT01972,Dexamethasone inj,Injeksi tunggal,injeksi,5,30/12/2023,1
RX03845,DGN2548,PAT00318,Loratadine 10mg,3x1 tablet,oral,14,2024-08-14,42
RX03846,DGN2548,PAT00318,Metformin 500mg,2x1 tablet,oral,14,2024-08-14,28
RX03847,DGN2548,PAT00318,Metformin 500mg,1x1 sachet,oral,30,2024-08-14,30
RX03848,DGN2549,PAT00977,Vitamin C 500mg,3x500mg,oral,3,2022-05-16,9
RX03849,DGN2550,PAT01249,Cetirizine 10mg,1x1 tablet,oral,5,21/03/2023,5
RX03850,DGN2550,PAT01249,Salbutamol inhaler,Inhalasi bila sesak,inhaler,3,21/03/2023,1
RX03851,DGN2550,PAT01249,Salep gatal,Oles 2x sehari,topikal,30,21/03/2023,1
RX03852,DGN2551,PAT01994,Asam folat,2x1 sachet,oral,14,2023-09-10,28
RX03853,DGN2552,PAT01336,Budesonide inhaler,Inhalasi bila sesak,inhaler,10,30-09-2024,1
RX03854,DGN2553,PAT00086,Dexamethasone inj,Injeksi 1x sehari,injeksi,3,06-09-2021,1
RX03855,DGN2554,PAT00188,Salep gatal,Oles pagi & malam,topikal,3,14/02/2024,1
RX03856,DGN2555,PAT01976,Ranitidine 150mg,2x1 tablet,oral,30,19/05/2023,60
RX03857,DGN2555,PAT01976,Oralit sachet,2x1 sachet,oral,5,19/05/2023,10
RX03858,DGN2556,PAT00509,Asam folat,3x500mg,oral,30,09-11-2022,90
RX03859,DGN2557,PAT01538,Cetirizine 10mg,1x1 tablet,oral,10,2024-09-20,10
RX03860,DGN2558,PAT00964,Simvastatin 10mg,2x500mg,oral,7,26/04/2024,14
RX03861,DGN2559,PAT00382,Tetes mata,Oles 2x sehari,topikal,14,15/01/2024,1
RX03862,DGN2560,PAT01372,Salep hidrokortison,Oles pagi & malam,topikal,3,04/12/2023,1
RX03863,DGN2561,PAT00299,Ciprofloxacin 500mg,3x1 tablet,oral,7,29/11/2023,21
RX03864,DGN2561,PAT00299,Vitamin C 500mg,1x1 sachet,oral,5,29/11/2023,5
RX03865,DGN2561,PAT00299,Loperamide 2mg,3x1 tablet,oral,14,29/11/2023,42
RX03866,DGN2562,PAT01344,Tetes mata,Oles 2x sehari,topikal,5,04/09/2024,1
RX03867,DGN2563,PAT00618,Salbutamol inhaler,2 puff 2x sehari,inhaler,10,26/04/2024,1
RX03868,DGN2563,PAT00618,Loperamide 2mg,1x1 tablet,oral,14,26/04/2024,14
RX03869,DGN2564,PAT01368,Vitamin C 500mg,2x1 tablet,oral,10,16-08-2024,20
RX03870,DGN2565,PAT00657,Dexamethasone inj,Injeksi 1x sehari,injeksi,14,20-03-2024,4
RX03871,DGN2566,PAT01134,Loperamide 2mg,3x500mg,oral,30,25/10/2024,90
RX03872,DGN2566,PAT01134,Asam folat,1x1 sachet,oral,14,25/10/2024,14
RX03873,DGN2567,PAT01686,Ibuprofen 400mg,3x1 tablet,oral,30,24/10/2023,90
RX03874,DGN2567,PAT01686,Glibenclamide 5mg,2x500mg,oral,14,24/10/2023,28
RX03875,DGN2568,PAT00330,Simvastatin 10mg,1x1 tablet,oral,10,2024-11-24,10
RX03876,DGN2568,PAT00330,Amlodipine 5mg,1x1 sachet,oral,14,2024-11-24,14
RX03877,DGN2569,PAT00500,Simvastatin 10mg,2x500mg,oral,7,28/07/2024,14
RX03878,DGN2570,PAT00724,Dexamethasone inj,Injeksi tunggal,injeksi,30,10/10/2024,10
RX03879,DGN2571,PAT00463,Dexamethasone inj,Injeksi 1x sehari,injeksi,7,27-01-2023,2
RX03880,DGN2572,PAT00726,Vitamin C 500mg,2x1 sachet,oral,10,21/07/2022,20
RX03881,DGN2573,PAT01646,Omeprazole 20mg,2x1 tablet,oral,7,2023-11-19,14
RX03882,DGN2573,PAT01646,Domperidone 10mg,3x1 tablet,oral,7,2023-11-19,21
RX03883,DGN2574,PAT01511,Ibuprofen 400mg,2x500mg,oral,14,23/01/2024,28
RX03884,DGN2575,PAT01842,Loperamide 2mg,3x1 tablet,oral,3,08/08/2024,9
RX03885,DGN2575,PAT01842,Mefenamic acid 500mg,1x1 sachet,oral,10,08/08/2024,10
RX03886,DGN2576,PAT00598,Salep gatal,Oles pagi & malam,topikal,30,12/09/2024,1
RX03887,DGN2576,PAT00598,Salbutamol inhaler,2 puff 3x sehari,inhaler,3,12/09/2024,1
RX03888,DGN2577,PAT01645,Tetes mata,Oles 2x sehari,topikal,10,31-10-2022,1
RX03889,DGN2578,PAT01335,Salbutamol inhaler,2 puff 2x sehari,inhaler,14,2025-01-04,1
RX03890,DGN2579,PAT01247,Oralit sachet,2x1 tablet,oral,3,2023-06-16,6
RX03891,DGN2580,PAT00685,Ciprofloxacin 500mg,3x500mg,oral,30,2024-11-01,90
RX03892,DGN2581,PAT00266,Vitamin C 500mg,1x1 tablet,oral,5,13/04/2024,5
RX03893,DGN2582,PAT01913,Antasida,2x500mg,oral,5,12/07/2023,10
RX03894,DGN2583,PAT01409,Salep hidrokortison,Oles pagi & malam,topikal,30,15/10/2022,1
RX03895,DGN2584,PAT00044,Amlodipine 5mg,2x500mg,oral,3,24-09-2023,6
RX03896,DGN2585,PAT01950,Oralit sachet,3x1 tablet,oral,5,15-12-2022,15
RX03897,DGN2586,PAT01327,Tetes mata,Oles 2x sehari,topikal,3,07-01-2024,1
RX03898,DGN2586,PAT01327,Cetirizine 10mg,3x1 tablet,oral,14,07-01-2024,42
RX03899,DGN2586,PAT01327,Omeprazole 20mg,1x1 tablet,oral,30,07-01-2024,30
RX03900,DGN2587,PAT00572,Simvastatin 10mg,1x1 sachet,oral,5,2024-06-02,5
RX03901,DGN2587,PAT00572,Ibuprofen 400mg,3x1 tablet,oral,5,2024-06-02,15
RX03902,DGN2587,PAT00572,Mefenamic acid 500mg,3x500mg,oral,5,2024-06-02,15
RX03903,DGN2588,PAT01927,Loperamide 2mg,2x500mg,oral,7,06/12/2023,14
RX03904,DGN2588,PAT01927,Mefenamic acid 500mg,2x500mg,oral,30,06/12/2023,60
RX03905,DGN2589,PAT00262,Loperamide 2mg,3x500mg,oral,30,2024-11-03,90
RX03906,DGN2589,PAT00262,Amlodipine 5mg,3x1 tablet,oral,5,2024-11-03,15
RX03907,DGN2590,PAT00438,Ciprofloxacin 500mg,2x1 tablet,oral,3,2022-05-11,6
RX03908,DGN2591,PAT01154,Vitamin B complex,2x1 tablet,oral,14,2024-12-11,28
RX03909,DGN2592,PAT01045,Tetes mata,Oles 2x sehari,topikal,10,2024-12-29,1
RX03910,DGN2592,PAT01045,Salep mata gentamicin,Oles pagi & malam,topikal,14,2024-12-29,1
RX03911,DGN2593,PAT01142,Amoxicillin 500mg,3x1 tablet,oral,7,2024-06-29,21
RX03912,DGN2594,PAT00818,Simvastatin 10mg,2x1 tablet,oral,14,03-03-2024,28
RX03913,DGN2595,PAT00794,Metformin 500mg,2x1 sachet,oral,5,17/01/2023,10
RX03914,DGN2596,PAT00027,Ranitidine 150mg,2x500mg,oral,14,04/04/2023,28
RX03915,DGN2596,PAT00027,Amlodipine 5mg,2x1 sachet,oral,14,04/04/2023,28
RX03916,DGN2596,PAT00027,Omeprazole 20mg,1x1 sachet,oral,3,04/04/2023,3
RX03917,DGN2597,PAT00576,Antasida,2x1 tablet,oral,5,08-01-2023,10
RX03918,DGN2597,PAT00576,Antibiotik salep,Oles 2x sehari,topikal,5,08-01-2023,1
RX03919,DGN2598,PAT01663,Amlodipine 5mg,2x1 tablet,oral,5,04/05/2024,10
RX03920,DGN2598,PAT01663,Vitamin C 500mg,2x500mg,oral,14,04/05/2024,28
RX03921,DGN2599,PAT00787,Metformin 500mg,2x500mg,oral,30,2024-10-06,60
RX03922,DGN2600,PAT01879,ORS pediatric,1x1 tablet,oral,5,2024-08-01,5
RX03923,DGN2600,PAT01879,Omeprazole 20mg,1x1 tablet,oral,10,2024-08-01,10
RX03924,DGN2601,PAT01190,Salep mata gentamicin,Oles pagi & malam,topikal,7,2024-07-15,1
RX03925,DGN2602,PAT01580,Amlodipine 5mg,3x500mg,oral,30,25/03/2024,90
RX03926,DGN2602,PAT01580,Salep hidrokortison,Oles 3x sehari,topikal,7,25/03/2024,1
RX03927,DGN2603,PAT00527,Mefenamic acid 500mg,2x500mg,oral,30,22-11-2023,60
RX03928,DGN2604,PAT01904,Tetes mata,Oles 2x sehari,topikal,10,27-05-2024,1
RX03929,DGN2605,PAT01712,Loratadine 10mg,1x1 tablet,oral,5,2023-02-25,5
RX03930,DGN2605,PAT01712,Metformin 500mg,1x1 sachet,oral,7,2023-02-25,7
RX03931,DGN2606,PAT01190,Ranitidine 150mg,1x1 tablet,oral,10,10-11-2024,10
RX03932,DGN2607,PAT00970,Glibenclamide 5mg,3x500mg,oral,7,24/12/2023,21
RX03933,DGN2608,PAT00885,Omeprazole 20mg,3x500mg,oral,5,28/09/2022,15
RX03934,DGN2608,PAT00885,Ibuprofen 400mg,2x1 tablet,oral,14,28/09/2022,28
RX03935,DGN2609,PAT00166,Simvastatin 10mg,3x1 tablet,oral,7,11-12-2022,21
RX03936,DGN2609,PAT00166,Salep gatal,Oles 2x sehari,topikal,5,11-12-2022,1
RX03937,DGN2610,PAT00610,Salbutamol inhaler,2 puff 3x sehari,inhaler,3,2024-12-27,1
RX03938,DGN2611,PAT00112,Loperamide 2mg,3x500mg,oral,30,2023-09-25,90
RX03939,DGN2612,PAT01987,Domperidone 10mg,2x1 tablet,oral,10,08-09-2023,20
RX03940,DGN2613,PAT01126,Domperidone 10mg,1x1 tablet,oral,3,24/02/2024,3
RX03941,DGN2614,PAT00137,Vitamin C 500mg,1x1 tablet,oral,5,10/10/2022,5
RX03942,DGN2614,PAT00137,Ibuprofen 400mg,2x1 sachet,oral,10,10/10/2022,20
RX03943,DGN2614,PAT00137,Asam folat,2x1 tablet,oral,7,10/10/2022,14
RX03944,DGN2615,PAT00132,Antibiotik salep,Oles 3x sehari,topikal,7,2024-10-15,1
RX03945,DGN2615,PAT00132,Mefenamic acid 500mg,3x1 tablet,oral,14,2024-10-15,42
RX03946,DGN2615,PAT00132,ORS pediatric,3x500mg,oral,14,2024-10-15,42
RX03947,DGN2616,PAT00910,Salbutamol inhaler,Inhalasi bila sesak,inhaler,14,2023-11-16,1
RX03948,DGN2617,PAT00823,Dexamethasone inj,Injeksi tunggal,injeksi,30,04-05-2024,10
RX03949,DGN2618,PAT00205,Omeprazole 20mg,3x1 tablet,oral,30,2024-08-30,90
RX03950,DGN2619,PAT00865,Loperamide 2mg,3x500mg,oral,7,03-10-2022,21
RX03951,DGN2619,PAT00865,Ranitidine 150mg,3x500mg,oral,7,03-10-2022,21
RX03952,DGN2620,PAT01297,Salep hidrokortison,Oles 3x sehari,topikal,10,04/11/2024,1
RX03953,DGN2620,PAT01297,Dexamethasone inj,Injeksi 1x sehari,injeksi,5,04/11/2024,1
RX03954,DGN2621,PAT00215,Amoxicillin 500mg,1x1 sachet,oral,14,2024-07-19,14
RX03955,DGN2622,PAT00692,Captopril 25mg,1x1 sachet,oral,14,2023-08-28,14
RX03956,DGN2623,PAT00579,Vitamin C 500mg,3x500mg,oral,3,07/06/2022,9
RX03957,DGN2624,PAT00767,Simvastatin 10mg,2x1 sachet,oral,10,2024-05-29,20
RX03958,DGN2625,PAT00595,Dexamethasone inj,Injeksi 1x sehari,injeksi,7,11/01/2023,2
RX03959,DGN2626,PAT00884,Tetes mata,Oles 2x sehari,topikal,10,2024-10-06,1
RX03960,DGN2626,PAT00884,Omeprazole 20mg,1x1 sachet,oral,10,2024-10-06,10
RX03961,DGN2627,PAT00541,Amoxicillin 500mg,3x500mg,oral,30,27-04-2024,90
RX03962,DGN2627,PAT00541,Simvastatin 10mg,2x1 sachet,oral,14,27-04-2024,28
RX03963,DGN2628,PAT01772,Oralit sachet,1x1 tablet,oral,7,04-12-2022,7
RX03964,DGN2628,PAT01772,Antasida,1x1 tablet,oral,7,04-12-2022,7
RX03965,DGN2629,PAT01911,Loperamide 2mg,2x1 tablet,oral,14,17/11/2022,28
RX03966,DGN2630,PAT00504,Tetes mata,Oles 3x sehari,topikal,5,2023-11-03,1
RX03967,DGN2630,PAT00504,Amlodipine 5mg,3x500mg,oral,7,2023-11-03,21
RX03968,DGN2631,PAT00029,Salbutamol inhaler,2 puff 2x sehari,inhaler,10,2024-01-25,1
RX03969,DGN2632,PAT00220,Paracetamol 500mg,2x1 tablet,oral,14,2024-10-21,28
RX03970,DGN2633,PAT00891,Amlodipine 5mg,3x500mg,oral,3,2024-12-28,9
RX03971,DGN2633,PAT00891,Salep mata gentamicin,Oles 3x sehari,topikal,7,2024-12-28,1
RX03972,DGN2633,PAT00891,Captopril 25mg,1x1 tablet,oral,7,2024-12-28,7
RX03973,DGN2634,PAT01736,Salep gatal,Oles 2x sehari,topikal,30,2023-01-30,1
RX03974,DGN2634,PAT01736,Dexamethasone inj,Injeksi 1x sehari,injeksi,7,2023-01-30,2
RX03975,DGN2635,PAT00236,Glibenclamide 5mg,2x500mg,oral,5,25-03-2024,10
RX03976,DGN2635,PAT00236,Mefenamic acid 500mg,1x1 sachet,oral,14,25-03-2024,14
RX03977,DGN2636,PAT01208,Glibenclamide 5mg,3x500mg,oral,3,2024-02-28,9
RX03978,DGN2637,PAT00381,Glibenclamide 5mg,1x1 sachet,oral,10,2024-05-25,10
RX03979,DGN2638,PAT00161,Tetes mata,Oles 2x sehari,topikal,30,2023-10-28,1
RX03980,DGN2639,PAT00767,Simvastatin 10mg,3x500mg,oral,5,22-11-2022,15
RX03981,DGN2639,PAT00767,Ibuprofen 400mg,3x1 tablet,oral,14,22-11-2022,42
RX03982,DGN2640,PAT00200,Loratadine 10mg,1x1 sachet,oral,7,01/05/2024,7
RX03983,DGN2641,PAT00341,Salbutamol inhaler,2 puff 2x sehari,inhaler,7,19/01/2025,1
RX03984,DGN2642,PAT01698,Dexamethasone inj,Injeksi 1x sehari,injeksi,10,2024-04-14,3
RX03985,DGN2643,PAT01314,Salep mata gentamicin,Oles pagi & malam,topikal,14,16/04/2024,1
RX03986,DGN2644,PAT01645,Oralit sachet,1x1 sachet,oral,10,17-10-2023,10
RX03987,DGN2644,PAT01645,Vitamin C 500mg,2x500mg,oral,5,17-10-2023,10
RX03988,DGN2645,PAT00799,Salep hidrokortison,Oles pagi & malam,topikal,7,21/12/2024,1
RX03989,DGN2646,PAT01208,Metformin 500mg,3x500mg,oral,14,26-01-2022,42
RX03990,DGN2646,PAT01208,Dexamethasone inj,Injeksi tunggal,injeksi,30,26-01-2022,10
RX03991,DGN2647,PAT01321,Salep mata gentamicin,Oles 3x sehari,topikal,30,2024-11-25,1
RX03992,DGN2648,PAT00781,Omeprazole 20mg,2x500mg,oral,14,08-01-2025,28
RX03993,DGN2648,PAT00781,Amlodipine 5mg,2x500mg,oral,3,08-01-2025,6
RX03994,DGN2649,PAT01808,Ranitidine 150mg,1x1 sachet,oral,5,01-06-2022,5
RX03995,DGN2650,PAT00642,Tetes mata,Oles pagi & malam,topikal,3,2024-11-11,1
RX03996,DGN2651,PAT01508,Domperidone 10mg,2x500mg,oral,10,22-02-2024,20
RX03997,DGN2651,PAT01508,Omeprazole 20mg,1x1 sachet,oral,10,22-02-2024,10
RX03998,DGN2652,PAT00593,Budesonide inhaler,2 puff 2x sehari,inhaler,14,26/07/2022,1
RX03999,DGN2652,PAT00593,Vitamin C 500mg,3x1 tablet,oral,14,26/07/2022,42
RX04000,DGN2653,PAT00759,Salep mata gentamicin,Oles 3x sehari,topikal,10,2024-02-29,1
RX04001,DGN2653,PAT00759,Simvastatin 10mg,3x500mg,oral,3,2024-02-29,9
RX04002,DGN2653,PAT00759,Budesonide inhaler,2 puff 2x sehari,inhaler,5,2024-02-29,1
RX04003,DGN2654,PAT00801,Antibiotik salep,Oles 2x sehari,topikal,5,2023-11-26,1
RX04004,DGN2655,PAT01523,Salep gatal,Oles 2x sehari,topikal,14,17-08-2024,1
RX04005,DGN2656,PAT00040,Amoxicillin 500mg,2x1 tablet,oral,3,2024-04-20,6
RX04006,DGN2657,PAT00964,Antasida,2x1 sachet,oral,7,16-05-2024,14
RX04007,DGN2658,PAT00844,Antasida,2x1 sachet,oral,10,28-11-2023,20
RX04008,DGN2659,PAT01731,Asam folat,1x1 tablet,oral,7,2024-02-25,7
RX04009,DGN2660,PAT00421,Loperamide 2mg,3x1 tablet,oral,14,2023-12-12,42
RX04010,DGN2661,PAT01509,Budesonide inhaler,2 puff 3x sehari,inhaler,5,11-11-2021,1
RX04011,DGN2662,PAT00761,Cetirizine 10mg,1x1 tablet,oral,5,12/07/2021,5
RX04012,DGN2663,PAT01585,Ranitidine 150mg,3x1 tablet,oral,7,24/10/2023,21
RX04013,DGN2663,PAT01585,Simvastatin 10mg,2x500mg,oral,10,24/10/2023,20
RX04014,DGN2664,PAT00501,Salep hidrokortison,Oles 2x sehari,topikal,7,2024-11-17,1
RX04015,DGN2664,PAT00501,Antibiotik salep,Oles pagi & malam,topikal,3,2024-11-17,1
RX04016,DGN2664,PAT00501,Vitamin C 500mg,2x1 tablet,oral,5,2024-11-17,10
RX04017,DGN2665,PAT01022,Paracetamol 500mg,3x500mg,oral,10,2024-08-07,30
RX04018,DGN2665,PAT01022,Mefenamic acid 500mg,2x500mg,oral,5,2024-08-07,10
RX04019,DGN2665,PAT01022,Salep hidrokortison,Oles pagi & malam,topikal,7,2024-08-07,1
RX04020,DGN2666,PAT01953,Mefenamic acid 500mg,1x1 tablet,oral,7,2024-03-31,7
RX04021,DGN2667,PAT01487,Loratadine 10mg,2x1 sachet,oral,5,2024-08-25,10
RX04022,DGN2668,PAT00960,Paracetamol 500mg,2x1 sachet,oral,30,2024-04-12,60
RX04023,DGN2669,PAT01859,Asam folat,2x1 sachet,oral,10,2021-10-19,20
RX04024,DGN2670,PAT01920,Ciprofloxacin 500mg,3x500mg,oral,30,31-10-2023,90
RX04025,DGN2670,PAT01920,Paracetamol 500mg,3x1 tablet,oral,30,31-10-2023,90
RX04026,DGN2671,PAT01081,Mefenamic acid 500mg,3x1 tablet,oral,14,20/02/2023,42
RX04027,DGN2671,PAT01081,Amoxicillin 500mg,2x1 sachet,oral,7,20/02/2023,14
RX04028,DGN2672,PAT01259,Ciprofloxacin 500mg,1x1 sachet,oral,7,2023-05-03,7
RX04029,DGN2672,PAT01259,Mefenamic acid 500mg,2x1 sachet,oral,30,2023-05-03,60
RX04030,DGN2672,PAT01259,Amoxicillin 500mg,1x1 tablet,oral,3,2023-05-03,3
RX04031,DGN2673,PAT00324,Vitamin B complex,1x1 tablet,oral,14,18/01/2024,14
RX04032,DGN2673,PAT00324,Asam folat,2x500mg,oral,14,18/01/2024,28
RX04033,DGN2673,PAT00324,Omeprazole 20mg,1x1 tablet,oral,14,18/01/2024,14
RX04034,DGN2674,PAT01387,Salep mata gentamicin,Oles 2x sehari,topikal,5,27/08/2024,1
RX04035,DGN2674,PAT01387,Domperidone 10mg,1x1 sachet,oral,3,27/08/2024,3
RX04036,DGN2675,PAT01246,Salep hidrokortison,Oles pagi & malam,topikal,5,17-07-2024,1
RX04037,DGN2675,PAT01246,Budesonide inhaler,2 puff 3x sehari,inhaler,7,17-07-2024,1
RX04038,DGN2676,PAT01625,Vitamin B complex,3x1 tablet,oral,30,2024-01-30,90
RX04039,DGN2676,PAT01625,Antasida,1x1 tablet,oral,3,2024-01-30,3
RX04040,DGN2677,PAT01643,Mefenamic acid 500mg,1x1 tablet,oral,3,2024-12-04,3
RX04041,DGN2678,PAT00627,Simvastatin 10mg,1x1 tablet,oral,10,2021-10-05,10
RX04042,DGN2678,PAT00627,Ibuprofen 400mg,2x1 sachet,oral,3,2021-10-05,6
RX04043,DGN2679,PAT01887,Vitamin C 500mg,1x1 tablet,oral,3,09/05/2023,3
RX04044,DGN2680,PAT00201,Omeprazole 20mg,2x500mg,oral,10,10-10-2023,20
RX04045,DGN2681,PAT00912,Omeprazole 20mg,2x500mg,oral,10,14/09/2024,20
RX04046,DGN2682,PAT00201,Budesonide inhaler,2 puff 3x sehari,inhaler,30,2025-01-02,1
RX04047,DGN2683,PAT00190,Amoxicillin 500mg,2x1 tablet,oral,5,22-12-2023,10
RX04048,DGN2683,PAT00190,Ibuprofen 400mg,2x1 sachet,oral,30,22-12-2023,60
RX04049,DGN2684,PAT00229,Omeprazole 20mg,2x500mg,oral,30,18-01-2025,60
RX04050,DGN2685,PAT01044,Oralit sachet,2x1 sachet,oral,3,11/01/2024,6
RX04051,DGN2686,PAT01740,Loperamide 2mg,2x1 sachet,oral,14,2021-12-11,28
RX04052,DGN2687,PAT01287,Dexamethasone inj,Injeksi 1x sehari,injeksi,10,08/10/2024,3
RX04053,DGN2688,PAT01770,Amoxicillin 500mg,1x1 tablet,oral,5,03/10/2024,5
RX04054,DGN2689,PAT01680,Oralit sachet,3x500mg,oral,10,27/01/2023,30
RX04055,DGN2690,PAT00713,Amoxicillin 500mg,2x500mg,oral,10,14-01-2022,20
RX04056,DGN2691,PAT00476,Ciprofloxacin 500mg,2x1 tablet,oral,10,07-10-2024,20
RX04057,DGN2692,PAT00458,Simvastatin 10mg,2x500mg,oral,30,29/06/2024,60
RX04058,DGN2693,PAT01588,Loperamide 2mg,1x1 sachet,oral,5,2024-08-09,5
RX04059,DGN2694,PAT00115,Cetirizine 10mg,1x1 tablet,oral,30,04/12/2024,30
RX04060,DGN2695,PAT00956,Salep hidrokortison,Oles pagi & malam,topikal,14,21/06/2023,1
RX04061,DGN2696,PAT00004,Salep gatal,Oles 3x sehari,topikal,30,15-03-2024,1
RX04062,DGN2696,PAT00004,Paracetamol 500mg,1x1 sachet,oral,7,15-03-2024,7
RX04063,DGN2696,PAT00004,Ranitidine 150mg,3x500mg,oral,10,15-03-2024,30
RX04064,DGN2697,PAT00554,Mefenamic acid 500mg,1x1 tablet,oral,10,15-10-2023,10
RX04065,DGN2698,PAT01937,Metformin 500mg,3x1 tablet,oral,14,26/03/2024,42
RX04066,DGN2699,PAT00927,Captopril 25mg,3x500mg,oral,7,2023-09-21,21
RX04067,DGN2700,PAT00862,Antasida,2x1 sachet,oral,10,30-12-2022,20
RX04068,DGN2701,PAT01846,Loratadine 10mg,2x1 tablet,oral,30,2022-06-18,60
RX04069,DGN2701,PAT01846,Domperidone 10mg,3x1 tablet,oral,14,2022-06-18,42
RX04070,DGN2702,PAT00278,Ranitidine 150mg,2x1 sachet,oral,7,17-09-2024,14
RX04071,DGN2702,PAT00278,Simvastatin 10mg,1x1 sachet,oral,30,17-09-2024,30
RX04072,DGN2703,PAT00403,Paracetamol 500mg,1x1 sachet,oral,30,03/11/2024,30
RX04073,DGN2704,PAT00819,Budesonide inhaler,2 puff 2x sehari,inhaler,30,2022-04-09,1
RX04074,DGN2705,PAT01287,Simvastatin 10mg,3x1 tablet,oral,10,2022-07-06,30
RX04075,DGN2706,PAT00780,Asam folat,3x500mg,oral,5,2025-01-04,15
RX04076,DGN2707,PAT01979,Loperamide 2mg,3x1 tablet,oral,5,21/01/2024,15
RX04077,DGN2707,PAT01979,Amlodipine 5mg,3x1 tablet,oral,7,21/01/2024,21
RX04078,DGN2707,PAT01979,Dexamethasone inj,Injeksi tunggal,injeksi,10,21/01/2024,3
RX04079,DGN2708,PAT01282,Salep mata gentamicin,Oles pagi & malam,topikal,30,22-12-2024,1
RX04080,DGN2709,PAT01832,Ranitidine 150mg,3x500mg,oral,7,21/03/2023,21
RX04081,DGN2710,PAT01645,Amoxicillin 500mg,3x500mg,oral,30,2022-11-11,90
RX04082,DGN2711,PAT01077,Antibiotik salep,Oles pagi & malam,topikal,7,09/01/2023,1
RX04083,DGN2712,PAT00035,Salep hidrokortison,Oles 2x sehari,topikal,7,12/09/2022,1
RX04084,DGN2713,PAT01409,Salep hidrokortison,Oles 3x sehari,topikal,10,19/12/2023,1
RX04085,DGN2714,PAT01857,Paracetamol 500mg,2x500mg,oral,10,2024-08-16,20
RX04086,DGN2715,PAT01090,Loperamide 2mg,1x1 tablet,oral,5,2024-10-30,5
RX04087,DGN2716,PAT01776,Ranitidine 150mg,1x1 tablet,oral,14,2024-10-23,14
RX04088,DGN2717,PAT01484,Salep hidrokortison,Oles 2x sehari,topikal,3,14/10/2022,1
RX04089,DGN2718,PAT01982,Glibenclamide 5mg,3x1 tablet,oral,10,28/09/2024,30
RX04090,DGN2718,PAT01982,Amlodipine 5mg,1x1 tablet,oral,5,28/09/2024,5
RX04091,DGN2719,PAT01101,Salep mata gentamicin,Oles pagi & malam,topikal,30,2024-06-29,1
RX04092,DGN2720,PAT01660,Salbutamol inhaler,Inhalasi bila sesak,inhaler,5,05/01/2025,1
RX04093,DGN2720,PAT01660,Loratadine 10mg,3x1 tablet,oral,3,05/01/2025,9
RX04094,DGN2720,PAT01660,Ranitidine 150mg,2x500mg,oral,30,05/01/2025,60
RX04095,DGN2721,PAT01599,ORS pediatric,2x500mg,oral,10,30/12/2021,20
RX04096,DGN2722,PAT00462,Loperamide 2mg,1x1 tablet,oral,10,2023-01-04,10
RX04097,DGN2722,PAT00462,Vitamin B complex,1x1 tablet,oral,14,2023-01-04,14
RX04098,DGN2722,PAT00462,Tetes mata,Oles 2x sehari,topikal,30,2023-01-04,1
RX04099,DGN2723,PAT01619,Salep mata gentamicin,Oles 3x sehari,topikal,30,11-09-2024,1
RX04100,DGN2724,PAT00866,ORS pediatric,2x1 tablet,oral,14,2024-04-03,28
RX04101,DGN2725,PAT00183,Amlodipine 5mg,2x500mg,oral,10,2025-01-17,20
RX04102,DGN2725,PAT00183,Amlodipine 5mg,1x1 sachet,oral,5,2025-01-17,5
RX04103,DGN2725,PAT00183,Omeprazole 20mg,2x1 tablet,oral,10,2025-01-17,20
RX04104,DGN2726,PAT01717,Antibiotik salep,Oles pagi & malam,topikal,14,2022-10-29,1
RX04105,DGN2726,PAT01717,Antibiotik salep,Oles 2x sehari,topikal,7,2022-10-29,1
RX04106,DGN2727,PAT01270,Captopril 25mg,1x1 sachet,oral,7,2024-10-08,7
RX04107,DGN2728,PAT01871,Domperidone 10mg,1x1 tablet,oral,30,12/08/2024,30
RX04108,DGN2729,PAT01081,Amoxicillin 500mg,3x500mg,oral,14,2022-01-13,42
RX04109,DGN2729,PAT01081,Oralit sachet,2x1 sachet,oral,7,2022-01-13,14
RX04110,DGN2730,PAT00515,Amoxicillin 500mg,3x1 tablet,oral,30,2024-10-24,90
RX04111,DGN2730,PAT00515,Paracetamol 500mg,3x500mg,oral,10,2024-10-24,30
RX04112,DGN2731,PAT01931,Budesonide inhaler,Inhalasi bila sesak,inhaler,3,17/08/2023,1
RX04113,DGN2732,PAT01639,Antasida,2x1 tablet,oral,3,26-05-2024,6
RX04114,DGN2733,PAT01515,Metformin 500mg,3x1 tablet,oral,3,07-05-2023,9
RX04115,DGN2733,PAT01515,Salep gatal,Oles 3x sehari,topikal,30,07-05-2023,1
RX04116,DGN2734,PAT01348,Tetes mata,Oles 2x sehari,topikal,14,2025-01-01,1
RX04117,DGN2734,PAT01348,Cetirizine 10mg,2x1 sachet,oral,30,2025-01-01,60
RX04118,DGN2734,PAT01348,Amoxicillin 500mg,1x1 sachet,oral,7,2025-01-01,7
RX04119,DGN2735,PAT01751,Simvastatin 10mg,1x1 tablet,oral,3,03/02/2024,3
RX04120,DGN2736,PAT00326,Salep mata gentamicin,Oles pagi & malam,topikal,30,2023-06-12,1
RX04121,DGN2736,PAT00326,Paracetamol 500mg,1x1 sachet,oral,30,2023-06-12,30
RX04122,DGN2737,PAT00112,Mefenamic acid 500mg,1x1 sachet,oral,30,2024-03-21,30
RX04123,DGN2737,PAT00112,Salep hidrokortison,Oles 3x sehari,topikal,3,2024-03-21,1
RX04124,DGN2738,PAT01373,Ciprofloxacin 500mg,3x500mg,oral,30,08-05-2023,90
RX04125,DGN2738,PAT01373,Salep gatal,Oles 2x sehari,topikal,7,08-05-2023,1
RX04126,DGN2739,PAT01942,Cetirizine 10mg,3x1 tablet,oral,3,17-01-2024,9
RX04127,DGN2739,PAT01942,Salep gatal,Oles 3x sehari,topikal,10,17-01-2024,1
RX04128,DGN2740,PAT01250,Cetirizine 10mg,3x1 tablet,oral,14,03/05/2024,42
RX04129,DGN2741,PAT01376,Mefenamic acid 500mg,2x500mg,oral,10,12/07/2024,20
RX04130,DGN2741,PAT01376,Salep mata gentamicin,Oles 3x sehari,topikal,5,12/07/2024,1
RX04131,DGN2742,PAT01909,Loratadine 10mg,3x500mg,oral,30,2023-02-22,90
RX04132,DGN2743,PAT00321,Vitamin C 500mg,2x500mg,oral,5,12/06/2022,10
RX04133,DGN2744,PAT00740,Tetes mata,Oles pagi & malam,topikal,7,22-04-2023,1
RX04134,DGN2745,PAT01270,Omeprazole 20mg,1x1 sachet,oral,7,2023-12-21,7
RX04135,DGN2746,PAT01002,Omeprazole 20mg,1x1 sachet,oral,3,2024-03-04,3
RX04136,DGN2747,PAT00898,Paracetamol 500mg,2x500mg,oral,10,19/01/2023,20
RX04137,DGN2747,PAT00898,Antibiotik salep,Oles 3x sehari,topikal,30,19/01/2023,1
RX04138,DGN2748,PAT01298,Paracetamol 500mg,2x500mg,oral,14,2024-05-30,28
RX04139,DGN2748,PAT01298,Paracetamol 500mg,3x500mg,oral,3,2024-05-30,9
RX04140,DGN2749,PAT00171,Amlodipine 5mg,2x1 tablet,oral,3,2023-11-12,6
RX04141,DGN2750,PAT01693,Vitamin C 500mg,1x1 tablet,oral,10,2024-08-02,10
RX04142,DGN2751,PAT00090,Ibuprofen 400mg,1x1 tablet,oral,7,22-02-2022,7
RX04143,DGN2752,PAT01374,Metformin 500mg,2x1 sachet,oral,5,2021-09-07,10
RX04144,DGN2753,PAT01280,Loperamide 2mg,3x1 tablet,oral,30,2023-09-10,90
RX04145,DGN2753,PAT01280,Omeprazole 20mg,1x1 sachet,oral,7,2023-09-10,7
RX04146,DGN2753,PAT01280,ORS pediatric,3x1 tablet,oral,5,2023-09-10,15
RX04147,DGN2754,PAT01296,Paracetamol 500mg,3x1 tablet,oral,5,2023-02-28,15
RX04148,DGN2755,PAT01298,Salep gatal,Oles pagi & malam,topikal,5,2024-07-19,1
RX04149,DGN2756,PAT00737,Ciprofloxacin 500mg,3x1 tablet,oral,10,2024-08-06,30
RX04150,DGN2757,PAT00148,Cetirizine 10mg,1x1 sachet,oral,7,2023-04-21,7
RX04151,DGN2758,PAT01318,Salep mata gentamicin,Oles 3x sehari,topikal,5,2023-01-13,1
RX04152,DGN2759,PAT00122,Salep mata gentamicin,Oles 3x sehari,topikal,10,06/03/2024,1
RX04153,DGN2759,PAT00122,Vitamin C 500mg,2x500mg,oral,10,06/03/2024,20
RX04154,DGN2759,PAT00122,Mefenamic acid 500mg,2x1 sachet,oral,7,06/03/2024,14
RX04155,DGN2760,PAT00248,Mefenamic acid 500mg,2x500mg,oral,3,12-01-2024,6
RX04156,DGN2761,PAT01946,ORS pediatric,3x500mg,oral,5,30-06-2024,15
RX04157,DGN2762,PAT00074,Antasida,3x500mg,oral,14,17-11-2024,42
RX04158,DGN2762,PAT00074,Tetes mata,Oles 3x sehari,topikal,10,17-11-2024,1
RX04159,DGN2763,PAT00066,Vitamin C 500mg,2x1 tablet,oral,5,2024-04-06,10
RX04160,DGN2763,PAT00066,Ranitidine 150mg,2x500mg,oral,10,2024-04-06,20
RX04161,DGN2764,PAT01122,Omeprazole 20mg,2x1 sachet,oral,7,2024-06-06,14
RX04162,DGN2765,PAT00831,Ibuprofen 400mg,1x1 sachet,oral,7,26/05/2024,7
RX04163,DGN2766,PAT00510,Loperamide 2mg,3x1 tablet,oral,3,18-02-2024,9
RX04164,DGN2767,PAT01725,Amoxicillin 500mg,1x1 tablet,oral,10,2024-09-09,10
RX04165,DGN2767,PAT01725,Simvastatin 10mg,1x1 tablet,oral,3,2024-09-09,3
RX04166,DGN2768,PAT00481,Salep gatal,Oles pagi & malam,topikal,14,22-11-2021,1
RX04167,DGN2769,PAT00733,Amoxicillin 500mg,3x500mg,oral,3,23-03-2024,9
RX04168,DGN2770,PAT00714,Salbutamol inhaler,2 puff 3x sehari,inhaler,5,16-04-2024,1
RX04169,DGN2771,PAT01532,Ibuprofen 400mg,2x1 tablet,oral,10,20-04-2024,20
RX04170,DGN2772,PAT00172,ORS pediatric,2x500mg,oral,7,2022-11-22,14
RX04171,DGN2772,PAT00172,Salbutamol inhaler,Inhalasi bila sesak,inhaler,14,2022-11-22,1
RX04172,DGN2772,PAT00172,Loperamide 2mg,2x500mg,oral,10,2022-11-22,20
RX04173,DGN2773,PAT00445,Cetirizine 10mg,3x500mg,oral,5,23-04-2022,15
RX04174,DGN2773,PAT00445,Loratadine 10mg,3x500mg,oral,3,23-04-2022,9
RX04175,DGN2773,PAT00445,Budesonide inhaler,2 puff 3x sehari,inhaler,7,23-04-2022,1
RX04176,DGN2774,PAT01386,Captopril 25mg,2x500mg,oral,14,13/12/2022,28
RX04177,DGN2775,PAT00729,Mefenamic acid 500mg,2x500mg,oral,14,22/03/2024,28
RX04178,DGN2776,PAT01954,Loperamide 2mg,3x500mg,oral,5,26/10/2022,15
RX04179,DGN2777,PAT00869,Captopril 25mg,2x1 sachet,oral,30,06/12/2024,60
RX04180,DGN2777,PAT00869,Captopril 25mg,3x1 tablet,oral,10,06/12/2024,30
RX04181,DGN2778,PAT01824,Vitamin B complex,2x1 tablet,oral,5,2024-05-08,10
RX04182,DGN2779,PAT01234,Vitamin B complex,2x1 tablet,oral,7,2023-07-02,14
RX04183,DGN2780,PAT00351,Ibuprofen 400mg,2x1 tablet,oral,14,16/06/2024,28
RX04184,DGN2780,PAT00351,Antasida,2x500mg,oral,14,16/06/2024,28
RX04185,DGN2780,PAT00351,ORS pediatric,2x1 sachet,oral,14,16/06/2024,28
RX04186,DGN2781,PAT00086,Salbutamol inhaler,2 puff 3x sehari,inhaler,30,2024-09-20,1
RX04187,DGN2781,PAT00086,Salep hidrokortison,Oles 3x sehari,topikal,30,2024-09-20,1
RX04188,DGN2781,PAT00086,Dexamethasone inj,Injeksi tunggal,injeksi,5,2024-09-20,1
RX04189,DGN2782,PAT00970,Loratadine 10mg,2x500mg,oral,14,05/02/2024,28
RX04190,DGN2783,PAT00719,Cetirizine 10mg,2x500mg,oral,30,2023-12-05,60
RX04191,DGN2783,PAT00719,Cetirizine 10mg,2x1 tablet,oral,3,2023-12-05,6
RX04192,DGN2784,PAT01158,Antasida,1x1 sachet,oral,14,2023-01-23,14
RX04193,DGN2784,PAT01158,Asam folat,3x500mg,oral,14,2023-01-23,42
RX04194,DGN2785,PAT01658,Loperamide 2mg,3x1 tablet,oral,5,20-04-2022,15
RX04195,DGN2785,PAT01658,Ranitidine 150mg,3x1 tablet,oral,10,20-04-2022,30
RX04196,DGN2786,PAT01711,Salep mata gentamicin,Oles 3x sehari,topikal,5,2024-07-15,1
RX04197,DGN2786,PAT01711,Ibuprofen 400mg,1x1 tablet,oral,3,2024-07-15,3
RX04198,DGN2787,PAT01013,Salep gatal,Oles 3x sehari,topikal,14,2024-03-22,1
RX04199,DGN2788,PAT01587,Amlodipine 5mg,2x1 sachet,oral,10,2022-06-19,20
RX04200,DGN2789,PAT00857,Antibiotik salep,Oles 3x sehari,topikal,10,2023-07-28,1
RX04201,DGN2790,PAT01409,Ciprofloxacin 500mg,1x1 tablet,oral,10,27/06/2023,10
RX04202,DGN2791,PAT00757,Amlodipine 5mg,2x1 tablet,oral,30,2024-12-17,60
RX04203,DGN2791,PAT00757,Salep hidrokortison,Oles pagi & malam,topikal,7,2024-12-17,1
RX04204,DGN2792,PAT00329,Salep gatal,Oles 3x sehari,topikal,3,16-04-2024,1
RX04205,DGN2793,PAT00042,Dexamethasone inj,Injeksi tunggal,injeksi,7,07-04-2022,2
RX04206,DGN2793,PAT00042,Domperidone 10mg,3x1 tablet,oral,7,07-04-2022,21
RX04207,DGN2794,PAT00629,Loratadine 10mg,3x500mg,oral,10,28/08/2022,30
RX04208,DGN2795,PAT00410,Ibuprofen 400mg,2x1 sachet,oral,3,2024-07-20,6
RX04209,DGN2796,PAT00676,Salep mata gentamicin,Oles 2x sehari,topikal,10,11-09-2024,1
RX04210,DGN2797,PAT00669,Ibuprofen 400mg,1x1 tablet,oral,30,08/10/2024,30
RX04211,DGN2798,PAT00634,Tetes mata,Oles 3x sehari,topikal,14,23/10/2024,1
RX04212,DGN2799,PAT00374,Simvastatin 10mg,3x500mg,oral,3,05/04/2024,9
RX04213,DGN2799,PAT00374,Antibiotik salep,Oles 2x sehari,topikal,7,05/04/2024,1
RX04214,DGN2800,PAT00818,Glibenclamide 5mg,1x1 sachet,oral,10,23/11/2023,10
RX04215,DGN2801,PAT01654,Salep mata gentamicin,Oles 2x sehari,topikal,5,2024-02-20,1
RX04216,DGN2801,PAT01654,Ibuprofen 400mg,1x1 tablet,oral,3,2024-02-20,3
RX04217,DGN2801,PAT01654,Simvastatin 10mg,3x1 tablet,oral,7,2024-02-20,21
RX04218,DGN2802,PAT01781,Simvastatin 10mg,2x1 tablet,oral,14,13/06/2024,28
RX04219,DGN2802,PAT01781,Amoxicillin 500mg,1x1 sachet,oral,10,13/06/2024,10
RX04220,DGN2803,PAT01455,Captopril 25mg,2x1 sachet,oral,3,12-03-2024,6
RX04221,DGN2804,PAT01776,Loratadine 10mg,2x1 tablet,oral,10,06/05/2024,20
RX04222,DGN2805,PAT01941,Antibiotik salep,Oles pagi & malam,topikal,5,22-11-2024,1
RX04223,DGN2806,PAT00319,Glibenclamide 5mg,1x1 tablet,oral,3,13/09/2024,3
RX04224,DGN2807,PAT00044,Captopril 25mg,3x500mg,oral,3,2024-10-24,9
RX04225,DGN2807,PAT00044,Antasida,1x1 sachet,oral,30,2024-10-24,30
RX04226,DGN2808,PAT00042,Domperidone 10mg,2x1 tablet,oral,10,21/01/2023,20
RX04227,DGN2808,PAT00042,Ranitidine 150mg,2x1 tablet,oral,7,21/01/2023,14
RX04228,DGN2809,PAT01059,Asam folat,2x500mg,oral,30,2024-12-13,60
RX04229,DGN2809,PAT01059,Salep hidrokortison,Oles pagi & malam,topikal,7,2024-12-13,1
RX04230,DGN2810,PAT00640,Salep gatal,Oles 3x sehari,topikal,10,24/11/2024,1
RX04231,DGN2810,PAT00640,Antasida,1x1 tablet,oral,14,24/11/2024,14
RX04232,DGN2811,PAT01102,Salbutamol inhaler,Inhalasi bila sesak,inhaler,14,05/02/2023,1
RX04233,DGN2812,PAT01880,ORS pediatric,1x1 tablet,oral,14,2024-02-06,14
RX04234,DGN2812,PAT01880,Vitamin C 500mg,2x1 tablet,oral,7,2024-02-06,14
RX04235,DGN2813,PAT01055,Salbutamol inhaler,2 puff 3x sehari,inhaler,10,2023-09-01,1
RX04236,DGN2814,PAT00968,Antasida,2x1 tablet,oral,5,23-03-2024,10
RX04237,DGN2815,PAT00511,Metformin 500mg,1x1 tablet,oral,10,05/06/2024,10
RX04238,DGN2816,PAT00753,Vitamin C 500mg,1x1 tablet,oral,10,2023-01-26,10
RX04239,DGN2817,PAT00376,Oralit sachet,3x1 tablet,oral,10,2025-01-10,30
RX04240,DGN2818,PAT01042,Amoxicillin 500mg,3x500mg,oral,30,30/08/2024,90
RX04241,DGN2819,PAT01441,Salep mata gentamicin,Oles 3x sehari,topikal,30,2024-10-21,1
RX04242,DGN2819,PAT01441,Antasida,2x1 tablet,oral,3,2024-10-21,6
RX04243,DGN2820,PAT01886,Loperamide 2mg,2x1 tablet,oral,14,2023-04-05,28
RX04244,DGN2821,PAT01678,Vitamin B complex,3x500mg,oral,7,07/02/2024,21
RX04245,DGN2822,PAT01415,Simvastatin 10mg,2x1 sachet,oral,14,2022-04-17,28
RX04246,DGN2823,PAT01042,Metformin 500mg,1x1 sachet,oral,10,13/10/2024,10
RX04247,DGN2824,PAT01985,Oralit sachet,2x1 sachet,oral,5,2023-06-06,10
RX04248,DGN2825,PAT00509,Tetes mata,Oles 3x sehari,topikal,30,2022-07-09,1
RX04249,DGN2826,PAT00897,Mefenamic acid 500mg,2x1 tablet,oral,10,2025-01-09,20
RX04250,DGN2827,PAT00645,Ciprofloxacin 500mg,2x1 sachet,oral,5,06-10-2024,10
RX04251,DGN2828,PAT01647,Amoxicillin 500mg,3x500mg,oral,30,2022-12-04,90
RX04252,DGN2829,PAT01677,Vitamin B complex,1x1 sachet,oral,5,12/12/2023,5
RX04253,DGN2830,PAT01972,Ranitidine 150mg,2x1 sachet,oral,3,23/11/2023,6
RX04254,DGN2831,PAT01204,Loperamide 2mg,1x1 tablet,oral,10,23-03-2024,10
RX04255,DGN2832,PAT01967,Asam folat,2x500mg,oral,3,01-04-2024,6
RX04256,DGN2833,PAT00289,Mefenamic acid 500mg,1x1 tablet,oral,7,2024-06-04,7
RX04257,DGN2834,PAT01245,Salep hidrokortison,Oles 3x sehari,topikal,3,2024-02-10,1
RX04258,DGN2835,PAT01534,Salep hidrokortison,Oles pagi & malam,topikal,30,05-07-2023,1
RX04259,DGN2835,PAT01534,Mefenamic acid 500mg,1x1 sachet,oral,3,05-07-2023,3
RX04260,DGN2836,PAT01925,Domperidone 10mg,2x500mg,oral,3,2024-02-21,6
RX04261,DGN2837,PAT01380,Vitamin C 500mg,2x500mg,oral,14,2022-12-15,28
RX04262,DGN2837,PAT01380,Domperidone 10mg,2x1 tablet,oral,3,2022-12-15,6
RX04263,DGN2838,PAT00495,Paracetamol 500mg,2x1 tablet,oral,30,07/12/2024,60
RX04264,DGN2839,PAT00730,Vitamin C 500mg,1x1 sachet,oral,5,30/03/2024,5
RX04265,DGN2839,PAT00730,Salep hidrokortison,Oles 3x sehari,topikal,5,30/03/2024,1
RX04266,DGN2840,PAT01131,Salbutamol inhaler,2 puff 3x sehari,inhaler,30,04/02/2022,1
RX04267,DGN2840,PAT01131,Simvastatin 10mg,1x1 tablet,oral,10,04/02/2022,10
RX04268,DGN2841,PAT00629,Glibenclamide 5mg,3x500mg,oral,14,2021-10-18,42
RX04269,DGN2842,PAT00848,Domperidone 10mg,1x1 tablet,oral,5,2022-10-10,5
RX04270,DGN2843,PAT01373,Asam folat,1x1 tablet,oral,14,13/06/2024,14
RX04271,DGN2844,PAT00946,Omeprazole 20mg,2x1 tablet,oral,10,06-08-2021,20
RX04272,DGN2844,PAT00946,Antibiotik salep,Oles 3x sehari,topikal,3,06-08-2021,1
RX04273,DGN2845,PAT00315,Amlodipine 5mg,1x1 tablet,oral,10,16-03-2024,10
RX04274,DGN2845,PAT00315,Captopril 25mg,2x1 sachet,oral,30,16-03-2024,60
RX04275,DGN2846,PAT00173,Budesonide inhaler,2 puff 3x sehari,inhaler,3,2023-02-13,1
RX04276,DGN2846,PAT00173,Salep mata gentamicin,Oles 3x sehari,topikal,5,2023-02-13,1
RX04277,DGN2847,PAT00762,Salep gatal,Oles pagi & malam,topikal,14,27/01/2025,1
RX04278,DGN2847,PAT00762,Vitamin B complex,1x1 sachet,oral,30,27/01/2025,30
RX04279,DGN2848,PAT00800,Tetes mata,Oles pagi & malam,topikal,7,2024-01-17,1
RX04280,DGN2848,PAT00800,Ciprofloxacin 500mg,1x1 sachet,oral,3,2024-01-17,3
RX04281,DGN2849,PAT01955,Loperamide 2mg,1x1 tablet,oral,14,28-09-2024,14
RX04282,DGN2850,PAT01407,Amlodipine 5mg,2x500mg,oral,3,25/09/2024,6
RX04283,DGN2850,PAT01407,Tetes mata,Oles 3x sehari,topikal,7,25/09/2024,1
RX04284,DGN2851,PAT01458,Vitamin B complex,2x1 sachet,oral,10,07/12/2022,20
RX04285,DGN2852,PAT00870,Cetirizine 10mg,1x1 tablet,oral,10,2024-09-12,10
RX04286,DGN2853,PAT00222,Salep hidrokortison,Oles 3x sehari,topikal,14,27-02-2024,1
RX04287,DGN2854,PAT00966,Vitamin B complex,2x1 sachet,oral,7,13-04-2024,14
RX04288,DGN2855,PAT00343,Amoxicillin 500mg,2x500mg,oral,5,22/09/2023,10
RX04289,DGN2856,PAT00575,Omeprazole 20mg,1x1 tablet,oral,7,17-05-2023,7
RX04290,DGN2857,PAT01905,Mefenamic acid 500mg,1x1 sachet,oral,3,2024-09-05,3
RX04291,DGN2857,PAT01905,Paracetamol 500mg,2x500mg,oral,3,2024-09-05,6
RX04292,DGN2858,PAT00821,Salep gatal,Oles pagi & malam,topikal,7,08-02-2024,1
RX04293,DGN2858,PAT00821,Cetirizine 10mg,2x1 tablet,oral,3,08-02-2024,6
RX04294,DGN2858,PAT00821,Vitamin C 500mg,2x1 sachet,oral,7,08-02-2024,14
RX04295,DGN2859,PAT01408,ORS pediatric,2x1 tablet,oral,5,2023-12-09,10
RX04296,DGN2860,PAT00893,Paracetamol 500mg,3x500mg,oral,7,2024-02-23,21
RX04297,DGN2860,PAT00893,Tetes mata,Oles pagi & malam,topikal,10,2024-02-23,1
RX04298,DGN2861,PAT01710,Salep mata gentamicin,Oles 3x sehari,topikal,5,23-04-2022,1
RX04299,DGN2862,PAT01336,Salep hidrokortison,Oles pagi & malam,topikal,3,2024-03-26,1
RX04300,DGN2863,PAT01575,ORS pediatric,1x1 sachet,oral,10,13/08/2024,10
RX04301,DGN2864,PAT01516,Mefenamic acid 500mg,1x1 sachet,oral,3,16/05/2024,3
RX04302,DGN2864,PAT01516,Omeprazole 20mg,1x1 sachet,oral,30,16/05/2024,30
RX04303,DGN2865,PAT00415,Dexamethasone inj,Injeksi tunggal,injeksi,30,05-03-2023,10
RX04304,DGN2866,PAT00031,Mefenamic acid 500mg,3x500mg,oral,30,2024-01-12,90
RX04305,DGN2866,PAT00031,Cetirizine 10mg,2x500mg,oral,3,2024-01-12,6
RX04306,DGN2867,PAT01115,Simvastatin 10mg,3x500mg,oral,10,14/12/2023,30
RX04307,DGN2868,PAT01264,ORS pediatric,1x1 tablet,oral,14,2023-08-09,14
RX04308,DGN2869,PAT00654,Omeprazole 20mg,1x1 tablet,oral,3,02-02-2023,3
RX04309,DGN2869,PAT00654,Simvastatin 10mg,1x1 tablet,oral,14,02-02-2023,14
RX04310,DGN2869,PAT00654,Ciprofloxacin 500mg,2x500mg,oral,10,02-02-2023,20
RX04311,DGN2870,PAT00271,Dexamethasone inj,Injeksi tunggal,injeksi,3,2023-12-09,1
RX04312,DGN2871,PAT01595,Ciprofloxacin 500mg,3x500mg,oral,30,2023-02-15,90
RX04313,DGN2871,PAT01595,Cetirizine 10mg,2x1 sachet,oral,5,2023-02-15,10
RX04314,DGN2872,PAT00679,ORS pediatric,2x500mg,oral,30,2024-05-25,60
RX04315,DGN2872,PAT00679,Captopril 25mg,2x500mg,oral,10,2024-05-25,20
RX04316,DGN2873,PAT00640,Vitamin B complex,3x1 tablet,oral,10,20/10/2024,30
RX04317,DGN2874,PAT01781,Glibenclamide 5mg,1x1 tablet,oral,5,05/07/2022,5
RX04318,DGN2875,PAT00457,Vitamin C 500mg,1x1 tablet,oral,5,2024-08-31,5
RX04319,DGN2876,PAT00789,Amlodipine 5mg,3x500mg,oral,14,18/04/2024,42
RX04320,DGN2877,PAT01944,ORS pediatric,1x1 sachet,oral,10,2024-03-07,10
RX04321,DGN2877,PAT01944,Ibuprofen 400mg,3x1 tablet,oral,7,2024-03-07,21
RX04322,DGN2878,PAT00253,Amoxicillin 500mg,1x1 sachet,oral,3,2024-05-25,3
RX04323,DGN2878,PAT00253,Amoxicillin 500mg,2x500mg,oral,7,2024-05-25,14
RX04324,DGN2879,PAT00043,Glibenclamide 5mg,2x1 sachet,oral,30,19/06/2022,60
RX04325,DGN2880,PAT00627,Ibuprofen 400mg,3x500mg,oral,5,2022-03-29,15
RX04326,DGN2881,PAT00454,Cetirizine 10mg,3x500mg,oral,14,23-05-2023,42
RX04327,DGN2881,PAT00454,Domperidone 10mg,2x1 sachet,oral,10,23-05-2023,20
RX04328,DGN2882,PAT01240,Salep mata gentamicin,Oles 2x sehari,topikal,14,10/06/2024,1
RX04329,DGN2883,PAT00349,Vitamin C 500mg,1x1 tablet,oral,7,08/02/2023,7
RX04330,DGN2883,PAT00349,Metformin 500mg,1x1 tablet,oral,5,08/02/2023,5
RX04331,DGN2883,PAT00349,Glibenclamide 5mg,2x1 tablet,oral,30,08/02/2023,60
RX04332,DGN2884,PAT01338,Paracetamol 500mg,2x1 tablet,oral,14,2023-12-27,28
RX04333,DGN2885,PAT01731,Ciprofloxacin 500mg,3x1 tablet,oral,30,2024-10-04,90
RX04334,DGN2885,PAT01731,Vitamin C 500mg,2x500mg,oral,10,2024-10-04,20
RX04335,DGN2886,PAT00126,ORS pediatric,2x1 sachet,oral,10,10/10/2023,20
RX04336,DGN2887,PAT01266,Dexamethasone inj,Injeksi tunggal,injeksi,7,17-04-2022,2
RX04337,DGN2888,PAT00609,Loratadine 10mg,2x1 sachet,oral,7,2023-08-16,14
RX04338,DGN2889,PAT01948,Ranitidine 150mg,1x1 tablet,oral,5,24/04/2022,5
RX04339,DGN2890,PAT00193,Glibenclamide 5mg,2x1 tablet,oral,7,15-10-2024,14
RX04340,DGN2891,PAT01264,Loperamide 2mg,2x1 sachet,oral,10,2023-01-07,20
RX04341,DGN2892,PAT00045,Amoxicillin 500mg,3x500mg,oral,10,2024-11-10,30
RX04342,DGN2893,PAT01103,Dexamethasone inj,Injeksi tunggal,injeksi,7,19/10/2024,2
RX04343,DGN2894,PAT01960,Antibiotik salep,Oles 3x sehari,topikal,7,2023-06-07,1
RX04344,DGN2894,PAT01960,Glibenclamide 5mg,2x1 tablet,oral,14,2023-06-07,28
RX04345,DGN2895,PAT01015,Amoxicillin 500mg,2x1 sachet,oral,3,2024-12-03,6
RX04346,DGN2896,PAT01234,Tetes mata,Oles 3x sehari,topikal,30,2023-10-21,1
RX04347,DGN2896,PAT01234,Simvastatin 10mg,2x500mg,oral,10,2023-10-21,20
RX04348,DGN2896,PAT01234,Tetes mata,Oles 3x sehari,topikal,10,2023-10-21,1
RX04349,DGN2897,PAT00975,Salep mata gentamicin,Oles 2x sehari,topikal,7,2023-07-31,1
RX04350,DGN2897,PAT00975,Salbutamol inhaler,Inhalasi bila sesak,inhaler,30,2023-07-31,1
RX04351,DGN2898,PAT01902,Paracetamol 500mg,1x1 sachet,oral,30,2023-04-18,30
RX04352,DGN2899,PAT01907,Oralit sachet,1x1 tablet,oral,14,2023-02-19,14
RX04353,DGN2900,PAT01010,Loperamide 2mg,3x500mg,oral,14,2022-08-05,42
RX04354,DGN2901,PAT01270,Antibiotik salep,Oles 3x sehari,topikal,10,13/01/2025,1
RX04355,DGN2902,PAT00108,Amoxicillin 500mg,2x1 sachet,oral,3,2024-07-24,6
RX04356,DGN2902,PAT00108,Loperamide 2mg,2x1 sachet,oral,3,2024-07-24,6
RX04357,DGN2903,PAT01511,Ibuprofen 400mg,2x1 sachet,oral,3,25/07/2024,6
RX04358,DGN2904,PAT01356,Omeprazole 20mg,2x1 sachet,oral,10,31-08-2024,20
RX04359,DGN2905,PAT01619,Antasida,2x1 tablet,oral,7,2024-04-23,14
RX04360,DGN2905,PAT01619,Captopril 25mg,2x500mg,oral,7,2024-04-23,14
RX04361,DGN2906,PAT00655,Mefenamic acid 500mg,2x1 tablet,oral,7,2022-06-23,14
RX04362,DGN2907,PAT01783,Ranitidine 150mg,1x1 tablet,oral,30,2025-01-18,30
RX04363,DGN2907,PAT01783,Amoxicillin 500mg,2x1 tablet,oral,30,2025-01-18,60
RX04364,DGN2907,PAT01783,Antasida,3x1 tablet,oral,14,2025-01-18,42
RX04365,DGN2908,PAT00844,Amoxicillin 500mg,3x500mg,oral,7,25/05/2022,21
RX04366,DGN2908,PAT00844,Ibuprofen 400mg,2x1 sachet,oral,10,25/05/2022,20
RX04367,DGN2909,PAT00292,Tetes mata,Oles 3x sehari,topikal,10,22/05/2024,1
RX04368,DGN2909,PAT00292,Oralit sachet,2x500mg,oral,7,22/05/2024,14
RX04369,DGN2910,PAT01482,Budesonide inhaler,Inhalasi bila sesak,inhaler,10,2024-06-02,1
RX04370,DGN2911,PAT01827,Ciprofloxacin 500mg,2x1 tablet,oral,30,30-12-2024,60
RX04371,DGN2912,PAT00419,ORS pediatric,3x1 tablet,oral,7,09/09/2023,21
RX04372,DGN2912,PAT00419,Amoxicillin 500mg,2x1 tablet,oral,3,09/09/2023,6
RX04373,DGN2913,PAT00936,Cetirizine 10mg,3x500mg,oral,5,19/10/2024,15
RX04374,DGN2914,PAT01418,Domperidone 10mg,1x1 sachet,oral,30,05-10-2023,30
RX04375,DGN2915,PAT00489,Cetirizine 10mg,3x1 tablet,oral,14,2024-11-19,42
RX04376,DGN2915,PAT00489,Oralit sachet,3x1 tablet,oral,30,2024-11-19,90
RX04377,DGN2915,PAT00489,Salbutamol inhaler,Inhalasi bila sesak,inhaler,10,2024-11-19,1
RX04378,DGN2916,PAT00789,Budesonide inhaler,2 puff 3x sehari,inhaler,3,2024-09-28,1
RX04379,DGN2916,PAT00789,Vitamin B complex,3x500mg,oral,10,2024-09-28,30
RX04380,DGN2917,PAT01036,Domperidone 10mg,2x1 sachet,oral,7,02/04/2022,14
RX04381,DGN2917,PAT01036,Budesonide inhaler,Inhalasi bila sesak,inhaler,5,02/04/2022,1
RX04382,DGN2918,PAT01082,Salep mata gentamicin,Oles pagi & malam,topikal,3,18/05/2023,1
RX04383,DGN2918,PAT01082,Omeprazole 20mg,2x500mg,oral,5,18/05/2023,10
RX04384,DGN2918,PAT01082,Mefenamic acid 500mg,2x1 tablet,oral,10,18/05/2023,20
RX04385,DGN2919,PAT01334,Vitamin C 500mg,3x1 tablet,oral,30,15/01/2025,90
RX04386,DGN2919,PAT01334,Dexamethasone inj,Injeksi 1x sehari,injeksi,30,15/01/2025,10
RX04387,DGN2919,PAT01334,Cetirizine 10mg,3x500mg,oral,14,15/01/2025,42
RX04388,DGN2920,PAT00335,Mefenamic acid 500mg,3x1 tablet,oral,30,2024-05-26,90
RX04389,DGN2921,PAT00562,Antibiotik salep,Oles 2x sehari,topikal,7,2024-01-21,1
RX04390,DGN2922,PAT01309,Cetirizine 10mg,2x500mg,oral,10,04-09-2023,20
RX04391,DGN2923,PAT00648,Salep hidrokortison,Oles pagi & malam,topikal,3,2024-08-18,1
RX04392,DGN2923,PAT00648,Asam folat,1x1 sachet,oral,10,2024-08-18,10
RX04393,DGN2924,PAT01887,Budesonide inhaler,2 puff 3x sehari,inhaler,10,28-07-2024,1
RX04394,DGN2924,PAT01887,Antasida,2x1 tablet,oral,10,28-07-2024,20
RX04395,DGN2925,PAT01108,Amoxicillin 500mg,3x1 tablet,oral,14,17/09/2023,42
RX04396,DGN2925,PAT01108,Salep hidrokortison,Oles 2x sehari,topikal,3,17/09/2023,1
RX04397,DGN2925,PAT01108,Paracetamol 500mg,1x1 sachet,oral,10,17/09/2023,10
RX04398,DGN2926,PAT01956,Glibenclamide 5mg,1x1 tablet,oral,5,2023-06-30,5
RX04399,DGN2927,PAT01848,Vitamin B complex,1x1 tablet,oral,7,14/07/2023,7
RX04400,DGN2927,PAT01848,Salep mata gentamicin,Oles 2x sehari,topikal,5,14/07/2023,1
RX04401,DGN2928,PAT00900,Salep mata gentamicin,Oles 2x sehari,topikal,3,2023-07-06,1
RX04402,DGN2929,PAT00116,Salep hidrokortison,Oles pagi & malam,topikal,5,22-05-2024,1
RX04403,DGN2930,PAT01688,Salep mata gentamicin,Oles pagi & malam,topikal,5,2024-07-15,1
RX04404,DGN2930,PAT01688,Amlodipine 5mg,2x1 sachet,oral,14,2024-07-15,28
RX04405,DGN2931,PAT01160,Budesonide inhaler,Inhalasi bila sesak,inhaler,10,22/07/2024,1
RX04406,DGN2931,PAT01160,Vitamin C 500mg,1x1 sachet,oral,14,22/07/2024,14
RX04407,DGN2932,PAT01301,Metformin 500mg,1x1 tablet,oral,10,17/11/2021,10
RX04408,DGN2932,PAT01301,Dexamethasone inj,Injeksi 1x sehari,injeksi,30,17/11/2021,10
RX04409,DGN2933,PAT00071,Vitamin B complex,3x1 tablet,oral,14,02/10/2023,42
RX04410,DGN2933,PAT00071,Salbutamol inhaler,Inhalasi bila sesak,inhaler,7,02/10/2023,1
RX04411,DGN2934,PAT00103,Omeprazole 20mg,1x1 tablet,oral,30,09/04/2024,30
RX04412,DGN2935,PAT00583,Mefenamic acid 500mg,3x500mg,oral,10,2023-11-17,30
RX04413,DGN2935,PAT00583,Cetirizine 10mg,2x1 sachet,oral,5,2023-11-17,10
RX04414,DGN2936,PAT01294,Simvastatin 10mg,2x1 sachet,oral,30,03/11/2024,60
RX04415,DGN2937,PAT01860,Budesonide inhaler,Inhalasi bila sesak,inhaler,14,2023-11-27,1
RX04416,DGN2938,PAT01090,Dexamethasone inj,Injeksi 1x sehari,injeksi,3,18-08-2021,1
RX04417,DGN2939,PAT00689,Salep hidrokortison,Oles pagi & malam,topikal,5,08/12/2022,1
RX04418,DGN2940,PAT01798,Dexamethasone inj,Injeksi 1x sehari,injeksi,7,2025-01-22,2
RX04419,DGN2941,PAT01383,Metformin 500mg,2x500mg,oral,14,07/12/2024,28
RX04420,DGN2942,PAT01157,Budesonide inhaler,2 puff 2x sehari,inhaler,10,2024-10-30,1
RX04421,DGN2942,PAT01157,Antasida,3x500mg,oral,14,2024-10-30,42
RX04422,DGN2943,PAT00884,Vitamin B complex,2x500mg,oral,10,04/11/2024,20
RX04423,DGN2944,PAT00327,Vitamin C 500mg,3x500mg,oral,14,18/11/2023,42
RX04424,DGN2945,PAT00296,Ranitidine 150mg,2x500mg,oral,5,15/12/2024,10
RX04425,DGN2946,PAT00903,Ciprofloxacin 500mg,2x500mg,oral,10,07/12/2024,20
RX04426,DGN2947,PAT00805,Salbutamol inhaler,Inhalasi bila sesak,inhaler,7,2024-05-15,1
RX04427,DGN2948,PAT00732,Antasida,2x1 sachet,oral,5,2024-12-23,10
RX04428,DGN2948,PAT00732,Antasida,2x1 tablet,oral,10,2024-12-23,20
RX04429,DGN2949,PAT01409,Dexamethasone inj,Injeksi tunggal,injeksi,3,26-08-2023,1
RX04430,DGN2949,PAT01409,Captopril 25mg,2x1 sachet,oral,5,26-08-2023,10
RX04431,DGN2950,PAT00536,ORS pediatric,2x500mg,oral,3,2024-07-26,6
RX04432,DGN2950,PAT00536,Glibenclamide 5mg,2x500mg,oral,3,2024-07-26,6
RX04433,DGN2951,PAT00725,Ibuprofen 400mg,3x500mg,oral,30,19/04/2023,90
RX04434,DGN2952,PAT00395,Omeprazole 20mg,2x500mg,oral,3,2023-09-22,6
RX04435,DGN2953,PAT01509,Salep mata gentamicin,Oles 2x sehari,topikal,30,28/08/2021,1
RX04436,DGN2953,PAT01509,Simvastatin 10mg,2x1 tablet,oral,14,28/08/2021,28
RX04437,DGN2954,PAT01705,Salep mata gentamicin,Oles 3x sehari,topikal,7,09-01-2022,1
RX04438,DGN2954,PAT01705,Antasida,1x1 sachet,oral,5,09-01-2022,5
RX04439,DGN2954,PAT01705,Loperamide 2mg,2x500mg,oral,7,09-01-2022,14
RX04440,DGN2955,PAT00482,Mefenamic acid 500mg,3x1 tablet,oral,5,28-06-2024,15
RX04441,DGN2955,PAT00482,Domperidone 10mg,3x1 tablet,oral,14,28-06-2024,42
RX04442,DGN2956,PAT01773,Asam folat,2x500mg,oral,14,19/01/2022,28
RX04443,DGN2956,PAT01773,Salep gatal,Oles 2x sehari,topikal,30,19/01/2022,1
RX04444,DGN2956,PAT01773,Dexamethasone inj,Injeksi tunggal,injeksi,3,19/01/2022,1
RX04445,DGN2957,PAT01977,Salep mata gentamicin,Oles 3x sehari,topikal,14,2023-12-08,1
RX04446,DGN2957,PAT01977,Salep hidrokortison,Oles pagi & malam,topikal,10,2023-12-08,1
RX04447,DGN2958,PAT00511,Loratadine 10mg,2x500mg,oral,30,2023-03-31,60
RX04448,DGN2959,PAT01680,Ranitidine 150mg,3x1 tablet,oral,30,23-10-2024,90
RX04449,DGN2960,PAT00894,Dexamethasone inj,Injeksi 1x sehari,injeksi,3,22/03/2022,1
RX04450,DGN2960,PAT00894,Simvastatin 10mg,3x500mg,oral,3,22/03/2022,9
RX04451,DGN2961,PAT00405,Mefenamic acid 500mg,2x500mg,oral,14,09-04-2023,28
RX04452,DGN2962,PAT01170,Ibuprofen 400mg,1x1 sachet,oral,14,23-09-2021,14
RX04453,DGN2962,PAT01170,Antibiotik salep,Oles pagi & malam,topikal,10,23-09-2021,1
RX04454,DGN2963,PAT01428,Vitamin B complex,2x500mg,oral,10,2023-02-11,20
RX04455,DGN2963,PAT01428,Vitamin B complex,2x500mg,oral,14,2023-02-11,28
RX04456,DGN2964,PAT01104,Cetirizine 10mg,2x1 sachet,oral,7,2023-12-05,14
RX04457,DGN2965,PAT01931,Dexamethasone inj,Injeksi tunggal,injeksi,7,09-01-2025,2
RX04458,DGN2966,PAT00518,Salep mata gentamicin,Oles 2x sehari,topikal,10,01/02/2023,1
RX04459,DGN2966,PAT00518,Oralit sachet,3x500mg,oral,7,01/02/2023,21
RX04460,DGN2967,PAT00680,Oralit sachet,1x1 sachet,oral,7,2023-08-16,7
RX04461,DGN2968,PAT00552,Salbutamol inhaler,2 puff 3x sehari,inhaler,10,2023-06-24,1
RX04462,DGN2968,PAT00552,Metformin 500mg,3x1 tablet,oral,30,2023-06-24,90
RX04463,DGN2969,PAT00007,Asam folat,2x500mg,oral,30,23/04/2023,60
RX04464,DGN2969,PAT00007,Mefenamic acid 500mg,3x500mg,oral,5,23/04/2023,15
RX04465,DGN2970,PAT01774,Captopril 25mg,1x1 sachet,oral,10,2023-10-04,10
RX04466,DGN2971,PAT00622,Loperamide 2mg,2x1 tablet,oral,30,2024-03-08,60
RX04467,DGN2971,PAT00622,Asam folat,1x1 sachet,oral,3,2024-03-08,3
RX04468,DGN2971,PAT00622,Vitamin C 500mg,1x1 tablet,oral,5,2024-03-08,5
RX04469,DGN2972,PAT01068,Antasida,2x500mg,oral,7,2023-06-07,14
RX04470,DGN2973,PAT00432,Glibenclamide 5mg,2x1 tablet,oral,3,25-12-2024,6
RX04471,DGN2973,PAT00432,Oralit sachet,2x1 sachet,oral,10,25-12-2024,20
RX04472,DGN2974,PAT01037,Omeprazole 20mg,2x1 sachet,oral,3,2021-06-18,6
RX04473,DGN2975,PAT00912,Metformin 500mg,3x500mg,oral,30,2024-09-25,90
RX04474,DGN2976,PAT00100,Captopril 25mg,2x1 sachet,oral,30,2024-08-08,60
RX04475,DGN2977,PAT00656,ORS pediatric,2x1 sachet,oral,14,2024-03-13,28
RX04476,DGN2977,PAT00656,Loratadine 10mg,2x500mg,oral,5,2024-03-13,10
RX04477,DGN2978,PAT01322,Loperamide 2mg,1x1 sachet,oral,10,06-09-2024,10
RX04478,DGN2979,PAT00892,Ibuprofen 400mg,1x1 tablet,oral,5,10/11/2024,5
RX04479,DGN2980,PAT00537,Salep mata gentamicin,Oles 2x sehari,topikal,5,28-07-2024,1
RX04480,DGN2981,PAT01733,Loratadine 10mg,3x500mg,oral,30,05/06/2024,90
RX04481,DGN2981,PAT01733,Ciprofloxacin 500mg,2x1 tablet,oral,30,05/06/2024,60
RX04482,DGN2982,PAT01159,Salep gatal,Oles pagi & malam,topikal,5,31/10/2024,1
RX04483,DGN2983,PAT00368,Amoxicillin 500mg,3x1 tablet,oral,5,2024-06-30,15
RX04484,DGN2984,PAT00383,Dexamethasone inj,Injeksi tunggal,injeksi,3,23/03/2023,1
RX04485,DGN2985,PAT00738,ORS pediatric,3x1 tablet,oral,3,27-10-2024,9
RX04486,DGN2985,PAT00738,Ranitidine 150mg,2x500mg,oral,5,27-10-2024,10
RX04487,DGN2986,PAT00459,Ibuprofen 400mg,2x1 tablet,oral,3,2022-02-20,6
RX04488,DGN2986,PAT00459,Antasida,2x1 tablet,oral,14,2022-02-20,28
RX04489,DGN2987,PAT01000,Tetes mata,Oles pagi & malam,topikal,10,2024-12-20,1
RX04490,DGN2987,PAT01000,Antibiotik salep,Oles 3x sehari,topikal,7,2024-12-20,1
RX04491,DGN2987,PAT01000,Captopril 25mg,2x1 tablet,oral,10,2024-12-20,20
RX04492,DGN2988,PAT01113,Antibiotik salep,Oles 3x sehari,topikal,30,02-02-2024,1
RX04493,DGN2988,PAT01113,Ciprofloxacin 500mg,3x500mg,oral,10,02-02-2024,30
RX04494,DGN2989,PAT00847,Antibiotik salep,Oles 3x sehari,topikal,5,2024-02-09,1
RX04495,DGN2989,PAT00847,Vitamin B complex,2x1 tablet,oral,5,2024-02-09,10
RX04496,DGN2990,PAT00288,Simvastatin 10mg,2x1 tablet,oral,10,2022-05-13,20
RX04497,DGN2991,PAT00288,Oralit sachet,2x1 tablet,oral,3,2023-05-31,6
RX04498,DGN2992,PAT00339,ORS pediatric,3x500mg,oral,10,18-02-2024,30
RX04499,DGN2993,PAT00077,Omeprazole 20mg,1x1 sachet,oral,5,2024-01-20,5
RX04500,DGN2994,PAT01889,Vitamin C 500mg,3x500mg,oral,14,07-07-2024,42
RX04501,DGN2994,PAT01889,Mefenamic acid 500mg,1x1 tablet,oral,5,07-07-2024,5
RX04502,DGN2995,PAT01604,Ibuprofen 400mg,2x1 sachet,oral,30,2023-04-10,60
RX04503,DGN2996,PAT01478,Salep mata gentamicin,Oles 3x sehari,topikal,30,04-03-2023,1
RX04504,DGN2997,PAT00125,Amlodipine 5mg,1x1 sachet,oral,14,2024-10-25,14
RX04505,DGN2998,PAT00375,Ranitidine 150mg,1x1 sachet,oral,14,18-09-2024,14
RX04506,DGN2999,PAT01419,Vitamin C 500mg,2x1 sachet,oral,30,2024-02-05,60
RX04507,DGN3000,PAT01761,Salbutamol inhaler,2 puff 2x sehari,inhaler,3,2023-07-09,1
RX04508,DGN3000,PAT01761,Loratadine 10mg,2x500mg,oral,14,2023-07-09,28
RX04509,DGN3001,PAT00842,ORS pediatric,1x1 sachet,oral,3,23/10/2023,3
RX04510,DGN3001,PAT00842,Paracetamol 500mg,2x500mg,oral,30,23/10/2023,60
RX04511,DGN3001,PAT00842,Domperidone 10mg,2x1 sachet,oral,5,23/10/2023,10
RX04512,DGN3002,PAT00372,Salbutamol inhaler,Inhalasi bila sesak,inhaler,30,30/07/2021,1
RX04513,DGN3002,PAT00372,Omeprazole 20mg,2x500mg,oral,5,30/07/2021,10
RX04514,DGN3003,PAT00245,Glibenclamide 5mg,2x500mg,oral,3,20-11-2023,6
RX04515,DGN3004,PAT00249,Dexamethasone inj,Injeksi tunggal,injeksi,3,2023-08-18,1
RX04516,DGN3005,PAT00178,Salep gatal,Oles pagi & malam,topikal,7,2024-04-02,1
RX04517,DGN3005,PAT00178,Simvastatin 10mg,2x1 tablet,oral,5,2024-04-02,10
RX04518,DGN3006,PAT01589,Asam folat,1x1 sachet,oral,7,15/04/2024,7
RX04519,DGN3006,PAT01589,Omeprazole 20mg,1x1 tablet,oral,14,15/04/2024,14
RX04520,DGN3007,PAT00276,Vitamin B complex,2x500mg,oral,7,03-01-2024,14
RX04521,DGN3007,PAT00276,Antibiotik salep,Oles pagi & malam,topikal,5,03-01-2024,1
RX04522,DGN3008,PAT01039,Asam folat,2x1 tablet,oral,30,27-08-2024,60
RX04523,DGN3008,PAT01039,Amlodipine 5mg,3x1 tablet,oral,5,27-08-2024,15
RX04524,DGN3009,PAT01294,Vitamin B complex,3x1 tablet,oral,7,03-11-2024,21
RX04525,DGN3009,PAT01294,Paracetamol 500mg,2x1 sachet,oral,30,03-11-2024,60
RX04526,DGN3010,PAT01374,Tetes mata,Oles 3x sehari,topikal,14,2023-08-24,1
RX04527,DGN3010,PAT01374,Salep gatal,Oles pagi & malam,topikal,3,2023-08-24,1
RX04528,DGN3011,PAT00140,Budesonide inhaler,2 puff 3x sehari,inhaler,3,2023-12-31,1
RX04529,DGN3012,PAT00115,Metformin 500mg,1x1 sachet,oral,5,09/02/2024,5
RX04530,DGN3013,PAT01581,Captopril 25mg,3x500mg,oral,30,2025-01-05,90
RX04531,DGN3013,PAT01581,Vitamin C 500mg,3x1 tablet,oral,14,2025-01-05,42
RX04532,DGN3014,PAT01606,Antibiotik salep,Oles 3x sehari,topikal,14,2024-02-11,1
RX04533,DGN3015,PAT00912,Salbutamol inhaler,2 puff 2x sehari,inhaler,14,2024-06-13,1
RX04534,DGN3015,PAT00912,Tetes mata,Oles 3x sehari,topikal,7,2024-06-13,1
RX04535,DGN3016,PAT00048,Salep hidrokortison,Oles 3x sehari,topikal,10,2023-04-14,1
RX04536,DGN3016,PAT00048,Paracetamol 500mg,3x1 tablet,oral,30,2023-04-14,90
RX04537,DGN3017,PAT01424,Budesonide inhaler,2 puff 3x sehari,inhaler,10,07/09/2021,1
RX04538,DGN3017,PAT01424,Vitamin B complex,2x1 sachet,oral,7,07/09/2021,14
RX04539,DGN3018,PAT01460,Loperamide 2mg,2x500mg,oral,30,11/03/2024,60
RX04540,DGN3019,PAT01015,Vitamin B complex,1x1 sachet,oral,30,24-09-2023,30
RX04541,DGN3019,PAT01015,Budesonide inhaler,2 puff 2x sehari,inhaler,30,24-09-2023,1
RX04542,DGN3020,PAT00075,Salep mata gentamicin,Oles 3x sehari,topikal,5,26-08-2024,1
RX04543,DGN3020,PAT00075,ORS pediatric,3x500mg,oral,7,26-08-2024,21
RX04544,DGN3021,PAT01481,Ciprofloxacin 500mg,2x1 tablet,oral,14,12/09/2023,28
RX04545,DGN3022,PAT00736,Salep hidrokortison,Oles 2x sehari,topikal,3,2024-09-11,1
RX04546,DGN3023,PAT01628,Domperidone 10mg,3x1 tablet,oral,3,06/02/2023,9
RX04547,DGN3024,PAT00110,Cetirizine 10mg,2x500mg,oral,3,2023-06-24,6
RX04548,DGN3025,PAT01296,Cetirizine 10mg,1x1 sachet,oral,30,2024-09-05,30
RX04549,DGN3025,PAT01296,Oralit sachet,3x1 tablet,oral,3,2024-09-05,9
RX04550,DGN3026,PAT01716,Salbutamol inhaler,Inhalasi bila sesak,inhaler,5,11-06-2022,1
RX04551,DGN3027,PAT00193,Simvastatin 10mg,2x500mg,oral,3,20/09/2023,6
RX04552,DGN3027,PAT00193,Omeprazole 20mg,3x1 tablet,oral,7,20/09/2023,21
RX04553,DGN3027,PAT00193,Metformin 500mg,3x1 tablet,oral,14,20/09/2023,42
RX04554,DGN3028,PAT00191,Ibuprofen 400mg,2x1 tablet,oral,30,03/02/2024,60
RX04555,DGN3028,PAT00191,Vitamin B complex,2x1 sachet,oral,5,03/02/2024,10
RX04556,DGN3029,PAT01024,Salep mata gentamicin,Oles 3x sehari,topikal,5,26/01/2025,1
RX04557,DGN3030,PAT01726,Glibenclamide 5mg,2x1 tablet,oral,30,2024-01-12,60
RX04558,DGN3031,PAT00239,Asam folat,2x1 sachet,oral,5,15/11/2022,10
RX04559,DGN3031,PAT00239,Domperidone 10mg,2x500mg,oral,14,15/11/2022,28
RX04560,DGN3032,PAT01959,Ibuprofen 400mg,1x1 tablet,oral,5,03/06/2023,5
RX04561,DGN3033,PAT00226,Ranitidine 150mg,2x1 tablet,oral,14,2023-06-20,28
RX04562,DGN3034,PAT01618,Vitamin C 500mg,1x1 sachet,oral,7,2024-01-06,7
RX04563,DGN3035,PAT00786,Salep mata gentamicin,Oles pagi & malam,topikal,10,2024-09-09,1
RX04564,DGN3036,PAT01751,Salbutamol inhaler,2 puff 2x sehari,inhaler,14,2022-10-26,1
RX04565,DGN3037,PAT01205,Ibuprofen 400mg,1x1 sachet,oral,3,12-09-2024,3
RX04566,DGN3038,PAT00927,Ranitidine 150mg,2x1 sachet,oral,7,2022-11-07,14
RX04567,DGN3039,PAT01460,Asam folat,2x500mg,oral,30,29-11-2023,60
RX04568,DGN3040,PAT01215,Paracetamol 500mg,3x1 tablet,oral,3,05/04/2023,9
RX04569,DGN3040,PAT01215,Paracetamol 500mg,3x1 tablet,oral,7,05/04/2023,21
RX04570,DGN3040,PAT01215,Salep hidrokortison,Oles 3x sehari,topikal,14,05/04/2023,1
RX04571,DGN3041,PAT00195,Omeprazole 20mg,1x1 sachet,oral,7,02-07-2024,7
RX04572,DGN3042,PAT00215,Metformin 500mg,1x1 sachet,oral,7,29/01/2024,7
RX04573,DGN3042,PAT00215,Amoxicillin 500mg,3x500mg,oral,10,29/01/2024,30
RX04574,DGN3043,PAT00433,Salep mata gentamicin,Oles pagi & malam,topikal,30,2022-07-20,1
RX04575,DGN3044,PAT01996,Oralit sachet,2x1 tablet,oral,7,2022-12-24,14
RX04576,DGN3044,PAT01996,Dexamethasone inj,Injeksi tunggal,injeksi,30,2022-12-24,10
RX04577,DGN3045,PAT00946,Metformin 500mg,3x500mg,oral,7,2023-10-07,21
RX04578,DGN3046,PAT01860,Omeprazole 20mg,2x500mg,oral,14,2024-05-15,28
RX04579,DGN3047,PAT01280,Amoxicillin 500mg,3x500mg,oral,30,06/08/2024,90
RX04580,DGN3047,PAT01280,Glibenclamide 5mg,3x1 tablet,oral,7,06/08/2024,21
RX04581,DGN3048,PAT01932,Asam folat,3x1 tablet,oral,3,29-02-2024,9
RX04582,DGN3049,PAT00458,Salep mata gentamicin,Oles 3x sehari,topikal,7,09-11-2024,1
RX04583,DGN3049,PAT00458,Paracetamol 500mg,1x1 sachet,oral,3,09-11-2024,3
RX04584,DGN3050,PAT00585,Ciprofloxacin 500mg,2x1 sachet,oral,10,19-09-2024,20
RX04585,DGN3051,PAT00099,Budesonide inhaler,2 puff 2x sehari,inhaler,7,06-04-2024,1
RX04586,DGN3051,PAT00099,Omeprazole 20mg,1x1 tablet,oral,14,06-04-2024,14
RX04587,DGN3052,PAT00625,Captopril 25mg,1x1 tablet,oral,10,22/06/2022,10
RX04588,DGN3052,PAT00625,Salbutamol inhaler,2 puff 2x sehari,inhaler,3,22/06/2022,1
RX04589,DGN3053,PAT01060,Loperamide 2mg,2x1 sachet,oral,5,01/06/2024,10
RX04590,DGN3054,PAT00660,Budesonide inhaler,Inhalasi bila sesak,inhaler,5,2023-07-04,1
RX04591,DGN3054,PAT00660,Cetirizine 10mg,3x1 tablet,oral,30,2023-07-04,90
RX04592,DGN3055,PAT00597,Salep hidrokortison,Oles 2x sehari,topikal,7,09-05-2024,1
RX04593,DGN3055,PAT00597,Vitamin C 500mg,2x500mg,oral,3,09-05-2024,6
RX04594,DGN3056,PAT01389,Simvastatin 10mg,3x1 tablet,oral,30,21/04/2024,90
RX04595,DGN3056,PAT01389,Omeprazole 20mg,2x500mg,oral,30,21/04/2024,60
RX04596,DGN3057,PAT01317,Dexamethasone inj,Injeksi tunggal,injeksi,10,11-01-2025,3
RX04597,DGN3058,PAT01279,Domperidone 10mg,2x1 tablet,oral,30,20-11-2024,60
RX04598,DGN3058,PAT01279,Simvastatin 10mg,3x500mg,oral,3,20-11-2024,9
RX04599,DGN3059,PAT00001,Salep mata gentamicin,Oles 2x sehari,topikal,3,2023-02-12,1
RX04600,DGN3060,PAT01073,Ibuprofen 400mg,2x1 sachet,oral,10,2023-01-17,20
RX04601,DGN3060,PAT01073,Tetes mata,Oles pagi & malam,topikal,5,2023-01-17,1
RX04602,DGN3061,PAT00119,ORS pediatric,3x1 tablet,oral,7,2024-05-12,21
RX04603,DGN3062,PAT01698,Vitamin B complex,3x1 tablet,oral,5,05/10/2024,15
RX04604,DGN3062,PAT01698,Cetirizine 10mg,2x1 sachet,oral,14,05/10/2024,28
RX04605,DGN3063,PAT00051,Oralit sachet,1x1 sachet,oral,7,06/05/2024,7
RX04606,DGN3064,PAT01517,Budesonide inhaler,2 puff 2x sehari,inhaler,10,2024-09-04,1
RX04607,DGN3064,PAT01517,Amlodipine 5mg,2x1 sachet,oral,7,2024-09-04,14
RX04608,DGN3065,PAT00872,Omeprazole 20mg,2x1 sachet,oral,7,2025-01-27,14
RX04609,DGN3066,PAT01397,Ranitidine 150mg,2x500mg,oral,7,2024-01-10,14
RX04610,DGN3067,PAT01232,Vitamin B complex,1x1 sachet,oral,14,11/11/2021,14
RX04611,DGN3068,PAT01107,ORS pediatric,1x1 tablet,oral,30,26-01-2025,30
RX04612,DGN3069,PAT01866,ORS pediatric,3x1 tablet,oral,3,27/03/2024,9
RX04613,DGN3069,PAT01866,Glibenclamide 5mg,2x500mg,oral,30,27/03/2024,60
RX04614,DGN3070,PAT01986,Dexamethasone inj,Injeksi tunggal,injeksi,5,2024-08-03,1
RX04615,DGN3070,PAT01986,Loratadine 10mg,1x1 sachet,oral,30,2024-08-03,30
RX04616,DGN3071,PAT00132,Glibenclamide 5mg,2x1 tablet,oral,14,16/01/2024,28
RX04617,DGN3071,PAT00132,Glibenclamide 5mg,2x500mg,oral,5,16/01/2024,10
RX04618,DGN3072,PAT00722,Amlodipine 5mg,3x500mg,oral,5,11-03-2022,15
RX04619,DGN3073,PAT01318,Ibuprofen 400mg,2x1 tablet,oral,3,03-12-2022,6
RX04620,DGN3073,PAT01318,Antasida,3x1 tablet,oral,14,03-12-2022,42
RX04621,DGN3074,PAT01327,Dexamethasone inj,Injeksi tunggal,injeksi,3,18-09-2024,1
RX04622,DGN3074,PAT01327,Salep gatal,Oles 2x sehari,topikal,10,18-09-2024,1
RX04623,DGN3075,PAT00964,Salep hidrokortison,Oles 2x sehari,topikal,14,23-01-2025,1
RX04624,DGN3075,PAT00964,Simvastatin 10mg,2x1 tablet,oral,30,23-01-2025,60
RX04625,DGN3076,PAT00060,Salep mata gentamicin,Oles pagi & malam,topikal,30,04-08-2024,1
RX04626,DGN3076,PAT00060,Paracetamol 500mg,1x1 sachet,oral,30,04-08-2024,30
RX04627,DGN3076,PAT00060,Metformin 500mg,1x1 sachet,oral,30,04-08-2024,30
RX04628,DGN3077,PAT00006,Budesonide inhaler,Inhalasi bila sesak,inhaler,10,2024-12-14,1
RX04629,DGN3077,PAT00006,Omeprazole 20mg,2x1 tablet,oral,10,2024-12-14,20
RX04630,DGN3078,PAT00080,Glibenclamide 5mg,1x1 tablet,oral,10,2023-07-28,10
RX04631,DGN3078,PAT00080,Budesonide inhaler,2 puff 3x sehari,inhaler,5,2023-07-28,1
RX04632,DGN3079,PAT01907,Salep gatal,Oles pagi & malam,topikal,3,03/06/2024,1
RX04633,DGN3080,PAT00502,Dexamethasone inj,Injeksi 1x sehari,injeksi,5,2023-11-09,1
RX04634,DGN3081,PAT01125,Omeprazole 20mg,3x1 tablet,oral,5,03/11/2024,15
RX04635,DGN3081,PAT01125,Paracetamol 500mg,2x1 sachet,oral,10,03/11/2024,20
RX04636,DGN3081,PAT01125,Simvastatin 10mg,2x1 tablet,oral,5,03/11/2024,10
RX04637,DGN3082,PAT01856,Budesonide inhaler,2 puff 3x sehari,inhaler,14,2024-05-09,1
RX04638,DGN3082,PAT01856,Glibenclamide 5mg,2x500mg,oral,14,2024-05-09,28
RX04639,DGN3083,PAT01761,Ranitidine 150mg,2x1 tablet,oral,14,26/07/2022,28
RX04640,DGN3084,PAT00027,Amlodipine 5mg,1x1 sachet,oral,10,25/10/2022,10
RX04641,DGN3084,PAT00027,Loratadine 10mg,3x1 tablet,oral,5,25/10/2022,15
RX04642,DGN3085,PAT01774,Ranitidine 150mg,3x1 tablet,oral,7,2024-05-20,21
RX04643,DGN3086,PAT00904,Vitamin B complex,1x1 sachet,oral,5,2024-12-31,5
RX04644,DGN3087,PAT01321,Tetes mata,Oles 2x sehari,topikal,14,10/08/2024,1
RX04645,DGN3087,PAT01321,Omeprazole 20mg,2x1 tablet,oral,5,10/08/2024,10
RX04646,DGN3088,PAT00773,Dexamethasone inj,Injeksi 1x sehari,injeksi,5,2024-12-14,1
RX04647,DGN3089,PAT01601,Amlodipine 5mg,2x1 sachet,oral,14,13-10-2024,28
RX04648,DGN3090,PAT01398,Salep gatal,Oles 2x sehari,topikal,5,04-11-2023,1
RX04649,DGN3090,PAT01398,Captopril 25mg,1x1 sachet,oral,7,04-11-2023,7
RX04650,DGN3091,PAT00483,Antasida,3x500mg,oral,30,2023-08-26,90
RX04651,DGN3092,PAT01393,ORS pediatric,1x1 sachet,oral,7,20/03/2024,7
RX04652,DGN3092,PAT01393,Dexamethasone inj,Injeksi 1x sehari,injeksi,14,20/03/2024,4
RX04653,DGN3093,PAT00791,Vitamin C 500mg,3x1 tablet,oral,10,22/03/2023,30
RX04654,DGN3094,PAT00403,Antibiotik salep,Oles 3x sehari,topikal,10,2024-09-28,1
RX04655,DGN3095,PAT01577,Ciprofloxacin 500mg,2x1 sachet,oral,10,13/09/2023,20
RX04656,DGN3095,PAT01577,Antibiotik salep,Oles pagi & malam,topikal,30,13/09/2023,1
RX04657,DGN3096,PAT00279,ORS pediatric,3x1 tablet,oral,10,01/01/2023,30
RX04658,DGN3097,PAT00651,Tetes mata,Oles 3x sehari,topikal,5,15/09/2022,1
RX04659,DGN3098,PAT00603,Oralit sachet,2x1 tablet,oral,5,02-10-2024,10
RX04660,DGN3099,PAT00029,Vitamin C 500mg,1x1 tablet,oral,3,2024-08-27,3
RX04661,DGN3100,PAT00636,Amoxicillin 500mg,1x1 sachet,oral,3,03/05/2024,3
RX04662,DGN3100,PAT00636,Budesonide inhaler,Inhalasi bila sesak,inhaler,7,03/05/2024,1
RX04663,DGN3101,PAT00907,Paracetamol 500mg,1x1 sachet,oral,7,2024-07-28,7
RX04664,DGN3102,PAT01640,Glibenclamide 5mg,3x500mg,oral,30,2024-02-25,90
RX04665,DGN3102,PAT01640,Salbutamol inhaler,2 puff 3x sehari,inhaler,5,2024-02-25,1
RX04666,DGN3103,PAT00574,Salep mata gentamicin,Oles 2x sehari,topikal,5,2022-04-06,1
RX04667,DGN3104,PAT00595,Paracetamol 500mg,2x1 tablet,oral,7,04/02/2023,14
RX04668,DGN3104,PAT00595,Domperidone 10mg,1x1 tablet,oral,7,04/02/2023,7
RX04669,DGN3105,PAT00106,Vitamin C 500mg,3x1 tablet,oral,10,30-01-2023,30
RX04670,DGN3106,PAT00151,Tetes mata,Oles 3x sehari,topikal,5,2023-09-14,1
RX04671,DGN3107,PAT01016,Ciprofloxacin 500mg,1x1 tablet,oral,3,14/11/2022,3
RX04672,DGN3108,PAT01840,Salep hidrokortison,Oles 3x sehari,topikal,10,2023-12-23,1
RX04673,DGN3108,PAT01840,Amlodipine 5mg,3x500mg,oral,3,2023-12-23,9
RX04674,DGN3108,PAT01840,Antibiotik salep,Oles 2x sehari,topikal,5,2023-12-23,1
RX04675,DGN3109,PAT00539,Tetes mata,Oles 3x sehari,topikal,30,02-01-2023,1
RX04676,DGN3110,PAT00897,Ciprofloxacin 500mg,3x1 tablet,oral,7,14/06/2024,21
RX04677,DGN3110,PAT00897,Cetirizine 10mg,1x1 tablet,oral,7,14/06/2024,7
RX04678,DGN3110,PAT00897,Antibiotik salep,Oles pagi & malam,topikal,10,14/06/2024,1
RX04679,DGN3111,PAT00224,Domperidone 10mg,1x1 tablet,oral,30,2024-10-06,30
RX04680,DGN3112,PAT00112,Salbutamol inhaler,Inhalasi bila sesak,inhaler,30,2022-08-11,1
RX04681,DGN3112,PAT00112,Dexamethasone inj,Injeksi 1x sehari,injeksi,14,2022-08-11,4
RX04682,DGN3113,PAT01478,Vitamin B complex,2x1 sachet,oral,14,07/06/2023,28
RX04683,DGN3114,PAT00336,Loperamide 2mg,2x1 sachet,oral,14,27/05/2024,28
RX04684,DGN3114,PAT00336,Ranitidine 150mg,2x500mg,oral,10,27/05/2024,20
RX04685,DGN3115,PAT01567,Loratadine 10mg,2x500mg,oral,5,12/01/2025,10
RX04686,DGN3116,PAT01548,Oralit sachet,3x1 tablet,oral,14,17/11/2021,42
RX04687,DGN3116,PAT01548,Omeprazole 20mg,2x1 sachet,oral,3,17/11/2021,6
RX04688,DGN3117,PAT00907,Vitamin C 500mg,2x1 sachet,oral,3,24/12/2024,6
RX04689,DGN3117,PAT00907,Amlodipine 5mg,2x500mg,oral,7,24/12/2024,14
RX04690,DGN3118,PAT00903,Salbutamol inhaler,2 puff 3x sehari,inhaler,14,26/07/2024,1
RX04691,DGN3119,PAT00952,Mefenamic acid 500mg,3x500mg,oral,5,28-11-2023,15
RX04692,DGN3120,PAT00543,Tetes mata,Oles 3x sehari,topikal,3,2023-03-19,1
RX04693,DGN3121,PAT01981,Amoxicillin 500mg,1x1 sachet,oral,14,2024-02-18,14
RX04694,DGN3122,PAT01833,Amlodipine 5mg,3x500mg,oral,30,14/03/2024,90
RX04695,DGN3123,PAT00507,Loperamide 2mg,2x1 tablet,oral,30,2023-10-11,60
RX04696,DGN3124,PAT00420,Ciprofloxacin 500mg,3x500mg,oral,14,2024-10-01,42
RX04697,DGN3125,PAT00980,Domperidone 10mg,3x1 tablet,oral,30,15/10/2023,90
RX04698,DGN3125,PAT00980,Loperamide 2mg,1x1 sachet,oral,14,15/10/2023,14
RX04699,DGN3126,PAT00124,Antasida,3x500mg,oral,14,19/09/2024,42
RX04700,DGN3126,PAT00124,Cetirizine 10mg,1x1 sachet,oral,5,19/09/2024,5
RX04701,DGN3126,PAT00124,Salep mata gentamicin,Oles pagi & malam,topikal,5,19/09/2024,1
RX04702,DGN3127,PAT00556,Domperidone 10mg,1x1 sachet,oral,14,2024-03-16,14
RX04703,DGN3127,PAT00556,Vitamin C 500mg,2x500mg,oral,30,2024-03-16,60
RX04704,DGN3128,PAT01050,Amoxicillin 500mg,1x1 sachet,oral,14,15-11-2024,14
RX04705,DGN3128,PAT01050,Glibenclamide 5mg,2x1 sachet,oral,7,15-11-2024,14
RX04706,DGN3129,PAT01788,Cetirizine 10mg,3x500mg,oral,10,06/06/2024,30
RX04707,DGN3129,PAT01788,Salep hidrokortison,Oles 3x sehari,topikal,10,06/06/2024,1
RX04708,DGN3130,PAT01172,Glibenclamide 5mg,1x1 sachet,oral,3,2024-05-06,3
RX04709,DGN3131,PAT00553,Asam folat,2x1 tablet,oral,10,03-12-2022,20
RX04710,DGN3131,PAT00553,Antasida,2x500mg,oral,3,03-12-2022,6
RX04711,DGN3131,PAT00553,Domperidone 10mg,1x1 sachet,oral,30,03-12-2022,30
RX04712,DGN3132,PAT00205,Simvastatin 10mg,2x1 tablet,oral,7,08/12/2024,14
RX04713,DGN3132,PAT00205,Tetes mata,Oles pagi & malam,topikal,10,08/12/2024,1
RX04714,DGN3132,PAT00205,Salbutamol inhaler,2 puff 2x sehari,inhaler,30,08/12/2024,1
RX04715,DGN3133,PAT01078,Mefenamic acid 500mg,3x1 tablet,oral,7,31/12/2021,21
RX04716,DGN3134,PAT01790,Salep gatal,Oles 2x sehari,topikal,7,16/12/2024,1
RX04717,DGN3134,PAT01790,Domperidone 10mg,2x500mg,oral,30,16/12/2024,60
RX04718,DGN3135,PAT01264,Asam folat,3x500mg,oral,7,23-11-2023,21
RX04719,DGN3136,PAT01062,Antasida,3x1 tablet,oral,3,11/03/2024,9
RX04720,DGN3137,PAT00643,Glibenclamide 5mg,2x500mg,oral,14,07/05/2022,28
RX04721,DGN3137,PAT00643,Loratadine 10mg,1x1 tablet,oral,7,07/05/2022,7
RX04722,DGN3138,PAT01661,Captopril 25mg,2x1 sachet,oral,10,09-01-2024,20
RX04723,DGN3139,PAT01544,Cetirizine 10mg,2x1 sachet,oral,3,23/03/2024,6
RX04724,DGN3140,PAT00751,Metformin 500mg,1x1 tablet,oral,30,18/04/2022,30
RX04725,DGN3141,PAT00184,Paracetamol 500mg,3x1 tablet,oral,14,2023-12-01,42
RX04726,DGN3141,PAT00184,Antibiotik salep,Oles 3x sehari,topikal,7,2023-12-01,1
RX04727,DGN3141,PAT00184,Ibuprofen 400mg,1x1 sachet,oral,7,2023-12-01,7
RX04728,DGN3142,PAT01004,Antasida,3x500mg,oral,3,27/11/2022,9
RX04729,DGN3142,PAT01004,Dexamethasone inj,Injeksi tunggal,injeksi,5,27/11/2022,1
RX04730,DGN3143,PAT00027,Dexamethasone inj,Injeksi tunggal,injeksi,10,29-12-2024,3
RX04731,DGN3143,PAT00027,Asam folat,2x1 tablet,oral,3,29-12-2024,6
RX04732,DGN3144,PAT01146,Omeprazole 20mg,2x500mg,oral,7,31/03/2024,14
RX04733,DGN3144,PAT01146,Glibenclamide 5mg,1x1 tablet,oral,30,31/03/2024,30
RX04734,DGN3145,PAT00054,Mefenamic acid 500mg,1x1 sachet,oral,10,14/07/2024,10
RX04735,DGN3146,PAT00520,Antasida,1x1 tablet,oral,5,2023-04-07,5
RX04736,DGN3147,PAT00522,Vitamin B complex,2x1 tablet,oral,14,2024-08-07,28
RX04737,DGN3148,PAT00718,Oralit sachet,3x500mg,oral,7,07/05/2024,21
RX04738,DGN3149,PAT00110,Cetirizine 10mg,2x1 tablet,oral,3,26/03/2023,6
RX04739,DGN3149,PAT00110,Vitamin C 500mg,2x500mg,oral,10,26/03/2023,20
RX04740,DGN3150,PAT01455,Omeprazole 20mg,1x1 sachet,oral,10,10-05-2024,10
RX04741,DGN3151,PAT00350,Amlodipine 5mg,1x1 tablet,oral,10,14/09/2022,10
RX04742,DGN3151,PAT00350,Glibenclamide 5mg,2x1 sachet,oral,7,14/09/2022,14
RX04743,DGN3151,PAT00350,Antasida,3x500mg,oral,30,14/09/2022,90
RX04744,DGN3152,PAT01065,Omeprazole 20mg,2x1 tablet,oral,7,2023-09-21,14
RX04745,DGN3153,PAT00267,Ranitidine 150mg,2x500mg,oral,5,27-05-2022,10
RX04746,DGN3154,PAT00127,Ciprofloxacin 500mg,2x1 tablet,oral,7,2024-11-06,14
RX04747,DGN3155,PAT00744,Vitamin C 500mg,1x1 tablet,oral,10,03-02-2022,10
RX04748,DGN3156,PAT01807,Salep gatal,Oles pagi & malam,topikal,5,18/04/2024,1
RX04749,DGN3157,PAT01590,Salbutamol inhaler,Inhalasi bila sesak,inhaler,14,08-03-2023,1
RX04750,DGN3158,PAT00934,Vitamin B complex,3x500mg,oral,7,30/07/2024,21
RX04751,DGN3158,PAT00934,Tetes mata,Oles pagi & malam,topikal,5,30/07/2024,1
RX04752,DGN3159,PAT00847,Captopril 25mg,2x500mg,oral,7,09/10/2023,14
RX04753,DGN3159,PAT00847,Ibuprofen 400mg,3x500mg,oral,5,09/10/2023,15
RX04754,DGN3160,PAT01201,Mefenamic acid 500mg,1x1 sachet,oral,3,27-07-2023,3
RX04755,DGN3160,PAT01201,Salep gatal,Oles pagi & malam,topikal,3,27-07-2023,1
RX04756,DGN3161,PAT00018,Vitamin B complex,3x1 tablet,oral,14,2024-10-24,42
RX04757,DGN3162,PAT01516,Mefenamic acid 500mg,1x1 sachet,oral,30,16-10-2023,30
RX04758,DGN3162,PAT01516,Loperamide 2mg,1x1 sachet,oral,14,16-10-2023,14
RX04759,DGN3163,PAT00204,Dexamethasone inj,Injeksi 1x sehari,injeksi,30,2021-10-02,10
RX04760,DGN3163,PAT00204,Simvastatin 10mg,1x1 sachet,oral,5,2021-10-02,5
RX04761,DGN3164,PAT01602,Vitamin C 500mg,3x500mg,oral,5,19/07/2021,15
RX04762,DGN3165,PAT01975,Vitamin C 500mg,3x500mg,oral,5,2024-03-12,15
RX04763,DGN3166,PAT01385,Salep gatal,Oles pagi & malam,topikal,5,2024-10-25,1
RX04764,DGN3167,PAT01630,ORS pediatric,3x500mg,oral,14,13-01-2022,42
RX04765,DGN3168,PAT00503,Ranitidine 150mg,2x1 tablet,oral,10,20/06/2022,20
RX04766,DGN3168,PAT00503,Glibenclamide 5mg,1x1 sachet,oral,30,20/06/2022,30
RX04767,DGN3168,PAT00503,Loperamide 2mg,2x1 sachet,oral,5,20/06/2022,10
RX04768,DGN3169,PAT01567,Antasida,1x1 tablet,oral,5,07-06-2023,5
RX04769,DGN3170,PAT00072,Simvastatin 10mg,2x500mg,oral,30,02-10-2023,60
RX04770,DGN3171,PAT01395,Ibuprofen 400mg,3x500mg,oral,10,2022-09-22,30
RX04771,DGN3171,PAT01395,Vitamin B complex,2x500mg,oral,30,2022-09-22,60
RX04772,DGN3172,PAT01650,Amoxicillin 500mg,2x500mg,oral,30,24/01/2025,60
RX04773,DGN3173,PAT01721,Ciprofloxacin 500mg,2x1 sachet,oral,7,18-04-2024,14
RX04774,DGN3173,PAT01721,Antibiotik salep,Oles 2x sehari,topikal,5,18-04-2024,1
RX04775,DGN3174,PAT01140,Mefenamic acid 500mg,1x1 tablet,oral,30,08-07-2023,30
RX04776,DGN3174,PAT01140,Amlodipine 5mg,3x500mg,oral,3,08-07-2023,9
RX04777,DGN3175,PAT01797,Antibiotik salep,Oles pagi & malam,topikal,14,2022-12-28,1
RX04778,DGN3176,PAT00299,Ibuprofen 400mg,2x1 sachet,oral,3,2024-06-13,6
RX04779,DGN3176,PAT00299,Mefenamic acid 500mg,2x1 sachet,oral,5,2024-06-13,10
RX04780,DGN3177,PAT00380,Amlodipine 5mg,2x500mg,oral,14,2022-12-07,28
RX04781,DGN3178,PAT00733,Cetirizine 10mg,2x500mg,oral,14,11/01/2023,28
RX04782,DGN3178,PAT00733,ORS pediatric,2x500mg,oral,5,11/01/2023,10
RX04783,DGN3178,PAT00733,Tetes mata,Oles 2x sehari,topikal,10,11/01/2023,1
RX04784,DGN3179,PAT00700,Amlodipine 5mg,2x500mg,oral,7,2024-05-16,14
RX04785,DGN3180,PAT01705,Antibiotik salep,Oles pagi & malam,topikal,10,31-01-2023,1
RX04786,DGN3181,PAT00898,Salep gatal,Oles pagi & malam,topikal,5,20/09/2023,1
RX04787,DGN3182,PAT01053,Metformin 500mg,2x1 tablet,oral,3,2022-04-24,6
RX04788,DGN3182,PAT01053,Mefenamic acid 500mg,3x500mg,oral,3,2022-04-24,9
RX04789,DGN3183,PAT00038,Cetirizine 10mg,1x1 sachet,oral,3,2023-11-30,3
RX04790,DGN3184,PAT00870,Paracetamol 500mg,2x1 tablet,oral,14,30-11-2023,28
RX04791,DGN3185,PAT01677,Metformin 500mg,2x500mg,oral,5,2021-09-04,10
RX04792,DGN3186,PAT01672,Salep mata gentamicin,Oles pagi & malam,topikal,3,2023-04-30,1
RX04793,DGN3187,PAT01699,Amlodipine 5mg,1x1 tablet,oral,10,16-03-2023,10
RX04794,DGN3188,PAT01162,Glibenclamide 5mg,3x1 tablet,oral,10,09/03/2024,30
RX04795,DGN3188,PAT01162,Glibenclamide 5mg,3x1 tablet,oral,7,09/03/2024,21
RX04796,DGN3189,PAT01281,Antasida,1x1 sachet,oral,5,02/01/2024,5
RX04797,DGN3190,PAT00090,Omeprazole 20mg,1x1 tablet,oral,10,31/07/2021,10
RX04798,DGN3190,PAT00090,Metformin 500mg,1x1 tablet,oral,3,31/07/2021,3
RX04799,DGN3190,PAT00090,Antasida,3x500mg,oral,10,31/07/2021,30
RX04800,DGN3191,PAT00028,Tetes mata,Oles pagi & malam,topikal,30,2024-12-10,1
RX04801,DGN3192,PAT01745,Salbutamol inhaler,Inhalasi bila sesak,inhaler,7,2024-12-30,1
RX04802,DGN3192,PAT01745,Captopril 25mg,3x1 tablet,oral,10,2024-12-30,30
RX04803,DGN3193,PAT01419,Salbutamol inhaler,2 puff 3x sehari,inhaler,7,20-04-2024,1
RX04804,DGN3194,PAT01070,Domperidone 10mg,1x1 sachet,oral,3,19/11/2023,3
RX04805,DGN3194,PAT01070,Metformin 500mg,3x500mg,oral,10,19/11/2023,30
RX04806,DGN3194,PAT01070,Simvastatin 10mg,1x1 sachet,oral,14,19/11/2023,14
RX04807,DGN3195,PAT01083,Ibuprofen 400mg,2x500mg,oral,3,19-04-2023,6
RX04808,DGN3196,PAT01687,Ciprofloxacin 500mg,2x500mg,oral,30,2024-11-13,60
RX04809,DGN3197,PAT00054,Salep mata gentamicin,Oles pagi & malam,topikal,5,2024-08-02,1
RX04810,DGN3197,PAT00054,Salep mata gentamicin,Oles pagi & malam,topikal,14,2024-08-02,1
RX04811,DGN3198,PAT01503,Salep gatal,Oles pagi & malam,topikal,5,24-08-2022,1
RX04812,DGN3198,PAT01503,Mefenamic acid 500mg,1x1 tablet,oral,5,24-08-2022,5
RX04813,DGN3199,PAT01869,Oralit sachet,3x500mg,oral,10,15-08-2024,30
RX04814,DGN3200,PAT01837,Ibuprofen 400mg,3x1 tablet,oral,30,24/06/2022,90
RX04815,DGN3201,PAT01750,Glibenclamide 5mg,3x1 tablet,oral,7,23/06/2022,21
RX04816,DGN3202,PAT01424,Oralit sachet,1x1 tablet,oral,5,09-10-2022,5
RX04817,DGN3203,PAT01142,ORS pediatric,1x1 tablet,oral,5,17-09-2024,5
RX04818,DGN3203,PAT01142,Vitamin B complex,2x1 tablet,oral,10,17-09-2024,20
RX04819,DGN3204,PAT01735,Ranitidine 150mg,2x500mg,oral,3,15/01/2025,6
RX04820,DGN3204,PAT01735,Loperamide 2mg,1x1 sachet,oral,30,15/01/2025,30
RX04821,DGN3205,PAT01276,Dexamethasone inj,Injeksi tunggal,injeksi,30,21/01/2025,10
RX04822,DGN3206,PAT01417,Salep mata gentamicin,Oles 3x sehari,topikal,30,2024-06-09,1
RX04823,DGN3207,PAT01451,Antibiotik salep,Oles 2x sehari,topikal,10,2023-01-26,1
RX04824,DGN3208,PAT01749,Ibuprofen 400mg,1x1 tablet,oral,7,06/12/2024,7
RX04825,DGN3209,PAT01652,Salbutamol inhaler,Inhalasi bila sesak,inhaler,30,15/01/2024,1
RX04826,DGN3210,PAT00251,Budesonide inhaler,2 puff 3x sehari,inhaler,3,26-05-2024,1
RX04827,DGN3211,PAT01911,Antibiotik salep,Oles pagi & malam,topikal,30,2022-10-24,1
RX04828,DGN3212,PAT01676,Cetirizine 10mg,2x1 sachet,oral,5,2023-01-14,10
RX04829,DGN3212,PAT01676,Tetes mata,Oles 3x sehari,topikal,14,2023-01-14,1
RX04830,DGN3213,PAT00463,Metformin 500mg,3x1 tablet,oral,10,13/09/2024,30
RX04831,DGN3214,PAT01111,Salep mata gentamicin,Oles 3x sehari,topikal,30,2025-01-10,1
RX04832,DGN3215,PAT01956,Budesonide inhaler,2 puff 3x sehari,inhaler,5,13-09-2024,1
RX04833,DGN3215,PAT01956,Dexamethasone inj,Injeksi tunggal,injeksi,30,13-09-2024,10
RX04834,DGN3216,PAT01219,Omeprazole 20mg,3x1 tablet,oral,7,2022-01-23,21
RX04835,DGN3216,PAT01219,Budesonide inhaler,2 puff 2x sehari,inhaler,5,2022-01-23,1
RX04836,DGN3217,PAT00661,Ciprofloxacin 500mg,1x1 sachet,oral,14,2024-12-06,14
RX04837,DGN3218,PAT00380,Mefenamic acid 500mg,2x1 tablet,oral,30,11/05/2024,60
RX04838,DGN3219,PAT00940,Vitamin C 500mg,3x1 tablet,oral,5,2024-09-20,15
RX04839,DGN3220,PAT01460,Antibiotik salep,Oles 2x sehari,topikal,30,15/10/2024,1
RX04840,DGN3220,PAT01460,Domperidone 10mg,2x500mg,oral,7,15/10/2024,14
RX04841,DGN3221,PAT01657,Metformin 500mg,3x500mg,oral,7,2021-12-18,21
RX04842,DGN3221,PAT01657,Mefenamic acid 500mg,2x1 tablet,oral,10,2021-12-18,20
RX04843,DGN3222,PAT01618,Captopril 25mg,2x500mg,oral,14,2023-12-05,28
RX04844,DGN3222,PAT01618,Ibuprofen 400mg,2x500mg,oral,30,2023-12-05,60
RX04845,DGN3222,PAT01618,Antibiotik salep,Oles pagi & malam,topikal,10,2023-12-05,1
RX04846,DGN3223,PAT00179,Vitamin B complex,2x500mg,oral,14,2024-04-17,28
RX04847,DGN3223,PAT00179,Tetes mata,Oles 3x sehari,topikal,14,2024-04-17,1
RX04848,DGN3224,PAT01069,Antibiotik salep,Oles pagi & malam,topikal,30,12/04/2024,1
RX04849,DGN3225,PAT01699,Metformin 500mg,2x500mg,oral,14,2024-07-29,28
RX04850,DGN3226,PAT01238,Simvastatin 10mg,3x500mg,oral,5,29-12-2024,15
RX04851,DGN3227,PAT01831,Metformin 500mg,2x500mg,oral,7,12/12/2023,14
RX04852,DGN3227,PAT01831,Loperamide 2mg,3x1 tablet,oral,30,12/12/2023,90
RX04853,DGN3228,PAT01519,Vitamin B complex,1x1 sachet,oral,3,10/04/2024,3
RX04854,DGN3228,PAT01519,Amlodipine 5mg,3x500mg,oral,5,10/04/2024,15
RX04855,DGN3228,PAT01519,Asam folat,1x1 tablet,oral,14,10/04/2024,14
RX04856,DGN3229,PAT00477,Salep gatal,Oles 2x sehari,topikal,7,31/07/2024,1
RX04857,DGN3230,PAT00694,Mefenamic acid 500mg,3x1 tablet,oral,10,20/12/2022,30
RX04858,DGN3230,PAT00694,Ibuprofen 400mg,2x1 tablet,oral,30,20/12/2022,60
RX04859,DGN3231,PAT00355,Cetirizine 10mg,1x1 sachet,oral,30,2023-10-31,30
RX04860,DGN3232,PAT00332,Cetirizine 10mg,2x500mg,oral,14,18-10-2022,28
RX04861,DGN3232,PAT00332,Antasida,3x1 tablet,oral,14,18-10-2022,42
RX04862,DGN3232,PAT00332,Simvastatin 10mg,2x1 tablet,oral,7,18-10-2022,14
RX04863,DGN3233,PAT01190,Vitamin C 500mg,3x1 tablet,oral,30,2024-12-16,90
RX04864,DGN3233,PAT01190,Tetes mata,Oles 2x sehari,topikal,3,2024-12-16,1
RX04865,DGN3234,PAT01483,Amoxicillin 500mg,1x1 sachet,oral,30,05/09/2023,30
RX04866,DGN3234,PAT01483,Oralit sachet,2x1 tablet,oral,30,05/09/2023,60
RX04867,DGN3235,PAT00818,Simvastatin 10mg,1x1 tablet,oral,3,07-06-2024,3
RX04868,DGN3236,PAT00862,Amoxicillin 500mg,3x500mg,oral,30,11/07/2024,90
RX04869,DGN3237,PAT00873,Simvastatin 10mg,3x500mg,oral,30,2023-05-23,90
RX04870,DGN3237,PAT00873,Captopril 25mg,1x1 sachet,oral,7,2023-05-23,7
RX04871,DGN3238,PAT00836,Captopril 25mg,3x1 tablet,oral,14,2023-06-22,42
RX04872,DGN3238,PAT00836,Asam folat,1x1 tablet,oral,30,2023-06-22,30
RX04873,DGN3239,PAT01987,Ibuprofen 400mg,2x500mg,oral,30,2024-11-03,60
RX04874,DGN3239,PAT01987,ORS pediatric,3x1 tablet,oral,7,2024-11-03,21
RX04875,DGN3240,PAT01598,Paracetamol 500mg,3x500mg,oral,10,2024-04-13,30
RX04876,DGN3240,PAT01598,Tetes mata,Oles 3x sehari,topikal,5,2024-04-13,1
RX04877,DGN3241,PAT00944,Salep mata gentamicin,Oles 2x sehari,topikal,5,2024-10-18,1
RX04878,DGN3241,PAT00944,Glibenclamide 5mg,2x500mg,oral,3,2024-10-18,6
RX04879,DGN3241,PAT00944,Salep gatal,Oles 3x sehari,topikal,3,2024-10-18,1
RX04880,DGN3242,PAT01637,Omeprazole 20mg,2x1 tablet,oral,5,08/12/2024,10
RX04881,DGN3242,PAT01637,Salep gatal,Oles 3x sehari,topikal,30,08/12/2024,1
RX04882,DGN3243,PAT00186,Antibiotik salep,Oles pagi & malam,topikal,7,01/08/2024,1
RX04883,DGN3244,PAT01039,Amoxicillin 500mg,1x1 tablet,oral,7,28-06-2024,7
RX04884,DGN3245,PAT00917,ORS pediatric,2x500mg,oral,7,2023-06-10,14
RX04885,DGN3245,PAT00917,Cetirizine 10mg,1x1 sachet,oral,5,2023-06-10,5
RX04886,DGN3245,PAT00917,Omeprazole 20mg,1x1 tablet,oral,30,2023-06-10,30
RX04887,DGN3246,PAT01117,Loperamide 2mg,2x500mg,oral,14,2024-07-06,28
RX04888,DGN3246,PAT01117,Tetes mata,Oles pagi & malam,topikal,10,2024-07-06,1
RX04889,DGN3246,PAT01117,Budesonide inhaler,Inhalasi bila sesak,inhaler,30,2024-07-06,1
RX04890,DGN3247,PAT01164,Omeprazole 20mg,3x1 tablet,oral,7,2024-04-12,21
RX04891,DGN3248,PAT00307,Glibenclamide 5mg,2x500mg,oral,5,16/04/2024,10
RX04892,DGN3248,PAT00307,Loperamide 2mg,3x500mg,oral,10,16/04/2024,30
RX04893,DGN3249,PAT00578,Glibenclamide 5mg,2x1 sachet,oral,3,17-02-2024,6
RX04894,DGN3249,PAT00578,Ranitidine 150mg,3x1 tablet,oral,30,17-02-2024,90
RX04895,DGN3250,PAT00807,Ranitidine 150mg,1x1 sachet,oral,10,23-09-2023,10
RX04896,DGN3251,PAT01105,Omeprazole 20mg,2x1 sachet,oral,14,07/04/2024,28
RX04897,DGN3251,PAT01105,Dexamethasone inj,Injeksi tunggal,injeksi,14,07/04/2024,4
RX04898,DGN3251,PAT01105,Loperamide 2mg,3x1 tablet,oral,30,07/04/2024,90
RX04899,DGN3252,PAT01660,Amoxicillin 500mg,2x1 sachet,oral,5,22/07/2023,10
RX04900,DGN3252,PAT01660,Salep hidrokortison,Oles 2x sehari,topikal,10,22/07/2023,1
RX04901,DGN3252,PAT01660,ORS pediatric,2x500mg,oral,3,22/07/2023,6
RX04902,DGN3253,PAT00869,Amlodipine 5mg,2x1 sachet,oral,10,2024-07-17,20
RX04903,DGN3254,PAT01249,Domperidone 10mg,2x1 tablet,oral,7,2022-08-28,14
RX04904,DGN3254,PAT01249,Captopril 25mg,2x1 sachet,oral,3,2022-08-28,6
RX04905,DGN3255,PAT00350,Antibiotik salep,Oles 3x sehari,topikal,10,2022-03-13,1
RX04906,DGN3255,PAT00350,Antibiotik salep,Oles pagi & malam,topikal,7,2022-03-13,1
RX04907,DGN3256,PAT00017,Loperamide 2mg,2x1 sachet,oral,10,13/04/2024,20
RX04908,DGN3257,PAT01686,Ranitidine 150mg,2x1 sachet,oral,30,2023-10-08,60
RX04909,DGN3258,PAT01878,Asam folat,3x1 tablet,oral,7,13/07/2023,21
RX04910,DGN3258,PAT01878,Dexamethasone inj,Injeksi tunggal,injeksi,3,13/07/2023,1
RX04911,DGN3259,PAT01754,Ranitidine 150mg,2x1 sachet,oral,5,2024-03-18,10
RX04912,DGN3259,PAT01754,Salep gatal,Oles 3x sehari,topikal,30,2024-03-18,1
RX04913,DGN3260,PAT00910,Cetirizine 10mg,2x1 sachet,oral,5,18/05/2022,10
RX04914,DGN3260,PAT00910,Captopril 25mg,3x500mg,oral,10,18/05/2022,30
RX04915,DGN3260,PAT00910,Cetirizine 10mg,1x1 sachet,oral,7,18/05/2022,7
RX04916,DGN3261,PAT01848,Ibuprofen 400mg,2x1 tablet,oral,30,26/08/2024,60
RX04917,DGN3262,PAT00832,Oralit sachet,3x500mg,oral,14,09/09/2024,42
RX04918,DGN3263,PAT00175,Glibenclamide 5mg,2x1 sachet,oral,10,15/04/2023,20
RX04919,DGN3264,PAT01835,Omeprazole 20mg,3x1 tablet,oral,3,06/12/2022,9
RX04920,DGN3265,PAT01913,Cetirizine 10mg,3x1 tablet,oral,7,12-01-2025,21
RX04921,DGN3266,PAT01235,Loperamide 2mg,1x1 sachet,oral,5,01-03-2024,5
RX04922,DGN3267,PAT01928,Metformin 500mg,1x1 sachet,oral,14,19-09-2023,14
RX04923,DGN3267,PAT01928,ORS pediatric,1x1 tablet,oral,3,19-09-2023,3
RX04924,DGN3267,PAT01928,Cetirizine 10mg,1x1 sachet,oral,3,19-09-2023,3
RX04925,DGN3268,PAT00683,Metformin 500mg,2x1 tablet,oral,10,18-05-2024,20
RX04926,DGN3268,PAT00683,ORS pediatric,2x1 sachet,oral,10,18-05-2024,20
RX04927,DGN3269,PAT01282,Metformin 500mg,2x500mg,oral,3,16/06/2024,6
RX04928,DGN3270,PAT01238,Salbutamol inhaler,2 puff 2x sehari,inhaler,30,2024-12-30,1
RX04929,DGN3271,PAT01655,Vitamin B complex,2x1 tablet,oral,30,21/08/2024,60
RX04930,DGN3272,PAT00810,Omeprazole 20mg,2x1 sachet,oral,3,07-09-2024,6
RX04931,DGN3272,PAT00810,Salep hidrokortison,Oles pagi & malam,topikal,5,07-09-2024,1
RX04932,DGN3273,PAT00920,Tetes mata,Oles 3x sehari,topikal,7,2022-11-23,1
RX04933,DGN3274,PAT01120,Budesonide inhaler,2 puff 2x sehari,inhaler,7,2024-01-02,1
RX04934,DGN3274,PAT01120,Cetirizine 10mg,2x500mg,oral,5,2024-01-02,10
RX04935,DGN3275,PAT01467,ORS pediatric,2x1 tablet,oral,10,2023-03-30,20
RX04936,DGN3275,PAT01467,Salbutamol inhaler,2 puff 2x sehari,inhaler,5,2023-03-30,1
RX04937,DGN3276,PAT01588,Antibiotik salep,Oles 2x sehari,topikal,5,13/02/2024,1
RX04938,DGN3277,PAT01834,Mefenamic acid 500mg,2x1 tablet,oral,3,26/01/2024,6
RX04939,DGN3277,PAT01834,Vitamin C 500mg,1x1 tablet,oral,14,26/01/2024,14
RX04940,DGN3277,PAT01834,Loperamide 2mg,1x1 tablet,oral,3,26/01/2024,3
RX04941,DGN3278,PAT01643,Antasida,3x1 tablet,oral,10,14/02/2024,30
RX04942,DGN3278,PAT01643,Paracetamol 500mg,2x500mg,oral,30,14/02/2024,60
RX04943,DGN3279,PAT01901,Antibiotik salep,Oles 2x sehari,topikal,3,2024-09-17,1
RX04944,DGN3280,PAT00490,Ciprofloxacin 500mg,1x1 tablet,oral,5,2022-05-24,5
RX04945,DGN3281,PAT00441,Salep gatal,Oles 2x sehari,topikal,10,13/09/2024,1
RX04946,DGN3282,PAT00788,Antasida,2x500mg,oral,30,2022-12-11,60
RX04947,DGN3282,PAT00788,Ranitidine 150mg,2x1 tablet,oral,7,2022-12-11,14
RX04948,DGN3283,PAT01253,Amlodipine 5mg,2x500mg,oral,7,25-01-2025,14
RX04949,DGN3284,PAT00694,Metformin 500mg,3x500mg,oral,5,2024-02-07,15
RX04950,DGN3284,PAT00694,Salbutamol inhaler,Inhalasi bila sesak,inhaler,5,2024-02-07,1
RX04951,DGN3284,PAT00694,Tetes mata,Oles 2x sehari,topikal,7,2024-02-07,1
RX04952,DGN3285,PAT00213,Tetes mata,Oles pagi & malam,topikal,7,14/06/2021,1
RX04953,DGN3285,PAT00213,Salbutamol inhaler,2 puff 2x sehari,inhaler,30,14/06/2021,1
RX04954,DGN3286,PAT00495,Omeprazole 20mg,3x1 tablet,oral,3,2024-11-16,9
RX04955,DGN3287,PAT01079,Vitamin B complex,2x1 sachet,oral,7,2023-10-26,14
RX04956,DGN3288,PAT01101,Metformin 500mg,3x500mg,oral,3,17/12/2023,9
RX04957,DGN3288,PAT01101,Asam folat,1x1 sachet,oral,7,17/12/2023,7
RX04958,DGN3289,PAT00273,Asam folat,2x1 sachet,oral,5,21/10/2023,10
RX04959,DGN3290,PAT00991,Simvastatin 10mg,3x1 tablet,oral,14,08-05-2024,42
RX04960,DGN3290,PAT00991,Mefenamic acid 500mg,3x1 tablet,oral,10,08-05-2024,30
RX04961,DGN3291,PAT00194,Ibuprofen 400mg,3x1 tablet,oral,7,2024-07-21,21
RX04962,DGN3291,PAT00194,Omeprazole 20mg,2x1 tablet,oral,7,2024-07-21,14
RX04963,DGN3292,PAT00704,ORS pediatric,2x1 sachet,oral,5,24/06/2024,10
RX04964,DGN3293,PAT01398,Antibiotik salep,Oles 3x sehari,topikal,30,14/04/2023,1
RX04965,DGN3293,PAT01398,Omeprazole 20mg,3x500mg,oral,14,14/04/2023,42
RX04966,DGN3294,PAT00239,Metformin 500mg,2x1 sachet,oral,14,2024-05-15,28
RX04967,DGN3294,PAT00239,Salep hidrokortison,Oles 2x sehari,topikal,5,2024-05-15,1
RX04968,DGN3295,PAT00439,Paracetamol 500mg,1x1 tablet,oral,14,02/05/2024,14
RX04969,DGN3296,PAT00233,Domperidone 10mg,2x1 sachet,oral,10,17/11/2024,20
RX04970,DGN3297,PAT01382,Tetes mata,Oles pagi & malam,topikal,7,23/10/2022,1
RX04971,DGN3298,PAT01766,Loratadine 10mg,2x500mg,oral,5,31/12/2024,10
RX04972,DGN3299,PAT01830,Budesonide inhaler,2 puff 2x sehari,inhaler,30,2023-04-25,1
RX04973,DGN3299,PAT01830,Amlodipine 5mg,2x1 tablet,oral,5,2023-04-25,10
RX04974,DGN3300,PAT01730,Salbutamol inhaler,Inhalasi bila sesak,inhaler,5,2023-12-08,1
RX04975,DGN3300,PAT01730,Mefenamic acid 500mg,3x1 tablet,oral,14,2023-12-08,42
RX04976,DGN3301,PAT00155,Oralit sachet,3x500mg,oral,5,2023-12-02,15
RX04977,DGN3302,PAT00553,Vitamin C 500mg,2x1 sachet,oral,3,2024-06-11,6
RX04978,DGN3303,PAT00322,Omeprazole 20mg,1x1 tablet,oral,10,07/12/2024,10
RX04979,DGN3303,PAT00322,Ranitidine 150mg,3x500mg,oral,30,07/12/2024,90
RX04980,DGN3304,PAT01638,Metformin 500mg,3x1 tablet,oral,7,2023-07-23,21
RX04981,DGN3305,PAT01360,Oralit sachet,2x1 sachet,oral,30,2022-06-12,60
RX04982,DGN3306,PAT00918,Vitamin B complex,3x1 tablet,oral,10,2023-12-11,30
RX04983,DGN3307,PAT00618,Omeprazole 20mg,1x1 tablet,oral,10,09/03/2024,10
RX04984,DGN3308,PAT00113,Paracetamol 500mg,1x1 tablet,oral,30,03-09-2022,30
RX04985,DGN3308,PAT00113,ORS pediatric,1x1 tablet,oral,5,03-09-2022,5
RX04986,DGN3309,PAT00630,Captopril 25mg,2x1 tablet,oral,7,25/11/2024,14
RX04987,DGN3310,PAT00922,Amoxicillin 500mg,2x1 tablet,oral,10,2024-03-28,20
RX04988,DGN3311,PAT00567,Captopril 25mg,2x1 tablet,oral,30,20-05-2022,60
RX04989,DGN3312,PAT00492,Captopril 25mg,1x1 tablet,oral,10,04/10/2021,10
RX04990,DGN3313,PAT00204,Asam folat,1x1 sachet,oral,7,2023-12-25,7
RX04991,DGN3313,PAT00204,Paracetamol 500mg,1x1 tablet,oral,7,2023-12-25,7
RX04992,DGN3314,PAT01790,Cetirizine 10mg,3x500mg,oral,3,23-10-2024,9
RX04993,DGN3315,PAT00784,Salep hidrokortison,Oles pagi & malam,topikal,5,24/04/2024,1
RX04994,DGN3316,PAT01796,Amoxicillin 500mg,2x500mg,oral,10,20/05/2023,20
RX04995,DGN3317,PAT00190,Salep hidrokortison,Oles pagi & malam,topikal,3,15-06-2023,1
RX04996,DGN3317,PAT00190,Loratadine 10mg,3x1 tablet,oral,30,15-06-2023,90
RX04997,DGN3317,PAT00190,Domperidone 10mg,2x500mg,oral,10,15-06-2023,20
RX04998,DGN3318,PAT00084,Budesonide inhaler,2 puff 3x sehari,inhaler,14,2024-12-01,1
RX04999,DGN3319,PAT01035,Salep gatal,Oles 3x sehari,topikal,30,28/06/2024,1
RX05000,DGN3319,PAT01035,Amlodipine 5mg,1x1 sachet,oral,14,28/06/2024,14
RX05001,DGN3319,PAT01035,Vitamin C 500mg,3x1 tablet,oral,30,28/06/2024,90
RX05002,DGN3320,PAT01289,Metformin 500mg,1x1 sachet,oral,5,2024-06-30,5
RX05003,DGN3321,PAT01123,Ranitidine 150mg,2x500mg,oral,3,2022-08-23,6
RX05004,DGN3322,PAT00253,Ibuprofen 400mg,2x1 tablet,oral,3,27/11/2023,6
RX05005,DGN3323,PAT00251,Salep mata gentamicin,Oles pagi & malam,topikal,10,2023-08-15,1
RX05006,DGN3323,PAT00251,Ibuprofen 400mg,2x1 sachet,oral,10,2023-08-15,20
RX05007,DGN3324,PAT01924,Amlodipine 5mg,3x1 tablet,oral,30,2023-11-21,90
RX05008,DGN3325,PAT01401,Amlodipine 5mg,1x1 tablet,oral,30,12-06-2024,30
RX05009,DGN3325,PAT01401,ORS pediatric,3x1 tablet,oral,10,12-06-2024,30
RX05010,DGN3326,PAT00730,Mefenamic acid 500mg,1x1 tablet,oral,14,16-02-2024,14
RX05011,DGN3326,PAT00730,Loratadine 10mg,2x1 sachet,oral,7,16-02-2024,14
RX05012,DGN3326,PAT00730,Omeprazole 20mg,2x500mg,oral,5,16-02-2024,10
RX05013,DGN3327,PAT01771,Antasida,1x1 tablet,oral,5,03-12-2024,5
RX05014,DGN3327,PAT01771,Tetes mata,Oles 2x sehari,topikal,14,03-12-2024,1
RX05015,DGN3328,PAT00163,Paracetamol 500mg,3x1 tablet,oral,30,2022-11-12,90
RX05016,DGN3329,PAT01974,Cetirizine 10mg,2x500mg,oral,5,2024-10-08,10
RX05017,DGN3330,PAT00124,Salep hidrokortison,Oles 3x sehari,topikal,5,27/08/2024,1
RX05018,DGN3331,PAT00508,Mefenamic acid 500mg,1x1 sachet,oral,7,2021-12-15,7
RX05019,DGN3332,PAT00729,Salep hidrokortison,Oles 3x sehari,topikal,7,2023-11-23,1
RX05020,DGN3332,PAT00729,Salbutamol inhaler,2 puff 2x sehari,inhaler,7,2023-11-23,1
RX05021,DGN3333,PAT01406,Salep gatal,Oles pagi & malam,topikal,7,12/01/2025,1
RX05022,DGN3333,PAT01406,Antibiotik salep,Oles 2x sehari,topikal,10,12/01/2025,1
RX05023,DGN3334,PAT00778,Cetirizine 10mg,2x1 tablet,oral,7,2024-12-19,14
RX05024,DGN3334,PAT00778,Salep mata gentamicin,Oles 2x sehari,topikal,5,2024-12-19,1
RX05025,DGN3334,PAT00778,Omeprazole 20mg,1x1 sachet,oral,7,2024-12-19,7
RX05026,DGN3335,PAT00826,Budesonide inhaler,2 puff 2x sehari,inhaler,14,23/08/2024,1
RX05027,DGN3335,PAT00826,Asam folat,1x1 sachet,oral,3,23/08/2024,3
RX05028,DGN3335,PAT00826,Dexamethasone inj,Injeksi tunggal,injeksi,30,23/08/2024,10
RX05029,DGN3336,PAT01969,ORS pediatric,3x500mg,oral,7,22/10/2023,21
RX05030,DGN3337,PAT01789,Antasida,1x1 tablet,oral,3,2024-12-19,3
RX05031,DGN3338,PAT00367,Ibuprofen 400mg,2x1 sachet,oral,7,2024-05-15,14
RX05032,DGN3339,PAT01339,Salep mata gentamicin,Oles 3x sehari,topikal,10,2024-11-13,1
RX05033,DGN3339,PAT01339,Budesonide inhaler,Inhalasi bila sesak,inhaler,7,2024-11-13,1
RX05034,DGN3340,PAT00921,Captopril 25mg,2x500mg,oral,10,11-03-2024,20
RX05035,DGN3341,PAT00876,Salep gatal,Oles 3x sehari,topikal,5,2023-10-05,1
RX05036,DGN3341,PAT00876,Simvastatin 10mg,2x1 sachet,oral,5,2023-10-05,10
RX05037,DGN3342,PAT01067,Dexamethasone inj,Injeksi tunggal,injeksi,30,01-05-2024,10
RX05038,DGN3343,PAT01634,Antasida,1x1 tablet,oral,5,09/04/2024,5
RX05039,DGN3343,PAT01634,Ranitidine 150mg,3x1 tablet,oral,30,09/04/2024,90
RX05040,DGN3343,PAT01634,Domperidone 10mg,2x500mg,oral,3,09/04/2024,6
RX05041,DGN3344,PAT01352,Oralit sachet,2x1 sachet,oral,30,28/01/2023,60
RX05042,DGN3345,PAT00224,Salep gatal,Oles 3x sehari,topikal,3,2024-07-18,1
RX05043,DGN3346,PAT01441,Salep gatal,Oles 2x sehari,topikal,30,2023-11-29,1
RX05044,DGN3346,PAT01441,Amlodipine 5mg,3x500mg,oral,5,2023-11-29,15
RX05045,DGN3347,PAT01886,Asam folat,2x1 sachet,oral,3,10-09-2023,6
RX05046,DGN3347,PAT01886,Budesonide inhaler,Inhalasi bila sesak,inhaler,14,10-09-2023,1
RX05047,DGN3347,PAT01886,Paracetamol 500mg,2x1 tablet,oral,5,10-09-2023,10
RX05048,DGN3348,PAT01664,Dexamethasone inj,Injeksi tunggal,injeksi,30,01-01-2023,10
RX05049,DGN3349,PAT01605,Asam folat,3x500mg,oral,5,2024-12-27,15
RX05050,DGN3350,PAT00291,Mefenamic acid 500mg,3x500mg,oral,14,30-07-2024,42
RX05051,DGN3351,PAT01480,Budesonide inhaler,Inhalasi bila sesak,inhaler,10,2022-04-03,1
RX05052,DGN3352,PAT00504,Paracetamol 500mg,3x1 tablet,oral,10,18/03/2023,30
RX05053,DGN3352,PAT00504,Oralit sachet,1x1 tablet,oral,7,18/03/2023,7
RX05054,DGN3353,PAT00197,Salep mata gentamicin,Oles pagi & malam,topikal,5,15-12-2023,1
RX05055,DGN3354,PAT01697,Asam folat,3x1 tablet,oral,14,29-06-2023,42
RX05056,DGN3355,PAT01534,Amlodipine 5mg,3x1 tablet,oral,5,02/02/2023,15
RX05057,DGN3356,PAT01849,Omeprazole 20mg,2x1 tablet,oral,3,2024-04-21,6
RX05058,DGN3357,PAT00904,Loratadine 10mg,2x1 tablet,oral,3,2024-03-29,6
RX05059,DGN3358,PAT01275,Salep mata gentamicin,Oles pagi & malam,topikal,3,2021-08-25,1
RX05060,DGN3359,PAT01375,Antasida,2x500mg,oral,3,28/09/2024,6
RX05061,DGN3360,PAT00132,Cetirizine 10mg,3x1 tablet,oral,30,2024-11-04,90
RX05062,DGN3360,PAT00132,Amoxicillin 500mg,1x1 tablet,oral,3,2024-11-04,3
RX05063,DGN3360,PAT00132,Cetirizine 10mg,1x1 tablet,oral,5,2024-11-04,5
RX05064,DGN3361,PAT00015,Cetirizine 10mg,1x1 sachet,oral,30,15-10-2024,30
RX05065,DGN3362,PAT00584,Amlodipine 5mg,1x1 tablet,oral,10,12-04-2022,10
RX05066,DGN3363,PAT01474,Budesonide inhaler,Inhalasi bila sesak,inhaler,7,21-10-2024,1
RX05067,DGN3363,PAT01474,ORS pediatric,2x1 sachet,oral,30,21-10-2024,60
RX05068,DGN3364,PAT01144,Ranitidine 150mg,1x1 sachet,oral,10,20/03/2024,10
RX05069,DGN3365,PAT00064,Simvastatin 10mg,1x1 tablet,oral,7,28/09/2022,7
RX05070,DGN3365,PAT00064,Tetes mata,Oles 3x sehari,topikal,7,28/09/2022,1
RX05071,DGN3366,PAT01507,Cetirizine 10mg,2x1 sachet,oral,3,21-08-2024,6
RX05072,DGN3366,PAT01507,ORS pediatric,2x500mg,oral,30,21-08-2024,60
RX05073,DGN3367,PAT01895,Paracetamol 500mg,2x500mg,oral,30,04-03-2024,60
RX05074,DGN3367,PAT01895,Tetes mata,Oles 3x sehari,topikal,14,04-03-2024,1
RX05075,DGN3368,PAT01249,ORS pediatric,1x1 tablet,oral,14,2023-11-26,14
RX05076,DGN3369,PAT01080,Amlodipine 5mg,2x500mg,oral,10,2024-10-13,20
RX05077,DGN3370,PAT01435,Ranitidine 150mg,2x1 tablet,oral,14,2024-05-23,28
RX05078,DGN3371,PAT00402,Loperamide 2mg,3x1 tablet,oral,10,11/01/2024,30
RX05079,DGN3372,PAT00178,Asam folat,2x500mg,oral,30,01-02-2023,60
RX05080,DGN3372,PAT00178,Metformin 500mg,3x1 tablet,oral,14,01-02-2023,42
RX05081,DGN3373,PAT01774,Amlodipine 5mg,2x1 sachet,oral,7,29/05/2023,14
RX05082,DGN3374,PAT01997,Salep gatal,Oles pagi & malam,topikal,10,29/01/2024,1
RX05083,DGN3375,PAT00860,Ciprofloxacin 500mg,1x1 sachet,oral,30,04-10-2024,30
RX05084,DGN3376,PAT00645,Salep mata gentamicin,Oles pagi & malam,topikal,3,2024-05-18,1
RX05085,DGN3376,PAT00645,Cetirizine 10mg,1x1 tablet,oral,5,2024-05-18,5
RX05086,DGN3377,PAT01943,Loratadine 10mg,2x1 tablet,oral,7,2024-12-25,14
RX05087,DGN3377,PAT01943,Antasida,1x1 sachet,oral,14,2024-12-25,14
RX05088,DGN3377,PAT01943,Salep gatal,Oles 3x sehari,topikal,5,2024-12-25,1
RX05089,DGN3378,PAT01120,Ibuprofen 400mg,1x1 tablet,oral,30,2023-12-05,30
RX05090,DGN3378,PAT01120,Paracetamol 500mg,2x1 sachet,oral,7,2023-12-05,14
RX05091,DGN3379,PAT00386,Tetes mata,Oles 3x sehari,topikal,14,2023-10-18,1
RX05092,DGN3380,PAT00639,Ciprofloxacin 500mg,1x1 sachet,oral,10,22/08/2023,10
RX05093,DGN3381,PAT00869,Ibuprofen 400mg,3x1 tablet,oral,14,2023-06-28,42
RX05094,DGN3381,PAT00869,Glibenclamide 5mg,2x500mg,oral,5,2023-06-28,10
RX05095,DGN3382,PAT01591,Ciprofloxacin 500mg,1x1 sachet,oral,5,17/09/2024,5
RX05096,DGN3382,PAT01591,Loratadine 10mg,3x500mg,oral,5,17/09/2024,15
RX05097,DGN3382,PAT01591,Asam folat,3x500mg,oral,5,17/09/2024,15
RX05098,DGN3383,PAT00484,Budesonide inhaler,2 puff 2x sehari,inhaler,5,2023-06-22,1
RX05099,DGN3384,PAT00407,Ranitidine 150mg,2x500mg,oral,7,30/04/2024,14
RX05100,DGN3385,PAT00658,Salep mata gentamicin,Oles 3x sehari,topikal,3,2023-10-27,1
RX05101,DGN3386,PAT00279,Salep gatal,Oles 2x sehari,topikal,14,03/07/2024,1
RX05102,DGN3386,PAT00279,Amoxicillin 500mg,3x500mg,oral,5,03/07/2024,15
RX05103,DGN3387,PAT00343,Cetirizine 10mg,1x1 sachet,oral,7,15/08/2023,7
RX05104,DGN3387,PAT00343,Vitamin C 500mg,3x500mg,oral,14,15/08/2023,42
RX05105,DGN3388,PAT00682,Cetirizine 10mg,3x500mg,oral,5,12/06/2022,15
RX05106,DGN3389,PAT01388,Domperidone 10mg,3x500mg,oral,10,26-04-2022,30
RX05107,DGN3390,PAT01585,Mefenamic acid 500mg,3x500mg,oral,14,17/05/2022,42
RX05108,DGN3391,PAT00964,Loratadine 10mg,2x500mg,oral,14,2024-01-17,28
RX05109,DGN3392,PAT01061,Vitamin C 500mg,2x1 tablet,oral,7,23-06-2023,14
RX05110,DGN3392,PAT01061,Captopril 25mg,1x1 tablet,oral,5,23-06-2023,5
RX05111,DGN3393,PAT01166,Salep gatal,Oles 3x sehari,topikal,5,15/10/2023,1
RX05112,DGN3393,PAT01166,Loratadine 10mg,2x1 sachet,oral,5,15/10/2023,10
RX05113,DGN3394,PAT01037,Amoxicillin 500mg,2x500mg,oral,5,2024-03-22,10
RX05114,DGN3395,PAT00415,Salep mata gentamicin,Oles pagi & malam,topikal,14,10-04-2023,1
RX05115,DGN3395,PAT00415,Asam folat,3x500mg,oral,30,10-04-2023,90
RX05116,DGN3395,PAT00415,Antibiotik salep,Oles pagi & malam,topikal,14,10-04-2023,1
RX05117,DGN3396,PAT01775,Vitamin C 500mg,3x1 tablet,oral,10,31/12/2022,30
RX05118,DGN3397,PAT01934,Dexamethasone inj,Injeksi 1x sehari,injeksi,3,2022-06-13,1
RX05119,DGN3397,PAT01934,Vitamin B complex,2x500mg,oral,3,2022-06-13,6
RX05120,DGN3397,PAT01934,Captopril 25mg,2x500mg,oral,7,2022-06-13,14
RX05121,DGN3398,PAT00549,Salep mata gentamicin,Oles pagi & malam,topikal,5,2024-09-13,1
RX05122,DGN3399,PAT00855,Budesonide inhaler,Inhalasi bila sesak,inhaler,30,22-11-2023,1
RX05123,DGN3400,PAT00734,Simvastatin 10mg,2x1 tablet,oral,7,04/05/2024,14
RX05124,DGN3401,PAT01063,Antasida,3x500mg,oral,7,07/10/2021,21
RX05125,DGN3402,PAT01290,Ibuprofen 400mg,1x1 tablet,oral,14,2024-02-14,14
RX05126,DGN3402,PAT01290,Oralit sachet,3x500mg,oral,10,2024-02-14,30
RX05127,DGN3402,PAT01290,Asam folat,3x1 tablet,oral,14,2024-02-14,42
RX05128,DGN3403,PAT00158,Dexamethasone inj,Injeksi tunggal,injeksi,14,2023-09-02,4
RX05129,DGN3403,PAT00158,Ciprofloxacin 500mg,2x1 tablet,oral,30,2023-09-02,60
RX05130,DGN3404,PAT01814,Salep hidrokortison,Oles 2x sehari,topikal,5,2024-03-18,1
RX05131,DGN3405,PAT01335,Antasida,3x1 tablet,oral,3,30/10/2024,9
RX05132,DGN3405,PAT01335,Metformin 500mg,2x500mg,oral,3,30/10/2024,6
RX05133,DGN3406,PAT01347,Ranitidine 150mg,2x1 sachet,oral,30,05-03-2024,60
RX05134,DGN3406,PAT01347,Vitamin B complex,1x1 sachet,oral,30,05-03-2024,30
RX05135,DGN3407,PAT00015,Antibiotik salep,Oles 2x sehari,topikal,3,11/12/2024,1
RX05136,DGN3408,PAT00028,Captopril 25mg,3x500mg,oral,5,01-01-2024,15
RX05137,DGN3409,PAT01009,Loratadine 10mg,2x1 tablet,oral,7,18-07-2024,14
RX05138,DGN3409,PAT01009,Loratadine 10mg,3x1 tablet,oral,7,18-07-2024,21
RX05139,DGN3410,PAT00774,Vitamin C 500mg,2x500mg,oral,3,08/09/2024,6
RX05140,DGN3410,PAT00774,Cetirizine 10mg,3x1 tablet,oral,10,08/09/2024,30
RX05141,DGN3411,PAT00205,Budesonide inhaler,2 puff 3x sehari,inhaler,3,25/08/2022,1
RX05142,DGN3411,PAT00205,Budesonide inhaler,2 puff 2x sehari,inhaler,7,25/08/2022,1
RX05143,DGN3412,PAT01275,Salep gatal,Oles pagi & malam,topikal,30,2021-07-24,1
RX05144,DGN3413,PAT01046,Dexamethasone inj,Injeksi 1x sehari,injeksi,30,10/01/2025,10
RX05145,DGN3413,PAT01046,Loratadine 10mg,2x1 tablet,oral,14,10/01/2025,28
RX05146,DGN3413,PAT01046,Antasida,3x1 tablet,oral,10,10/01/2025,30
RX05147,DGN3414,PAT01472,Vitamin C 500mg,2x1 tablet,oral,30,2023-10-09,60
RX05148,DGN3415,PAT00216,Captopril 25mg,3x1 tablet,oral,14,22-09-2023,42
RX05149,DGN3415,PAT00216,Vitamin C 500mg,1x1 sachet,oral,30,22-09-2023,30
RX05150,DGN3416,PAT00295,ORS pediatric,1x1 sachet,oral,30,06/07/2024,30
RX05151,DGN3416,PAT00295,Antibiotik salep,Oles pagi & malam,topikal,10,06/07/2024,1
RX05152,DGN3417,PAT00286,Tetes mata,Oles 3x sehari,topikal,14,12/06/2024,1
RX05153,DGN3418,PAT00477,Glibenclamide 5mg,2x500mg,oral,5,26-05-2024,10
RX05154,DGN3419,PAT01456,Dexamethasone inj,Injeksi 1x sehari,injeksi,5,09/04/2023,1
RX05155,DGN3420,PAT01673,Loperamide 2mg,2x1 sachet,oral,10,2024-08-02,20
RX05156,DGN3420,PAT01673,Metformin 500mg,2x500mg,oral,10,2024-08-02,20
RX05157,DGN3420,PAT01673,Asam folat,2x500mg,oral,10,2024-08-02,20
RX05158,DGN3421,PAT00824,Antasida,1x1 sachet,oral,10,2024-10-11,10
RX05159,DGN3421,PAT00824,Vitamin B complex,3x500mg,oral,30,2024-10-11,90
RX05160,DGN3422,PAT00220,Glibenclamide 5mg,1x1 tablet,oral,30,25/01/2025,30
RX05161,DGN3423,PAT01580,Vitamin B complex,1x1 tablet,oral,30,28/03/2024,30
RX05162,DGN3424,PAT00307,Simvastatin 10mg,2x1 tablet,oral,14,2023-09-21,28
RX05163,DGN3424,PAT00307,Budesonide inhaler,Inhalasi bila sesak,inhaler,7,2023-09-21,1
RX05164,DGN3425,PAT01714,Loratadine 10mg,2x500mg,oral,10,21/07/2024,20
RX05165,DGN3426,PAT01636,Antasida,3x500mg,oral,30,2024-12-19,90
RX05166,DGN3426,PAT01636,Metformin 500mg,3x500mg,oral,3,2024-12-19,9
RX05167,DGN3427,PAT01325,Paracetamol 500mg,2x1 tablet,oral,30,22/05/2023,60
RX05168,DGN3427,PAT01325,Asam folat,3x500mg,oral,10,22/05/2023,30
RX05169,DGN3428,PAT00886,Antibiotik salep,Oles 2x sehari,topikal,3,2024-08-09,1
RX05170,DGN3428,PAT00886,Mefenamic acid 500mg,2x1 sachet,oral,3,2024-08-09,6
RX05171,DGN3428,PAT00886,Metformin 500mg,2x1 sachet,oral,30,2024-08-09,60
RX05172,DGN3429,PAT01880,Dexamethasone inj,Injeksi tunggal,injeksi,30,2022-02-28,10
RX05173,DGN3429,PAT01880,Paracetamol 500mg,1x1 tablet,oral,7,2022-02-28,7
RX05174,DGN3430,PAT00646,Asam folat,3x1 tablet,oral,14,2024-07-05,42
RX05175,DGN3431,PAT01883,Loratadine 10mg,1x1 sachet,oral,5,01/09/2023,5
RX05176,DGN3432,PAT01655,Captopril 25mg,2x1 sachet,oral,10,28/04/2024,20
RX05177,DGN3432,PAT01655,Amlodipine 5mg,3x500mg,oral,10,28/04/2024,30
RX05178,DGN3433,PAT01128,Simvastatin 10mg,1x1 tablet,oral,7,05-06-2024,7
RX05179,DGN3433,PAT01128,Omeprazole 20mg,3x1 tablet,oral,14,05-06-2024,42
RX05180,DGN3434,PAT00843,Simvastatin 10mg,3x500mg,oral,7,18/02/2023,21
RX05181,DGN3435,PAT00429,ORS pediatric,3x1 tablet,oral,10,09/08/2022,30
RX05182,DGN3436,PAT00976,Ibuprofen 400mg,3x1 tablet,oral,14,24/08/2023,42
RX05183,DGN3437,PAT01553,Amlodipine 5mg,1x1 tablet,oral,30,2025-01-15,30
RX05184,DGN3437,PAT01553,Cetirizine 10mg,3x1 tablet,oral,3,2025-01-15,9
RX05185,DGN3437,PAT01553,Cetirizine 10mg,1x1 sachet,oral,3,2025-01-15,3
RX05186,DGN3438,PAT00984,Amoxicillin 500mg,1x1 sachet,oral,3,22-08-2024,3
RX05187,DGN3439,PAT00288,Amlodipine 5mg,2x1 sachet,oral,7,2022-02-23,14
RX05188,DGN3440,PAT01297,Salep mata gentamicin,Oles 2x sehari,topikal,14,2024-08-04,1
RX05189,DGN3441,PAT00954,Ibuprofen 400mg,2x500mg,oral,7,2024-01-12,14
RX05190,DGN3442,PAT01207,Omeprazole 20mg,1x1 tablet,oral,3,07-11-2023,3
RX05191,DGN3443,PAT01729,Captopril 25mg,2x500mg,oral,14,05/11/2023,28
RX05192,DGN3444,PAT01444,Ibuprofen 400mg,1x1 sachet,oral,14,2023-06-12,14
RX05193,DGN3445,PAT00503,Salep hidrokortison,Oles 2x sehari,topikal,7,29/08/2023,1
RX05194,DGN3445,PAT00503,Asam folat,2x1 sachet,oral,5,29/08/2023,10
RX05195,DGN3446,PAT00982,Loratadine 10mg,3x500mg,oral,5,30-05-2024,15
RX05196,DGN3446,PAT00982,Salep mata gentamicin,Oles 3x sehari,topikal,10,30-05-2024,1
RX05197,DGN3447,PAT01204,Amoxicillin 500mg,2x1 tablet,oral,3,18/08/2023,6
RX05198,DGN3447,PAT01204,Salep hidrokortison,Oles 3x sehari,topikal,10,18/08/2023,1
RX05199,DGN3447,PAT01204,Amoxicillin 500mg,2x1 tablet,oral,7,18/08/2023,14
RX05200,DGN3448,PAT00814,Ibuprofen 400mg,2x500mg,oral,30,22-09-2022,60
RX05201,DGN3448,PAT00814,Ranitidine 150mg,1x1 sachet,oral,10,22-09-2022,10
RX05202,DGN3449,PAT01810,Oralit sachet,2x500mg,oral,10,27/05/2024,20
RX05203,DGN3449,PAT01810,Domperidone 10mg,3x500mg,oral,14,27/05/2024,42
RX05204,DGN3450,PAT01527,Paracetamol 500mg,2x500mg,oral,14,26-09-2022,28
RX05205,DGN3451,PAT01808,Salep hidrokortison,Oles 2x sehari,topikal,3,2024-11-20,1
RX05206,DGN3451,PAT01808,Vitamin C 500mg,2x500mg,oral,10,2024-11-20,20
RX05207,DGN3451,PAT01808,Mefenamic acid 500mg,1x1 tablet,oral,14,2024-11-20,14
RX05208,DGN3452,PAT00842,Cetirizine 10mg,2x1 sachet,oral,30,16/02/2024,60
RX05209,DGN3452,PAT00842,Glibenclamide 5mg,3x1 tablet,oral,10,16/02/2024,30
RX05210,DGN3453,PAT00845,Ciprofloxacin 500mg,3x1 tablet,oral,7,31/12/2023,21
RX05211,DGN3453,PAT00845,Glibenclamide 5mg,1x1 tablet,oral,14,31/12/2023,14
RX05212,DGN3454,PAT01864,Cetirizine 10mg,1x1 tablet,oral,5,27/08/2024,5
RX05213,DGN3454,PAT01864,Oralit sachet,1x1 tablet,oral,10,27/08/2024,10
RX05214,DGN3455,PAT00068,Vitamin C 500mg,1x1 sachet,oral,30,2022-10-25,30
RX05215,DGN3456,PAT00221,Tetes mata,Oles pagi & malam,topikal,7,2024-08-10,1
RX05216,DGN3457,PAT00514,Oralit sachet,3x500mg,oral,3,14-04-2023,9
RX05217,DGN3458,PAT01493,Domperidone 10mg,3x500mg,oral,7,2023-11-19,21
RX05218,DGN3459,PAT01720,Cetirizine 10mg,1x1 tablet,oral,7,2023-06-17,7
RX05219,DGN3460,PAT00567,Domperidone 10mg,3x1 tablet,oral,5,2025-01-15,15
RX05220,DGN3460,PAT00567,Tetes mata,Oles 3x sehari,topikal,5,2025-01-15,1
RX05221,DGN3461,PAT00016,Vitamin C 500mg,1x1 tablet,oral,14,2021-09-26,14
RX05222,DGN3461,PAT00016,Asam folat,3x500mg,oral,30,2021-09-26,90
RX05223,DGN3462,PAT00110,Ibuprofen 400mg,2x1 tablet,oral,3,06-03-2024,6
RX05224,DGN3463,PAT00680,ORS pediatric,1x1 tablet,oral,14,2022-12-12,14
RX05225,DGN3464,PAT01886,Mefenamic acid 500mg,1x1 sachet,oral,5,01/10/2022,5
RX05226,DGN3464,PAT01886,Salep mata gentamicin,Oles pagi & malam,topikal,3,01/10/2022,1
RX05227,DGN3464,PAT01886,Domperidone 10mg,1x1 sachet,oral,10,01/10/2022,10
RX05228,DGN3465,PAT01115,Vitamin B complex,2x1 sachet,oral,5,2024-04-16,10
RX05229,DGN3466,PAT01041,ORS pediatric,1x1 sachet,oral,7,18-08-2022,7
RX05230,DGN3466,PAT01041,Paracetamol 500mg,3x500mg,oral,5,18-08-2022,15
RX05231,DGN3467,PAT01457,Simvastatin 10mg,3x1 tablet,oral,14,10-02-2024,42
RX05232,DGN3468,PAT01130,Amlodipine 5mg,1x1 sachet,oral,3,16/10/2023,3
RX05233,DGN3469,PAT01293,Loratadine 10mg,1x1 tablet,oral,30,24-12-2023,30
RX05234,DGN3469,PAT01293,Loratadine 10mg,2x500mg,oral,5,24-12-2023,10
RX05235,DGN3470,PAT01141,Ibuprofen 400mg,2x500mg,oral,10,2024-08-14,20
RX05236,DGN3471,PAT01720,Salbutamol inhaler,2 puff 2x sehari,inhaler,30,21/03/2023,1
RX05237,DGN3472,PAT01113,Omeprazole 20mg,2x500mg,oral,3,2024-09-07,6
RX05238,DGN3473,PAT00812,Vitamin B complex,1x1 tablet,oral,3,21/11/2024,3
RX05239,DGN3474,PAT01144,Simvastatin 10mg,3x500mg,oral,5,03/07/2024,15
RX05240,DGN3475,PAT01571,Mefenamic acid 500mg,3x1 tablet,oral,7,2022-07-26,21
RX05241,DGN3475,PAT01571,Mefenamic acid 500mg,3x1 tablet,oral,10,2022-07-26,30
RX05242,DGN3476,PAT00837,Asam folat,2x1 tablet,oral,7,01-05-2022,14
RX05243,DGN3477,PAT01602,Simvastatin 10mg,2x1 sachet,oral,3,04-06-2021,6
RX05244,DGN3478,PAT01462,Paracetamol 500mg,1x1 sachet,oral,10,22-03-2024,10
RX05245,DGN3478,PAT01462,Salep gatal,Oles pagi & malam,topikal,5,22-03-2024,1
RX05246,DGN3478,PAT01462,Amoxicillin 500mg,2x1 tablet,oral,7,22-03-2024,14
RX05247,DGN3479,PAT00075,Ranitidine 150mg,3x500mg,oral,30,24/09/2024,90
RX05248,DGN3480,PAT00164,Simvastatin 10mg,2x1 sachet,oral,14,11-09-2022,28
RX05249,DGN3480,PAT00164,Asam folat,2x1 tablet,oral,30,11-09-2022,60
RX05250,DGN3481,PAT00022,Simvastatin 10mg,2x1 sachet,oral,5,09-11-2024,10
RX05251,DGN3482,PAT01249,Antibiotik salep,Oles 2x sehari,topikal,7,15/09/2022,1
RX05252,DGN3482,PAT01249,Oralit sachet,3x500mg,oral,10,15/09/2022,30
RX05253,DGN3483,PAT01316,Dexamethasone inj,Injeksi 1x sehari,injeksi,14,02-06-2023,4
RX05254,DGN3484,PAT00114,Ranitidine 150mg,2x500mg,oral,10,2024-04-02,20
RX05255,DGN3484,PAT00114,Simvastatin 10mg,3x500mg,oral,14,2024-04-02,42
RX05256,DGN3485,PAT01124,Ciprofloxacin 500mg,3x500mg,oral,30,2024-11-10,90
RX05257,DGN3486,PAT00229,Amlodipine 5mg,2x1 tablet,oral,5,16/07/2024,10
RX05258,DGN3487,PAT00037,Cetirizine 10mg,1x1 tablet,oral,7,03/09/2023,7
RX05259,DGN3488,PAT00003,Glibenclamide 5mg,3x500mg,oral,3,29-09-2024,9
RX05260,DGN3489,PAT00564,Paracetamol 500mg,3x500mg,oral,14,2024-10-13,42
RX05261,DGN3490,PAT01295,Dexamethasone inj,Injeksi 1x sehari,injeksi,5,15/08/2023,1
RX05262,DGN3491,PAT00677,Metformin 500mg,1x1 tablet,oral,30,2024-10-25,30
RX05263,DGN3492,PAT01876,Vitamin C 500mg,1x1 sachet,oral,3,01-09-2024,3
RX05264,DGN3493,PAT00077,Domperidone 10mg,2x1 tablet,oral,7,2024-01-03,14
RX05265,DGN3493,PAT00077,Paracetamol 500mg,3x500mg,oral,14,2024-01-03,42
RX05266,DGN3494,PAT01755,Ibuprofen 400mg,3x500mg,oral,5,18-12-2023,15
RX05267,DGN3494,PAT01755,Salep mata gentamicin,Oles pagi & malam,topikal,5,18-12-2023,1
RX05268,DGN3495,PAT01181,Loperamide 2mg,2x1 tablet,oral,3,26/12/2023,6
RX05269,DGN3496,PAT01212,Oralit sachet,1x1 sachet,oral,30,13-10-2022,30
RX05270,DGN3497,PAT01995,Ibuprofen 400mg,1x1 sachet,oral,14,09/07/2023,14
RX05271,DGN3498,PAT00235,Asam folat,3x500mg,oral,14,20-02-2023,42
RX05272,DGN3498,PAT00235,Metformin 500mg,1x1 tablet,oral,10,20-02-2023,10
RX05273,DGN3499,PAT00872,Domperidone 10mg,3x500mg,oral,10,2023-06-09,30
RX05274,DGN3500,PAT01078,Amlodipine 5mg,2x500mg,oral,14,28/06/2024,28
RX05275,DGN3501,PAT01265,Simvastatin 10mg,1x1 tablet,oral,14,2024-08-26,14
RX05276,DGN3502,PAT00332,Loperamide 2mg,3x500mg,oral,14,2023-07-12,42
RX05277,DGN3503,PAT00051,Antibiotik salep,Oles pagi & malam,topikal,30,01/02/2024,1
RX05278,DGN3503,PAT00051,Antibiotik salep,Oles 3x sehari,topikal,30,01/02/2024,1
RX05279,DGN3504,PAT01358,Ibuprofen 400mg,2x500mg,oral,3,2023-02-16,6
RX05280,DGN3504,PAT01358,Salep gatal,Oles 2x sehari,topikal,14,2023-02-16,1
RX05281,DGN3505,PAT00627,Glibenclamide 5mg,3x500mg,oral,10,29/05/2024,30
RX05282,DGN3506,PAT01407,Amoxicillin 500mg,1x1 sachet,oral,5,23-06-2024,5
RX05283,DGN3506,PAT01407,Loratadine 10mg,2x500mg,oral,3,23-06-2024,6
RX05284,DGN3506,PAT01407,Omeprazole 20mg,1x1 tablet,oral,10,23-06-2024,10
RX05285,DGN3507,PAT01020,Paracetamol 500mg,2x1 tablet,oral,7,08/09/2023,14
RX05286,DGN3508,PAT00278,Simvastatin 10mg,2x1 sachet,oral,14,29/10/2024,28
RX05287,DGN3508,PAT00278,Antasida,3x500mg,oral,10,29/10/2024,30
RX05288,DGN3509,PAT01843,Paracetamol 500mg,3x1 tablet,oral,10,2024-05-29,30
RX05289,DGN3510,PAT01373,Mefenamic acid 500mg,3x1 tablet,oral,14,2023-02-05,42
RX05290,DGN3511,PAT01474,Metformin 500mg,1x1 sachet,oral,5,29-01-2024,5
RX05291,DGN3511,PAT01474,Paracetamol 500mg,1x1 sachet,oral,5,29-01-2024,5
RX05292,DGN3512,PAT00168,Dexamethasone inj,Injeksi tunggal,injeksi,5,23-12-2021,1
RX05293,DGN3512,PAT00168,Cetirizine 10mg,1x1 sachet,oral,3,23-12-2021,3
RX05294,DGN3512,PAT00168,Loperamide 2mg,3x500mg,oral,30,23-12-2021,90
RX05295,DGN3513,PAT00030,Budesonide inhaler,Inhalasi bila sesak,inhaler,3,09/12/2023,1
RX05296,DGN3513,PAT00030,Amlodipine 5mg,3x500mg,oral,30,09/12/2023,90
RX05297,DGN3513,PAT00030,Dexamethasone inj,Injeksi tunggal,injeksi,5,09/12/2023,1
RX05298,DGN3514,PAT01421,Omeprazole 20mg,2x500mg,oral,10,2024-08-13,20
RX05299,DGN3514,PAT01421,Domperidone 10mg,2x500mg,oral,3,2024-08-13,6
RX05300,DGN3515,PAT01883,Oralit sachet,2x1 tablet,oral,3,30/09/2023,6
RX05301,DGN3515,PAT01883,Loratadine 10mg,3x500mg,oral,30,30/09/2023,90
RX05302,DGN3516,PAT01649,Cetirizine 10mg,1x1 tablet,oral,5,01/08/2024,5
RX05303,DGN3517,PAT00931,Amlodipine 5mg,2x1 sachet,oral,5,06-03-2024,10
RX05304,DGN3517,PAT00931,Salep mata gentamicin,Oles pagi & malam,topikal,10,06-03-2024,1
RX05305,DGN3518,PAT01423,ORS pediatric,2x1 tablet,oral,5,2023-09-30,10
RX05306,DGN3519,PAT01348,Antasida,3x500mg,oral,3,16-01-2023,9
RX05307,DGN3519,PAT01348,Salep hidrokortison,Oles 3x sehari,topikal,3,16-01-2023,1
RX05308,DGN3519,PAT01348,Budesonide inhaler,2 puff 2x sehari,inhaler,10,16-01-2023,1
RX05309,DGN3520,PAT01472,Paracetamol 500mg,1x1 tablet,oral,10,13-05-2024,10
RX05310,DGN3520,PAT01472,ORS pediatric,2x500mg,oral,30,13-05-2024,60
RX05311,DGN3521,PAT01849,Loratadine 10mg,3x1 tablet,oral,5,31/03/2023,15
RX05312,DGN3521,PAT01849,Domperidone 10mg,3x500mg,oral,7,31/03/2023,21
RX05313,DGN3522,PAT00397,Salep gatal,Oles pagi & malam,topikal,10,2024-06-07,1
RX05314,DGN3523,PAT01555,Amoxicillin 500mg,1x1 tablet,oral,30,26/12/2024,30
RX05315,DGN3524,PAT00827,Omeprazole 20mg,3x500mg,oral,14,11-02-2024,42
RX05316,DGN3524,PAT00827,Domperidone 10mg,2x1 sachet,oral,10,11-02-2024,20
RX05317,DGN3524,PAT00827,Salbutamol inhaler,2 puff 2x sehari,inhaler,14,11-02-2024,1
RX05318,DGN3525,PAT00460,Salbutamol inhaler,Inhalasi bila sesak,inhaler,30,2023-05-08,1
RX05319,DGN3526,PAT00129,Metformin 500mg,2x500mg,oral,3,2024-08-11,6
RX05320,DGN3527,PAT00095,Budesonide inhaler,2 puff 2x sehari,inhaler,5,2022-11-27,1
RX05321,DGN3527,PAT00095,Omeprazole 20mg,2x1 tablet,oral,3,2022-11-27,6
RX05322,DGN3528,PAT01194,Tetes mata,Oles 3x sehari,topikal,30,2024-05-16,1
RX05323,DGN3529,PAT00827,Oralit sachet,2x500mg,oral,7,07/11/2023,14
RX05324,DGN3530,PAT00250,Loperamide 2mg,3x500mg,oral,7,16/08/2022,21
RX05325,DGN3531,PAT01609,Paracetamol 500mg,3x500mg,oral,10,10-12-2023,30
RX05326,DGN3532,PAT00460,Domperidone 10mg,2x1 tablet,oral,14,22-10-2023,28
RX05327,DGN3532,PAT00460,Salep gatal,Oles pagi & malam,topikal,7,22-10-2023,1
RX05328,DGN3533,PAT01631,Loratadine 10mg,3x500mg,oral,30,26/10/2024,90
RX05329,DGN3533,PAT01631,Captopril 25mg,1x1 tablet,oral,10,26/10/2024,10
RX05330,DGN3533,PAT01631,Vitamin B complex,1x1 sachet,oral,5,26/10/2024,5
RX05331,DGN3534,PAT01678,Salep gatal,Oles 3x sehari,topikal,5,22/10/2024,1
RX05332,DGN3534,PAT01678,Budesonide inhaler,Inhalasi bila sesak,inhaler,10,22/10/2024,1
RX05333,DGN3535,PAT00854,Metformin 500mg,2x500mg,oral,7,01-10-2024,14
RX05334,DGN3535,PAT00854,Antibiotik salep,Oles 3x sehari,topikal,3,01-10-2024,1
RX05335,DGN3536,PAT00279,Salep hidrokortison,Oles 3x sehari,topikal,10,10-07-2024,1
RX05336,DGN3537,PAT01534,Antasida,2x1 sachet,oral,14,2024-11-25,28
RX05337,DGN3538,PAT00030,Loratadine 10mg,1x1 tablet,oral,10,17-09-2023,10
RX05338,DGN3539,PAT01430,Antibiotik salep,Oles pagi & malam,topikal,30,10/09/2022,1
RX05339,DGN3540,PAT00593,Glibenclamide 5mg,3x500mg,oral,10,11-05-2024,30
RX05340,DGN3541,PAT00444,Metformin 500mg,3x1 tablet,oral,7,28-01-2024,21
RX05341,DGN3541,PAT00444,Salbutamol inhaler,2 puff 2x sehari,inhaler,3,28-01-2024,1
RX05342,DGN3542,PAT01271,Dexamethasone inj,Injeksi tunggal,injeksi,7,01/03/2024,2
RX05343,DGN3543,PAT01789,Salep mata gentamicin,Oles 2x sehari,topikal,7,11-02-2024,1
RX05344,DGN3544,PAT00199,Vitamin C 500mg,3x500mg,oral,3,12/11/2024,9
RX05345,DGN3544,PAT00199,Salep hidrokortison,Oles pagi & malam,topikal,3,12/11/2024,1
RX05346,DGN3544,PAT00199,Budesonide inhaler,2 puff 3x sehari,inhaler,3,12/11/2024,1
RX05347,DGN3545,PAT01344,Ranitidine 150mg,3x1 tablet,oral,14,07/01/2024,42
RX05348,DGN3546,PAT01047,Amoxicillin 500mg,1x1 sachet,oral,5,10/02/2024,5
RX05349,DGN3546,PAT01047,Amoxicillin 500mg,3x500mg,oral,14,10/02/2024,42
RX05350,DGN3547,PAT00030,Ibuprofen 400mg,3x500mg,oral,14,24/03/2024,42
RX05351,DGN3548,PAT01089,Loratadine 10mg,2x500mg,oral,14,2023-04-02,28
RX05352,DGN3549,PAT01981,Loperamide 2mg,3x1 tablet,oral,30,2024-04-10,90
RX05353,DGN3549,PAT01981,Ranitidine 150mg,2x1 sachet,oral,10,2024-04-10,20
RX05354,DGN3550,PAT01944,Vitamin C 500mg,1x1 sachet,oral,10,24/12/2022,10
RX05355,DGN3551,PAT01216,Loratadine 10mg,1x1 sachet,oral,3,16-11-2022,3
RX05356,DGN3551,PAT01216,Domperidone 10mg,1x1 sachet,oral,3,16-11-2022,3
RX05357,DGN3552,PAT01157,Amlodipine 5mg,2x1 tablet,oral,5,2024-07-24,10
RX05358,DGN3552,PAT01157,Loratadine 10mg,3x1 tablet,oral,7,2024-07-24,21
RX05359,DGN3553,PAT00815,Domperidone 10mg,1x1 tablet,oral,14,2023-02-21,14
RX05360,DGN3554,PAT01821,Ranitidine 150mg,2x1 sachet,oral,14,2024-12-20,28
RX05361,DGN3555,PAT01642,Tetes mata,Oles pagi & malam,topikal,3,2023-08-15,1
RX05362,DGN3556,PAT00509,Antasida,2x1 tablet,oral,10,22-03-2023,20
RX05363,DGN3556,PAT00509,Mefenamic acid 500mg,3x500mg,oral,30,22-03-2023,90
RX05364,DGN3557,PAT00739,Salep gatal,Oles 2x sehari,topikal,7,26/01/2025,1
RX05365,DGN3557,PAT00739,ORS pediatric,1x1 sachet,oral,3,26/01/2025,3
RX05366,DGN3557,PAT00739,Tetes mata,Oles 3x sehari,topikal,7,26/01/2025,1
RX05367,DGN3558,PAT01539,Omeprazole 20mg,1x1 sachet,oral,10,30/06/2024,10
RX05368,DGN3559,PAT00806,Tetes mata,Oles 3x sehari,topikal,7,25-05-2022,1
RX05369,DGN3559,PAT00806,Vitamin C 500mg,2x500mg,oral,7,25-05-2022,14
RX05370,DGN3559,PAT00806,Metformin 500mg,2x1 sachet,oral,3,25-05-2022,6
RX05371,DGN3560,PAT01898,Tetes mata,Oles 2x sehari,topikal,3,2024-11-25,1
RX05372,DGN3561,PAT00900,Domperidone 10mg,3x1 tablet,oral,5,10-09-2023,15
RX05373,DGN3561,PAT00900,Salep hidrokortison,Oles 2x sehari,topikal,7,10-09-2023,1
RX05374,DGN3562,PAT01098,Budesonide inhaler,Inhalasi bila sesak,inhaler,3,01-02-2024,1
RX05375,DGN3562,PAT01098,Loratadine 10mg,2x1 tablet,oral,10,01-02-2024,20
RX05376,DGN3562,PAT01098,Salep hidrokortison,Oles 3x sehari,topikal,5,01-02-2024,1
RX05377,DGN3563,PAT01924,Dexamethasone inj,Injeksi 1x sehari,injeksi,14,2023-12-19,4
RX05378,DGN3564,PAT00600,Asam folat,1x1 tablet,oral,14,30-05-2023,14
RX05379,DGN3565,PAT00021,Glibenclamide 5mg,1x1 sachet,oral,5,23-06-2024,5
RX05380,DGN3566,PAT01283,Salep hidrokortison,Oles 3x sehari,topikal,14,29-04-2023,1
RX05381,DGN3566,PAT01283,Tetes mata,Oles 3x sehari,topikal,14,29-04-2023,1
RX05382,DGN3566,PAT01283,Domperidone 10mg,3x500mg,oral,30,29-04-2023,90
RX05383,DGN3567,PAT00970,Mefenamic acid 500mg,2x500mg,oral,10,20/03/2022,20
RX05384,DGN3567,PAT00970,Ranitidine 150mg,2x1 tablet,oral,5,20/03/2022,10
RX05385,DGN3568,PAT01638,Salbutamol inhaler,2 puff 2x sehari,inhaler,7,01/08/2023,1
RX05386,DGN3569,PAT01782,Budesonide inhaler,Inhalasi bila sesak,inhaler,7,19-10-2024,1
RX05387,DGN3570,PAT00541,Omeprazole 20mg,1x1 tablet,oral,7,09-02-2023,7
RX05388,DGN3570,PAT00541,Antasida,2x1 sachet,oral,30,09-02-2023,60
RX05389,DGN3571,PAT01388,Glibenclamide 5mg,2x1 tablet,oral,30,15-08-2024,60
RX05390,DGN3572,PAT00988,Oralit sachet,2x500mg,oral,30,2024-05-15,60
RX05391,DGN3572,PAT00988,Loperamide 2mg,3x500mg,oral,10,2024-05-15,30
RX05392,DGN3572,PAT00988,Budesonide inhaler,2 puff 2x sehari,inhaler,5,2024-05-15,1
RX05393,DGN3573,PAT01278,Omeprazole 20mg,2x1 sachet,oral,3,2022-12-24,6
RX05394,DGN3574,PAT01042,Omeprazole 20mg,3x500mg,oral,5,2024-06-17,15
RX05395,DGN3574,PAT01042,Oralit sachet,1x1 tablet,oral,14,2024-06-17,14
RX05396,DGN3575,PAT00596,Amoxicillin 500mg,3x500mg,oral,30,07/08/2024,90
RX05397,DGN3575,PAT00596,Mefenamic acid 500mg,3x1 tablet,oral,5,07/08/2024,15
RX05398,DGN3576,PAT01978,Salep gatal,Oles 3x sehari,topikal,10,21/12/2024,1
RX05399,DGN3577,PAT01711,Salep gatal,Oles pagi & malam,topikal,3,18-08-2024,1
RX05400,DGN3578,PAT00072,Dexamethasone inj,Injeksi 1x sehari,injeksi,3,03/08/2023,1
RX05401,DGN3578,PAT00072,Cetirizine 10mg,2x1 sachet,oral,3,03/08/2023,6
RX05402,DGN3578,PAT00072,Loratadine 10mg,3x500mg,oral,7,03/08/2023,21
RX05403,DGN3579,PAT00125,Salep gatal,Oles 3x sehari,topikal,3,02-06-2024,1
RX05404,DGN3579,PAT00125,Tetes mata,Oles 2x sehari,topikal,30,02-06-2024,1
RX05405,DGN3580,PAT01005,Vitamin C 500mg,1x1 sachet,oral,5,02/01/2024,5
RX05406,DGN3581,PAT00538,Loratadine 10mg,1x1 sachet,oral,10,2023-01-07,10
RX05407,DGN3582,PAT01348,Mefenamic acid 500mg,2x1 tablet,oral,3,04-01-2024,6
RX05408,DGN3582,PAT01348,Vitamin C 500mg,1x1 tablet,oral,7,04-01-2024,7
RX05409,DGN3583,PAT01381,Budesonide inhaler,2 puff 2x sehari,inhaler,7,2024-08-14,1
RX05410,DGN3583,PAT01381,Ibuprofen 400mg,3x1 tablet,oral,10,2024-08-14,30
RX05411,DGN3584,PAT00051,Salbutamol inhaler,2 puff 2x sehari,inhaler,14,24-09-2023,1
RX05412,DGN3585,PAT01986,Simvastatin 10mg,3x500mg,oral,10,28-01-2025,30
RX05413,DGN3586,PAT00945,Salep hidrokortison,Oles 3x sehari,topikal,14,05/09/2023,1
RX05414,DGN3586,PAT00945,Salbutamol inhaler,Inhalasi bila sesak,inhaler,30,05/09/2023,1
RX05415,DGN3587,PAT00221,Mefenamic acid 500mg,2x500mg,oral,30,12/09/2024,60
RX05416,DGN3587,PAT00221,Domperidone 10mg,2x1 sachet,oral,5,12/09/2024,10
RX05417,DGN3588,PAT00587,Simvastatin 10mg,2x1 tablet,oral,30,2023-01-07,60
RX05418,DGN3588,PAT00587,Amoxicillin 500mg,2x500mg,oral,5,2023-01-07,10
RX05419,DGN3589,PAT00473,ORS pediatric,2x1 tablet,oral,30,2023-07-05,60
RX05420,DGN3590,PAT01736,ORS pediatric,3x1 tablet,oral,3,2022-08-20,9
RX05421,DGN3590,PAT01736,Glibenclamide 5mg,1x1 tablet,oral,5,2022-08-20,5
RX05422,DGN3591,PAT01289,ORS pediatric,2x1 sachet,oral,30,18-02-2024,60
RX05423,DGN3592,PAT01552,Asam folat,3x1 tablet,oral,7,24-08-2023,21
RX05424,DGN3593,PAT00950,Salep gatal,Oles pagi & malam,topikal,5,2024-07-27,1
RX05425,DGN3594,PAT00956,Cetirizine 10mg,1x1 tablet,oral,3,09-07-2023,3
RX05426,DGN3595,PAT01224,Salep hidrokortison,Oles 3x sehari,topikal,10,08/10/2023,1
RX05427,DGN3595,PAT01224,Salep mata gentamicin,Oles 3x sehari,topikal,3,08/10/2023,1
RX05428,DGN3596,PAT01922,ORS pediatric,2x1 sachet,oral,10,2022-10-06,20
RX05429,DGN3596,PAT01922,Loratadine 10mg,3x1 tablet,oral,10,2022-10-06,30
RX05430,DGN3597,PAT01835,Cetirizine 10mg,3x500mg,oral,14,19-11-2021,42
RX05431,DGN3598,PAT01273,Domperidone 10mg,1x1 sachet,oral,10,13/01/2023,10
RX05432,DGN3599,PAT00061,Vitamin B complex,3x1 tablet,oral,3,12-03-2024,9
RX05433,DGN3600,PAT00544,Metformin 500mg,2x1 tablet,oral,10,2024-10-10,20
RX05434,DGN3601,PAT00163,Salep mata gentamicin,Oles 3x sehari,topikal,14,18-01-2025,1
RX05435,DGN3602,PAT01572,Budesonide inhaler,2 puff 2x sehari,inhaler,10,2023-06-13,1
RX05436,DGN3603,PAT00634,Glibenclamide 5mg,2x500mg,oral,5,19/10/2023,10
RX05437,DGN3604,PAT01999,Ibuprofen 400mg,1x1 sachet,oral,30,05/05/2023,30
RX05438,DGN3604,PAT01999,Antibiotik salep,Oles 2x sehari,topikal,5,05/05/2023,1
RX05439,DGN3604,PAT01999,Mefenamic acid 500mg,3x500mg,oral,14,05/05/2023,42
RX05440,DGN3605,PAT01966,Captopril 25mg,2x1 tablet,oral,14,18-12-2024,28
RX05441,DGN3606,PAT00931,Loratadine 10mg,2x500mg,oral,30,02/05/2022,60
RX05442,DGN3607,PAT00461,Ibuprofen 400mg,2x500mg,oral,14,31/03/2024,28
RX05443,DGN3607,PAT00461,Vitamin B complex,2x1 sachet,oral,30,31/03/2024,60
RX05444,DGN3608,PAT00126,Salep gatal,Oles 3x sehari,topikal,3,22-12-2024,1
RX05445,DGN3608,PAT00126,Salep gatal,Oles pagi & malam,topikal,3,22-12-2024,1
RX05446,DGN3609,PAT00925,Mefenamic acid 500mg,1x1 tablet,oral,7,2022-08-23,7
RX05447,DGN3609,PAT00925,Loratadine 10mg,2x1 tablet,oral,7,2022-08-23,14
RX05448,DGN3609,PAT00925,Amoxicillin 500mg,1x1 tablet,oral,7,2022-08-23,7
RX05449,DGN3610,PAT00320,Salep hidrokortison,Oles 2x sehari,topikal,10,2024-02-11,1
RX05450,DGN3610,PAT00320,ORS pediatric,1x1 sachet,oral,5,2024-02-11,5
RX05451,DGN3611,PAT00655,Glibenclamide 5mg,1x1 sachet,oral,14,2023-10-06,14
RX05452,DGN3612,PAT01799,ORS pediatric,2x500mg,oral,3,2024-02-19,6
RX05453,DGN3613,PAT00311,Dexamethasone inj,Injeksi 1x sehari,injeksi,14,06/03/2024,4
RX05454,DGN3613,PAT00311,Dexamethasone inj,Injeksi 1x sehari,injeksi,30,06/03/2024,10
RX05455,DGN3613,PAT00311,Omeprazole 20mg,2x1 sachet,oral,14,06/03/2024,28
RX05456,DGN3614,PAT00127,Budesonide inhaler,2 puff 3x sehari,inhaler,10,21/09/2023,1
RX05457,DGN3615,PAT01891,Metformin 500mg,2x1 sachet,oral,3,2024-05-18,6
RX05458,DGN3616,PAT00375,Ibuprofen 400mg,1x1 tablet,oral,5,2025-01-31,5
RX05459,DGN3617,PAT01081,Ranitidine 150mg,2x500mg,oral,14,28/12/2022,28
RX05460,DGN3618,PAT01381,Captopril 25mg,2x500mg,oral,3,05/11/2023,6
RX05461,DGN3619,PAT01793,Asam folat,2x1 sachet,oral,14,05-06-2022,28
RX05462,DGN3620,PAT01168,Antasida,2x500mg,oral,3,2022-03-15,6
RX05463,DGN3621,PAT00397,Amoxicillin 500mg,2x500mg,oral,14,2024-05-29,28
RX05464,DGN3621,PAT00397,Oralit sachet,1x1 sachet,oral,10,2024-05-29,10
RX05465,DGN3622,PAT00189,Oralit sachet,3x1 tablet,oral,10,29-01-2023,30
RX05466,DGN3623,PAT00092,Glibenclamide 5mg,2x500mg,oral,5,15/01/2025,10
RX05467,DGN3624,PAT01620,Ibuprofen 400mg,2x1 sachet,oral,7,2022-08-30,14
RX05468,DGN3624,PAT01620,Amoxicillin 500mg,3x1 tablet,oral,3,2022-08-30,9
RX05469,DGN3624,PAT01620,Tetes mata,Oles 2x sehari,topikal,14,2022-08-30,1
RX05470,DGN3625,PAT00402,Simvastatin 10mg,3x1 tablet,oral,30,08/02/2023,90
RX05471,DGN3626,PAT00985,Vitamin B complex,2x1 sachet,oral,30,02/06/2024,60
RX05472,DGN3627,PAT01511,Paracetamol 500mg,3x1 tablet,oral,14,11/09/2023,42
RX05473,DGN3628,PAT01532,Amlodipine 5mg,1x1 sachet,oral,7,2024-06-05,7
RX05474,DGN3629,PAT01024,ORS pediatric,2x500mg,oral,14,20/02/2024,28
RX05475,DGN3629,PAT01024,Cetirizine 10mg,2x1 tablet,oral,7,20/02/2024,14
RX05476,DGN3630,PAT01289,Omeprazole 20mg,2x1 tablet,oral,7,2024-12-30,14
RX05477,DGN3631,PAT01708,Glibenclamide 5mg,1x1 sachet,oral,7,2024-11-06,7
RX05478,DGN3632,PAT01655,Captopril 25mg,3x1 tablet,oral,7,11-06-2022,21
RX05479,DGN3632,PAT01655,Tetes mata,Oles pagi & malam,topikal,5,11-06-2022,1
RX05480,DGN3633,PAT00718,Salep gatal,Oles 3x sehari,topikal,7,2024-09-05,1
RX05481,DGN3633,PAT00718,Vitamin C 500mg,2x1 sachet,oral,14,2024-09-05,28
RX05482,DGN3633,PAT00718,Glibenclamide 5mg,2x500mg,oral,14,2024-09-05,28
RX05483,DGN3634,PAT01295,Antasida,3x1 tablet,oral,14,24/05/2024,42
RX05484,DGN3635,PAT01645,Asam folat,3x500mg,oral,30,12/09/2023,90
RX05485,DGN3635,PAT01645,Ciprofloxacin 500mg,2x1 sachet,oral,3,12/09/2023,6
RX05486,DGN3635,PAT01645,Omeprazole 20mg,3x1 tablet,oral,5,12/09/2023,15
RX05487,DGN3636,PAT00650,Vitamin C 500mg,3x500mg,oral,3,28-10-2024,9
RX05488,DGN3637,PAT00897,Antibiotik salep,Oles 2x sehari,topikal,30,06/06/2024,1
RX05489,DGN3637,PAT00897,Salep mata gentamicin,Oles pagi & malam,topikal,5,06/06/2024,1
RX05490,DGN3638,PAT01079,Oralit sachet,2x500mg,oral,10,2021-12-20,20
RX05491,DGN3639,PAT01780,Omeprazole 20mg,1x1 sachet,oral,10,2023-11-03,10
RX05492,DGN3639,PAT01780,Salep hidrokortison,Oles 2x sehari,topikal,5,2023-11-03,1
RX05493,DGN3640,PAT00177,Tetes mata,Oles 2x sehari,topikal,7,02/12/2024,1
RX05494,DGN3641,PAT01336,Paracetamol 500mg,2x500mg,oral,5,17/10/2023,10
RX05495,DGN3642,PAT01743,Simvastatin 10mg,3x1 tablet,oral,14,2024-11-20,42
RX05496,DGN3643,PAT00322,Salbutamol inhaler,2 puff 2x sehari,inhaler,7,2024-12-06,1
RX05497,DGN3644,PAT01540,Antibiotik salep,Oles 3x sehari,topikal,5,12/08/2022,1
RX05498,DGN3645,PAT00405,Amoxicillin 500mg,3x1 tablet,oral,14,2023-08-07,42
RX05499,DGN3646,PAT00958,Cetirizine 10mg,2x500mg,oral,14,2025-01-05,28
RX05500,DGN3647,PAT00539,Loperamide 2mg,3x1 tablet,oral,30,2022-08-04,90
RX05501,DGN3647,PAT00539,Ranitidine 150mg,2x500mg,oral,3,2022-08-04,6
RX05502,DGN3647,PAT00539,Loratadine 10mg,3x1 tablet,oral,3,2022-08-04,9
RX05503,DGN3648,PAT01819,Loratadine 10mg,2x1 sachet,oral,3,2022-12-06,6
RX05504,DGN3648,PAT01819,Simvastatin 10mg,2x1 tablet,oral,5,2022-12-06,10
RX05505,DGN3649,PAT00260,Budesonide inhaler,2 puff 2x sehari,inhaler,10,2024-07-09,1
RX05506,DGN3650,PAT01869,Amoxicillin 500mg,1x1 sachet,oral,14,2024-09-01,14
RX05507,DGN3651,PAT00380,Amlodipine 5mg,3x500mg,oral,3,09/08/2022,9
RX05508,DGN3652,PAT00999,Oralit sachet,2x1 sachet,oral,3,06-11-2023,6
RX05509,DGN3652,PAT00999,Captopril 25mg,2x500mg,oral,30,06-11-2023,60
RX05510,DGN3653,PAT01650,Tetes mata,Oles 2x sehari,topikal,14,24/05/2022,1
RX05511,DGN3654,PAT01352,Salep gatal,Oles 3x sehari,topikal,7,20/08/2022,1
RX05512,DGN3654,PAT01352,Simvastatin 10mg,2x1 tablet,oral,3,20/08/2022,6
RX05513,DGN3655,PAT00190,Oralit sachet,2x500mg,oral,7,01-02-2024,14
RX05514,DGN3655,PAT00190,Captopril 25mg,2x1 sachet,oral,5,01-02-2024,10
RX05515,DGN3656,PAT00873,Salep mata gentamicin,Oles 2x sehari,topikal,30,21/11/2023,1
RX05516,DGN3656,PAT00873,Salbutamol inhaler,2 puff 3x sehari,inhaler,3,21/11/2023,1
RX05517,DGN3657,PAT01553,Ibuprofen 400mg,3x500mg,oral,3,2024-06-01,9
RX05518,DGN3657,PAT01553,Salep mata gentamicin,Oles 3x sehari,topikal,7,2024-06-01,1
RX05519,DGN3658,PAT01856,Vitamin B complex,1x1 tablet,oral,7,28-04-2024,7
RX05520,DGN3659,PAT00120,Antibiotik salep,Oles 2x sehari,topikal,10,2024-02-23,1
RX05521,DGN3660,PAT01190,Antibiotik salep,Oles pagi & malam,topikal,10,03-12-2024,1
RX05522,DGN3661,PAT00321,Dexamethasone inj,Injeksi 1x sehari,injeksi,5,04/07/2022,1
RX05523,DGN3662,PAT00727,Mefenamic acid 500mg,3x500mg,oral,5,2024-10-27,15
RX05524,DGN3663,PAT01345,Salbutamol inhaler,2 puff 3x sehari,inhaler,7,28/03/2024,1
RX05525,DGN3663,PAT01345,Salep gatal,Oles pagi & malam,topikal,30,28/03/2024,1
RX05526,DGN3664,PAT01836,Salep hidrokortison,Oles 2x sehari,topikal,7,2023-07-10,1
RX05527,DGN3664,PAT01836,Loperamide 2mg,2x1 tablet,oral,30,2023-07-10,60
RX05528,DGN3664,PAT01836,ORS pediatric,1x1 sachet,oral,5,2023-07-10,5
RX05529,DGN3665,PAT01040,Budesonide inhaler,2 puff 2x sehari,inhaler,14,13/07/2024,1
RX05530,DGN3666,PAT01719,Dexamethasone inj,Injeksi 1x sehari,injeksi,10,2022-11-18,3
RX05531,DGN3666,PAT01719,Salbutamol inhaler,2 puff 3x sehari,inhaler,14,2022-11-18,1
RX05532,DGN3667,PAT00770,Captopril 25mg,1x1 tablet,oral,7,2024-06-30,7
RX05533,DGN3667,PAT00770,Salep mata gentamicin,Oles pagi & malam,topikal,30,2024-06-30,1
RX05534,DGN3668,PAT01970,Mefenamic acid 500mg,2x1 tablet,oral,30,2024-10-30,60
RX05535,DGN3668,PAT01970,Tetes mata,Oles pagi & malam,topikal,7,2024-10-30,1
RX05536,DGN3668,PAT01970,Loratadine 10mg,1x1 tablet,oral,14,2024-10-30,14
RX05537,DGN3669,PAT01451,Tetes mata,Oles 2x sehari,topikal,10,2023-01-01,1
RX05538,DGN3670,PAT00390,Amlodipine 5mg,2x1 tablet,oral,7,2023-05-31,14
RX05539,DGN3670,PAT00390,Domperidone 10mg,2x500mg,oral,5,2023-05-31,10
RX05540,DGN3670,PAT00390,Cetirizine 10mg,3x500mg,oral,5,2023-05-31,15
RX05541,DGN3671,PAT00322,Vitamin C 500mg,2x500mg,oral,10,09/09/2024,20
RX05542,DGN3672,PAT00490,Paracetamol 500mg,2x1 sachet,oral,3,21/07/2022,6
RX05543,DGN3673,PAT01301,Captopril 25mg,2x500mg,oral,7,2022-05-30,14
RX05544,DGN3673,PAT01301,ORS pediatric,2x500mg,oral,5,2022-05-30,10
RX05545,DGN3674,PAT01140,Asam folat,3x500mg,oral,3,2024-02-03,9
RX05546,DGN3674,PAT01140,Domperidone 10mg,3x500mg,oral,14,2024-02-03,42
RX05547,DGN3674,PAT01140,Amoxicillin 500mg,2x500mg,oral,10,2024-02-03,20
RX05548,DGN3675,PAT00798,Ibuprofen 400mg,3x1 tablet,oral,30,18/02/2023,90
RX05549,DGN3675,PAT00798,Ciprofloxacin 500mg,3x500mg,oral,5,18/02/2023,15
RX05550,DGN3676,PAT00298,Vitamin B complex,1x1 tablet,oral,14,29/09/2021,14
RX05551,DGN3676,PAT00298,Asam folat,3x1 tablet,oral,5,29/09/2021,15
RX05552,DGN3676,PAT00298,ORS pediatric,2x1 sachet,oral,3,29/09/2021,6
RX05553,DGN3677,PAT00383,Amoxicillin 500mg,2x1 sachet,oral,30,2023-09-18,60
RX05554,DGN3678,PAT00612,Simvastatin 10mg,1x1 tablet,oral,10,2024-08-11,10
RX05555,DGN3678,PAT00612,Asam folat,3x1 tablet,oral,5,2024-08-11,15
RX05556,DGN3679,PAT00068,Vitamin B complex,1x1 sachet,oral,30,2024-07-03,30
RX05557,DGN3680,PAT00266,Vitamin B complex,1x1 tablet,oral,10,29/11/2023,10
RX05558,DGN3681,PAT01421,Amoxicillin 500mg,1x1 sachet,oral,3,16/10/2023,3
RX05559,DGN3682,PAT00930,Domperidone 10mg,2x500mg,oral,3,02/10/2024,6
RX05560,DGN3683,PAT01644,Ciprofloxacin 500mg,2x1 tablet,oral,14,14/03/2024,28
RX05561,DGN3684,PAT01314,Vitamin C 500mg,2x500mg,oral,30,14-10-2023,60
RX05562,DGN3684,PAT01314,Tetes mata,Oles 2x sehari,topikal,30,14-10-2023,1
RX05563,DGN3685,PAT01091,Salbutamol inhaler,Inhalasi bila sesak,inhaler,10,14-11-2024,1
RX05564,DGN3685,PAT01091,Dexamethasone inj,Injeksi 1x sehari,injeksi,3,14-11-2024,1
RX05565,DGN3685,PAT01091,Amlodipine 5mg,1x1 tablet,oral,10,14-11-2024,10
RX05566,DGN3686,PAT00641,Antibiotik salep,Oles pagi & malam,topikal,5,2024-09-13,1
RX05567,DGN3686,PAT00641,Salep mata gentamicin,Oles 2x sehari,topikal,10,2024-09-13,1
RX05568,DGN3686,PAT00641,Dexamethasone inj,Injeksi tunggal,injeksi,3,2024-09-13,1
RX05569,DGN3687,PAT01587,Salep hidrokortison,Oles pagi & malam,topikal,3,22/08/2022,1
RX05570,DGN3687,PAT01587,Asam folat,2x1 sachet,oral,5,22/08/2022,10
RX05571,DGN3687,PAT01587,Vitamin C 500mg,2x1 tablet,oral,30,22/08/2022,60
RX05572,DGN3688,PAT00552,Ranitidine 150mg,2x500mg,oral,14,08/11/2023,28
RX05573,DGN3689,PAT00358,Domperidone 10mg,2x500mg,oral,14,27/08/2023,28
RX05574,DGN3690,PAT00056,Oralit sachet,2x500mg,oral,30,2024-03-07,60
RX05575,DGN3690,PAT00056,Mefenamic acid 500mg,1x1 tablet,oral,5,2024-03-07,5
RX05576,DGN3690,PAT00056,Dexamethasone inj,Injeksi 1x sehari,injeksi,7,2024-03-07,2
RX05577,DGN3691,PAT00389,Asam folat,3x500mg,oral,14,14/08/2024,42
RX05578,DGN3692,PAT01324,Amlodipine 5mg,2x1 sachet,oral,30,2022-06-21,60
RX05579,DGN3693,PAT01744,Antasida,3x1 tablet,oral,30,2021-10-17,90
RX05580,DGN3694,PAT01620,Tetes mata,Oles pagi & malam,topikal,5,10/11/2021,1
RX05581,DGN3695,PAT00194,Salep gatal,Oles 3x sehari,topikal,14,2022-03-10,1
RX05582,DGN3696,PAT00171,Vitamin B complex,3x500mg,oral,3,08-10-2021,9
RX05583,DGN3696,PAT00171,Amoxicillin 500mg,1x1 tablet,oral,7,08-10-2021,7
RX05584,DGN3696,PAT00171,Omeprazole 20mg,1x1 tablet,oral,3,08-10-2021,3
RX05585,DGN3697,PAT01771,Salbutamol inhaler,Inhalasi bila sesak,inhaler,14,30/01/2025,1
RX05586,DGN3698,PAT01042,Loperamide 2mg,1x1 sachet,oral,7,2024-09-18,7
RX05587,DGN3698,PAT01042,Glibenclamide 5mg,3x1 tablet,oral,10,2024-09-18,30
RX05588,DGN3699,PAT01056,Vitamin C 500mg,1x1 tablet,oral,5,28-08-2023,5
RX05589,DGN3700,PAT01760,ORS pediatric,1x1 tablet,oral,30,10-12-2023,30
RX05590,DGN3701,PAT01416,Paracetamol 500mg,1x1 sachet,oral,14,16-10-2024,14
RX05591,DGN3701,PAT01416,Tetes mata,Oles 2x sehari,topikal,14,16-10-2024,1
RX05592,DGN3702,PAT00251,Ciprofloxacin 500mg,1x1 sachet,oral,30,29/03/2024,30
RX05593,DGN3703,PAT00902,Vitamin B complex,1x1 sachet,oral,5,24/12/2024,5
RX05594,DGN3703,PAT00902,Captopril 25mg,3x1 tablet,oral,5,24/12/2024,15
RX05595,DGN3704,PAT00592,Glibenclamide 5mg,2x1 tablet,oral,14,13-10-2024,28
RX05596,DGN3705,PAT01604,Mefenamic acid 500mg,3x1 tablet,oral,7,23/10/2022,21
RX05597,DGN3705,PAT01604,Ciprofloxacin 500mg,3x500mg,oral,5,23/10/2022,15
RX05598,DGN3706,PAT00888,Salep hidrokortison,Oles pagi & malam,topikal,10,2024-12-02,1
RX05599,DGN3707,PAT00531,Dexamethasone inj,Injeksi tunggal,injeksi,3,2024-05-12,1
RX05600,DGN3707,PAT00531,Vitamin C 500mg,1x1 sachet,oral,14,2024-05-12,14
RX05601,DGN3708,PAT00458,Amoxicillin 500mg,1x1 tablet,oral,10,08/09/2024,10
RX05602,DGN3709,PAT01637,Tetes mata,Oles 3x sehari,topikal,3,19/08/2023,1
RX05603,DGN3710,PAT00964,Ibuprofen 400mg,3x1 tablet,oral,10,22/06/2023,30
RX05604,DGN3711,PAT01552,Ciprofloxacin 500mg,3x500mg,oral,5,02-10-2023,15
RX05605,DGN3711,PAT01552,Antasida,1x1 sachet,oral,30,02-10-2023,30
RX05606,DGN3711,PAT01552,Ibuprofen 400mg,2x500mg,oral,5,02-10-2023,10
RX05607,DGN3712,PAT00841,Tetes mata,Oles 2x sehari,topikal,10,26-03-2023,1
RX05608,DGN3713,PAT01472,Loratadine 10mg,2x1 tablet,oral,30,2023-07-28,60
RX05609,DGN3714,PAT01647,Omeprazole 20mg,2x500mg,oral,7,2022-11-02,14
RX05610,DGN3715,PAT01855,Cetirizine 10mg,1x1 sachet,oral,14,30/10/2024,14
RX05611,DGN3715,PAT01855,Omeprazole 20mg,2x500mg,oral,30,30/10/2024,60
RX05612,DGN3715,PAT01855,Domperidone 10mg,1x1 tablet,oral,3,30/10/2024,3
RX05613,DGN3716,PAT00665,Captopril 25mg,2x1 tablet,oral,5,2024-02-02,10
RX05614,DGN3717,PAT01917,Glibenclamide 5mg,2x1 tablet,oral,7,2024-04-27,14
RX05615,DGN3718,PAT00172,Ciprofloxacin 500mg,2x1 sachet,oral,14,2022-12-18,28
RX05616,DGN3719,PAT00818,Domperidone 10mg,1x1 tablet,oral,3,01/03/2024,3
RX05617,DGN3719,PAT00818,Ciprofloxacin 500mg,3x500mg,oral,5,01/03/2024,15
RX05618,DGN3719,PAT00818,Captopril 25mg,3x500mg,oral,3,01/03/2024,9
RX05619,DGN3720,PAT01010,Salep gatal,Oles 2x sehari,topikal,14,2022-02-14,1
RX05620,DGN3721,PAT01995,Ranitidine 150mg,2x1 sachet,oral,5,14/08/2024,10
RX05621,DGN3722,PAT01376,Loperamide 2mg,2x1 sachet,oral,3,2023-05-01,6
RX05622,DGN3723,PAT00405,Glibenclamide 5mg,3x1 tablet,oral,5,26-10-2023,15
RX05623,DGN3723,PAT00405,Metformin 500mg,1x1 sachet,oral,7,26-10-2023,7
RX05624,DGN3723,PAT00405,Loratadine 10mg,2x1 sachet,oral,30,26-10-2023,60
RX05625,DGN3724,PAT00355,Budesonide inhaler,Inhalasi bila sesak,inhaler,30,24-08-2024,1
RX05626,DGN3725,PAT01674,Amoxicillin 500mg,2x500mg,oral,10,18-10-2022,20
RX05627,DGN3725,PAT01674,Amlodipine 5mg,2x1 sachet,oral,10,18-10-2022,20
RX05628,DGN3726,PAT00835,Loratadine 10mg,3x1 tablet,oral,14,08/07/2024,42
RX05629,DGN3727,PAT01315,Simvastatin 10mg,3x1 tablet,oral,7,2023-05-27,21
RX05630,DGN3728,PAT00803,ORS pediatric,2x1 sachet,oral,10,27-02-2022,20
RX05631,DGN3729,PAT00122,Ranitidine 150mg,2x1 sachet,oral,3,27/05/2023,6
RX05632,DGN3729,PAT00122,Paracetamol 500mg,2x500mg,oral,5,27/05/2023,10
RX05633,DGN3730,PAT01567,Antibiotik salep,Oles 2x sehari,topikal,3,2024-01-26,1
RX05634,DGN3731,PAT01514,Captopril 25mg,3x1 tablet,oral,14,14/12/2024,42
RX05635,DGN3732,PAT01716,Domperidone 10mg,1x1 tablet,oral,30,15-06-2023,30
RX05636,DGN3732,PAT01716,Antibiotik salep,Oles pagi & malam,topikal,10,15-06-2023,1
RX05637,DGN3732,PAT01716,Antibiotik salep,Oles 2x sehari,topikal,30,15-06-2023,1
RX05638,DGN3733,PAT00757,Antasida,3x500mg,oral,5,2024-04-10,15
RX05639,DGN3734,PAT01088,Loperamide 2mg,2x1 sachet,oral,7,2024-12-19,14
RX05640,DGN3735,PAT00316,Vitamin B complex,1x1 tablet,oral,3,2024-02-05,3
RX05641,DGN3736,PAT00129,ORS pediatric,2x1 sachet,oral,30,2024-05-10,60
RX05642,DGN3737,PAT00892,Amlodipine 5mg,3x500mg,oral,5,06/09/2024,15
RX05643,DGN3737,PAT00892,Glibenclamide 5mg,1x1 tablet,oral,14,06/09/2024,14
RX05644,DGN3737,PAT00892,Asam folat,3x500mg,oral,14,06/09/2024,42
RX05645,DGN3738,PAT01738,Captopril 25mg,3x500mg,oral,10,13/05/2024,30
RX05646,DGN3738,PAT01738,Dexamethasone inj,Injeksi tunggal,injeksi,10,13/05/2024,3
RX05647,DGN3739,PAT00057,Loperamide 2mg,2x1 sachet,oral,5,31-03-2024,10
RX05648,DGN3739,PAT00057,Amlodipine 5mg,2x1 sachet,oral,7,31-03-2024,14
RX05649,DGN3740,PAT00413,Mefenamic acid 500mg,2x500mg,oral,10,14/10/2024,20
RX05650,DGN3741,PAT00120,Antasida,2x1 sachet,oral,3,17/03/2024,6
RX05651,DGN3742,PAT00482,Tetes mata,Oles 3x sehari,topikal,10,26/05/2024,1
RX05652,DGN3743,PAT00735,Glibenclamide 5mg,2x1 tablet,oral,3,2023-08-26,6
RX05653,DGN3743,PAT00735,Antibiotik salep,Oles pagi & malam,topikal,7,2023-08-26,1
RX05654,DGN3744,PAT01758,Ibuprofen 400mg,3x500mg,oral,3,2023-04-12,9
RX05655,DGN3744,PAT01758,ORS pediatric,3x500mg,oral,7,2023-04-12,21
RX05656,DGN3745,PAT00094,Salep gatal,Oles pagi & malam,topikal,10,18/08/2024,1
RX05657,DGN3745,PAT00094,Salep gatal,Oles 2x sehari,topikal,5,18/08/2024,1
RX05658,DGN3745,PAT00094,Antasida,1x1 tablet,oral,5,18/08/2024,5
RX05659,DGN3746,PAT01572,Salbutamol inhaler,Inhalasi bila sesak,inhaler,5,09/04/2023,1
RX05660,DGN3746,PAT01572,ORS pediatric,3x500mg,oral,3,09/04/2023,9
RX05661,DGN3746,PAT01572,Mefenamic acid 500mg,1x1 sachet,oral,5,09/04/2023,5
RX05662,DGN3747,PAT00013,Domperidone 10mg,2x1 tablet,oral,30,21-03-2023,60
RX05663,DGN3748,PAT01163,Budesonide inhaler,Inhalasi bila sesak,inhaler,14,2022-02-16,1
RX05664,DGN3748,PAT01163,Tetes mata,Oles pagi & malam,topikal,5,2022-02-16,1
RX05665,DGN3749,PAT00319,Salep hidrokortison,Oles 3x sehari,topikal,3,25-03-2024,1
RX05666,DGN3750,PAT01909,Captopril 25mg,3x500mg,oral,30,2024-10-03,90
RX05667,DGN3751,PAT01483,Mefenamic acid 500mg,1x1 sachet,oral,10,2023-10-01,10
RX05668,DGN3752,PAT00616,Loperamide 2mg,2x1 sachet,oral,3,29-02-2024,6
RX05669,DGN3753,PAT01265,Metformin 500mg,3x500mg,oral,7,2024-11-27,21
RX05670,DGN3754,PAT00145,Paracetamol 500mg,3x1 tablet,oral,30,2024-10-31,90
RX05671,DGN3754,PAT00145,ORS pediatric,1x1 sachet,oral,30,2024-10-31,30
RX05672,DGN3755,PAT01349,Metformin 500mg,1x1 sachet,oral,7,2023-07-18,7
RX05673,DGN3755,PAT01349,Ciprofloxacin 500mg,1x1 tablet,oral,14,2023-07-18,14
RX05674,DGN3756,PAT01272,Antasida,2x1 sachet,oral,14,2023-01-10,28
RX05675,DGN3756,PAT01272,Glibenclamide 5mg,3x500mg,oral,30,2023-01-10,90
RX05676,DGN3757,PAT00765,Oralit sachet,3x500mg,oral,7,2024-09-29,21
RX05677,DGN3758,PAT00404,Simvastatin 10mg,1x1 tablet,oral,7,21/07/2024,7
RX05678,DGN3758,PAT00404,Loperamide 2mg,2x1 sachet,oral,10,21/07/2024,20
RX05679,DGN3759,PAT01219,Salep gatal,Oles pagi & malam,topikal,14,19/02/2024,1
RX05680,DGN3760,PAT01929,Loratadine 10mg,2x1 tablet,oral,14,2024-08-02,28
RX05681,DGN3761,PAT00961,ORS pediatric,3x500mg,oral,5,17-09-2021,15
RX05682,DGN3762,PAT00203,Oralit sachet,2x1 sachet,oral,30,19-12-2024,60
RX05683,DGN3762,PAT00203,Paracetamol 500mg,2x500mg,oral,14,19-12-2024,28
RX05684,DGN3763,PAT01146,Loperamide 2mg,1x1 sachet,oral,10,21/04/2024,10
RX05685,DGN3763,PAT01146,Tetes mata,Oles 3x sehari,topikal,14,21/04/2024,1
RX05686,DGN3764,PAT01736,Glibenclamide 5mg,1x1 sachet,oral,30,23-11-2023,30
RX05687,DGN3764,PAT01736,Amlodipine 5mg,2x1 tablet,oral,3,23-11-2023,6
RX05688,DGN3764,PAT01736,Vitamin B complex,1x1 sachet,oral,7,23-11-2023,7
RX05689,DGN3765,PAT01076,ORS pediatric,1x1 sachet,oral,14,30/11/2024,14
RX05690,DGN3765,PAT01076,Salep hidrokortison,Oles 2x sehari,topikal,5,30/11/2024,1
RX05691,DGN3765,PAT01076,Asam folat,2x1 sachet,oral,14,30/11/2024,28
RX05692,DGN3766,PAT00910,Antibiotik salep,Oles pagi & malam,topikal,7,19/01/2025,1
RX05693,DGN3766,PAT00910,Metformin 500mg,2x500mg,oral,3,19/01/2025,6
RX05694,DGN3767,PAT01226,Budesonide inhaler,2 puff 3x sehari,inhaler,14,05-10-2024,1
RX05695,DGN3768,PAT01997,Dexamethasone inj,Injeksi tunggal,injeksi,3,18-11-2024,1
RX05696,DGN3769,PAT01287,Oralit sachet,1x1 sachet,oral,10,2022-09-29,10
RX05697,DGN3770,PAT00538,Cetirizine 10mg,2x1 tablet,oral,14,26/11/2024,28
RX05698,DGN3771,PAT01199,Loratadine 10mg,3x1 tablet,oral,7,14-04-2022,21
RX05699,DGN3771,PAT01199,Antasida,2x1 tablet,oral,7,14-04-2022,14
RX05700,DGN3772,PAT01818,Antasida,3x500mg,oral,7,16-10-2022,21
RX05701,DGN3772,PAT01818,Ciprofloxacin 500mg,1x1 sachet,oral,30,16-10-2022,30
RX05702,DGN3773,PAT00715,Ibuprofen 400mg,1x1 sachet,oral,30,07/02/2022,30
RX05703,DGN3774,PAT00515,Antasida,2x1 tablet,oral,7,27/08/2024,14
RX05704,DGN3775,PAT01468,Tetes mata,Oles 3x sehari,topikal,3,26/03/2023,1
RX05705,DGN3775,PAT01468,Vitamin B complex,2x500mg,oral,7,26/03/2023,14
RX05706,DGN3775,PAT01468,Paracetamol 500mg,2x500mg,oral,3,26/03/2023,6
RX05707,DGN3776,PAT00583,Simvastatin 10mg,1x1 tablet,oral,14,19/01/2025,14
RX05708,DGN3776,PAT00583,Dexamethasone inj,Injeksi 1x sehari,injeksi,5,19/01/2025,1
RX05709,DGN3777,PAT00135,Dexamethasone inj,Injeksi 1x sehari,injeksi,7,22-12-2024,2
RX05710,DGN3777,PAT00135,Metformin 500mg,3x500mg,oral,14,22-12-2024,42
RX05711,DGN3778,PAT01053,Vitamin C 500mg,1x1 sachet,oral,7,15-05-2022,7
RX05712,DGN3779,PAT00066,Domperidone 10mg,1x1 sachet,oral,5,16/08/2024,5
RX05713,DGN3779,PAT00066,Glibenclamide 5mg,2x1 tablet,oral,30,16/08/2024,60
RX05714,DGN3779,PAT00066,Budesonide inhaler,2 puff 2x sehari,inhaler,30,16/08/2024,1
RX05715,DGN3780,PAT01649,Loratadine 10mg,2x1 sachet,oral,10,16-11-2024,20
RX05716,DGN3781,PAT00433,Antasida,1x1 sachet,oral,10,14/07/2024,10
RX05717,DGN3782,PAT00104,Salep gatal,Oles pagi & malam,topikal,10,2023-04-13,1
RX05718,DGN3783,PAT01540,Antibiotik salep,Oles pagi & malam,topikal,3,12-10-2021,1
RX05719,DGN3783,PAT01540,Glibenclamide 5mg,2x1 sachet,oral,10,12-10-2021,20
RX05720,DGN3783,PAT01540,Domperidone 10mg,2x500mg,oral,30,12-10-2021,60
RX05721,DGN3784,PAT00931,Mefenamic acid 500mg,1x1 sachet,oral,5,19-02-2023,5
RX05722,DGN3785,PAT01342,Paracetamol 500mg,2x1 sachet,oral,14,28/01/2025,28
RX05723,DGN3786,PAT01979,Mefenamic acid 500mg,1x1 sachet,oral,14,2024-04-08,14
RX05724,DGN3786,PAT01979,Domperidone 10mg,3x1 tablet,oral,14,2024-04-08,42
RX05725,DGN3787,PAT01238,Ciprofloxacin 500mg,2x1 tablet,oral,14,19-10-2022,28
RX05726,DGN3788,PAT01256,Salbutamol inhaler,2 puff 3x sehari,inhaler,7,07/12/2023,1
RX05727,DGN3789,PAT01498,Salep mata gentamicin,Oles 2x sehari,topikal,5,14/10/2021,1
RX05728,DGN3790,PAT00977,Salep gatal,Oles 3x sehari,topikal,14,16-05-2024,1
RX05729,DGN3790,PAT00977,Dexamethasone inj,Injeksi 1x sehari,injeksi,3,16-05-2024,1
RX05730,DGN3791,PAT01828,Omeprazole 20mg,2x1 tablet,oral,3,2025-01-21,6
RX05731,DGN3791,PAT01828,Omeprazole 20mg,1x1 sachet,oral,7,2025-01-21,7
RX05732,DGN3791,PAT01828,Loperamide 2mg,1x1 tablet,oral,10,2025-01-21,10
RX05733,DGN3792,PAT00341,Domperidone 10mg,2x1 sachet,oral,7,15-01-2023,14
RX05734,DGN3792,PAT00341,Metformin 500mg,1x1 sachet,oral,10,15-01-2023,10
RX05735,DGN3793,PAT00526,Salep hidrokortison,Oles 3x sehari,topikal,10,2024-07-28,1
RX05736,DGN3793,PAT00526,Ciprofloxacin 500mg,1x1 sachet,oral,30,2024-07-28,30
RX05737,DGN3794,PAT01119,Mefenamic acid 500mg,1x1 tablet,oral,14,2024-06-10,14
RX05738,DGN3795,PAT00821,Oralit sachet,3x1 tablet,oral,10,2023-07-20,30
RX05739,DGN3796,PAT00193,Ibuprofen 400mg,2x500mg,oral,14,29-01-2024,28
RX05740,DGN3797,PAT01754,Salep mata gentamicin,Oles 3x sehari,topikal,30,2024-03-29,1
RX05741,DGN3797,PAT01754,Glibenclamide 5mg,1x1 tablet,oral,30,2024-03-29,30
RX05742,DGN3798,PAT01364,Omeprazole 20mg,2x500mg,oral,14,2023-04-24,28
RX05743,DGN3798,PAT01364,Dexamethasone inj,Injeksi 1x sehari,injeksi,5,2023-04-24,1
RX05744,DGN3799,PAT00508,Dexamethasone inj,Injeksi 1x sehari,injeksi,5,20-01-2025,1
RX05745,DGN3799,PAT00508,Mefenamic acid 500mg,3x500mg,oral,3,20-01-2025,9
RX05746,DGN3800,PAT01796,Tetes mata,Oles pagi & malam,topikal,10,2024-01-14,1
RX05747,DGN3801,PAT00220,Oralit sachet,2x1 tablet,oral,14,24/03/2024,28
RX05748,DGN3802,PAT00112,Asam folat,2x500mg,oral,5,2023-04-06,10
RX05749,DGN3803,PAT01960,Mefenamic acid 500mg,2x1 tablet,oral,3,2024-02-09,6
RX05750,DGN3803,PAT01960,Salbutamol inhaler,2 puff 2x sehari,inhaler,30,2024-02-09,1
RX05751,DGN3804,PAT01088,Loperamide 2mg,1x1 sachet,oral,5,29/04/2024,5
RX05752,DGN3805,PAT00074,Domperidone 10mg,2x1 sachet,oral,7,2024-08-15,14
RX05753,DGN3805,PAT00074,Antasida,3x500mg,oral,7,2024-08-15,21
RX05754,DGN3806,PAT00507,Dexamethasone inj,Injeksi tunggal,injeksi,14,20-12-2023,4
RX05755,DGN3807,PAT00964,Salep hidrokortison,Oles 3x sehari,topikal,14,2024-08-07,1
RX05756,DGN3807,PAT00964,Salep mata gentamicin,Oles 2x sehari,topikal,7,2024-08-07,1
RX05757,DGN3807,PAT00964,Salbutamol inhaler,2 puff 3x sehari,inhaler,3,2024-08-07,1
RX05758,DGN3808,PAT00034,Cetirizine 10mg,3x1 tablet,oral,10,03-12-2024,30
RX05759,DGN3808,PAT00034,Salep hidrokortison,Oles 3x sehari,topikal,10,03-12-2024,1
RX05760,DGN3808,PAT00034,Cetirizine 10mg,3x500mg,oral,14,03-12-2024,42
RX05761,DGN3809,PAT00576,Ibuprofen 400mg,2x1 tablet,oral,14,24-11-2023,28
RX05762,DGN3809,PAT00576,Ranitidine 150mg,1x1 sachet,oral,5,24-11-2023,5
RX05763,DGN3809,PAT00576,Antasida,2x1 tablet,oral,7,24-11-2023,14
RX05764,DGN3810,PAT00580,Oralit sachet,3x500mg,oral,10,2024-03-01,30
RX05765,DGN3810,PAT00580,ORS pediatric,3x500mg,oral,10,2024-03-01,30
RX05766,DGN3811,PAT00603,Ibuprofen 400mg,2x1 sachet,oral,10,10-10-2022,20
RX05767,DGN3811,PAT00603,Mefenamic acid 500mg,2x1 sachet,oral,14,10-10-2022,28
RX05768,DGN3812,PAT00319,Mefenamic acid 500mg,3x1 tablet,oral,3,06/02/2024,9
RX05769,DGN3813,PAT01108,Vitamin B complex,1x1 tablet,oral,30,23-09-2022,30
RX05770,DGN3813,PAT01108,Antibiotik salep,Oles 2x sehari,topikal,14,23-09-2022,1
RX05771,DGN3814,PAT01039,Vitamin C 500mg,1x1 tablet,oral,3,2024-07-06,3
RX05772,DGN3814,PAT01039,Glibenclamide 5mg,1x1 sachet,oral,14,2024-07-06,14
RX05773,DGN3814,PAT01039,Simvastatin 10mg,2x500mg,oral,14,2024-07-06,28
RX05774,DGN3815,PAT00411,Ibuprofen 400mg,2x1 sachet,oral,5,2024-12-25,10
RX05775,DGN3815,PAT00411,Cetirizine 10mg,1x1 sachet,oral,3,2024-12-25,3
RX05776,DGN3816,PAT00535,Mefenamic acid 500mg,1x1 tablet,oral,7,07/02/2023,7
RX05777,DGN3817,PAT01946,Salep hidrokortison,Oles 2x sehari,topikal,14,22/06/2021,1
RX05778,DGN3818,PAT01476,Ibuprofen 400mg,2x1 tablet,oral,7,01-11-2023,14
RX05779,DGN3819,PAT00637,Metformin 500mg,1x1 tablet,oral,7,2024-07-21,7
RX05780,DGN3820,PAT01514,Vitamin B complex,1x1 sachet,oral,3,07/06/2024,3
RX05781,DGN3821,PAT01690,Tetes mata,Oles 3x sehari,topikal,14,20-11-2023,1
RX05782,DGN3822,PAT00558,Domperidone 10mg,1x1 sachet,oral,30,13/01/2025,30
RX05783,DGN3823,PAT00886,Dexamethasone inj,Injeksi tunggal,injeksi,7,2025-01-22,2
RX05784,DGN3824,PAT00344,Amlodipine 5mg,2x1 sachet,oral,30,29/01/2024,60
RX05785,DGN3825,PAT01859,Salbutamol inhaler,2 puff 2x sehari,inhaler,3,2021-12-09,1
RX05786,DGN3826,PAT00026,Salbutamol inhaler,Inhalasi bila sesak,inhaler,30,2023-07-21,1
RX05787,DGN3827,PAT01345,Ranitidine 150mg,2x500mg,oral,5,2024-11-10,10
RX05788,DGN3827,PAT01345,Salep mata gentamicin,Oles pagi & malam,topikal,5,2024-11-10,1
RX05789,DGN3827,PAT01345,Ranitidine 150mg,2x1 tablet,oral,10,2024-11-10,20
RX05790,DGN3828,PAT00019,Amoxicillin 500mg,2x500mg,oral,10,2023-07-16,20
RX05791,DGN3829,PAT01133,Salep mata gentamicin,Oles 2x sehari,topikal,7,2024-11-11,1
RX05792,DGN3830,PAT00635,Dexamethasone inj,Injeksi tunggal,injeksi,10,16/05/2024,3
RX05793,DGN3831,PAT01287,Budesonide inhaler,2 puff 2x sehari,inhaler,10,2023-06-29,1
RX05794,DGN3832,PAT00322,Cetirizine 10mg,2x1 sachet,oral,30,24/06/2024,60
RX05795,DGN3832,PAT00322,Domperidone 10mg,3x1 tablet,oral,5,24/06/2024,15
RX05796,DGN3832,PAT00322,Captopril 25mg,3x500mg,oral,30,24/06/2024,90
RX05797,DGN3833,PAT00646,Mefenamic acid 500mg,1x1 tablet,oral,7,20/01/2025,7
RX05798,DGN3834,PAT01295,Ciprofloxacin 500mg,3x500mg,oral,14,08-11-2023,42
RX05799,DGN3834,PAT01295,Mefenamic acid 500mg,1x1 tablet,oral,7,08-11-2023,7
RX05800,DGN3835,PAT01892,Loratadine 10mg,2x1 sachet,oral,10,30-04-2024,20
RX05801,DGN3836,PAT01825,Salep gatal,Oles 2x sehari,topikal,10,23-08-2023,1
RX05802,DGN3836,PAT01825,Omeprazole 20mg,1x1 tablet,oral,10,23-08-2023,10
RX05803,DGN3837,PAT00248,Ciprofloxacin 500mg,3x500mg,oral,10,2024-04-27,30
RX05804,DGN3838,PAT01436,Simvastatin 10mg,1x1 sachet,oral,14,2022-03-07,14
RX05805,DGN3839,PAT00938,Simvastatin 10mg,2x500mg,oral,14,2024-10-03,28
RX05806,DGN3840,PAT01776,Salep hidrokortison,Oles pagi & malam,topikal,14,09-05-2024,1
RX05807,DGN3840,PAT01776,Loperamide 2mg,3x1 tablet,oral,14,09-05-2024,42
RX05808,DGN3841,PAT00192,Omeprazole 20mg,2x500mg,oral,3,2024-11-17,6
RX05809,DGN3841,PAT00192,Paracetamol 500mg,2x500mg,oral,10,2024-11-17,20
RX05810,DGN3842,PAT01758,Dexamethasone inj,Injeksi 1x sehari,injeksi,30,20-05-2023,10
RX05811,DGN3842,PAT01758,Vitamin C 500mg,2x1 tablet,oral,3,20-05-2023,6
RX05812,DGN3843,PAT00650,Simvastatin 10mg,2x1 sachet,oral,7,09-03-2024,14
RX05813,DGN3843,PAT00650,Vitamin B complex,2x500mg,oral,10,09-03-2024,20
RX05814,DGN3843,PAT00650,Vitamin C 500mg,3x1 tablet,oral,5,09-03-2024,15
RX05815,DGN3844,PAT01560,Salbutamol inhaler,2 puff 3x sehari,inhaler,7,2024-09-14,1
RX05816,DGN3845,PAT01700,Metformin 500mg,1x1 tablet,oral,30,2023-12-18,30
RX05817,DGN3846,PAT00108,Antasida,1x1 sachet,oral,5,13-04-2024,5
RX05818,DGN3847,PAT01682,Antasida,1x1 sachet,oral,10,01/04/2022,10
RX05819,DGN3848,PAT00228,Cetirizine 10mg,2x1 sachet,oral,10,2024-10-25,20
RX05820,DGN3849,PAT00731,Asam folat,2x500mg,oral,5,25/08/2024,10
RX05821,DGN3850,PAT01999,Dexamethasone inj,Injeksi 1x sehari,injeksi,3,29/09/2024,1
RX05822,DGN3851,PAT00691,Budesonide inhaler,2 puff 3x sehari,inhaler,30,13/07/2024,1
RX05823,DGN3851,PAT00691,Salep gatal,Oles pagi & malam,topikal,10,13/07/2024,1
RX05824,DGN3852,PAT00306,Loratadine 10mg,1x1 tablet,oral,3,15/05/2023,3
RX05825,DGN3853,PAT00576,Salep gatal,Oles 3x sehari,topikal,14,01-06-2022,1
RX05826,DGN3853,PAT00576,Asam folat,3x1 tablet,oral,7,01-06-2022,21
RX05827,DGN3854,PAT00741,Mefenamic acid 500mg,1x1 tablet,oral,10,11-09-2024,10
RX05828,DGN3855,PAT00075,Glibenclamide 5mg,1x1 tablet,oral,5,2024-07-29,5
RX05829,DGN3855,PAT00075,Simvastatin 10mg,1x1 sachet,oral,10,2024-07-29,10
RX05830,DGN3855,PAT00075,Salbutamol inhaler,2 puff 2x sehari,inhaler,7,2024-07-29,1
RX05831,DGN3856,PAT01966,Captopril 25mg,2x1 sachet,oral,7,28/03/2024,14
RX05832,DGN3856,PAT01966,Budesonide inhaler,2 puff 3x sehari,inhaler,14,28/03/2024,1
RX05833,DGN3857,PAT00506,Ciprofloxacin 500mg,3x1 tablet,oral,10,2024-09-18,30
RX05834,DGN3857,PAT00506,ORS pediatric,2x500mg,oral,14,2024-09-18,28
RX05835,DGN3858,PAT01692,Glibenclamide 5mg,1x1 sachet,oral,3,2023-09-10,3
RX05836,DGN3858,PAT01692,Budesonide inhaler,2 puff 2x sehari,inhaler,30,2023-09-10,1
RX05837,DGN3859,PAT01449,Asam folat,2x500mg,oral,14,16/11/2024,28
RX05838,DGN3859,PAT01449,Salep mata gentamicin,Oles 2x sehari,topikal,14,16/11/2024,1
RX05839,DGN3859,PAT01449,Salep mata gentamicin,Oles 2x sehari,topikal,7,16/11/2024,1
RX05840,DGN3860,PAT01910,Loperamide 2mg,3x1 tablet,oral,14,31-01-2025,42
RX05841,DGN3860,PAT01910,Captopril 25mg,3x500mg,oral,5,31-01-2025,15
RX05842,DGN3861,PAT01368,Salep gatal,Oles pagi & malam,topikal,14,2023-11-17,1
RX05843,DGN3861,PAT01368,Amlodipine 5mg,2x1 sachet,oral,7,2023-11-17,14
RX05844,DGN3862,PAT01911,Ranitidine 150mg,2x1 tablet,oral,30,2022-06-30,60
RX05845,DGN3862,PAT01911,Cetirizine 10mg,2x1 sachet,oral,3,2022-06-30,6
RX05846,DGN3863,PAT01731,ORS pediatric,1x1 sachet,oral,14,2024-07-08,14
RX05847,DGN3863,PAT01731,Loratadine 10mg,2x1 sachet,oral,3,2024-07-08,6
RX05848,DGN3863,PAT01731,Captopril 25mg,3x1 tablet,oral,30,2024-07-08,90
RX05849,DGN3864,PAT00458,Salbutamol inhaler,2 puff 3x sehari,inhaler,10,2024-08-20,1
RX05850,DGN3864,PAT00458,ORS pediatric,1x1 tablet,oral,14,2024-08-20,14
RX05851,DGN3864,PAT00458,Salbutamol inhaler,2 puff 3x sehari,inhaler,3,2024-08-20,1
RX05852,DGN3865,PAT01912,Salbutamol inhaler,Inhalasi bila sesak,inhaler,7,11/12/2022,1
RX05853,DGN3865,PAT01912,Ibuprofen 400mg,1x1 sachet,oral,30,11/12/2022,30
RX05854,DGN3866,PAT00195,Simvastatin 10mg,1x1 sachet,oral,5,02/11/2024,5
RX05855,DGN3867,PAT00262,Antibiotik salep,Oles pagi & malam,topikal,10,11/10/2022,1
RX05856,DGN3867,PAT00262,Simvastatin 10mg,1x1 tablet,oral,3,11/10/2022,3
RX05857,DGN3867,PAT00262,Ibuprofen 400mg,2x500mg,oral,5,11/10/2022,10
RX05858,DGN3868,PAT01364,Salep mata gentamicin,Oles 2x sehari,topikal,10,27-09-2022,1
RX05859,DGN3869,PAT00670,Glibenclamide 5mg,2x1 sachet,oral,3,30-08-2024,6
RX05860,DGN3869,PAT00670,Amlodipine 5mg,1x1 sachet,oral,30,30-08-2024,30
RX05861,DGN3870,PAT01941,Salep gatal,Oles 3x sehari,topikal,7,23-04-2023,1
RX05862,DGN3871,PAT00476,Vitamin B complex,3x1 tablet,oral,10,2024-12-16,30
RX05863,DGN3872,PAT01047,Mefenamic acid 500mg,1x1 sachet,oral,10,2022-06-09,10
RX05864,DGN3872,PAT01047,Salep hidrokortison,Oles 3x sehari,topikal,7,2022-06-09,1
RX05865,DGN3872,PAT01047,Omeprazole 20mg,3x1 tablet,oral,14,2022-06-09,42
RX05866,DGN3873,PAT01603,Amoxicillin 500mg,3x500mg,oral,10,2024-01-11,30
RX05867,DGN3874,PAT01589,Loperamide 2mg,1x1 tablet,oral,5,2023-11-03,5
RX05868,DGN3875,PAT00429,Budesonide inhaler,2 puff 3x sehari,inhaler,3,24/12/2022,1
RX05869,DGN3875,PAT00429,Salep hidrokortison,Oles 2x sehari,topikal,3,24/12/2022,1
RX05870,DGN3875,PAT00429,Loperamide 2mg,2x500mg,oral,14,24/12/2022,28
RX05871,DGN3876,PAT01432,Asam folat,1x1 tablet,oral,10,2024-06-30,10
RX05872,DGN3876,PAT01432,Salep mata gentamicin,Oles 3x sehari,topikal,10,2024-06-30,1
RX05873,DGN3877,PAT00672,Simvastatin 10mg,2x1 tablet,oral,3,13-02-2023,6
RX05874,DGN3877,PAT00672,Vitamin B complex,2x1 sachet,oral,30,13-02-2023,60
RX05875,DGN3877,PAT00672,Paracetamol 500mg,2x500mg,oral,3,13-02-2023,6
RX05876,DGN3878,PAT00987,Salbutamol inhaler,2 puff 3x sehari,inhaler,10,28-05-2024,1
RX05877,DGN3878,PAT00987,Amoxicillin 500mg,2x1 tablet,oral,3,28-05-2024,6
RX05878,DGN3879,PAT01181,Salbutamol inhaler,2 puff 3x sehari,inhaler,14,28-08-2023,1
RX05879,DGN3880,PAT00703,Salep hidrokortison,Oles pagi & malam,topikal,10,2024-01-31,1
RX05880,DGN0205,PAT00104,Asam folat,1x1 tablet,oral,7,2022-06-10,7
RX05881,DGN0016,PAT01097,Oralit sachet,2x1 sachet,oral,14,10-09-2023,28
RX05882,DGN2726,PAT01717,Ciprofloxacin 500mg,2x500mg,oral,10,2022-10-29,20
RX05883,DGN1434,PAT00037,ORS pediatric,2x1 sachet,oral,10,30/12/2021,20
RX05884,DGN3604,PAT01999,ORS pediatric,3x1 tablet,oral,10,05/05/2023,30
RX05885,DGN0479,PAT00308,Tetes mata,Oles pagi & malam,topikal,7,26/11/2023,1
RX05886,DGN0396,PAT00489,Simvastatin 10mg,2x500mg,oral,14,2024-11-10,28
RX05887,DGN2567,PAT01686,ORS pediatric,3x500mg,oral,5,24/10/2023,15
RX05888,DGN0194,PAT01782,Amlodipine 5mg,2x1 tablet,oral,30,2024-06-04,60
RX05889,DGN1853,PAT01658,Vitamin B complex,2x500mg,oral,3,2023-03-13,6
RX05890,DGN3274,PAT01120,Salep hidrokortison,Oles 3x sehari,topikal,14,2024-01-02,1
RX05891,DGN0386,PAT00102,Amlodipine 5mg,3x1 tablet,oral,3,18-08-2023,9
RX05892,DGN2208,PAT00848,Salep mata gentamicin,Oles pagi & malam,topikal,5,2023-12-13,1
RX05893,DGN1592,PAT01663,Domperidone 10mg,1x1 tablet,oral,5,13/03/2023,5
RX05894,DGN3012,PAT00115,Glibenclamide 5mg,3x500mg,oral,7,09/02/2024,21
RX05895,DGN2693,PAT01588,Asam folat,1x1 sachet,oral,10,2024-08-09,10
RX05896,DGN2445,PAT01926,Amoxicillin 500mg,3x500mg,oral,14,07/09/2024,42
RX05897,DGN2758,PAT01318,Cetirizine 10mg,2x1 tablet,oral,14,2023-01-13,28
RX05898,DGN3060,PAT01073,Loratadine 10mg,1x1 tablet,oral,30,2023-01-17,30
RX05899,DGN3481,PAT00022,ORS pediatric,2x500mg,oral,30,09-11-2024,60
RX05900,DGN0195,PAT01742,Antibiotik salep,Oles pagi & malam,topikal,7,06/08/2024,1
RX05901,DGN2174,PAT01813,Dexamethasone inj,Injeksi tunggal,injeksi,7,18/04/2024,2
RX05902,DGN0048,PAT00630,Captopril 25mg,2x1 sachet,oral,10,31-01-2025,20
RX05903,DGN0276,PAT01588,Budesonide inhaler,Inhalasi bila sesak,inhaler,30,2024-09-05,1
RX05904,DGN2145,PAT00275,ORS pediatric,1x1 tablet,oral,10,19-03-2024,10
RX05905,DGN1401,PAT01916,Oralit sachet,2x1 tablet,oral,14,2024-10-10,28
RX05906,DGN3587,PAT00221,Loratadine 10mg,3x500mg,oral,5,12/09/2024,15
RX05907,DGN1176,PAT00475,Ibuprofen 400mg,3x1 tablet,oral,7,06-06-2024,21
RX05908,DGN0735,PAT00624,Paracetamol 500mg,2x1 sachet,oral,14,09-09-2024,28
RX05909,DGN2637,PAT00381,Cetirizine 10mg,1x1 tablet,oral,14,2024-05-25,14
RX05910,DGN0205,PAT00104,Antibiotik salep,Oles 2x sehari,topikal,14,2022-06-10,1
RX05911,DGN2271,PAT00061,Omeprazole 20mg,1x1 tablet,oral,3,2025-01-04,3
RX05912,DGN3173,PAT01721,Salbutamol inhaler,Inhalasi bila sesak,inhaler,5,18-04-2024,1
RX05913,DGN2192,PAT00879,Antasida,2x1 sachet,oral,10,2024-12-14,20
RX05914,DGN1865,PAT01399,Oralit sachet,1x1 sachet,oral,5,07-07-2023,5
RX05915,DGN3037,PAT01205,Salep hidrokortison,Oles 3x sehari,topikal,14,12-09-2024,1
RX05916,DGN3866,PAT00195,Simvastatin 10mg,2x1 sachet,oral,10,02/11/2024,20
RX05917,DGN3191,PAT00028,ORS pediatric,1x1 tablet,oral,3,2024-12-10,3
RX05918,DGN3360,PAT00132,Paracetamol 500mg,2x1 sachet,oral,3,2024-11-04,6
RX05919,DGN0296,PAT01301,Omeprazole 20mg,2x500mg,oral,5,2022-07-12,10
RX05920,DGN2900,PAT01010,Loratadine 10mg,1x1 tablet,oral,14,2022-08-05,14
RX05921,DGN3849,PAT00731,Cetirizine 10mg,3x1 tablet,oral,30,25/08/2024,90
RX05922,DGN1993,PAT00868,Antibiotik salep,Oles 2x sehari,topikal,3,12/08/2023,1
RX05923,DGN0096,PAT00503,Vitamin B complex,2x1 tablet,oral,30,04-12-2024,60
RX05924,DGN1987,PAT01421,Salep gatal,Oles 2x sehari,topikal,30,2025-01-07,1
RX05925,DGN2184,PAT01340,Ciprofloxacin 500mg,2x1 sachet,oral,3,2022-06-27,6
RX05926,DGN1388,PAT00652,Tetes mata,Oles 2x sehari,topikal,10,2024-01-01,1
RX05927,DGN2021,PAT00237,Ciprofloxacin 500mg,2x500mg,oral,30,2024-09-04,60
RX05928,DGN2186,PAT01895,Captopril 25mg,3x1 tablet,oral,14,2024-09-24,42
RX05929,DGN3563,PAT01924,Simvastatin 10mg,1x1 tablet,oral,5,2023-12-19,5
RX05930,DGN2212,PAT00926,Amlodipine 5mg,1x1 tablet,oral,7,17/03/2022,7
RX05931,DGN1182,PAT01196,Asam folat,3x1 tablet,oral,10,2024-04-03,30
RX05932,DGN1123,PAT01505,Salep mata gentamicin,Oles pagi & malam,topikal,10,24/06/2023,1
RX05933,DGN3596,PAT01922,Budesonide inhaler,2 puff 2x sehari,inhaler,14,2022-10-06,1
RX05934,DGN2494,PAT01638,Dexamethasone inj,Injeksi tunggal,injeksi,5,02/06/2022,1
RX05935,DGN0605,PAT01238,Oralit sachet,2x1 tablet,oral,30,20/07/2023,60
RX05936,DGN2154,PAT01424,Amlodipine 5mg,2x500mg,oral,3,23/12/2021,6
RX05937,DGN2369,PAT01218,Captopril 25mg,2x1 sachet,oral,3,17/12/2024,6
RX05938,DGN0078,PAT00038,Paracetamol 500mg,3x1 tablet,oral,7,18-06-2024,21
RX05939,DGN2859,PAT01408,Antibiotik salep,Oles pagi & malam,topikal,30,2023-12-09,1
RX05940,DGN2845,PAT00315,Simvastatin 10mg,2x500mg,oral,5,16-03-2024,10
RX05941,DGN2773,PAT00445,Glibenclamide 5mg,1x1 tablet,oral,3,23-04-2022,3
RX05942,DGN2404,PAT01596,Vitamin B complex,2x500mg,oral,5,10/09/2022,10
RX05943,DGN0717,PAT01932,Asam folat,3x1 tablet,oral,14,10/01/2025,42
RX05944,DGN2284,PAT01230,Asam folat,2x500mg,oral,14,2023-06-12,28
RX05945,DGN1013,PAT01043,Salbutamol inhaler,2 puff 2x sehari,inhaler,14,02-10-2024,1
RX05946,DGN1342,PAT00424,Captopril 25mg,2x1 tablet,oral,5,2023-06-21,10
RX05947,DGN1540,PAT00461,Salbutamol inhaler,2 puff 3x sehari,inhaler,10,11/02/2024,1
RX05948,DGN2920,PAT00335,Loratadine 10mg,2x1 tablet,oral,10,2024-05-26,20
RX05949,DGN3522,PAT00397,Salep mata gentamicin,Oles 3x sehari,topikal,3,2024-06-07,1
RX05950,DGN1298,PAT01995,Budesonide inhaler,Inhalasi bila sesak,inhaler,14,30/09/2024,1
RX05951,DGN2412,PAT01664,Mefenamic acid 500mg,2x1 tablet,oral,10,2024-03-05,20
RX05952,DGN2853,PAT00222,Amoxicillin 500mg,2x1 tablet,oral,14,27-02-2024,28
RX05953,DGN1955,PAT00261,Omeprazole 20mg,2x1 sachet,oral,10,15/10/2024,20
RX05954,DGN0549,PAT01318,Oralit sachet,3x1 tablet,oral,10,12-06-2022,30
RX05955,DGN2066,PAT01436,Vitamin B complex,2x1 tablet,oral,14,2025-01-12,28
RX05956,DGN3850,PAT01999,Ibuprofen 400mg,1x1 sachet,oral,30,29/09/2024,30
RX05957,DGN0307,PAT00134,Loperamide 2mg,1x1 tablet,oral,7,2022-10-30,7
RX05958,DGN2292,PAT00985,Asam folat,3x500mg,oral,30,05-11-2024,90
RX05959,DGN2847,PAT00762,Oralit sachet,2x500mg,oral,7,27/01/2025,14
RX05960,DGN1917,PAT01096,Simvastatin 10mg,2x500mg,oral,30,2024-01-02,60
RX05961,DGN3773,PAT00715,Ranitidine 150mg,2x1 sachet,oral,5,07/02/2022,10
RX05962,DGN1352,PAT00051,Oralit sachet,3x500mg,oral,5,2024-06-12,15
RX05963,DGN1551,PAT00051,Amoxicillin 500mg,1x1 tablet,oral,7,02/01/2024,7
RX05964,DGN3185,PAT01677,Ciprofloxacin 500mg,2x1 sachet,oral,3,2021-09-04,6
RX05965,DGN2559,PAT00382,Omeprazole 20mg,1x1 tablet,oral,30,15/01/2024,30
RX05966,DGN0613,PAT00732,Domperidone 10mg,1x1 sachet,oral,5,2024-07-05,5
RX05967,DGN2163,PAT01592,Amoxicillin 500mg,2x1 tablet,oral,14,2024-09-18,28
RX05968,DGN3039,PAT01460,Loperamide 2mg,3x1 tablet,oral,14,29-11-2023,42
RX05969,DGN2299,PAT00887,Vitamin C 500mg,2x1 sachet,oral,3,2024-04-20,6
RX05970,DGN0637,PAT01878,Captopril 25mg,1x1 sachet,oral,5,05-03-2022,5
RX05971,DGN3754,PAT00145,Glibenclamide 5mg,2x1 tablet,oral,5,2024-10-31,10
RX05972,DGN1263,PAT01685,Asam folat,2x500mg,oral,7,15-12-2024,14
RX05973,DGN1813,PAT00528,Asam folat,2x1 sachet,oral,30,2025-01-21,60
RX05974,DGN0404,PAT01460,Omeprazole 20mg,1x1 tablet,oral,7,21/09/2024,7
RX05975,DGN2381,PAT00709,Dexamethasone inj,Injeksi 1x sehari,injeksi,14,07-07-2023,4
RX05976,DGN2037,PAT01371,Antibiotik salep,Oles 2x sehari,topikal,10,08/04/2024,1
RX05977,DGN2102,PAT01036,Glibenclamide 5mg,3x500mg,oral,7,30/11/2023,21
RX05978,DGN3511,PAT01474,Glibenclamide 5mg,2x1 sachet,oral,30,29-01-2024,60
RX05979,DGN3367,PAT01895,Paracetamol 500mg,1x1 tablet,oral,30,04-03-2024,30
RX05980,DGN0548,PAT00210,Vitamin B complex,1x1 tablet,oral,5,24/08/2023,5
RX05981,DGN3668,PAT01970,Paracetamol 500mg,1x1 tablet,oral,7,2024-10-30,7
RX05982,DGN1000,PAT00562,Antibiotik salep,Oles 3x sehari,topikal,5,27/06/2023,1
RX05983,DGN1128,PAT00201,Salbutamol inhaler,2 puff 2x sehari,inhaler,7,12/09/2024,1
RX05984,DGN0651,PAT00162,Cetirizine 10mg,3x1 tablet,oral,5,04/06/2023,15
RX05985,DGN2509,PAT00700,Amlodipine 5mg,2x500mg,oral,3,2024-12-08,6
RX05986,DGN1447,PAT00175,Asam folat,2x1 tablet,oral,30,2024-05-03,60
RX05987,DGN1011,PAT00540,Metformin 500mg,1x1 sachet,oral,14,26-04-2024,14
RX05988,DGN1534,PAT01211,Amlodipine 5mg,2x1 tablet,oral,10,2024-05-28,20
RX05989,DGN2196,PAT00468,ORS pediatric,2x1 tablet,oral,30,2023-11-19,60
RX05990,DGN1741,PAT00492,Antibiotik salep,Oles 2x sehari,topikal,7,2021-08-05,1
RX05991,DGN3227,PAT01831,Antibiotik salep,Oles pagi & malam,topikal,7,12/12/2023,1
RX05992,DGN3216,PAT01219,Captopril 25mg,2x500mg,oral,30,2022-01-23,60
RX05993,DGN0777,PAT01262,Vitamin C 500mg,2x1 sachet,oral,30,05-05-2023,60
RX05994,DGN2645,PAT00799,Captopril 25mg,2x1 sachet,oral,5,21/12/2024,10
RX05995,DGN0364,PAT00610,Amlodipine 5mg,2x500mg,oral,7,2023-11-10,14
RX05996,DGN1871,PAT00681,Salep mata gentamicin,Oles pagi & malam,topikal,14,2023-04-09,1
RX05997,DGN1368,PAT00837,Dexamethasone inj,Injeksi 1x sehari,injeksi,10,06/08/2024,3
RX05998,DGN1635,PAT01633,Paracetamol 500mg,2x1 tablet,oral,7,29/11/2021,14
RX05999,DGN1154,PAT01858,Amoxicillin 500mg,2x1 sachet,oral,3,2024-04-29,6
RX06000,DGN0440,PAT01447,Tetes mata,Oles 3x sehari,topikal,5,20/11/2023,1
