customer_id,name,nik_masked,email,phone,city,province,dob,gender,kyc_status,registration_date,referral_code
NBC0001,Hendra Salim,357859******,hendra.salim973@gmail.com,087275571928,Surabaya,Jawa Timur,1991-06-18,Male,verified,2024-03-26,REF-5566
NBC0002,Fajar Saputra,327373******,fajar.saputra531@hotmail.com,087144739473,Yogyakarta,DI Yogyakarta,1980-07-02,Male,rejected,2022-10-05,
NBC0003,Cahyo Halim,327197******,cahyo.halim991@outlook.com,088518844225,Jakarta,DKI Jakarta,1997-10-27,Male,unverified,2023-04-05,REF-4292
NBC0004,Putri Darmawan,317156******,putri.darmawan568@outlook.com,085829114678,Bogor,Jawa Barat,1993-06-05,Female,pending,2024-04-18,
NBC0005,Taufik Kusuma,127169******,taufik.kusuma697@outlook.com,082892268018,Surabaya,Jawa Timur,1981-11-12,Male,verified,2023-09-15,REF-6286
NBC0006,Nadia Rahman,167146******,nadia.rahman867@gmail.com,083384249818,Medan,Sumatera Utara,2003-10-02,Female,pending,2022-12-12,REF-3526
NBC0007,Rangga Mahendra,517115******,rangga.mahendra846@gmail.com,081094396907,Semarang,Jawa Tengah,2003-02-18,Male,rejected,2025-01-22,REF-5949
NBC0008,Arif Wardana,347168******,arif.wardana75@gmail.com,082767735925,Medan,Sumatera Utara,1989-04-28,Male,verified,2023-12-09,
NBC0009,Wahyu Cahyadi,167123******,wahyu.cahyadi327@yahoo.com,085147321046,Medan,Sumatera Utara,2002-08-09,Male,verified,2024-05-06,REF-3616
NBC0010,Mira Ramadhan,337430******,mira.ramadhan511@hotmail.com,085470168733,Jakarta,DKI Jakarta,2001-03-02,Female,verified,2023-12-24,REF-5609
NBC0011,Teguh Effendi,347178******,teguh.effendi9@gmail.com,085245650609,Semarang,Jawa Tengah,2000-03-14,Male,verified,2023-02-03,REF-5728
NBC0012,Irfan Halim,167145******,irfan.halim846@gmail.com,082165585239,Medan,Sumatera Utara,1997-11-02,Male,verified,2024-04-02,REF-1742
NBC0013,Cahyo Mahendra,127176******,cahyo.mahendra468@yahoo.com,087825952694,Tangerang,Banten,2001-08-19,Male,verified,2023-11-20,REF-9351
NBC0014,Cahyo Firmansyah,127112******,cahyo.firmansyah378@outlook.com,088169409749,Bali,Bali,2000-11-28,Male,unverified,2023-04-12,
NBC0015,Jihan Budiman,517158******,jihan.budiman152@yahoo.com,081913075626,Yogyakarta,DI Yogyakarta,2005-12-22,Female,verified,2023-02-22,REF-8726
NBC0016,Zulfa Santoso,327376******,zulfa.santoso213@outlook.com,088786527858,Jakarta,DKI Jakarta,1990-11-22,Female,verified,2023-06-26,REF-4150
NBC0017,Sari Firmansyah,337448******,sari.firmansyah790@outlook.com,088375758441,Jakarta,DKI Jakarta,2000-09-21,Female,unverified,2025-01-17,REF-7464
NBC0018,Bilqis Hidayat,347115******,bilqis.hidayat295@gmail.com,083747338484,Semarang,Jawa Tengah,1981-02-27,Female,verified,2022-08-12,REF-4920
NBC0019,Yoga Budiman,337491******,yoga.budiman239@gmail.com,081657120826,Bandung,Jawa Barat,2004-04-14,Male,verified,2024-09-01,REF-4267
NBC0020,Tika Ramadhan,347192******,tika.ramadhan61@gmail.com,088938026206,Jakarta,DKI Jakarta,1997-03-22,Female,verified,2023-01-17,
NBC0021,Tika Wijaya,317148******,tika.wijaya582@gmail.com,083478872874,Banjarmasin,Kalimantan Selatan,1983-08-26,Female,verified,2022-08-19,REF-8518
NBC0022,Winda Permana,317153******,winda.permana810@outlook.com,087329668516,Surabaya,Jawa Timur,2005-01-08,Female,verified,2022-07-15,REF-3303
NBC0023,Nanda Pratama,347159******,nanda.pratama242@hotmail.com,083549904530,Semarang,Jawa Tengah,2004-12-15,Male,verified,2022-08-31,REF-3616
NBC0024,Irfan Firmansyah,327191******,irfan.firmansyah939@outlook.com,083933272795,Yogyakarta,DI Yogyakarta,1993-08-27,Male,verified,2025-01-29,
NBC0025,Tania Anwar,337497******,tania.anwar773@gmail.com,087785191088,Bali,Bali,1984-01-26,Female,verified,2025-01-04,REF-6375
NBC0026,Erika Sugiarto,337484******,erika.sugiarto501@gmail.com,087707286790,Surabaya,Jawa Timur,2000-01-25,Female,unverified,2024-08-04,REF-6049
NBC0027,Bella Susanto,317137******,bella.susanto593@gmail.com,081651801704,Yogyakarta,DI Yogyakarta,1993-05-04,Female,rejected,2023-01-04,
NBC0028,Yanti Yudha,357858******,yanti.yudha460@hotmail.com,085182512868,Banjarmasin,Kalimantan Selatan,1980-09-17,Female,verified,2023-04-02,
NBC0029,Ulfa Gunawan,167164******,ulfa.gunawan545@hotmail.com,082375243106,Semarang,Jawa Tengah,2002-08-01,Female,verified,2022-02-02,REF-2102
NBC0030,Rizki Halim,517196******,rizki.halim721@gmail.com,082067383028,Manado,Sulawesi Utara,1987-12-23,Male,verified,2023-04-25,
NBC0031,Vina Ramadhan,337448******,vina.ramadhan898@yahoo.com,088836440892,Surabaya,Jawa Timur,2003-01-30,Female,rejected,2024-05-24,REF-1768
NBC0032,Sinta Tanjung,167150******,sinta.tanjung714@hotmail.com,085246287334,Bandung,Jawa Barat,1981-06-23,Female,pending,2024-08-06,
NBC0033,Cindy Budiman,327359******,cindy.budiman249@outlook.com,082517518304,Bandung,Jawa Barat,1991-12-02,Female,verified,2022-03-22,
NBC0034,Galih Anwar,127136******,galih.anwar891@outlook.com,083033173936,Bandung,Jawa Barat,1985-09-26,Male,verified,2023-10-21,
NBC0035,Kevin Rahman,347143******,kevin.rahman369@hotmail.com,085175355609,Banjarmasin,Kalimantan Selatan,1984-12-04,Male,verified,2022-10-26,REF-7841
NBC0036,Krisna Mahendra,337458******,krisna.mahendra584@yahoo.com,085854777252,Balikpapan,Kalimantan Timur,1981-04-12,Male,verified,2025-01-24,REF-9882
NBC0037,Citra Budiman,317119******,citra.budiman968@gmail.com,081623120387,Jakarta,DKI Jakarta,1991-09-28,Female,verified,2022-05-04,REF-8916
NBC0038,Ayu Pratama,167180******,ayu.pratama422@gmail.com,081848408621,Bandung,Jawa Barat,1979-04-28,Female,unverified,2024-12-09,REF-4144
NBC0039,Rina Rahman,347160******,rina.rahman81@outlook.com,085793341016,Manado,Sulawesi Utara,1992-01-05,Female,verified,2024-02-12,REF-1919
NBC0040,Vivi Maulana,327173******,vivi.maulana866@hotmail.com,088591803397,Jakarta,DKI Jakarta,1987-02-28,Female,rejected,2022-04-06,
NBC0041,Sari Aditya,517194******,sari.aditya34@yahoo.com,083039261429,Surabaya,Jawa Timur,1985-10-14,Female,verified,2024-03-07,REF-9856
NBC0042,Galih Nugroho,327174******,galih.nugroho764@outlook.com,081163159996,Jakarta,DKI Jakarta,1989-08-22,Male,verified,2022-03-02,REF-8381
NBC0043,Vino Tanjung,327533******,vino.tanjung697@hotmail.com,081943114262,Surabaya,Jawa Timur,1992-06-23,Male,unverified,2023-10-11,REF-2499
NBC0044,Surya Halim,357844******,surya.halim105@yahoo.com,081267888610,Bali,Bali,1979-01-08,Male,pending,2023-12-26,REF-6315
NBC0045,Siti Hakim,327559******,siti.hakim798@gmail.com,088839826224,Semarang,Jawa Tengah,1988-07-04,Female,verified,2023-07-04,REF-2036
NBC0046,Putra Yudha,347171******,putra.yudha802@gmail.com,083437993712,Semarang,Jawa Tengah,1988-08-31,Male,verified,2022-01-14,
NBC0047,Rangga Tanjung,357866******,rangga.tanjung343@hotmail.com,088924593752,Surabaya,Jawa Timur,1992-11-11,Male,verified,2023-10-16,REF-9044
NBC0048,Putri Ramadhan,327545******,putri.ramadhan837@hotmail.com,083193982807,Yogyakarta,DI Yogyakarta,1984-05-27,Female,verified,2024-06-16,
NBC0049,Dewi Yudha,127127******,dewi.yudha649@outlook.com,082426617979,Surabaya,Jawa Timur,1992-12-23,Female,pending,2024-12-30,REF-7853
NBC0050,Wahyu Aditya,517191******,wahyu.aditya937@gmail.com,081352909656,Jakarta,DKI Jakarta,1979-10-02,Male,unverified,2022-01-22,REF-4637
NBC0051,Jaka Lestari,127157******,jaka.lestari401@hotmail.com,088982507146,Jakarta,DKI Jakarta,1978-11-07,Male,verified,2022-08-26,
NBC0052,Yuni Firmansyah,357868******,yuni.firmansyah804@yahoo.com,087757177514,Medan,Sumatera Utara,1977-01-02,Female,verified,2022-08-24,REF-6620
NBC0053,Umi Maulana,337476******,umi.maulana179@yahoo.com,083867362266,Jakarta,DKI Jakarta,1976-04-23,Female,pending,2023-02-09,REF-8037
NBC0054,Cahyo Anwar,337445******,cahyo.anwar771@gmail.com,087182553714,Surabaya,Jawa Timur,2005-01-31,Male,verified,2024-09-29,REF-6134
NBC0055,Prita Wardana,517124******,prita.wardana357@outlook.com,085924991251,Yogyakarta,DI Yogyakarta,1985-09-13,Female,verified,2023-09-18,REF-7116
NBC0056,Intan Tanjung,327586******,intan.tanjung142@hotmail.com,085278282742,Medan,Sumatera Utara,1983-05-24,Female,verified,2023-10-07,
NBC0057,Yuni Pratama,127127******,yuni.pratama200@hotmail.com,087876767721,Surabaya,Jawa Timur,2000-05-12,Female,verified,2022-03-05,
NBC0058,Rizki Iskandar,337478******,rizki.iskandar296@yahoo.com,085978819148,Surabaya,Jawa Timur,1991-06-16,Male,verified,2025-01-15,
NBC0059,Dwi Halim,167137******,dwi.halim436@gmail.com,088340745171,Bali,Bali,1985-08-18,Male,verified,2023-03-06,
NBC0060,Yuni Zulkarnain,327388******,yuni.zulkarnain143@yahoo.com,082095849825,Jakarta,DKI Jakarta,1988-02-16,Female,rejected,2023-08-16,REF-9428
NBC0061,Umi Hartono,327362******,umi.hartono941@gmail.com,083223253672,Jakarta,DKI Jakarta,2000-11-25,Female,pending,2023-07-05,REF-7146
NBC0062,Satria Setiawan,327575******,satria.setiawan768@outlook.com,088577590175,Bandung,Jawa Barat,1977-11-03,Male,verified,2024-12-30,REF-8039
NBC0063,Hesti Iskandar,357846******,hesti.iskandar346@yahoo.com,087750017012,Tangerang,Banten,1994-10-18,Female,verified,2024-07-23,REF-8009
NBC0064,Bambang Nugroho,347130******,bambang.nugroho896@outlook.com,081541520643,Jakarta,DKI Jakarta,1994-04-03,Male,verified,2022-07-06,
NBC0065,Ganesha Kusuma,327385******,ganesha.kusuma232@hotmail.com,081051627136,Yogyakarta,DI Yogyakarta,1979-01-03,Male,verified,2022-07-29,REF-7022
NBC0066,Hani Tanjung,327392******,hani.tanjung694@yahoo.com,081890927532,Jakarta,DKI Jakarta,1993-06-20,Female,verified,2024-06-25,
NBC0067,Eko Nugroho,327185******,eko.nugroho748@hotmail.com,083652341389,Jakarta,DKI Jakarta,2001-11-30,Male,unverified,2023-08-07,
NBC0068,Tania Firmansyah,337476******,tania.firmansyah622@yahoo.com,088640376137,Jakarta,DKI Jakarta,2003-08-16,Female,pending,2022-05-26,REF-1197
NBC0069,Vina Nugroho,327582******,vina.nugroho431@outlook.com,087271091043,Yogyakarta,DI Yogyakarta,1976-10-14,Female,verified,2022-05-04,
NBC0070,Rio Cahyadi,327564******,rio.cahyadi719@hotmail.com,081889241418,Jakarta,DKI Jakarta,1984-02-12,Male,verified,2022-11-15,REF-7401
NBC0071,Aisyah Kusuma,347199******,aisyah.kusuma448@yahoo.com,081316179904,Jakarta,DKI Jakarta,2004-11-17,Female,verified,2022-12-26,REF-3248
NBC0072,Jihan Darmawan,357876******,jihan.darmawan530@outlook.com,082524105648,Jakarta,DKI Jakarta,1977-11-12,Female,verified,2023-06-23,
NBC0073,Dewi Darmawan,127175******,dewi.darmawan369@gmail.com,085925241913,Makassar,Sulawesi Selatan,1997-10-28,Female,verified,2022-01-06,REF-1201
NBC0074,Ganesha Salim,327529******,ganesha.salim184@gmail.com,087635365419,Jakarta,DKI Jakarta,1991-09-22,Male,verified,2022-09-02,REF-1862
NBC0075,Jaka Wijaya,327518******,jaka.wijaya899@hotmail.com,083451870534,Jakarta,DKI Jakarta,2000-04-16,Male,unverified,2023-09-15,
NBC0076,Wahyu Darmawan,337479******,wahyu.darmawan779@yahoo.com,082060385050,Jakarta,DKI Jakarta,2004-06-26,Male,verified,2024-02-10,
NBC0077,Fitri Anwar,167140******,fitri.anwar430@hotmail.com,081241038657,Bandung,Jawa Barat,1978-10-23,Female,rejected,2022-07-15,REF-7461
NBC0078,Maulana Santoso,327594******,maulana.santoso988@yahoo.com,082445655743,Jakarta,DKI Jakarta,1978-05-08,Male,verified,2023-02-20,REF-2785
NBC0079,Iwan Halim,127150******,iwan.halim417@gmail.com,087537474112,Yogyakarta,DI Yogyakarta,2005-10-10,Male,verified,2023-09-16,
NBC0080,Bunga Anwar,357828******,bunga.anwar94@yahoo.com,083680442067,Bali,Bali,1999-12-09,Female,unverified,2025-01-31,REF-8570
NBC0081,Gilang Sugiarto,317117******,gilang.sugiarto851@yahoo.com,082365199410,Semarang,Jawa Tengah,1977-11-22,Male,verified,2023-02-09,
NBC0082,Gilang Setiawan,357825******,gilang.setiawan44@hotmail.com,081296670662,Manado,Sulawesi Utara,1990-11-17,Male,verified,2023-03-16,
NBC0083,Dedi Hidayat,317188******,dedi.hidayat635@yahoo.com,088476870146,Bali,Bali,1981-02-26,Male,verified,2024-05-08,REF-9614
NBC0084,Kevin Saputra,327555******,kevin.saputra492@hotmail.com,083985642059,Surabaya,Jawa Timur,1984-10-28,Male,verified,2022-03-02,
NBC0085,Citra Effendi,167155******,citra.effendi786@yahoo.com,082133480396,Padang,Sumatera Barat,1990-12-01,Female,pending,2022-12-22,REF-6210
NBC0086,Vivi Rahman,517113******,vivi.rahman721@outlook.com,087929378427,Surabaya,Jawa Timur,1976-09-13,Female,pending,2022-07-04,REF-4584
NBC0087,Ganesha Pratama,357888******,ganesha.pratama207@yahoo.com,083250029218,Bogor,Jawa Barat,1991-05-15,Male,pending,2022-05-29,REF-7481
NBC0088,Wulan Firmansyah,357827******,wulan.firmansyah162@hotmail.com,088752895392,Jakarta,DKI Jakarta,1991-12-22,Female,verified,2023-09-21,
NBC0089,Joko Pratama,517160******,joko.pratama872@gmail.com,082959391725,Jakarta,DKI Jakarta,1978-06-28,Male,verified,2023-05-03,REF-6234
NBC0090,Dimas Mahendra,127111******,dimas.mahendra272@yahoo.com,082154100676,Surabaya,Jawa Timur,1982-06-18,Male,unverified,2024-04-27,REF-7204
NBC0091,Yusuf Hartono,127183******,yusuf.hartono667@yahoo.com,082710405411,Semarang,Jawa Tengah,1990-05-02,Male,verified,2022-12-15,
NBC0092,Bayu Setiawan,357886******,bayu.setiawan629@hotmail.com,088062962015,Bandung,Jawa Barat,1984-03-21,Male,verified,2023-01-25,REF-9849
NBC0093,Rio Firmansyah,337422******,rio.firmansyah51@hotmail.com,087872050614,Jakarta,DKI Jakarta,2004-09-11,Male,unverified,2024-09-10,REF-1421
NBC0094,Satria Hakim,327170******,satria.hakim865@gmail.com,083677418625,Yogyakarta,DI Yogyakarta,1992-02-10,Male,verified,2024-01-27,REF-1731
NBC0095,Faisal Susanto,337444******,faisal.susanto578@gmail.com,082115869380,Jakarta,DKI Jakarta,1992-05-13,Male,unverified,2024-12-06,REF-9773
NBC0096,Gracia Wibowo,127148******,gracia.wibowo81@hotmail.com,088089899217,Semarang,Jawa Tengah,1982-10-03,Female,verified,2022-12-09,
NBC0097,Hani Wijaya,327520******,hani.wijaya700@hotmail.com,082294511686,Surabaya,Jawa Timur,1999-10-06,Female,rejected,2023-10-30,
NBC0098,Budi Budiman,327524******,budi.budiman425@yahoo.com,082999119148,Jakarta,DKI Jakarta,1990-06-04,Male,verified,2024-04-21,REF-8955
NBC0099,Gracia Wijaya,327345******,gracia.wijaya413@yahoo.com,087960653074,Jakarta,DKI Jakarta,1991-09-16,Female,pending,2022-02-11,REF-5965
NBC0100,Haris Hartono,337427******,haris.hartono308@hotmail.com,083469137367,Jakarta,DKI Jakarta,1998-03-03,Male,verified,2024-02-05,
NBC0101,Iwan Kusuma,347174******,iwan.kusuma414@yahoo.com,087902330307,Yogyakarta,DI Yogyakarta,1977-04-08,Male,pending,2024-01-09,
NBC0102,Faisal Cahyadi,327591******,faisal.cahyadi946@gmail.com,088035797279,Bandung,Jawa Barat,1999-09-25,Male,verified,2023-12-18,REF-5237
NBC0103,Vivi Setiawan,347113******,vivi.setiawan396@gmail.com,082933334680,Jakarta,DKI Jakarta,2005-08-08,Female,pending,2022-01-19,REF-3167
NBC0104,Olivia Pratama,337442******,olivia.pratama623@outlook.com,088466574374,Surabaya,Jawa Timur,2005-05-18,Female,pending,2024-12-02,
NBC0105,Eko Pratama,167194******,eko.pratama990@outlook.com,087994417154,Bandung,Jawa Barat,2003-09-26,Male,verified,2023-10-28,
NBC0106,Cahyo Firmansyah,337429******,cahyo.firmansyah530@yahoo.com,081965207446,Bandung,Jawa Barat,1993-02-23,Male,verified,2024-03-06,
NBC0107,Mira Suryadi,357838******,mira.suryadi703@hotmail.com,088584282417,Bogor,Jawa Barat,1980-09-27,Female,unverified,2023-06-14,
NBC0108,Kartika Mahendra,327138******,kartika.mahendra364@yahoo.com,088465549471,Surabaya,Jawa Timur,1996-02-09,Female,verified,2022-04-20,
NBC0109,Prita Kusuma,127134******,prita.kusuma513@gmail.com,088684602235,Jakarta,DKI Jakarta,1993-05-10,Female,verified,2024-07-26,REF-3954
NBC0110,Hesti Mahendra,327350******,hesti.mahendra650@gmail.com,081743292712,Bandung,Jawa Barat,2002-07-25,Female,verified,2024-06-07,REF-7609
NBC0111,Ganesha Tanjung,317114******,ganesha.tanjung547@yahoo.com,088505830033,Padang,Sumatera Barat,1990-06-12,Male,verified,2023-10-02,REF-7284
NBC0112,Surya Maulana,327115******,surya.maulana306@outlook.com,085898562575,Jakarta,DKI Jakarta,1983-06-15,Male,verified,2022-12-04,
NBC0113,Bella Saputra,337438******,bella.saputra745@yahoo.com,082098215064,Yogyakarta,DI Yogyakarta,1998-12-27,Female,verified,2022-04-10,REF-1785
NBC0114,Sinta Saputra,317198******,sinta.saputra119@hotmail.com,085618472304,Bandung,Jawa Barat,1993-11-17,Female,verified,2022-07-26,REF-5423
NBC0115,Vivi Nugroho,327523******,vivi.nugroho524@gmail.com,083117393483,Bandung,Jawa Barat,1991-01-21,Female,unverified,2024-04-19,REF-1645
NBC0116,Luki Effendi,357840******,luki.effendi3@gmail.com,088119721811,Jakarta,DKI Jakarta,1986-06-24,Male,verified,2023-04-19,REF-5850
NBC0117,Andi Hartono,327315******,andi.hartono873@outlook.com,083561100225,Bandung,Jawa Barat,1991-01-14,Male,verified,2024-06-15,
NBC0118,Dwi Setiawan,357853******,dwi.setiawan188@gmail.com,085674676212,Bandung,Jawa Barat,1977-08-18,Male,verified,2022-11-23,REF-8908
NBC0119,Umi Halim,327388******,umi.halim389@outlook.com,087027716701,Jakarta,DKI Jakarta,1986-09-26,Female,unverified,2023-10-06,REF-9598
NBC0120,Mira Lestari,357876******,mira.lestari536@gmail.com,085375628900,Jakarta,DKI Jakarta,2003-11-11,Female,rejected,2022-11-18,REF-8688
NBC0121,Jihan Kusuma,127151******,jihan.kusuma247@outlook.com,083083866317,Jakarta,DKI Jakarta,1994-12-04,Female,verified,2024-07-06,REF-9166
NBC0122,Fajar Darmawan,317123******,fajar.darmawan414@hotmail.com,081880199488,Medan,Sumatera Utara,1984-04-12,Male,unverified,2024-07-23,
NBC0123,Andi Lestari,127152******,andi.lestari574@hotmail.com,088571130554,Jakarta,DKI Jakarta,1999-07-27,Male,verified,2024-12-05,REF-2741
NBC0124,Iwan Darmawan,327362******,iwan.darmawan110@outlook.com,087331637351,Medan,Sumatera Utara,1993-08-04,Male,verified,2022-04-06,
NBC0125,Novi Sugiarto,127168******,novi.sugiarto675@yahoo.com,085080869782,Jakarta,DKI Jakarta,2000-12-14,Female,verified,2022-12-22,
NBC0126,Yusuf Ramadhan,167159******,yusuf.ramadhan429@yahoo.com,083654722698,Semarang,Jawa Tengah,1988-05-29,Male,verified,2025-01-26,
NBC0127,Lia Anwar,337436******,lia.anwar640@outlook.com,088522885158,Semarang,Jawa Tengah,1996-07-19,Female,verified,2024-05-04,REF-9747
NBC0128,Bagas Pratama,167123******,bagas.pratama26@hotmail.com,082003424420,Malang,Jawa Timur,2005-12-23,Male,rejected,2023-08-28,REF-9866
NBC0129,Dedi Hartono,517196******,dedi.hartono758@yahoo.com,088863840666,Yogyakarta,DI Yogyakarta,2005-09-25,Male,verified,2023-10-03,
NBC0130,Endra Susanto,337489******,endra.susanto890@hotmail.com,082598933472,Jakarta,DKI Jakarta,2005-08-15,Male,verified,2022-06-02,REF-3847
NBC0131,Gita Tanjung,317164******,gita.tanjung286@outlook.com,082294057202,Yogyakarta,DI Yogyakarta,1989-06-21,Female,unverified,2022-04-15,
NBC0132,Tania Firmansyah,127183******,tania.firmansyah564@outlook.com,081583281826,Surabaya,Jawa Timur,1999-05-12,Female,pending,2025-01-04,REF-6724
NBC0133,Luki Mahendra,357856******,luki.mahendra301@yahoo.com,087878015739,Semarang,Jawa Tengah,2002-11-11,Male,unverified,2023-05-15,
NBC0134,Vina Tanjung,327159******,vina.tanjung263@outlook.com,081858877043,Medan,Sumatera Utara,1989-05-15,Female,verified,2024-11-18,REF-2572
NBC0135,Hendra Aditya,167110******,hendra.aditya642@gmail.com,082361386120,Jakarta,DKI Jakarta,1995-08-07,Male,verified,2023-11-11,REF-2200
NBC0136,Oka Kusuma,517139******,oka.kusuma933@outlook.com,085676650618,Jakarta,DKI Jakarta,1975-04-07,Male,verified,2022-05-10,
NBC0137,Vivi Kusuma,357874******,vivi.kusuma109@outlook.com,088491476607,Bandung,Jawa Barat,1982-01-05,Female,verified,2024-12-28,REF-7406
NBC0138,Kirana Hakim,327348******,kirana.hakim694@outlook.com,081882100996,Jakarta,DKI Jakarta,1999-02-04,Female,unverified,2025-01-26,
NBC0139,Endra Rahman,337462******,endra.rahman928@yahoo.com,082239431290,Palembang,Sumatera Selatan,1999-08-15,Male,verified,2024-08-02,REF-2198
NBC0140,Bayu Susanto,327135******,bayu.susanto744@hotmail.com,083523149135,Jakarta,DKI Jakarta,1996-10-17,Male,rejected,2024-07-11,REF-6008
NBC0141,Indah Salim,357864******,indah.salim173@gmail.com,083336452577,Jakarta,DKI Jakarta,1994-12-23,Female,pending,2024-01-05,
NBC0142,Eko Permana,517120******,eko.permana862@outlook.com,082834110809,Yogyakarta,DI Yogyakarta,2000-12-19,Male,verified,2024-04-09,
NBC0143,Rizki Susanto,167179******,rizki.susanto484@yahoo.com,083639427881,Bandung,Jawa Barat,1992-10-18,Male,verified,2024-01-16,REF-4913
NBC0144,Prita Maulana,167127******,prita.maulana457@yahoo.com,082992750373,Jakarta,DKI Jakarta,1977-10-26,Female,unverified,2023-06-26,REF-1701
NBC0145,Jessica Salim,327570******,jessica.salim940@hotmail.com,081051844989,Medan,Sumatera Utara,1982-10-19,Female,verified,2024-02-11,REF-6985
NBC0146,Dewi Budiman,347158******,dewi.budiman997@yahoo.com,087655779082,Jakarta,DKI Jakarta,1994-09-25,Female,verified,2022-12-06,REF-9430
NBC0147,Maya Hidayat,327330******,maya.hidayat371@gmail.com,088365177739,Bali,Bali,1982-03-26,Female,verified,2024-04-21,REF-1706
NBC0148,Naufal Maulana,327390******,naufal.maulana525@gmail.com,087202428699,Surabaya,Jawa Timur,2003-08-08,Male,verified,2022-02-08,
NBC0149,Tika Setiawan,337467******,tika.setiawan622@hotmail.com,085236929298,Palembang,Sumatera Selatan,1986-11-12,Female,verified,2022-12-10,
NBC0150,Faisal Kusuma,337458******,faisal.kusuma395@yahoo.com,081038862912,Jakarta,DKI Jakarta,1996-05-06,Male,verified,2022-03-21,
NBC0151,Galih Sugiarto,327171******,galih.sugiarto676@yahoo.com,087806865086,Jakarta,DKI Jakarta,1985-04-17,Male,verified,2024-09-14,
NBC0152,Naufal Hartono,327527******,naufal.hartono261@hotmail.com,082149864300,Jakarta,DKI Jakarta,2000-12-04,Male,pending,2024-12-06,REF-1117
NBC0153,Luki Ramadhan,327556******,luki.ramadhan110@yahoo.com,085944869594,Surabaya,Jawa Timur,2005-07-13,Male,verified,2024-03-24,
NBC0154,Lukman Effendi,327357******,lukman.effendi573@hotmail.com,083495621372,Bandung,Jawa Barat,1979-07-01,Male,verified,2023-03-16,REF-6544
NBC0155,Prita Santoso,327359******,prita.santoso988@gmail.com,081279611435,Palembang,Sumatera Selatan,1978-08-04,Female,verified,2022-03-19,
NBC0156,Bella Budiman,347186******,bella.budiman59@yahoo.com,088770384309,Jakarta,DKI Jakarta,1997-11-25,Female,verified,2024-11-22,REF-3776
NBC0157,Zahra Wibowo,317130******,zahra.wibowo89@outlook.com,085566938011,Semarang,Jawa Tengah,1999-08-27,Female,verified,2023-08-06,
NBC0158,Novi Rahman,357845******,novi.rahman232@yahoo.com,085690426818,Balikpapan,Kalimantan Timur,1978-03-31,Female,verified,2024-10-27,REF-2917
NBC0159,Rina Aditya,517142******,rina.aditya711@hotmail.com,085973577907,Semarang,Jawa Tengah,1980-03-19,Female,verified,2023-06-13,REF-4610
NBC0160,Nadia Ramadhan,327555******,nadia.ramadhan529@gmail.com,088434165182,Palembang,Sumatera Selatan,1996-05-17,Female,verified,2023-10-05,REF-5408
NBC0161,Endra Suryadi,127135******,endra.suryadi241@yahoo.com,083333395211,Jakarta,DKI Jakarta,1978-07-09,Male,verified,2024-10-05,REF-9871
NBC0162,Gracia Salim,517150******,gracia.salim505@outlook.com,085284639208,Surabaya,Jawa Timur,1993-12-25,Female,verified,2024-09-06,
NBC0163,Vino Wardana,327368******,vino.wardana124@hotmail.com,083003691559,Jakarta,DKI Jakarta,1986-08-25,Male,verified,2023-01-19,REF-4885
NBC0164,Rangga Mahendra,357833******,rangga.mahendra511@hotmail.com,082655647292,Jakarta,DKI Jakarta,2000-10-31,Male,verified,2023-04-14,
NBC0165,Putri Zulkarnain,327535******,putri.zulkarnain150@yahoo.com,085026728857,Bandung,Jawa Barat,1988-06-16,Female,verified,2023-05-29,REF-1781
NBC0166,Bambang Maulana,317137******,bambang.maulana834@outlook.com,085175455884,Medan,Sumatera Utara,1990-06-09,Male,verified,2022-02-10,REF-6752
NBC0167,Olivia Suryadi,517183******,olivia.suryadi666@yahoo.com,083558771694,Bandung,Jawa Barat,1995-10-21,Female,verified,2022-10-24,
NBC0168,Wulan Yudha,517183******,wulan.yudha415@gmail.com,081253554496,Bandung,Jawa Barat,1987-03-03,Female,verified,2024-06-30,
NBC0169,Zulfa Budiman,127162******,zulfa.budiman172@yahoo.com,081234132611,Jakarta,DKI Jakarta,1977-11-11,Female,pending,2024-08-27,REF-1431
NBC0170,Jessica Setiawan,327143******,jessica.setiawan633@yahoo.com,081643347228,Semarang,Jawa Tengah,1982-08-27,Female,verified,2022-02-28,REF-6846
NBC0171,Vina Effendi,127179******,vina.effendi958@outlook.com,087728299796,Surabaya,Jawa Timur,1998-06-25,Female,rejected,2024-12-29,REF-6688
NBC0172,Made Setiawan,127149******,made.setiawan375@hotmail.com,083240082547,Pontianak,Kalimantan Barat,1999-01-02,Male,verified,2022-01-18,REF-9059
NBC0173,Gracia Firmansyah,317165******,gracia.firmansyah818@outlook.com,087308536866,Jakarta,DKI Jakarta,1986-03-18,Female,pending,2022-12-01,
NBC0174,Anita Lestari,347120******,anita.lestari433@yahoo.com,087944846312,Manado,Sulawesi Utara,1981-02-16,Female,verified,2023-08-17,REF-8460
NBC0175,Sari Darmawan,337451******,sari.darmawan20@yahoo.com,081802144270,Jakarta,DKI Jakarta,1985-06-11,Female,verified,2022-07-04,REF-9086
NBC0176,Reza Firmansyah,127157******,reza.firmansyah475@gmail.com,083120461872,Jakarta,DKI Jakarta,1983-08-15,Male,pending,2023-05-28,
NBC0177,Gita Wibowo,327566******,gita.wibowo254@gmail.com,082718376452,Surabaya,Jawa Timur,2003-03-23,Female,unverified,2022-03-28,
NBC0178,Fajar Susanto,127191******,fajar.susanto306@yahoo.com,083031365024,Jakarta,DKI Jakarta,2001-03-24,Male,verified,2022-09-03,REF-4982
NBC0179,Rizki Effendi,517129******,rizki.effendi381@gmail.com,082271950052,Semarang,Jawa Tengah,1999-01-22,Male,verified,2022-08-08,REF-4812
NBC0180,Lukman Rahman,127134******,lukman.rahman22@hotmail.com,083240778487,Makassar,Sulawesi Selatan,1983-07-07,Male,unverified,2023-01-18,REF-6303
NBC0181,Sari Maulana,327177******,sari.maulana159@hotmail.com,083485708620,Jakarta,DKI Jakarta,2002-10-19,Female,verified,2024-01-16,
NBC0182,Dwi Kusuma,167159******,dwi.kusuma195@hotmail.com,087294565118,Depok,Jawa Barat,2004-07-22,Male,verified,2022-05-17,REF-3126
NBC0183,Rizki Suryadi,327172******,rizki.suryadi197@gmail.com,081967899405,Surabaya,Jawa Timur,1984-11-25,Male,unverified,2022-05-26,REF-4419
NBC0184,Eka Gunawan,317156******,eka.gunawan572@hotmail.com,083094801413,Surabaya,Jawa Timur,1998-04-21,Female,verified,2022-07-18,REF-4784
NBC0185,Krisna Suryadi,167194******,krisna.suryadi255@yahoo.com,087861957612,Jakarta,DKI Jakarta,1983-02-03,Male,verified,2025-01-31,REF-6529
NBC0186,Kirana Halim,357850******,kirana.halim564@outlook.com,083665939836,Bekasi,Jawa Barat,1999-09-07,Female,verified,2023-06-05,REF-8412
NBC0187,Zaki Pratama,317146******,zaki.pratama611@gmail.com,087240433504,Surabaya,Jawa Timur,1999-11-02,Male,unverified,2024-11-13,REF-3534
NBC0188,Faisal Rahman,327327******,faisal.rahman272@outlook.com,087334419693,Jakarta,DKI Jakarta,1978-06-18,Male,verified,2023-10-27,
NBC0189,Bambang Hartono,517192******,bambang.hartono308@gmail.com,088961055661,Jakarta,DKI Jakarta,1985-03-03,Male,pending,2022-01-24,REF-7266
NBC0190,Jaka Wijaya,357879******,jaka.wijaya579@yahoo.com,083832067998,Semarang,Jawa Tengah,1979-01-15,Male,verified,2023-03-31,REF-7460
NBC0191,Umar Setiawan,127183******,umar.setiawan764@gmail.com,087641686227,Bandung,Jawa Barat,2000-02-02,Male,verified,2023-02-10,REF-4212
NBC0192,Zulfa Budiman,337441******,zulfa.budiman74@outlook.com,085591166553,Jakarta,DKI Jakarta,1989-05-21,Female,verified,2023-12-07,REF-1396
NBC0193,Jihan Rahman,517166******,jihan.rahman639@yahoo.com,085033521103,Medan,Sumatera Utara,2002-11-09,Female,verified,2022-10-30,
NBC0194,Siti Mahendra,327149******,siti.mahendra461@hotmail.com,081538338848,Jakarta,DKI Jakarta,1996-08-31,Female,verified,2022-10-17,REF-1301
NBC0195,Yoga Budiman,317142******,yoga.budiman175@gmail.com,083394070164,Jakarta,DKI Jakarta,2004-09-27,Male,verified,2024-01-08,
NBC0196,Teguh Tanjung,337458******,teguh.tanjung521@gmail.com,083798123878,Jakarta,DKI Jakarta,1975-12-19,Male,verified,2022-03-23,REF-9673
NBC0197,Haris Wardana,327312******,haris.wardana356@outlook.com,083438404608,Surabaya,Jawa Timur,1987-07-27,Male,verified,2023-04-07,REF-7436
NBC0198,Eka Tanjung,167196******,eka.tanjung628@yahoo.com,085392649578,Jakarta,DKI Jakarta,1980-11-28,Female,verified,2023-02-28,REF-9869
NBC0199,Laras Nugroho,347198******,laras.nugroho723@yahoo.com,085292518812,Jakarta,DKI Jakarta,1989-03-31,Female,verified,2022-10-26,
NBC0200,Cindy Yudha,347166******,cindy.yudha764@outlook.com,082312209949,Palembang,Sumatera Selatan,2000-06-08,Female,verified,2023-04-18,REF-4783
NBC0201,Yuni Setiawan,127127******,yuni.setiawan515@hotmail.com,088526772233,Bandung,Jawa Barat,1976-06-12,Female,verified,2024-04-16,
NBC0202,Putra Yudha,337495******,putra.yudha208@yahoo.com,081279757366,Surabaya,Jawa Timur,1976-11-16,Male,verified,2024-02-19,
NBC0203,Endra Aditya,167192******,endra.aditya897@gmail.com,087177038860,Surabaya,Jawa Timur,2000-01-07,Male,pending,2024-03-04,REF-1807
NBC0204,Dedi Wardana,347146******,dedi.wardana473@yahoo.com,085490827718,Balikpapan,Kalimantan Timur,1980-01-29,Male,verified,2023-01-04,
NBC0205,Vivi Aditya,327360******,vivi.aditya424@outlook.com,085027937145,Depok,Jawa Barat,2004-02-04,Female,pending,2022-12-02,
NBC0206,Fajar Halim,357820******,fajar.halim537@hotmail.com,088892686025,Bandung,Jawa Barat,2000-05-14,Male,verified,2022-11-04,REF-3369
NBC0207,Cahyo Santoso,327549******,cahyo.santoso317@hotmail.com,083212309407,Yogyakarta,DI Yogyakarta,1997-04-28,Male,verified,2024-10-18,REF-1094
NBC0208,Hesti Wibowo,337485******,hesti.wibowo676@hotmail.com,085671990384,Semarang,Jawa Tengah,2002-10-20,Female,verified,2023-03-02,REF-3429
NBC0209,Vino Wijaya,327314******,vino.wijaya684@outlook.com,083101622499,Surabaya,Jawa Timur,2000-09-02,Male,pending,2022-12-30,
NBC0210,Zahra Wijaya,327148******,zahra.wijaya331@outlook.com,085168147214,Bali,Bali,1989-10-07,Female,verified,2024-12-15,REF-4438
NBC0211,Prita Santoso,327183******,prita.santoso748@gmail.com,085946954899,Bandung,Jawa Barat,1990-11-15,Female,verified,2022-09-23,REF-9132
NBC0212,Satria Darmawan,127133******,satria.darmawan905@yahoo.com,088430107139,Bandung,Jawa Barat,1993-08-07,Male,verified,2024-04-27,REF-6728
NBC0213,Ratna Anwar,317191******,ratna.anwar207@outlook.com,083144885015,Bali,Bali,1990-04-24,Female,unverified,2024-03-22,
NBC0214,Ayu Permana,337452******,ayu.permana854@outlook.com,088770272785,Surabaya,Jawa Timur,1995-09-30,Female,verified,2024-04-27,
NBC0215,Jaka Firmansyah,517196******,jaka.firmansyah324@gmail.com,082955124056,Padang,Sumatera Barat,2003-02-07,Male,pending,2024-12-30,
NBC0216,Anita Permana,517124******,anita.permana886@outlook.com,088504617357,Bekasi,Jawa Barat,1988-07-29,Female,verified,2023-03-19,REF-3867
NBC0217,Rizki Suryadi,327166******,rizki.suryadi519@gmail.com,085823578452,Bali,Bali,1979-05-29,Male,verified,2024-11-23,REF-3174
NBC0218,Rizki Gunawan,327576******,rizki.gunawan119@gmail.com,083091570184,Bali,Bali,1976-01-04,Male,rejected,2023-10-02,REF-4438
NBC0219,Krisna Hakim,347178******,krisna.hakim327@hotmail.com,088142241098,Padang,Sumatera Barat,1998-01-22,Male,verified,2022-07-29,REF-6739
NBC0220,Putra Hidayat,347183******,putra.hidayat251@yahoo.com,081495870207,Manado,Sulawesi Utara,2005-04-20,Male,verified,2022-04-14,REF-1881
NBC0221,Zaki Permana,517185******,zaki.permana645@hotmail.com,087545381792,Surabaya,Jawa Timur,1979-03-03,Male,verified,2024-08-17,REF-6085
NBC0222,Winda Gunawan,127139******,winda.gunawan971@yahoo.com,082945625577,Surabaya,Jawa Timur,1976-05-10,Female,pending,2022-05-14,REF-6758
NBC0223,Iwan Hakim,357887******,iwan.hakim589@yahoo.com,087161581487,Surabaya,Jawa Timur,1992-12-23,Male,verified,2024-04-26,REF-4992
NBC0224,Ganesha Tanjung,327153******,ganesha.tanjung214@hotmail.com,085958321971,Bandung,Jawa Barat,2001-07-25,Male,verified,2024-08-06,REF-2599
NBC0225,Kartika Firmansyah,327518******,kartika.firmansyah613@gmail.com,088965701329,Medan,Sumatera Utara,2003-07-15,Female,unverified,2022-01-01,
NBC0226,Erika Aditya,347159******,erika.aditya631@hotmail.com,082354946519,Yogyakarta,DI Yogyakarta,1975-05-14,Female,unverified,2024-11-11,REF-3089
NBC0227,Citra Salim,167116******,citra.salim1@outlook.com,081403696566,Semarang,Jawa Tengah,1992-02-12,Female,verified,2024-06-10,REF-3841
NBC0228,Krisna Tanjung,357863******,krisna.tanjung158@outlook.com,088220102762,Jakarta,DKI Jakarta,1978-10-19,Male,verified,2022-10-09,REF-7813
NBC0229,Vivi Zulkarnain,517133******,vivi.zulkarnain466@hotmail.com,087765326909,Bali,Bali,1997-05-06,Female,verified,2023-04-30,
NBC0230,Kevin Salim,317114******,kevin.salim582@hotmail.com,088519712847,Medan,Sumatera Utara,1998-03-10,Male,verified,2022-06-10,REF-2449
NBC0231,Satria Kusuma,167184******,satria.kusuma320@gmail.com,083807787956,Bandung,Jawa Barat,1990-10-31,Male,verified,2023-08-27,REF-1578
NBC0232,Olivia Firmansyah,517143******,olivia.firmansyah63@hotmail.com,087290490471,Jakarta,DKI Jakarta,1980-09-08,Female,verified,2024-11-01,REF-5552
NBC0233,Rangga Iskandar,347142******,rangga.iskandar15@gmail.com,087292752437,Surabaya,Jawa Timur,1983-02-10,Male,verified,2024-12-16,
NBC0234,Dimas Hidayat,517129******,dimas.hidayat858@hotmail.com,085637239504,Palembang,Sumatera Selatan,1980-03-15,Male,verified,2022-04-18,REF-7533
NBC0235,Ganesha Aditya,337458******,ganesha.aditya700@hotmail.com,085428604765,Semarang,Jawa Tengah,1998-10-14,Male,unverified,2022-03-26,REF-9704
NBC0236,Diah Iskandar,357844******,diah.iskandar274@gmail.com,083967393852,Bali,Bali,1989-01-19,Female,verified,2025-01-26,REF-1138
NBC0237,Siti Yudha,327177******,siti.yudha107@hotmail.com,083344300910,Jakarta,DKI Jakarta,2001-08-26,Female,pending,2023-03-21,
NBC0238,Winda Sugiarto,327187******,winda.sugiarto134@hotmail.com,088921244717,Medan,Sumatera Utara,1987-05-26,Female,verified,2024-05-24,REF-6298
NBC0239,Hendra Kusuma,347117******,hendra.kusuma392@hotmail.com,083044271739,Depok,Jawa Barat,1992-08-11,Male,verified,2023-01-01,REF-2776
NBC0240,Hendra Zulkarnain,337488******,hendra.zulkarnain659@gmail.com,085410119470,Surabaya,Jawa Timur,1997-04-29,Male,verified,2022-11-01,REF-1014
NBC0241,Tania Tanjung,347129******,tania.tanjung717@outlook.com,085908776618,Pontianak,Kalimantan Barat,1985-02-17,Female,verified,2022-01-07,REF-8898
NBC0242,Kevin Rahman,357897******,kevin.rahman311@hotmail.com,081158517432,Bandung,Jawa Barat,1999-11-15,Male,verified,2022-03-22,
NBC0243,Ulfa Tanjung,327190******,ulfa.tanjung706@outlook.com,085173203093,Makassar,Sulawesi Selatan,1996-12-11,Female,verified,2024-03-07,REF-9856
NBC0244,Hesti Aditya,127112******,hesti.aditya38@outlook.com,081506138782,Bali,Bali,2000-12-27,Female,verified,2023-04-23,
NBC0245,Hadi Darmawan,317170******,hadi.darmawan929@gmail.com,082202041792,Bekasi,Jawa Barat,2001-07-06,Male,verified,2022-05-11,
NBC0246,Haris Lestari,327135******,haris.lestari437@outlook.com,088651982530,Jakarta,DKI Jakarta,2001-08-09,Male,unverified,2022-12-22,REF-2978
NBC0247,Galih Yudha,327399******,galih.yudha379@yahoo.com,085390219620,Jakarta,DKI Jakarta,1996-11-04,Male,verified,2022-06-15,REF-3939
NBC0248,Winda Hakim,327598******,winda.hakim827@hotmail.com,088232487632,Medan,Sumatera Utara,2002-05-22,Female,pending,2022-03-19,REF-9190
NBC0249,Eka Firmansyah,357863******,eka.firmansyah5@yahoo.com,082181958837,Balikpapan,Kalimantan Timur,2003-02-06,Female,verified,2023-03-03,REF-4173
NBC0250,Hadi Effendi,127132******,hadi.effendi164@gmail.com,081543645970,Bali,Bali,1979-09-07,Male,verified,2022-04-18,
NBC0251,Ahmad Darmawan,167124******,ahmad.darmawan73@yahoo.com,088799563531,Semarang,Jawa Tengah,1989-08-18,Male,pending,2023-04-12,REF-7759
NBC0252,Anita Lestari,327170******,anita.lestari600@hotmail.com,081623972652,Bogor,Jawa Barat,1995-07-14,Female,verified,2023-02-02,REF-5418
NBC0253,Gilang Wijaya,517117******,gilang.wijaya288@yahoo.com,081776253492,Jakarta,DKI Jakarta,2003-08-14,Male,verified,2022-12-15,REF-4763
NBC0254,Jaka Darmawan,337485******,jaka.darmawan485@hotmail.com,083063356939,Jakarta,DKI Jakarta,1981-09-06,Male,verified,2022-01-11,REF-1724
NBC0255,Ganesha Cahyadi,317164******,ganesha.cahyadi544@hotmail.com,085177318063,Jakarta,DKI Jakarta,1980-12-14,Male,unverified,2024-01-05,REF-2486
NBC0256,Yoga Firmansyah,327368******,yoga.firmansyah879@gmail.com,085726257016,Surabaya,Jawa Timur,2005-12-26,Male,verified,2023-11-13,REF-5859
NBC0257,Putra Aditya,517136******,putra.aditya807@gmail.com,087508501657,Pekanbaru,Riau,2002-10-09,Male,verified,2022-03-25,REF-3871
NBC0258,Winda Kusuma,167136******,winda.kusuma142@outlook.com,082817933554,Surabaya,Jawa Timur,1997-08-03,Female,verified,2024-05-16,REF-2038
NBC0259,Dedi Darmawan,167177******,dedi.darmawan850@gmail.com,085884795137,Semarang,Jawa Tengah,1978-12-01,Male,verified,2022-06-14,REF-3929
NBC0260,Bayu Hartono,327345******,bayu.hartono115@yahoo.com,085238046827,Balikpapan,Kalimantan Timur,1990-07-21,Male,verified,2024-05-10,REF-1351
NBC0261,Bayu Saputra,337476******,bayu.saputra661@outlook.com,085955798877,Surabaya,Jawa Timur,1988-08-22,Male,verified,2022-09-28,
NBC0262,Oka Lestari,127157******,oka.lestari995@outlook.com,081254729284,Surabaya,Jawa Timur,1983-03-06,Male,verified,2022-12-26,
NBC0263,Tania Hidayat,327340******,tania.hidayat120@gmail.com,083927452380,Jakarta,DKI Jakarta,2004-11-08,Female,verified,2023-10-12,
NBC0264,Dedi Aditya,327378******,dedi.aditya309@gmail.com,081672752088,Jakarta,DKI Jakarta,1989-11-10,Male,verified,2023-08-29,REF-5748
NBC0265,Aisyah Hidayat,517166******,aisyah.hidayat347@gmail.com,088702814069,Balikpapan,Kalimantan Timur,1984-11-19,Female,pending,2024-07-02,REF-6347
NBC0266,Teguh Suryadi,517177******,teguh.suryadi228@outlook.com,082018718637,Bekasi,Jawa Barat,1989-04-03,Male,verified,2024-11-13,
NBC0267,Zahra Wardana,327364******,zahra.wardana379@hotmail.com,083045547813,Bekasi,Jawa Barat,1994-12-05,Female,rejected,2024-05-01,
NBC0268,Dwi Zulkarnain,327527******,dwi.zulkarnain856@gmail.com,082347851961,Makassar,Sulawesi Selatan,1975-04-19,Male,pending,2024-04-18,REF-5478
NBC0269,Lukman Gunawan,517127******,lukman.gunawan205@yahoo.com,085487049478,Bali,Bali,1995-10-16,Male,pending,2023-04-05,REF-1040
NBC0270,Surya Effendi,327193******,surya.effendi682@outlook.com,085273014719,Jakarta,DKI Jakarta,1991-03-25,Male,verified,2024-09-11,REF-5225
NBC0271,Gracia Sugiarto,357875******,gracia.sugiarto751@gmail.com,083290257252,Surabaya,Jawa Timur,1977-05-16,Female,verified,2023-07-13,REF-6832
NBC0272,Rio Budiman,327175******,rio.budiman199@yahoo.com,081928554451,Bali,Bali,1998-12-21,Male,verified,2023-12-22,
NBC0273,Jaka Hakim,357872******,jaka.hakim422@outlook.com,082132833898,Medan,Sumatera Utara,1998-11-13,Male,unverified,2022-08-22,REF-2251
NBC0274,Gilang Saputra,127154******,gilang.saputra320@outlook.com,082798524013,Jakarta,DKI Jakarta,1980-10-09,Male,pending,2022-10-19,REF-6036
NBC0275,Gilang Setiawan,327598******,gilang.setiawan782@gmail.com,081076031089,Jakarta,DKI Jakarta,1977-08-29,Male,verified,2024-08-18,REF-5145
NBC0276,Surya Pratama,327125******,surya.pratama943@yahoo.com,087325012495,Yogyakarta,DI Yogyakarta,1990-10-19,Male,unverified,2022-11-25,
NBC0277,Prita Wibowo,167182******,prita.wibowo70@gmail.com,087083342801,Yogyakarta,DI Yogyakarta,1984-08-07,Female,pending,2024-10-29,
NBC0278,Bambang Permana,127196******,bambang.permana981@gmail.com,082566383615,Semarang,Jawa Tengah,1980-07-18,Male,pending,2024-08-12,REF-3226
NBC0279,Wahyu Hakim,167115******,wahyu.hakim85@outlook.com,085164794738,Surabaya,Jawa Timur,1993-04-08,Male,verified,2023-08-19,
NBC0280,Bayu Effendi,357832******,bayu.effendi14@hotmail.com,088167811266,Balikpapan,Kalimantan Timur,2001-06-28,Male,verified,2022-07-28,
NBC0281,Jihan Kusuma,357835******,jihan.kusuma347@yahoo.com,087613674994,Jakarta,DKI Jakarta,2003-11-18,Female,verified,2024-03-30,REF-7626
NBC0282,Intan Iskandar,327368******,intan.iskandar111@gmail.com,083773201017,Jakarta,DKI Jakarta,2005-06-02,Female,pending,2022-02-24,
NBC0283,Arif Ramadhan,327348******,arif.ramadhan637@gmail.com,081877347784,Jakarta,DKI Jakarta,1999-05-02,Male,verified,2023-12-05,
NBC0284,Ahmad Wijaya,327525******,ahmad.wijaya393@hotmail.com,083677002842,Semarang,Jawa Tengah,1997-01-17,Male,verified,2024-06-01,REF-7374
NBC0285,Fajar Darmawan,167197******,fajar.darmawan553@hotmail.com,085828064796,Jakarta,DKI Jakarta,2002-09-03,Male,verified,2023-12-24,
NBC0286,Andi Saputra,517115******,andi.saputra132@outlook.com,083905616556,Surabaya,Jawa Timur,1990-10-04,Male,verified,2022-04-26,REF-5056
NBC0287,Surya Setiawan,327149******,surya.setiawan118@outlook.com,082085076986,Yogyakarta,DI Yogyakarta,1986-12-17,Male,verified,2022-02-11,REF-1364
NBC0288,Anita Tanjung,357883******,anita.tanjung101@hotmail.com,081357852945,Surabaya,Jawa Timur,1994-07-23,Female,pending,2023-02-18,REF-2234
NBC0289,Kirana Anwar,347143******,kirana.anwar49@outlook.com,087639191954,Surabaya,Jawa Timur,1978-01-07,Female,verified,2024-12-23,REF-4436
NBC0290,Bayu Firmansyah,167148******,bayu.firmansyah444@outlook.com,082664987820,Semarang,Jawa Tengah,2003-03-01,Male,unverified,2024-11-23,
NBC0291,Maya Gunawan,347191******,maya.gunawan546@hotmail.com,087083572324,Bandung,Jawa Barat,1994-07-13,Female,verified,2024-04-20,REF-2055
NBC0292,Cindy Iskandar,347192******,cindy.iskandar165@outlook.com,088936312303,Surabaya,Jawa Timur,1988-12-05,Female,verified,2024-08-08,REF-8145
NBC0293,Rizki Suryadi,327344******,rizki.suryadi140@gmail.com,083482070015,Semarang,Jawa Tengah,2001-12-26,Male,verified,2023-09-03,
NBC0294,Cindy Salim,327160******,cindy.salim966@yahoo.com,082198189847,Medan,Sumatera Utara,1979-01-18,Female,verified,2023-05-03,REF-6134
NBC0295,Naufal Tanjung,337464******,naufal.tanjung224@yahoo.com,081234764907,Pekanbaru,Riau,1998-12-06,Male,verified,2024-02-07,REF-2850
NBC0296,Bagas Effendi,337445******,bagas.effendi901@yahoo.com,083754090034,Semarang,Jawa Tengah,1999-10-17,Male,pending,2024-02-27,REF-6945
NBC0297,Umi Sugiarto,167140******,umi.sugiarto879@hotmail.com,085064413432,Surabaya,Jawa Timur,1994-09-08,Female,verified,2023-10-12,
NBC0298,Cindy Wijaya,347120******,cindy.wijaya843@hotmail.com,085656124815,Surabaya,Jawa Timur,1993-11-17,Female,verified,2025-01-26,
NBC0299,Ahmad Santoso,327390******,ahmad.santoso455@yahoo.com,081634591123,Medan,Sumatera Utara,1998-03-01,Male,verified,2022-09-24,
NBC0300,Vina Halim,127127******,vina.halim267@yahoo.com,088954316526,Jakarta,DKI Jakarta,1991-12-05,Female,verified,2023-04-05,REF-1376
NBC0301,Sinta Lestari,327169******,sinta.lestari204@outlook.com,088206969421,Bandung,Jawa Barat,1991-07-04,Female,verified,2022-12-15,
NBC0302,Cahyo Budiman,327568******,cahyo.budiman848@hotmail.com,081333447626,Surabaya,Jawa Timur,1984-04-08,Male,verified,2023-03-18,
NBC0303,Arif Suryadi,327533******,arif.suryadi419@yahoo.com,081443973597,Surabaya,Jawa Timur,1978-11-05,Male,pending,2022-01-22,REF-6296
NBC0304,Bella Anwar,327564******,bella.anwar754@outlook.com,081180053759,Jakarta,DKI Jakarta,2005-02-02,Female,verified,2022-04-04,REF-9266
NBC0305,Ulfa Wardana,357826******,ulfa.wardana992@gmail.com,087242875721,Jakarta,DKI Jakarta,1989-03-26,Female,verified,2024-12-22,REF-5266
NBC0306,Rizki Nugroho,127145******,rizki.nugroho766@outlook.com,085449485625,Yogyakarta,DI Yogyakarta,1997-01-14,Male,verified,2022-11-06,REF-8208
NBC0307,Hadi Santoso,337433******,hadi.santoso37@hotmail.com,083276170758,Medan,Sumatera Utara,1996-10-06,Male,verified,2024-07-26,REF-3425
NBC0308,Dimas Anwar,347133******,dimas.anwar855@yahoo.com,088849939089,Bandung,Jawa Barat,1983-02-06,Male,verified,2024-05-02,
NBC0309,Haris Hartono,357813******,haris.hartono292@gmail.com,085591520177,Yogyakarta,DI Yogyakarta,1995-05-15,Male,verified,2023-07-06,REF-1095
NBC0310,Rizki Halim,357882******,rizki.halim133@yahoo.com,081450189616,Bogor,Jawa Barat,1986-06-12,Male,pending,2022-12-31,REF-7535
NBC0311,Luki Maulana,327561******,luki.maulana292@yahoo.com,081476492515,Jakarta,DKI Jakarta,1997-12-30,Male,pending,2023-02-14,REF-7358
NBC0312,Maulana Zulkarnain,327164******,maulana.zulkarnain831@outlook.com,087266108573,Surabaya,Jawa Timur,2004-01-19,Male,verified,2022-11-14,
NBC0313,Teguh Budiman,327147******,teguh.budiman480@hotmail.com,081742243864,Jakarta,DKI Jakarta,2000-07-02,Male,pending,2022-04-08,REF-1738
NBC0314,Irfan Zulkarnain,327522******,irfan.zulkarnain476@outlook.com,083491801722,Semarang,Jawa Tengah,1992-08-17,Male,verified,2022-04-03,REF-5876
NBC0315,Dwi Gunawan,127189******,dwi.gunawan828@outlook.com,083232194168,Jakarta,DKI Jakarta,1975-10-21,Male,verified,2022-01-12,REF-1217
NBC0316,Ganesha Gunawan,327594******,ganesha.gunawan989@hotmail.com,083995641220,Malang,Jawa Timur,1983-07-24,Male,verified,2022-08-18,
NBC0317,Laras Saputra,337471******,laras.saputra665@yahoo.com,088368314727,Bekasi,Jawa Barat,1993-12-04,Female,verified,2022-02-14,REF-3497
NBC0318,Erika Darmawan,127112******,erika.darmawan881@hotmail.com,087334960501,Depok,Jawa Barat,2003-04-12,Female,verified,2024-06-03,
NBC0319,Zulfa Hakim,317172******,zulfa.hakim410@hotmail.com,087997308069,Jakarta,DKI Jakarta,1989-03-02,Female,verified,2022-05-11,REF-7834
NBC0320,Gita Darmawan,517192******,gita.darmawan356@hotmail.com,088602437573,Jakarta,DKI Jakarta,1997-10-09,Female,verified,2023-03-26,REF-6556
NBC0321,Winda Gunawan,327347******,winda.gunawan741@hotmail.com,085572934172,Jakarta,DKI Jakarta,1982-10-10,Female,verified,2023-02-13,REF-9063
NBC0322,Reza Darmawan,347140******,reza.darmawan215@gmail.com,081545228015,Surabaya,Jawa Timur,1994-04-26,Male,rejected,2022-08-22,REF-2977
NBC0323,Hesti Susanto,357855******,hesti.susanto788@gmail.com,087428910771,Bandung,Jawa Barat,1979-10-01,Female,pending,2022-07-28,
NBC0324,Eko Maulana,327136******,eko.maulana933@outlook.com,082478712552,Jakarta,DKI Jakarta,1980-07-07,Male,verified,2023-02-18,REF-7811
NBC0325,Siti Wibowo,127153******,siti.wibowo294@yahoo.com,081456532863,Jakarta,DKI Jakarta,1981-03-10,Female,verified,2024-05-28,REF-7706
NBC0326,Jessica Salim,317166******,jessica.salim150@gmail.com,088811556260,Jakarta,DKI Jakarta,1992-08-22,Female,verified,2022-03-17,REF-3473
NBC0327,Citra Budiman,347163******,citra.budiman412@outlook.com,088550489267,Semarang,Jawa Tengah,2003-11-19,Female,verified,2023-02-25,
NBC0328,Prita Halim,357893******,prita.halim415@yahoo.com,083108562884,Jakarta,DKI Jakarta,1984-08-02,Female,pending,2022-07-10,REF-6115
NBC0329,Galih Maulana,317113******,galih.maulana912@outlook.com,082468105485,Bandung,Jawa Barat,1980-07-21,Male,pending,2022-04-08,
NBC0330,Erika Firmansyah,517110******,erika.firmansyah465@outlook.com,082998935449,Jakarta,DKI Jakarta,2005-03-01,Female,verified,2022-10-14,
NBC0331,Nanda Hartono,357876******,nanda.hartono597@yahoo.com,083712661106,Jakarta,DKI Jakarta,1980-10-31,Male,verified,2024-09-02,REF-2279
NBC0332,Jaka Wardana,517181******,jaka.wardana532@hotmail.com,083976776228,Banjarmasin,Kalimantan Selatan,1980-09-13,Male,verified,2024-09-19,
NBC0333,Cahyo Cahyadi,167125******,cahyo.cahyadi712@yahoo.com,085702851961,Jakarta,DKI Jakarta,1980-06-03,Male,pending,2024-01-27,REF-1659
NBC0334,Fajar Salim,347157******,fajar.salim311@outlook.com,085022960443,Jakarta,DKI Jakarta,1983-03-19,Male,verified,2024-09-28,REF-9970
NBC0335,Rizki Yudha,127183******,rizki.yudha318@hotmail.com,083679228777,Medan,Sumatera Utara,1981-09-06,Male,verified,2023-10-29,REF-7711
NBC0336,Zaki Mahendra,167115******,zaki.mahendra982@hotmail.com,088412094818,Jakarta,DKI Jakarta,1978-10-27,Male,pending,2023-01-30,
NBC0337,Galih Santoso,517176******,galih.santoso194@hotmail.com,087018204339,Medan,Sumatera Utara,1994-12-05,Male,verified,2022-06-23,
NBC0338,Bella Wijaya,127112******,bella.wijaya349@hotmail.com,082608564111,Surabaya,Jawa Timur,1999-04-21,Female,verified,2022-12-11,REF-3992
NBC0339,Dimas Hidayat,347162******,dimas.hidayat695@yahoo.com,081952004615,Medan,Sumatera Utara,1981-05-23,Male,verified,2024-04-25,
NBC0340,Fajar Santoso,337440******,fajar.santoso771@yahoo.com,085886140578,Bandung,Jawa Barat,1993-04-05,Male,verified,2022-05-15,REF-7676
NBC0341,Ayu Iskandar,167185******,ayu.iskandar692@gmail.com,082824967183,Jakarta,DKI Jakarta,1981-05-21,Female,verified,2024-02-04,REF-3755
NBC0342,Kirana Zulkarnain,167167******,kirana.zulkarnain43@gmail.com,085942007494,Jakarta,DKI Jakarta,2005-07-03,Female,verified,2024-02-18,
NBC0343,Maya Cahyadi,347115******,maya.cahyadi166@gmail.com,083161284639,Surabaya,Jawa Timur,1997-08-23,Female,verified,2023-10-14,
NBC0344,Ratna Susanto,127144******,ratna.susanto252@outlook.com,083379502097,Jakarta,DKI Jakarta,1975-03-12,Female,verified,2022-01-20,REF-7769
NBC0345,Vivi Darmawan,327578******,vivi.darmawan84@gmail.com,087071569562,Bali,Bali,1975-05-19,Female,verified,2022-09-13,REF-4161
NBC0346,Made Saputra,347197******,made.saputra944@outlook.com,082194337504,Bandung,Jawa Barat,1997-02-08,Male,unverified,2023-03-05,REF-7489
NBC0347,Putra Cahyadi,127131******,putra.cahyadi566@yahoo.com,088999219212,Bandung,Jawa Barat,1986-08-24,Male,verified,2023-04-12,
NBC0348,Sari Suryadi,317198******,sari.suryadi695@outlook.com,088870605664,Jakarta,DKI Jakarta,1980-06-17,Female,verified,2024-11-27,REF-6922
NBC0349,Rizki Lestari,317145******,rizki.lestari941@hotmail.com,087750635190,Padang,Sumatera Barat,1985-02-13,Male,verified,2024-05-17,
NBC0350,Laras Maulana,357849******,laras.maulana65@gmail.com,081760954317,Medan,Sumatera Utara,1985-09-10,Female,pending,2023-11-29,
NBC0351,Jessica Wibowo,327186******,jessica.wibowo635@hotmail.com,081791100651,Yogyakarta,DI Yogyakarta,1980-09-20,Female,pending,2022-05-07,
NBC0352,Surya Zulkarnain,327123******,surya.zulkarnain694@gmail.com,087046619639,Bandung,Jawa Barat,2004-08-04,Male,unverified,2022-01-22,REF-8605
NBC0353,Prita Hartono,357893******,prita.hartono961@gmail.com,085859311091,Semarang,Jawa Tengah,2001-08-05,Female,verified,2023-02-01,
NBC0354,Irfan Susanto,357863******,irfan.susanto493@hotmail.com,082320024968,Bandung,Jawa Barat,2004-03-26,Male,pending,2024-01-03,REF-9866
NBC0355,Indah Effendi,347187******,indah.effendi352@outlook.com,083089203880,Jakarta,DKI Jakarta,1993-12-07,Female,pending,2023-12-06,REF-4282
NBC0356,Laras Kusuma,357834******,laras.kusuma684@hotmail.com,088795995946,Jakarta,DKI Jakarta,1989-09-28,Female,pending,2022-11-29,REF-1691
NBC0357,Budi Lestari,337469******,budi.lestari639@yahoo.com,082756362050,Banjarmasin,Kalimantan Selatan,1978-04-23,Male,verified,2024-01-03,REF-2887
NBC0358,Dedi Suryadi,517156******,dedi.suryadi45@gmail.com,082342342583,Yogyakarta,DI Yogyakarta,1983-01-04,Male,pending,2023-02-06,REF-5289
NBC0359,Ayu Nugroho,327593******,ayu.nugroho807@gmail.com,083347355289,Medan,Sumatera Utara,1994-06-16,Female,verified,2022-05-14,REF-3142
NBC0360,Laras Aditya,327598******,laras.aditya384@outlook.com,087630993842,Bandung,Jawa Barat,1989-09-12,Female,verified,2023-05-22,REF-5588
NBC0361,Intan Darmawan,337420******,intan.darmawan804@hotmail.com,088912868578,Bali,Bali,1995-10-29,Female,verified,2023-01-02,REF-7125
NBC0362,Ganesha Darmawan,127144******,ganesha.darmawan596@hotmail.com,088903337363,Surabaya,Jawa Timur,1988-09-22,Male,verified,2024-05-20,
NBC0363,Zahra Susanto,167120******,zahra.susanto138@gmail.com,083785390789,Semarang,Jawa Tengah,1990-02-02,Female,unverified,2024-05-22,REF-8086
NBC0364,Haris Ramadhan,347158******,haris.ramadhan26@yahoo.com,085341514888,Jakarta,DKI Jakarta,2003-11-15,Male,rejected,2022-06-10,
NBC0365,Fitri Sugiarto,327156******,fitri.sugiarto40@yahoo.com,083354443928,Bekasi,Jawa Barat,1986-09-18,Female,unverified,2022-01-18,
NBC0366,Vino Wardana,327584******,vino.wardana776@gmail.com,085826333738,Surabaya,Jawa Timur,2001-05-01,Male,unverified,2024-08-17,
NBC0367,Dimas Ramadhan,337464******,dimas.ramadhan789@hotmail.com,082778052924,Bandung,Jawa Barat,1975-06-08,Male,verified,2024-10-20,
NBC0368,Wulan Lestari,327564******,wulan.lestari703@hotmail.com,088845909022,Surabaya,Jawa Timur,1989-10-24,Female,verified,2024-03-11,
NBC0369,Zaki Kusuma,167159******,zaki.kusuma193@hotmail.com,081597412182,Medan,Sumatera Utara,1976-06-09,Male,verified,2024-09-27,REF-4260
NBC0370,Yusuf Hakim,337439******,yusuf.hakim299@gmail.com,085058025662,Bali,Bali,1979-12-20,Male,pending,2022-09-22,REF-8835
NBC0371,Anita Anwar,327336******,anita.anwar318@hotmail.com,088729949387,Yogyakarta,DI Yogyakarta,1987-05-10,Female,verified,2023-02-18,REF-3337
NBC0372,Zaki Wibowo,167152******,zaki.wibowo933@hotmail.com,085790147546,Jakarta,DKI Jakarta,2002-07-01,Male,verified,2022-12-25,REF-3942
NBC0373,Yanti Zulkarnain,127159******,yanti.zulkarnain933@yahoo.com,088916032484,Bandung,Jawa Barat,2004-11-26,Female,verified,2022-05-17,REF-4559
NBC0374,Cindy Sugiarto,357819******,cindy.sugiarto774@gmail.com,087567243807,Jakarta,DKI Jakarta,1976-03-13,Female,pending,2022-05-30,REF-8567
NBC0375,Endra Wardana,337460******,endra.wardana39@gmail.com,083125777118,Bandung,Jawa Barat,2004-06-21,Male,pending,2023-05-12,
NBC0376,Ganesha Iskandar,327331******,ganesha.iskandar859@gmail.com,087124186210,Yogyakarta,DI Yogyakarta,2005-05-21,Male,verified,2023-07-14,REF-6866
NBC0377,Cahyo Wijaya,167137******,cahyo.wijaya453@gmail.com,088816470900,Jakarta,DKI Jakarta,1991-12-06,Male,verified,2023-02-18,
NBC0378,Nanda Suryadi,327112******,nanda.suryadi432@gmail.com,081531312206,Jakarta,DKI Jakarta,1997-12-27,Male,verified,2022-08-09,
NBC0379,Satria Suryadi,517136******,satria.suryadi957@hotmail.com,085133155206,Medan,Sumatera Utara,2004-05-03,Male,verified,2023-10-10,REF-4485
NBC0380,Bayu Iskandar,517157******,bayu.iskandar45@gmail.com,082649718924,Medan,Sumatera Utara,1979-04-02,Male,verified,2023-10-27,
NBC0381,Umi Nugroho,357832******,umi.nugroho651@outlook.com,088715099768,Medan,Sumatera Utara,2003-09-26,Female,verified,2023-04-22,REF-1217
NBC0382,Rangga Sugiarto,347140******,rangga.sugiarto756@hotmail.com,082910257432,Bali,Bali,1991-11-09,Male,rejected,2023-02-23,REF-4900
NBC0383,Olivia Halim,357827******,olivia.halim285@outlook.com,088086403553,Jakarta,DKI Jakarta,1984-03-26,Female,verified,2025-01-09,REF-5068
NBC0384,Vivi Lestari,517158******,vivi.lestari534@outlook.com,082701713023,Medan,Sumatera Utara,1980-08-19,Female,verified,2022-07-07,REF-9992
NBC0385,Maya Wibowo,167120******,maya.wibowo437@hotmail.com,083233629344,Jakarta,DKI Jakarta,2000-11-09,Female,verified,2024-07-07,
NBC0386,Ganesha Setiawan,357860******,ganesha.setiawan387@yahoo.com,085768962706,Surabaya,Jawa Timur,1994-03-04,Male,verified,2022-06-20,
NBC0387,Olivia Aditya,327380******,olivia.aditya745@yahoo.com,083674746897,Tangerang,Banten,1978-03-24,Female,pending,2023-11-14,REF-8688
NBC0388,Krisna Pratama,317174******,krisna.pratama748@outlook.com,085666567491,Depok,Jawa Barat,1993-05-03,Male,verified,2022-03-21,
NBC0389,Maulana Maulana,337465******,maulana.maulana981@outlook.com,088587506633,Jakarta,DKI Jakarta,1996-06-06,Male,unverified,2022-03-12,
NBC0390,Cahyo Saputra,327343******,cahyo.saputra620@hotmail.com,088243992011,Banjarmasin,Kalimantan Selatan,2003-11-27,Male,pending,2024-02-27,REF-2316
NBC0391,Krisna Zulkarnain,327364******,krisna.zulkarnain259@outlook.com,087869461195,Jakarta,DKI Jakarta,1981-05-27,Male,verified,2023-07-05,
NBC0392,Bella Firmansyah,317131******,bella.firmansyah836@hotmail.com,081116864622,Surabaya,Jawa Timur,1991-10-22,Female,verified,2023-01-17,
NBC0393,Joko Cahyadi,327167******,joko.cahyadi581@yahoo.com,082302346791,Medan,Sumatera Utara,2003-07-20,Male,unverified,2022-12-07,REF-2404
NBC0394,Putra Kusuma,357813******,putra.kusuma600@yahoo.com,085710040901,Surabaya,Jawa Timur,1984-06-20,Male,verified,2024-12-05,
NBC0395,Jaka Iskandar,127170******,jaka.iskandar776@outlook.com,087655553566,Pekanbaru,Riau,2002-05-26,Male,verified,2022-04-28,
NBC0396,Fitri Pratama,127199******,fitri.pratama412@yahoo.com,081918435797,Jakarta,DKI Jakarta,1998-02-05,Female,verified,2024-04-26,REF-1051
NBC0397,Vina Saputra,357815******,vina.saputra993@outlook.com,088739769156,Bali,Bali,1996-05-10,Female,rejected,2022-07-25,
NBC0398,Krisna Hidayat,167183******,krisna.hidayat804@gmail.com,082714872717,Tangerang,Banten,2004-09-21,Male,verified,2025-01-12,REF-4467
NBC0399,Yoga Setiawan,327165******,yoga.setiawan733@gmail.com,082564347128,Surabaya,Jawa Timur,2003-06-03,Male,verified,2024-10-04,REF-6452
NBC0400,Mira Kusuma,357858******,mira.kusuma933@hotmail.com,088863341411,Medan,Sumatera Utara,1978-12-31,Female,verified,2023-11-28,
NBC0401,Zulfa Sugiarto,517157******,zulfa.sugiarto131@outlook.com,085904098366,Bali,Bali,1989-05-04,Female,verified,2024-01-18,
NBC0402,Hani Budiman,517185******,hani.budiman228@gmail.com,085087524377,Semarang,Jawa Tengah,1981-08-12,Female,pending,2023-08-04,REF-1562
NBC0403,Ulfa Cahyadi,327145******,ulfa.cahyadi869@hotmail.com,088374605233,Medan,Sumatera Utara,1977-05-11,Female,rejected,2023-01-02,
NBC0404,Ulfa Maulana,317180******,ulfa.maulana402@outlook.com,085756618443,Bali,Bali,1999-08-01,Female,pending,2024-03-17,REF-6298
NBC0405,Novi Santoso,347168******,novi.santoso671@yahoo.com,087277423330,Semarang,Jawa Tengah,1991-04-01,Female,rejected,2022-07-28,REF-3418
NBC0406,Bagas Maulana,317122******,bagas.maulana365@hotmail.com,082018596263,Jakarta,DKI Jakarta,1976-07-10,Male,pending,2022-09-01,REF-9005
NBC0407,Pandu Permana,327598******,pandu.permana815@gmail.com,085647501111,Semarang,Jawa Tengah,1996-12-11,Male,verified,2024-11-09,REF-8856
NBC0408,Endra Hartono,517133******,endra.hartono394@hotmail.com,088649215182,Bandung,Jawa Barat,1993-03-07,Male,verified,2022-02-10,REF-9788
NBC0409,Jessica Darmawan,327176******,jessica.darmawan858@gmail.com,082129208751,Malang,Jawa Timur,1976-10-03,Female,verified,2022-09-21,REF-3641
NBC0410,Oka Wijaya,327125******,oka.wijaya519@outlook.com,083826034084,Jakarta,DKI Jakarta,2004-07-26,Male,unverified,2024-12-29,REF-9035
NBC0411,Jessica Rahman,517178******,jessica.rahman523@yahoo.com,088103032432,Jakarta,DKI Jakarta,2002-01-04,Female,verified,2023-03-19,REF-5544
NBC0412,Rangga Zulkarnain,327180******,rangga.zulkarnain262@outlook.com,085267146283,Bandung,Jawa Barat,1978-03-02,Male,verified,2023-07-06,
NBC0413,Laras Salim,517194******,laras.salim664@yahoo.com,085256609314,Jakarta,DKI Jakarta,1980-08-03,Female,pending,2024-12-24,REF-9984
NBC0414,Umar Setiawan,357852******,umar.setiawan797@outlook.com,082340163611,Pekanbaru,Riau,1982-11-19,Male,pending,2024-12-14,
NBC0415,Haris Hartono,167154******,haris.hartono718@outlook.com,087491025625,Yogyakarta,DI Yogyakarta,2005-05-28,Male,verified,2024-12-24,REF-7597
NBC0416,Gilang Susanto,317197******,gilang.susanto526@yahoo.com,088226940539,Bandung,Jawa Barat,1993-10-05,Male,verified,2024-07-26,REF-6799
NBC0417,Intan Hakim,347164******,intan.hakim534@yahoo.com,083146511131,Jakarta,DKI Jakarta,1982-05-29,Female,verified,2022-04-28,REF-5683
NBC0418,Hesti Pratama,327596******,hesti.pratama521@yahoo.com,085788160930,Makassar,Sulawesi Selatan,1994-01-23,Female,unverified,2024-12-30,
NBC0419,Endra Budiman,517115******,endra.budiman622@hotmail.com,082832152850,Jakarta,DKI Jakarta,1993-12-17,Male,verified,2024-10-11,REF-7115
NBC0420,Wulan Wibowo,167125******,wulan.wibowo298@outlook.com,085443096348,Manado,Sulawesi Utara,1976-08-03,Female,verified,2024-08-06,
NBC0421,Citra Rahman,317188******,citra.rahman472@outlook.com,083510526501,Jakarta,DKI Jakarta,1994-04-29,Female,verified,2024-10-04,REF-9668
NBC0422,Hadi Yudha,327172******,hadi.yudha8@yahoo.com,088437654562,Surabaya,Jawa Timur,1999-01-23,Male,verified,2023-07-06,REF-8185
NBC0423,Erika Maulana,327355******,erika.maulana766@hotmail.com,081531340266,Surabaya,Jawa Timur,1989-11-09,Female,verified,2022-03-06,REF-4260
NBC0424,Tania Iskandar,327163******,tania.iskandar501@hotmail.com,088256862110,Surabaya,Jawa Timur,1980-08-28,Female,verified,2022-11-15,REF-1223
NBC0425,Putri Santoso,357864******,putri.santoso612@gmail.com,085744716392,Bogor,Jawa Barat,1997-12-07,Female,verified,2023-01-18,REF-2884
NBC0426,Vivi Wibowo,327535******,vivi.wibowo486@gmail.com,088892392312,Surabaya,Jawa Timur,1992-12-31,Female,verified,2022-03-20,REF-4148
NBC0427,Diah Saputra,517135******,diah.saputra94@gmail.com,085684335670,Padang,Sumatera Barat,1997-11-14,Female,pending,2024-05-24,REF-5985
NBC0428,Wahyu Iskandar,357863******,wahyu.iskandar253@outlook.com,081200053474,Jakarta,DKI Jakarta,2002-03-17,Male,verified,2022-07-26,REF-5133
NBC0429,Zahra Mahendra,347124******,zahra.mahendra100@gmail.com,088825559895,Bandung,Jawa Barat,1985-09-08,Female,pending,2023-07-20,REF-7292
NBC0430,Eko Nugroho,517125******,eko.nugroho43@yahoo.com,082711895473,Pontianak,Kalimantan Barat,1998-12-07,Male,verified,2022-11-11,REF-4140
NBC0431,Cahyo Susanto,167154******,cahyo.susanto917@outlook.com,085161768802,Jakarta,DKI Jakarta,2001-11-16,Male,verified,2023-07-16,REF-3112
NBC0432,Maulana Santoso,337460******,maulana.santoso507@gmail.com,082786866943,Jakarta,DKI Jakarta,1983-04-04,Male,pending,2022-01-08,REF-4568
NBC0433,Siti Cahyadi,127174******,siti.cahyadi725@outlook.com,083344812308,Surabaya,Jawa Timur,1985-09-07,Female,pending,2023-08-21,REF-3427
NBC0434,Sari Nugroho,347116******,sari.nugroho658@yahoo.com,082810595518,Surabaya,Jawa Timur,1986-11-05,Female,verified,2022-10-01,REF-5831
NBC0435,Andi Pratama,357838******,andi.pratama749@outlook.com,082408916498,Bandung,Jawa Barat,1984-03-31,Male,verified,2024-06-24,REF-5403
NBC0436,Satria Wardana,327367******,satria.wardana238@hotmail.com,083271727223,Medan,Sumatera Utara,2000-07-21,Male,pending,2024-10-01,
NBC0437,Rio Saputra,347130******,rio.saputra907@yahoo.com,085931216376,Semarang,Jawa Tengah,1979-07-01,Male,pending,2024-12-14,REF-1193
NBC0438,Anita Tanjung,317124******,anita.tanjung847@gmail.com,088023142900,Medan,Sumatera Utara,1979-10-09,Female,rejected,2025-01-15,
NBC0439,Cahyo Setiawan,337427******,cahyo.setiawan492@hotmail.com,082457230848,Bali,Bali,1980-07-09,Male,verified,2022-02-13,
NBC0440,Rio Hartono,167163******,rio.hartono146@gmail.com,082036625436,Semarang,Jawa Tengah,2005-10-21,Male,verified,2022-08-19,REF-2804
NBC0441,Rio Rahman,327188******,rio.rahman342@gmail.com,083109226859,Jakarta,DKI Jakarta,1983-02-19,Male,verified,2024-05-20,REF-5940
NBC0442,Tika Rahman,327144******,tika.rahman939@hotmail.com,088541022526,Semarang,Jawa Tengah,1995-01-14,Female,verified,2024-09-06,
NBC0443,Bagas Iskandar,327321******,bagas.iskandar331@yahoo.com,082655767695,Surabaya,Jawa Timur,1981-03-14,Male,verified,2023-05-19,REF-9144
NBC0444,Haris Aditya,167139******,haris.aditya394@gmail.com,087689313503,Jakarta,DKI Jakarta,1975-10-09,Male,verified,2024-01-13,REF-3188
NBC0445,Citra Rahman,357827******,citra.rahman302@hotmail.com,082863330212,Bandung,Jawa Barat,1991-12-07,Female,verified,2022-02-23,REF-7958
NBC0446,Bambang Hartono,517119******,bambang.hartono489@yahoo.com,081252131096,Jakarta,DKI Jakarta,1981-09-18,Male,verified,2023-01-09,REF-3295
NBC0447,Vivi Firmansyah,127162******,vivi.firmansyah740@outlook.com,085041200928,Semarang,Jawa Tengah,1982-03-12,Female,verified,2022-01-23,REF-7940
NBC0448,Farah Susanto,517174******,farah.susanto314@yahoo.com,085241862369,Pontianak,Kalimantan Barat,1977-07-06,Female,verified,2023-03-25,REF-2264
NBC0449,Farah Effendi,357893******,farah.effendi658@hotmail.com,085205634111,Tangerang,Banten,1991-04-09,Female,verified,2023-11-19,REF-5623
NBC0450,Eko Kusuma,337486******,eko.kusuma12@outlook.com,082830341990,Surabaya,Jawa Timur,2000-04-15,Male,verified,2024-09-17,REF-6154
NBC0451,Surya Pratama,357846******,surya.pratama982@hotmail.com,087356521568,Semarang,Jawa Tengah,1979-07-13,Male,pending,2024-10-25,
NBC0452,Naufal Tanjung,127185******,naufal.tanjung890@gmail.com,083227113322,Jakarta,DKI Jakarta,1997-07-02,Male,verified,2024-11-23,
NBC0453,Jessica Mahendra,127126******,jessica.mahendra348@outlook.com,083960633991,Medan,Sumatera Utara,1981-11-01,Female,verified,2024-10-15,REF-1244
NBC0454,Surya Setiawan,127122******,surya.setiawan466@outlook.com,082421495511,Jakarta,DKI Jakarta,1983-01-14,Male,unverified,2024-08-01,REF-8753
NBC0455,Aisyah Halim,327325******,aisyah.halim996@hotmail.com,081546692758,Jakarta,DKI Jakarta,2003-01-07,Female,unverified,2023-10-05,REF-7769
NBC0456,Oka Wijaya,517192******,oka.wijaya59@yahoo.com,088802146296,Balikpapan,Kalimantan Timur,1978-04-10,Male,verified,2023-04-02,REF-8573
NBC0457,Yuni Gunawan,127192******,yuni.gunawan548@hotmail.com,081121663651,Medan,Sumatera Utara,1989-03-26,Female,pending,2023-12-03,
NBC0458,Bambang Effendi,327145******,bambang.effendi466@gmail.com,087272359096,Jakarta,DKI Jakarta,1977-10-19,Male,verified,2024-01-11,
NBC0459,Maya Santoso,337412******,maya.santoso976@hotmail.com,083421214614,Malang,Jawa Timur,1995-04-02,Female,rejected,2024-05-09,REF-5250
NBC0460,Andi Setiawan,327553******,andi.setiawan987@outlook.com,082356778265,Surabaya,Jawa Timur,2000-08-01,Male,pending,2024-03-07,
NBC0461,Olivia Suryadi,327195******,olivia.suryadi593@yahoo.com,083502727516,Bandung,Jawa Barat,1986-10-15,Female,unverified,2024-12-02,
NBC0462,Hani Halim,517122******,hani.halim38@yahoo.com,088368296353,Jakarta,DKI Jakarta,1983-07-29,Female,verified,2022-01-30,REF-6960
NBC0463,Surya Cahyadi,327199******,surya.cahyadi512@hotmail.com,085655868512,Bandung,Jawa Barat,1995-08-01,Male,verified,2024-05-27,REF-3664
NBC0464,Yusuf Hakim,327591******,yusuf.hakim291@gmail.com,081110961798,Palembang,Sumatera Selatan,1979-06-22,Male,verified,2024-06-28,REF-1534
NBC0465,Cindy Anwar,337468******,cindy.anwar565@hotmail.com,081371576605,Makassar,Sulawesi Selatan,1985-01-16,Female,verified,2024-11-05,REF-5333
NBC0466,Reza Wibowo,317163******,reza.wibowo34@gmail.com,081258955296,Medan,Sumatera Utara,1985-11-06,Male,verified,2024-03-12,REF-7444
NBC0467,Mira Zulkarnain,327391******,mira.zulkarnain400@yahoo.com,085582631281,Medan,Sumatera Utara,2003-04-29,Female,pending,2024-03-13,
NBC0468,Rina Maulana,357836******,rina.maulana96@gmail.com,081609209819,Jakarta,DKI Jakarta,1992-02-26,Female,verified,2022-02-21,
NBC0469,Faisal Rahman,327340******,faisal.rahman669@yahoo.com,083383640412,Jakarta,DKI Jakarta,2003-02-22,Male,verified,2022-02-17,REF-2694
NBC0470,Pandu Sugiarto,327128******,pandu.sugiarto290@outlook.com,082117536170,Surabaya,Jawa Timur,1993-07-23,Male,verified,2022-05-31,REF-2250
NBC0471,Reza Tanjung,357891******,reza.tanjung931@hotmail.com,082240299015,Semarang,Jawa Tengah,1990-07-22,Male,verified,2024-09-18,
NBC0472,Siti Maulana,167142******,siti.maulana949@gmail.com,082908088235,Jakarta,DKI Jakarta,1980-02-24,Female,verified,2023-03-21,REF-3270
NBC0473,Dwi Nugroho,347145******,dwi.nugroho494@yahoo.com,081584776863,Jakarta,DKI Jakarta,1986-03-21,Male,verified,2022-12-21,REF-5605
NBC0474,Fitri Firmansyah,327336******,fitri.firmansyah977@hotmail.com,085769459196,Jakarta,DKI Jakarta,1994-04-04,Female,pending,2023-02-14,REF-7126
NBC0475,Dewi Halim,327314******,dewi.halim982@outlook.com,087649856012,Jakarta,DKI Jakarta,1989-06-22,Female,verified,2024-05-29,
NBC0476,Bayu Anwar,357857******,bayu.anwar149@outlook.com,081050537953,Bandung,Jawa Barat,2000-03-11,Male,unverified,2022-05-16,REF-4476
NBC0477,Eko Iskandar,517195******,eko.iskandar77@hotmail.com,088655330770,Bali,Bali,1987-04-24,Male,verified,2024-05-12,REF-8418
NBC0478,Taufik Tanjung,337483******,taufik.tanjung22@outlook.com,081907426088,Makassar,Sulawesi Selatan,1976-10-02,Male,verified,2023-11-22,REF-2137
NBC0479,Reza Firmansyah,347150******,reza.firmansyah772@outlook.com,085185790647,Jakarta,DKI Jakarta,1997-02-16,Male,verified,2022-09-06,
NBC0480,Fitri Saputra,337416******,fitri.saputra846@gmail.com,082156321358,Bali,Bali,1975-03-22,Female,verified,2022-04-18,REF-1705
NBC0481,Surya Kusuma,347152******,surya.kusuma705@hotmail.com,083229712529,Bandung,Jawa Barat,1993-07-16,Male,verified,2024-07-04,REF-9548
NBC0482,Maulana Effendi,127145******,maulana.effendi330@hotmail.com,082144158331,Manado,Sulawesi Utara,1978-05-16,Male,verified,2024-10-09,REF-1215
NBC0483,Farah Tanjung,337472******,farah.tanjung108@outlook.com,082988547281,Jakarta,DKI Jakarta,1980-10-31,Female,verified,2023-03-25,
NBC0484,Dedi Cahyadi,337461******,dedi.cahyadi193@gmail.com,083624912711,Bandung,Jawa Barat,1985-10-16,Male,verified,2022-02-03,
NBC0485,Ahmad Effendi,167167******,ahmad.effendi361@outlook.com,081815632686,Bandung,Jawa Barat,1997-10-13,Male,verified,2023-11-15,REF-5466
NBC0486,Andi Tanjung,327534******,andi.tanjung302@yahoo.com,085294897861,Jakarta,DKI Jakarta,2005-07-22,Male,verified,2022-04-13,REF-2819
NBC0487,Andi Wijaya,517144******,andi.wijaya245@gmail.com,087143966613,Bandung,Jawa Barat,1987-01-13,Male,pending,2024-10-11,REF-4335
NBC0488,Rio Hakim,317122******,rio.hakim190@hotmail.com,088432512257,Pontianak,Kalimantan Barat,1981-05-12,Male,verified,2022-01-27,REF-8011
NBC0489,Joko Susanto,327131******,joko.susanto696@gmail.com,087579073710,Jakarta,DKI Jakarta,1975-10-12,Male,verified,2023-08-19,
NBC0490,Iwan Hidayat,327122******,iwan.hidayat312@outlook.com,085758474570,Bandung,Jawa Barat,1990-10-26,Male,verified,2023-09-09,
NBC0491,Bilqis Effendi,327144******,bilqis.effendi703@gmail.com,082632570396,Jakarta,DKI Jakarta,1991-02-14,Female,verified,2023-02-27,
NBC0492,Yusuf Hartono,347190******,yusuf.hartono696@hotmail.com,087245569644,Surabaya,Jawa Timur,1983-07-20,Male,verified,2022-03-26,REF-6624
NBC0493,Gita Zulkarnain,127182******,gita.zulkarnain992@outlook.com,083107272849,Balikpapan,Kalimantan Timur,2000-01-14,Female,verified,2022-11-30,REF-5722
NBC0494,Rio Pratama,127115******,rio.pratama223@outlook.com,087107406500,Semarang,Jawa Tengah,1986-04-12,Male,verified,2022-10-10,REF-5641
NBC0495,Intan Hidayat,327144******,intan.hidayat147@yahoo.com,085914307536,Bandung,Jawa Barat,1993-12-15,Female,verified,2024-03-28,
NBC0496,Oka Firmansyah,517149******,oka.firmansyah178@hotmail.com,088592342683,Jakarta,DKI Jakarta,1988-07-03,Male,verified,2023-09-17,REF-8555
NBC0497,Yusuf Zulkarnain,327127******,yusuf.zulkarnain540@hotmail.com,088585756766,Yogyakarta,DI Yogyakarta,1995-09-10,Male,unverified,2022-02-26,
NBC0498,Hendra Yudha,327127******,hendra.yudha630@outlook.com,082985298940,Semarang,Jawa Tengah,1992-08-12,Male,verified,2022-09-15,REF-1097
NBC0499,Galih Budiman,127116******,galih.budiman87@gmail.com,083159149750,Jakarta,DKI Jakarta,1980-06-12,Male,unverified,2024-11-12,
NBC0500,Luki Budiman,327381******,luki.budiman759@hotmail.com,082324407931,Bogor,Jawa Barat,1978-01-05,Male,rejected,2022-01-01,REF-2983
NBC0501,Nanda Anwar,327170******,nanda.anwar26@hotmail.com,085014672384,Surabaya,Jawa Timur,2002-06-27,Male,verified,2024-06-18,
NBC0502,Diah Hidayat,317133******,diah.hidayat146@yahoo.com,082883774419,Medan,Sumatera Utara,1997-02-10,Female,verified,2024-01-23,REF-7409
NBC0503,Eko Gunawan,327564******,eko.gunawan152@gmail.com,083719609409,Jakarta,DKI Jakarta,1994-12-09,Male,pending,2022-03-29,
NBC0504,Gilang Gunawan,127145******,gilang.gunawan10@yahoo.com,083883586812,Surabaya,Jawa Timur,2004-06-03,Male,verified,2022-11-07,REF-6558
NBC0505,Gilang Iskandar,347160******,gilang.iskandar70@hotmail.com,085792988425,Bandung,Jawa Barat,2001-05-31,Male,unverified,2023-12-14,REF-7615
NBC0506,Ahmad Maulana,337422******,ahmad.maulana682@gmail.com,085753312661,Bandung,Jawa Barat,1977-10-11,Male,verified,2023-05-28,REF-2194
NBC0507,Wahyu Saputra,327351******,wahyu.saputra111@hotmail.com,085298334774,Bandung,Jawa Barat,1985-02-11,Male,pending,2023-02-17,
NBC0508,Jaka Suryadi,327184******,jaka.suryadi25@gmail.com,082020569815,Jakarta,DKI Jakarta,1983-04-25,Male,rejected,2024-12-17,REF-4399
NBC0509,Gracia Cahyadi,357855******,gracia.cahyadi634@yahoo.com,081766191284,Surabaya,Jawa Timur,1979-07-12,Female,verified,2022-08-30,REF-1843
NBC0510,Wulan Saputra,337447******,wulan.saputra945@outlook.com,085512418938,Bandung,Jawa Barat,2002-06-02,Female,verified,2024-10-21,REF-1928
NBC0511,Fajar Effendi,347193******,fajar.effendi31@gmail.com,083643502385,Surabaya,Jawa Timur,2004-10-03,Male,verified,2022-05-08,REF-2194
NBC0512,Mira Wijaya,357819******,mira.wijaya973@hotmail.com,087918724010,Bandung,Jawa Barat,1997-04-11,Female,verified,2024-11-05,REF-6738
NBC0513,Surya Lestari,317117******,surya.lestari27@yahoo.com,087960870662,Medan,Sumatera Utara,1994-04-11,Male,pending,2024-05-24,REF-2893
NBC0514,Rangga Salim,357834******,rangga.salim352@hotmail.com,081331903689,Jakarta,DKI Jakarta,1977-01-20,Male,verified,2022-01-31,
NBC0515,Andi Kusuma,317126******,andi.kusuma450@yahoo.com,083055934296,Surabaya,Jawa Timur,1996-06-22,Male,verified,2022-09-08,REF-2251
NBC0516,Kevin Anwar,127155******,kevin.anwar920@yahoo.com,085458438458,Jakarta,DKI Jakarta,1997-08-01,Male,pending,2022-08-02,REF-7731
NBC0517,Prita Darmawan,347120******,prita.darmawan209@yahoo.com,087348315203,Semarang,Jawa Tengah,1994-10-01,Female,verified,2024-07-18,
NBC0518,Rizki Iskandar,347185******,rizki.iskandar394@outlook.com,081049670667,Bali,Bali,1976-12-28,Male,verified,2023-04-05,REF-4021
NBC0519,Kirana Santoso,347114******,kirana.santoso555@outlook.com,081954930596,Surabaya,Jawa Timur,1994-03-06,Female,verified,2022-04-27,
NBC0520,Yanti Hakim,167169******,yanti.hakim435@outlook.com,082673204413,Jakarta,DKI Jakarta,1999-05-08,Female,verified,2023-08-29,REF-7465
NBC0521,Putra Salim,347194******,putra.salim257@gmail.com,081495427707,Jakarta,DKI Jakarta,1975-05-26,Male,verified,2024-08-13,REF-6877
NBC0522,Lukman Anwar,327517******,lukman.anwar594@gmail.com,083985172444,Surabaya,Jawa Timur,1997-03-14,Male,verified,2022-09-18,REF-3858
NBC0523,Rangga Santoso,337424******,rangga.santoso671@gmail.com,082879508304,Medan,Sumatera Utara,1986-07-19,Male,verified,2022-02-03,REF-6789
NBC0524,Rizki Wibowo,357823******,rizki.wibowo80@hotmail.com,081813359561,Jakarta,DKI Jakarta,2003-10-17,Male,rejected,2024-05-23,
NBC0525,Taufik Salim,357862******,taufik.salim919@outlook.com,085490250429,Medan,Sumatera Utara,1976-02-23,Male,verified,2022-08-06,REF-6129
NBC0526,Hendra Cahyadi,517154******,hendra.cahyadi963@yahoo.com,085902611398,Jakarta,DKI Jakarta,2000-10-07,Male,verified,2025-01-27,
NBC0527,Fajar Budiman,317187******,fajar.budiman484@hotmail.com,083439435353,Semarang,Jawa Tengah,1995-06-13,Male,verified,2023-10-07,
NBC0528,Nanda Halim,327556******,nanda.halim82@outlook.com,087815793763,Surabaya,Jawa Timur,2000-07-16,Male,verified,2022-09-14,
NBC0529,Reza Nugroho,517143******,reza.nugroho815@outlook.com,083511668297,Bandung,Jawa Barat,2003-05-19,Male,unverified,2023-02-10,
NBC0530,Siti Maulana,327163******,siti.maulana270@hotmail.com,088120602128,Jakarta,DKI Jakarta,1998-09-29,Female,pending,2024-03-05,
NBC0531,Zaki Wibowo,347125******,zaki.wibowo345@outlook.com,087991015767,Surabaya,Jawa Timur,1994-07-18,Male,rejected,2023-08-16,
NBC0532,Yanti Permana,517175******,yanti.permana86@yahoo.com,081995765728,Surabaya,Jawa Timur,2001-05-19,Female,rejected,2023-07-27,
NBC0533,Surya Darmawan,357816******,surya.darmawan578@hotmail.com,083565220368,Medan,Sumatera Utara,1987-06-25,Male,unverified,2023-10-06,REF-5666
NBC0534,Rio Iskandar,127166******,rio.iskandar230@yahoo.com,083491342138,Depok,Jawa Barat,1997-10-26,Male,verified,2022-12-12,REF-1651
NBC0535,Kirana Aditya,337410******,kirana.aditya501@gmail.com,083349678274,Medan,Sumatera Utara,1979-12-01,Female,verified,2022-09-03,REF-8082
NBC0536,Dimas Nugroho,347195******,dimas.nugroho120@outlook.com,081315285478,Jakarta,DKI Jakarta,2005-02-23,Male,pending,2022-06-01,
NBC0537,Rizki Zulkarnain,327176******,rizki.zulkarnain326@yahoo.com,087003296334,Semarang,Jawa Tengah,1996-02-02,Male,verified,2022-11-07,REF-4065
NBC0538,Tika Nugroho,337491******,tika.nugroho897@gmail.com,087306178932,Jakarta,DKI Jakarta,1976-09-27,Female,verified,2024-05-06,REF-7230
NBC0539,Putri Rahman,127177******,putri.rahman673@yahoo.com,083347769587,Banjarmasin,Kalimantan Selatan,1988-04-02,Female,pending,2022-07-17,REF-5706
NBC0540,Dedi Ramadhan,337494******,dedi.ramadhan436@gmail.com,082751562779,Malang,Jawa Timur,1993-06-25,Male,verified,2023-04-26,REF-5389
NBC0541,Reza Santoso,167151******,reza.santoso268@outlook.com,085676640473,Bandung,Jawa Barat,1990-03-30,Male,verified,2022-04-04,REF-7714
NBC0542,Iwan Aditya,337490******,iwan.aditya113@outlook.com,082980061558,Bali,Bali,1977-11-05,Male,verified,2022-04-11,REF-6932
NBC0543,Iwan Aditya,327539******,iwan.aditya298@yahoo.com,083563830008,Yogyakarta,DI Yogyakarta,1979-08-07,Male,pending,2024-10-24,REF-8944
NBC0544,Rio Firmansyah,317139******,rio.firmansyah647@yahoo.com,081416624111,Bandung,Jawa Barat,1997-08-18,Male,pending,2024-04-30,REF-9875
NBC0545,Indah Hartono,517160******,indah.hartono199@outlook.com,083680447314,Surabaya,Jawa Timur,2004-06-05,Female,pending,2024-08-23,REF-8037
NBC0546,Reza Iskandar,127146******,reza.iskandar930@yahoo.com,085076581739,Jakarta,DKI Jakarta,1976-02-12,Male,unverified,2024-03-24,
NBC0547,Ganesha Hartono,347152******,ganesha.hartono148@gmail.com,081823793126,Jakarta,DKI Jakarta,2002-08-27,Male,verified,2024-08-27,REF-4808
NBC0548,Haris Susanto,327549******,haris.susanto759@outlook.com,082059960438,Jakarta,DKI Jakarta,1996-12-03,Male,pending,2025-01-22,REF-4862
NBC0549,Cahyo Effendi,167181******,cahyo.effendi880@gmail.com,081616202812,Yogyakarta,DI Yogyakarta,1983-11-08,Male,verified,2024-06-15,
NBC0550,Bagas Darmawan,327390******,bagas.darmawan823@hotmail.com,082866041644,Semarang,Jawa Tengah,1998-06-09,Male,pending,2023-10-23,REF-7088
NBC0551,Jihan Hidayat,347176******,jihan.hidayat702@yahoo.com,087589477352,Medan,Sumatera Utara,1982-05-14,Female,verified,2024-12-09,
NBC0552,Taufik Yudha,327329******,taufik.yudha482@gmail.com,081433187510,Depok,Jawa Barat,2003-01-13,Male,verified,2024-08-17,REF-2093
NBC0553,Lukman Lestari,357890******,lukman.lestari15@yahoo.com,083469459648,Medan,Sumatera Utara,1999-04-09,Male,verified,2023-02-19,REF-3497
NBC0554,Luki Iskandar,327343******,luki.iskandar578@gmail.com,082896599949,Surabaya,Jawa Timur,2004-12-26,Male,unverified,2024-08-27,REF-1043
NBC0555,Maya Setiawan,517128******,maya.setiawan147@yahoo.com,085051028767,Bandung,Jawa Barat,1989-09-03,Female,unverified,2023-09-12,REF-2921
NBC0556,Zaki Tanjung,327570******,zaki.tanjung364@outlook.com,087581932426,Medan,Sumatera Utara,2000-02-22,Male,verified,2024-06-23,REF-5104
NBC0557,Lia Zulkarnain,357832******,lia.zulkarnain26@outlook.com,085563983652,Semarang,Jawa Tengah,1975-06-24,Female,verified,2023-02-06,REF-9618
NBC0558,Naufal Firmansyah,357822******,naufal.firmansyah933@outlook.com,083809404760,Jakarta,DKI Jakarta,1986-05-08,Male,unverified,2023-07-16,REF-1498
NBC0559,Gracia Gunawan,127132******,gracia.gunawan485@gmail.com,081509222161,Bandung,Jawa Barat,1977-07-07,Female,verified,2024-06-27,REF-2021
NBC0560,Kevin Iskandar,337493******,kevin.iskandar629@gmail.com,083529580660,Depok,Jawa Barat,1977-11-30,Male,verified,2023-01-31,
NBC0561,Dwi Iskandar,327132******,dwi.iskandar455@gmail.com,083938620448,Bandung,Jawa Barat,1990-09-24,Male,verified,2022-08-30,REF-2410
NBC0562,Farah Setiawan,327121******,farah.setiawan187@gmail.com,082590203571,Bandung,Jawa Barat,1986-01-25,Female,verified,2023-09-23,
NBC0563,Laras Nugroho,347116******,laras.nugroho389@outlook.com,082429563343,Jakarta,DKI Jakarta,1982-12-11,Female,verified,2023-08-28,REF-8202
NBC0564,Haris Rahman,517156******,haris.rahman358@hotmail.com,088209628936,Yogyakarta,DI Yogyakarta,1990-07-24,Male,unverified,2023-08-15,REF-9253
NBC0565,Zulfa Iskandar,327175******,zulfa.iskandar792@yahoo.com,083374018272,Surabaya,Jawa Timur,1995-12-17,Female,verified,2023-10-24,REF-7191
NBC0566,Bunga Ramadhan,327190******,bunga.ramadhan368@gmail.com,082675512542,Yogyakarta,DI Yogyakarta,1995-12-10,Female,verified,2025-01-24,REF-1356
NBC0567,Rangga Gunawan,517183******,rangga.gunawan712@hotmail.com,088673459576,Medan,Sumatera Utara,1988-06-19,Male,verified,2022-03-24,
NBC0568,Aisyah Cahyadi,327163******,aisyah.cahyadi437@outlook.com,087690282498,Medan,Sumatera Utara,1983-11-26,Female,rejected,2022-10-13,REF-6458
NBC0569,Citra Setiawan,347128******,citra.setiawan821@outlook.com,085627023244,Bandung,Jawa Barat,1978-08-09,Female,pending,2023-01-14,REF-4331
NBC0570,Dwi Wibowo,327397******,dwi.wibowo569@outlook.com,081725178637,Yogyakarta,DI Yogyakarta,2004-12-25,Male,verified,2024-02-10,
NBC0571,Aisyah Hartono,327526******,aisyah.hartono326@yahoo.com,085546968157,Bandung,Jawa Barat,2005-01-18,Female,verified,2022-02-25,REF-3918
NBC0572,Zahra Salim,357874******,zahra.salim843@gmail.com,087961327303,Bandung,Jawa Barat,1988-07-17,Female,verified,2024-06-10,REF-7292
NBC0573,Diah Hidayat,347149******,diah.hidayat397@hotmail.com,081462268171,Bandung,Jawa Barat,1990-07-14,Female,verified,2022-07-27,REF-7626
NBC0574,Siti Maulana,357826******,siti.maulana589@hotmail.com,088707660464,Manado,Sulawesi Utara,2003-06-12,Female,pending,2022-08-26,REF-8377
NBC0575,Hendra Effendi,357878******,hendra.effendi996@outlook.com,081268612059,Medan,Sumatera Utara,1986-07-26,Male,verified,2023-02-09,REF-8454
NBC0576,Faisal Hakim,317125******,faisal.hakim889@hotmail.com,085509546540,Jakarta,DKI Jakarta,1999-05-07,Male,verified,2023-07-02,REF-6847
NBC0577,Dedi Ramadhan,347191******,dedi.ramadhan37@gmail.com,083086321812,Bali,Bali,1981-06-27,Male,verified,2024-10-07,REF-5500
NBC0578,Faisal Wibowo,167182******,faisal.wibowo470@gmail.com,081550291681,Balikpapan,Kalimantan Timur,1990-02-25,Male,verified,2023-09-11,REF-1366
NBC0579,Endra Susanto,327165******,endra.susanto989@gmail.com,082944988305,Tangerang,Banten,2000-09-19,Male,verified,2024-08-26,REF-8158
NBC0580,Bambang Permana,347174******,bambang.permana688@gmail.com,087624406306,Yogyakarta,DI Yogyakarta,2004-06-24,Male,verified,2022-09-23,REF-8576
NBC0581,Ratna Ramadhan,327138******,ratna.ramadhan231@gmail.com,088531949796,Bandung,Jawa Barat,2003-06-23,Female,pending,2023-11-05,REF-8792
NBC0582,Siti Mahendra,357850******,siti.mahendra355@hotmail.com,082773826460,Jakarta,DKI Jakarta,2004-08-20,Female,verified,2022-06-10,REF-6657
NBC0583,Endra Budiman,357848******,endra.budiman299@outlook.com,085702992959,Surabaya,Jawa Timur,1994-05-11,Male,verified,2024-04-30,
NBC0584,Rio Darmawan,337458******,rio.darmawan944@yahoo.com,085911633194,Surabaya,Jawa Timur,1983-01-05,Male,pending,2022-11-22,
NBC0585,Bella Yudha,357837******,bella.yudha429@outlook.com,083515888636,Jakarta,DKI Jakarta,1997-03-13,Female,verified,2024-08-08,REF-8363
NBC0586,Joko Wardana,347110******,joko.wardana546@outlook.com,085216966630,Bali,Bali,2002-10-05,Male,verified,2023-04-05,REF-9247
NBC0587,Olivia Yudha,317151******,olivia.yudha625@yahoo.com,082971509688,Bali,Bali,1983-08-29,Female,verified,2022-11-27,REF-4920
NBC0588,Cahyo Suryadi,357826******,cahyo.suryadi301@gmail.com,081397739732,Jakarta,DKI Jakarta,1995-09-12,Male,pending,2024-10-21,REF-6427
NBC0589,Jihan Wibowo,127118******,jihan.wibowo8@gmail.com,088687616481,Depok,Jawa Barat,2002-03-24,Female,verified,2024-12-29,
NBC0590,Dwi Santoso,347160******,dwi.santoso849@gmail.com,083687611249,Banjarmasin,Kalimantan Selatan,1980-01-06,Male,pending,2022-12-13,REF-6567
NBC0591,Nanda Effendi,337443******,nanda.effendi100@outlook.com,088177345475,Padang,Sumatera Barat,1995-03-15,Male,pending,2023-06-13,REF-1585
NBC0592,Indah Budiman,347113******,indah.budiman227@outlook.com,087544294774,Surabaya,Jawa Timur,1981-12-05,Female,rejected,2022-09-21,REF-5789
NBC0593,Rina Lestari,317137******,rina.lestari598@outlook.com,082904588679,Surabaya,Jawa Timur,1982-08-23,Female,verified,2023-12-06,REF-9209
NBC0594,Wahyu Tanjung,127192******,wahyu.tanjung174@hotmail.com,082760153433,Bali,Bali,1981-09-25,Male,pending,2023-07-24,REF-2959
NBC0595,Yuni Darmawan,127182******,yuni.darmawan935@gmail.com,088833506158,Bandung,Jawa Barat,1978-01-05,Female,verified,2023-07-10,REF-9761
NBC0596,Kirana Setiawan,317167******,kirana.setiawan581@yahoo.com,082423372094,Surabaya,Jawa Timur,1999-10-05,Female,verified,2023-07-23,REF-4113
NBC0597,Dewi Nugroho,167148******,dewi.nugroho63@yahoo.com,082399771805,Yogyakarta,DI Yogyakarta,2003-06-08,Female,rejected,2022-05-30,REF-2907
NBC0598,Ganesha Suryadi,327179******,ganesha.suryadi604@yahoo.com,087749096173,Semarang,Jawa Tengah,2001-06-02,Male,unverified,2024-07-23,
NBC0599,Reza Iskandar,127190******,reza.iskandar181@outlook.com,087784448354,Medan,Sumatera Utara,2005-05-28,Male,unverified,2024-10-27,REF-8209
NBC0600,Galih Permana,127110******,galih.permana327@hotmail.com,085221641758,Semarang,Jawa Tengah,1983-03-12,Male,pending,2023-02-01,
NBC0601,Maya Firmansyah,167149******,maya.firmansyah328@hotmail.com,081493925236,Pekanbaru,Riau,1982-09-15,Female,verified,2022-11-20,REF-3574
NBC0602,Jaka Effendi,517163******,jaka.effendi799@outlook.com,082474524555,Depok,Jawa Barat,1995-03-05,Male,verified,2023-09-23,REF-7447
NBC0603,Siti Wardana,317162******,siti.wardana363@yahoo.com,085403344505,Medan,Sumatera Utara,1994-03-06,Female,pending,2024-02-23,REF-4267
NBC0604,Prita Cahyadi,127145******,prita.cahyadi110@gmail.com,082257970673,Jakarta,DKI Jakarta,1987-07-26,Female,verified,2024-02-08,REF-1919
NBC0605,Sari Aditya,357866******,sari.aditya946@outlook.com,081721562294,Bandung,Jawa Barat,2000-10-01,Female,verified,2023-02-14,REF-8180
NBC0606,Maulana Aditya,347181******,maulana.aditya544@outlook.com,088021557325,Yogyakarta,DI Yogyakarta,1996-01-04,Male,verified,2023-04-12,REF-6456
NBC0607,Cahyo Susanto,347187******,cahyo.susanto766@gmail.com,082166670808,Bandung,Jawa Barat,1991-10-03,Male,verified,2022-02-03,REF-1525
NBC0608,Vina Aditya,127146******,vina.aditya589@outlook.com,088119181828,Surabaya,Jawa Timur,1978-12-08,Female,verified,2024-08-17,REF-4127
NBC0609,Bilqis Zulkarnain,347169******,bilqis.zulkarnain463@yahoo.com,088512957860,Bandung,Jawa Barat,1993-01-03,Female,verified,2023-08-25,REF-7388
NBC0610,Made Ramadhan,327529******,made.ramadhan266@yahoo.com,087587395923,Semarang,Jawa Tengah,1981-08-26,Male,verified,2023-02-27,REF-2653
NBC0611,Pandu Wijaya,327379******,pandu.wijaya357@gmail.com,083533342643,Jakarta,DKI Jakarta,1984-09-29,Male,verified,2023-12-29,REF-8203
NBC0612,Yusuf Saputra,127136******,yusuf.saputra390@gmail.com,085763369112,Yogyakarta,DI Yogyakarta,1997-09-23,Male,unverified,2024-11-23,REF-4434
NBC0613,Haris Rahman,357863******,haris.rahman196@yahoo.com,081857481700,Bandung,Jawa Barat,1992-01-18,Male,pending,2024-05-10,REF-2639
NBC0614,Surya Kusuma,327593******,surya.kusuma308@yahoo.com,088167045023,Banjarmasin,Kalimantan Selatan,1982-12-15,Male,verified,2022-01-19,REF-3551
NBC0615,Ganesha Wijaya,317186******,ganesha.wijaya822@yahoo.com,088459626228,Jakarta,DKI Jakarta,1981-10-16,Male,verified,2023-01-07,REF-2792
NBC0616,Ayu Darmawan,337449******,ayu.darmawan414@outlook.com,083950050702,Jakarta,DKI Jakarta,1993-04-15,Female,verified,2022-04-06,REF-9604
NBC0617,Eko Pratama,357838******,eko.pratama95@hotmail.com,081177687290,Jakarta,DKI Jakarta,1988-12-20,Male,verified,2024-09-02,REF-5208
NBC0618,Yoga Aditya,357888******,yoga.aditya685@gmail.com,085793238223,Jakarta,DKI Jakarta,2004-07-27,Male,verified,2022-06-18,
NBC0619,Tika Hartono,337438******,tika.hartono257@yahoo.com,088457988942,Bandung,Jawa Barat,1989-09-17,Female,verified,2024-05-14,REF-3379
NBC0620,Bunga Tanjung,317135******,bunga.tanjung187@gmail.com,082032650977,Bandung,Jawa Barat,1990-06-05,Female,verified,2023-01-20,REF-7646
NBC0621,Luki Gunawan,517143******,luki.gunawan559@hotmail.com,081485524578,Surabaya,Jawa Timur,1995-06-21,Male,verified,2022-07-17,REF-6609
NBC0622,Rina Kusuma,357864******,rina.kusuma658@gmail.com,087213711842,Jakarta,DKI Jakarta,1990-08-05,Female,verified,2023-09-21,REF-2359
NBC0623,Intan Permana,327575******,intan.permana200@yahoo.com,088303589298,Jakarta,DKI Jakarta,1998-07-21,Female,verified,2022-04-07,
NBC0624,Made Budiman,327357******,made.budiman163@gmail.com,088293289634,Surabaya,Jawa Timur,1977-03-12,Male,unverified,2024-03-31,REF-9548
NBC0625,Gracia Gunawan,357827******,gracia.gunawan739@outlook.com,081148439910,Jakarta,DKI Jakarta,1993-05-29,Female,verified,2022-10-15,REF-3625
NBC0626,Putri Wardana,327392******,putri.wardana430@hotmail.com,087335134261,Bandung,Jawa Barat,2001-04-13,Female,unverified,2022-11-07,REF-3333
NBC0627,Aisyah Ramadhan,317191******,aisyah.ramadhan121@outlook.com,087197374189,Jakarta,DKI Jakarta,1995-05-20,Female,verified,2022-11-11,REF-6593
NBC0628,Bunga Tanjung,347124******,bunga.tanjung642@hotmail.com,085927438119,Malang,Jawa Timur,2001-11-14,Female,unverified,2024-01-13,REF-9102
NBC0629,Diah Yudha,317191******,diah.yudha108@outlook.com,088448564510,Malang,Jawa Timur,1979-07-15,Female,unverified,2024-09-21,REF-9109
NBC0630,Bagas Iskandar,327172******,bagas.iskandar575@hotmail.com,087860919191,Yogyakarta,DI Yogyakarta,1980-04-08,Male,verified,2023-05-04,REF-7911
NBC0631,Winda Wijaya,357892******,winda.wijaya808@hotmail.com,085980660392,Surabaya,Jawa Timur,1976-01-31,Female,verified,2023-11-05,REF-7752
NBC0632,Yanti Gunawan,347155******,yanti.gunawan839@outlook.com,083347057423,Bandung,Jawa Barat,2000-01-20,Female,verified,2025-01-25,REF-7575
NBC0633,Bilqis Permana,127121******,bilqis.permana342@outlook.com,087835411659,Jakarta,DKI Jakarta,1997-04-21,Female,verified,2023-01-17,
NBC0634,Cahyo Darmawan,357853******,cahyo.darmawan826@hotmail.com,083225013948,Jakarta,DKI Jakarta,2003-10-24,Male,verified,2023-08-30,
NBC0635,Zaki Kusuma,337421******,zaki.kusuma93@hotmail.com,083258562614,Surabaya,Jawa Timur,2002-07-08,Male,unverified,2022-06-18,REF-4683
NBC0636,Rizki Wibowo,167129******,rizki.wibowo684@outlook.com,081733337320,Jakarta,DKI Jakarta,1988-04-24,Male,pending,2023-05-15,
NBC0637,Gracia Halim,327581******,gracia.halim565@yahoo.com,085289696454,Jakarta,DKI Jakarta,1994-05-07,Female,verified,2024-01-29,REF-4845
NBC0638,Vino Kusuma,327351******,vino.kusuma881@yahoo.com,087921878519,Yogyakarta,DI Yogyakarta,1985-03-21,Male,verified,2023-12-15,
NBC0639,Lia Lestari,127144******,lia.lestari589@gmail.com,085977961208,Bali,Bali,1995-02-12,Female,verified,2022-04-28,
NBC0640,Cahyo Hidayat,327197******,cahyo.hidayat363@gmail.com,088494097626,Semarang,Jawa Tengah,1984-08-26,Male,pending,2024-07-14,REF-5991
NBC0641,Maulana Cahyadi,327528******,maulana.cahyadi785@outlook.com,081905911918,Yogyakarta,DI Yogyakarta,1993-07-23,Male,pending,2022-11-27,
NBC0642,Pandu Permana,327313******,pandu.permana665@hotmail.com,088151169666,Semarang,Jawa Tengah,1996-04-12,Male,verified,2022-10-11,
NBC0643,Surya Rahman,327365******,surya.rahman901@outlook.com,085124633515,Yogyakarta,DI Yogyakarta,1995-04-07,Male,verified,2022-07-12,REF-1334
NBC0644,Citra Santoso,357822******,citra.santoso173@gmail.com,087005640995,Jakarta,DKI Jakarta,1978-02-10,Female,verified,2022-12-20,REF-9162
NBC0645,Luki Rahman,327197******,luki.rahman935@yahoo.com,087592728270,Yogyakarta,DI Yogyakarta,2002-11-27,Male,unverified,2022-03-21,
NBC0646,Gita Firmansyah,347123******,gita.firmansyah358@yahoo.com,087821739295,Medan,Sumatera Utara,1995-05-25,Female,verified,2025-01-27,
NBC0647,Gita Kusuma,357841******,gita.kusuma375@yahoo.com,082736050791,Bandung,Jawa Barat,1998-04-27,Female,verified,2022-07-06,REF-6251
NBC0648,Mira Aditya,167160******,mira.aditya776@yahoo.com,083527346666,Bali,Bali,1978-09-11,Female,unverified,2024-10-01,REF-2709
NBC0649,Ganesha Tanjung,347173******,ganesha.tanjung806@outlook.com,088080314998,Bandung,Jawa Barat,1982-10-11,Male,verified,2023-10-05,
NBC0650,Andi Firmansyah,327534******,andi.firmansyah361@gmail.com,088688285031,Bandung,Jawa Barat,1995-07-06,Male,verified,2023-01-16,
NBC0651,Dewi Anwar,127136******,dewi.anwar585@gmail.com,081631403526,Jakarta,DKI Jakarta,1985-03-30,Female,verified,2024-02-01,
NBC0652,Hadi Hidayat,517141******,hadi.hidayat637@outlook.com,085943460666,Jakarta,DKI Jakarta,1987-06-23,Male,verified,2023-01-24,
NBC0653,Pandu Pratama,327515******,pandu.pratama713@hotmail.com,082311127128,Surabaya,Jawa Timur,1989-09-07,Male,verified,2022-12-09,
NBC0654,Arif Wardana,347178******,arif.wardana294@outlook.com,087411631873,Jakarta,DKI Jakarta,1980-09-13,Male,unverified,2024-11-27,
NBC0655,Eko Sugiarto,337414******,eko.sugiarto854@hotmail.com,082113695727,Surabaya,Jawa Timur,2001-10-12,Male,verified,2022-03-26,REF-9251
NBC0656,Laras Anwar,357815******,laras.anwar583@gmail.com,082542573066,Semarang,Jawa Tengah,1981-11-13,Female,verified,2023-08-21,REF-4690
NBC0657,Krisna Mahendra,127113******,krisna.mahendra893@hotmail.com,081398482285,Medan,Sumatera Utara,1977-07-18,Male,verified,2022-08-17,REF-7716
NBC0658,Ahmad Maulana,357857******,ahmad.maulana40@yahoo.com,081306090691,Jakarta,DKI Jakarta,1985-01-26,Male,verified,2022-03-14,REF-2211
NBC0659,Ganesha Tanjung,347197******,ganesha.tanjung631@hotmail.com,085379457727,Surabaya,Jawa Timur,1999-01-24,Male,verified,2024-01-08,REF-5699
NBC0660,Kartika Tanjung,347130******,kartika.tanjung377@gmail.com,085420768362,Jakarta,DKI Jakarta,2003-02-07,Female,verified,2023-12-24,REF-7648
NBC0661,Reza Gunawan,127166******,reza.gunawan976@hotmail.com,085555628333,Yogyakarta,DI Yogyakarta,1983-07-26,Male,verified,2023-02-03,
NBC0662,Prita Salim,127180******,prita.salim884@hotmail.com,083436271874,Depok,Jawa Barat,2002-12-21,Female,verified,2024-04-24,REF-4558
NBC0663,Iwan Tanjung,167165******,iwan.tanjung185@hotmail.com,081369249269,Depok,Jawa Barat,1983-11-15,Male,unverified,2022-11-05,REF-8677
NBC0664,Endra Nugroho,127150******,endra.nugroho626@gmail.com,088111000515,Semarang,Jawa Tengah,1991-01-01,Male,verified,2023-02-20,
NBC0665,Ulfa Kusuma,357889******,ulfa.kusuma932@outlook.com,087775244182,Surabaya,Jawa Timur,1981-10-26,Female,verified,2022-12-01,REF-9721
NBC0666,Cindy Maulana,167180******,cindy.maulana644@hotmail.com,088431271026,Surabaya,Jawa Timur,1996-03-17,Female,verified,2024-02-16,REF-1326
NBC0667,Zahra Halim,517183******,zahra.halim187@hotmail.com,081795515122,Surabaya,Jawa Timur,2002-12-29,Female,unverified,2023-09-07,REF-3449
NBC0668,Yoga Suryadi,357847******,yoga.suryadi729@gmail.com,083970996254,Bogor,Jawa Barat,1983-08-13,Male,verified,2024-11-17,REF-9526
NBC0669,Ayu Darmawan,357831******,ayu.darmawan54@yahoo.com,088447650471,Jakarta,DKI Jakarta,1989-12-07,Female,pending,2022-03-06,REF-1174
NBC0670,Ayu Firmansyah,327535******,ayu.firmansyah927@hotmail.com,085604655866,Medan,Sumatera Utara,1990-05-07,Female,verified,2022-09-29,
NBC0671,Lia Suryadi,127146******,lia.suryadi274@gmail.com,085158102131,Jakarta,DKI Jakarta,1982-12-11,Female,unverified,2024-02-04,REF-4882
NBC0672,Dewi Pratama,317153******,dewi.pratama892@gmail.com,082975191023,Bandung,Jawa Barat,1978-08-22,Female,verified,2023-01-16,REF-2500
NBC0673,Arif Lestari,337416******,arif.lestari735@gmail.com,085583737927,Manado,Sulawesi Utara,1987-12-03,Male,pending,2022-05-06,REF-9316
NBC0674,Joko Suryadi,347128******,joko.suryadi900@yahoo.com,088113253269,Jakarta,DKI Jakarta,1988-04-23,Male,verified,2024-04-24,REF-5676
NBC0675,Oka Rahman,337477******,oka.rahman8@outlook.com,083210175096,Jakarta,DKI Jakarta,1978-08-02,Male,verified,2024-07-02,REF-2445
NBC0676,Hendra Salim,517196******,hendra.salim983@gmail.com,087457575747,Bali,Bali,1989-01-22,Male,verified,2025-01-23,
NBC0677,Naufal Maulana,317198******,naufal.maulana362@hotmail.com,085756777226,Medan,Sumatera Utara,1993-10-27,Male,pending,2022-02-20,
NBC0678,Anita Hidayat,327556******,anita.hidayat15@hotmail.com,088229231067,Jakarta,DKI Jakarta,1981-09-21,Female,verified,2023-07-09,REF-1355
NBC0679,Iwan Firmansyah,167145******,iwan.firmansyah234@yahoo.com,085976627051,Jakarta,DKI Jakarta,1978-01-01,Male,verified,2023-10-25,
NBC0680,Indah Wibowo,167173******,indah.wibowo823@yahoo.com,085704254969,Pekanbaru,Riau,1980-06-19,Female,verified,2022-09-23,REF-6588
NBC0681,Vivi Nugroho,357882******,vivi.nugroho994@hotmail.com,081075633535,Malang,Jawa Timur,2003-06-08,Female,rejected,2024-09-02,
NBC0682,Mira Mahendra,337426******,mira.mahendra989@outlook.com,088939933797,Surabaya,Jawa Timur,1975-11-14,Female,verified,2023-10-04,REF-2566
NBC0683,Hadi Ramadhan,327177******,hadi.ramadhan503@hotmail.com,087417634250,Medan,Sumatera Utara,1996-04-01,Male,verified,2023-05-21,REF-1050
NBC0684,Rangga Effendi,167128******,rangga.effendi803@outlook.com,083759833991,Semarang,Jawa Tengah,1988-04-05,Male,verified,2022-05-05,
NBC0685,Irfan Hakim,337458******,irfan.hakim434@gmail.com,083432400615,Jakarta,DKI Jakarta,1995-11-09,Male,verified,2022-10-30,REF-7259
NBC0686,Olivia Halim,357823******,olivia.halim960@outlook.com,085439742925,Bandung,Jawa Barat,1975-10-05,Female,verified,2022-09-11,REF-6349
NBC0687,Zahra Hidayat,357858******,zahra.hidayat564@gmail.com,088656259045,Jakarta,DKI Jakarta,2000-05-16,Female,verified,2022-03-22,
NBC0688,Cahyo Nugroho,127118******,cahyo.nugroho950@gmail.com,082218231555,Semarang,Jawa Tengah,1978-08-22,Male,unverified,2024-04-25,REF-2139
NBC0689,Kevin Santoso,167163******,kevin.santoso658@hotmail.com,088281372143,Jakarta,DKI Jakarta,1985-09-25,Male,verified,2022-04-26,REF-1396
NBC0690,Bambang Lestari,127115******,bambang.lestari44@yahoo.com,082228556608,Jakarta,DKI Jakarta,1987-12-29,Male,unverified,2024-10-05,REF-7798
NBC0691,Bunga Suryadi,517114******,bunga.suryadi214@yahoo.com,087705195826,Jakarta,DKI Jakarta,1984-07-18,Female,unverified,2022-11-08,REF-5610
NBC0692,Wahyu Cahyadi,327530******,wahyu.cahyadi855@yahoo.com,087453546147,Manado,Sulawesi Utara,1976-04-17,Male,unverified,2024-07-01,REF-9385
NBC0693,Maya Permana,327115******,maya.permana397@gmail.com,088339439457,Jakarta,DKI Jakarta,1977-06-09,Female,pending,2023-04-16,REF-5134
NBC0694,Ahmad Firmansyah,317137******,ahmad.firmansyah850@yahoo.com,083376576927,Jakarta,DKI Jakarta,1996-07-16,Male,verified,2023-08-08,
NBC0695,Putri Kusuma,517123******,putri.kusuma906@gmail.com,081900404769,Jakarta,DKI Jakarta,1982-02-26,Female,verified,2022-07-19,REF-4527
NBC0696,Diah Salim,327145******,diah.salim428@gmail.com,083014247310,Jakarta,DKI Jakarta,1996-05-17,Female,verified,2022-12-24,REF-2410
NBC0697,Farah Iskandar,347112******,farah.iskandar720@hotmail.com,081231660076,Jakarta,DKI Jakarta,1995-11-22,Female,verified,2024-04-24,REF-1217
NBC0698,Bunga Kusuma,347146******,bunga.kusuma737@hotmail.com,082404337009,Medan,Sumatera Utara,1994-07-12,Female,verified,2024-09-27,
NBC0699,Zulfa Santoso,347156******,zulfa.santoso91@outlook.com,085782558825,Bandung,Jawa Barat,2003-09-05,Female,verified,2023-12-12,REF-7582
NBC0700,Vino Hakim,327396******,vino.hakim770@hotmail.com,088865619425,Banjarmasin,Kalimantan Selatan,1991-02-02,Male,verified,2024-08-13,REF-9834
NBC0701,Jihan Wijaya,357874******,jihan.wijaya941@yahoo.com,087582923616,Medan,Sumatera Utara,1980-01-08,Female,verified,2024-10-23,REF-9512
NBC0702,Budi Susanto,167195******,budi.susanto965@yahoo.com,088357155868,Jakarta,DKI Jakarta,2004-06-19,Male,rejected,2024-03-15,REF-6752
NBC0703,Vivi Hartono,337491******,vivi.hartono660@hotmail.com,082308172143,Tangerang,Banten,1993-03-20,Female,unverified,2023-09-13,
NBC0704,Eko Suryadi,317112******,eko.suryadi32@outlook.com,081321147165,Yogyakarta,DI Yogyakarta,2004-09-04,Male,verified,2024-04-05,REF-5918
NBC0705,Wahyu Anwar,347164******,wahyu.anwar635@hotmail.com,088990707550,Semarang,Jawa Tengah,1986-06-22,Male,verified,2024-08-27,
NBC0706,Kevin Hartono,327598******,kevin.hartono602@outlook.com,088706071748,Bandung,Jawa Barat,1979-02-17,Male,verified,2022-06-19,REF-2540
NBC0707,Endra Mahendra,337487******,endra.mahendra481@gmail.com,083487396102,Surabaya,Jawa Timur,2001-08-14,Male,verified,2022-02-27,
NBC0708,Irfan Permana,127145******,irfan.permana714@hotmail.com,087049187274,Makassar,Sulawesi Selatan,1982-04-20,Male,verified,2022-03-23,REF-6429
NBC0709,Arif Hidayat,327135******,arif.hidayat494@hotmail.com,082062604235,Bali,Bali,2005-08-21,Male,verified,2024-10-07,REF-8285
NBC0710,Gita Hartono,327327******,gita.hartono136@gmail.com,085756085816,Jakarta,DKI Jakarta,1996-03-31,Female,verified,2022-03-10,REF-7918
NBC0711,Dimas Susanto,357870******,dimas.susanto411@yahoo.com,082102192378,Bandung,Jawa Barat,1991-09-30,Male,verified,2023-06-23,REF-4039
NBC0712,Gita Wijaya,337435******,gita.wijaya151@outlook.com,082605080184,Jakarta,DKI Jakarta,2001-04-08,Female,verified,2024-12-22,REF-3245
NBC0713,Nanda Effendi,337434******,nanda.effendi680@hotmail.com,085731268812,Bali,Bali,2004-12-03,Male,pending,2022-09-18,
NBC0714,Galih Kusuma,127175******,galih.kusuma75@yahoo.com,082653460605,Bandung,Jawa Barat,1992-09-13,Male,verified,2022-02-26,REF-7122
NBC0715,Pandu Lestari,327371******,pandu.lestari630@hotmail.com,088239847169,Depok,Jawa Barat,1976-05-21,Male,verified,2024-05-04,REF-2390
NBC0716,Bilqis Hidayat,317157******,bilqis.hidayat285@hotmail.com,083754895478,Banjarmasin,Kalimantan Selatan,1996-11-17,Female,verified,2024-03-01,
NBC0717,Novi Nugroho,127153******,novi.nugroho94@hotmail.com,083889144449,Surabaya,Jawa Timur,1998-01-13,Female,verified,2023-04-12,REF-6311
NBC0718,Mira Suryadi,357849******,mira.suryadi197@outlook.com,087644963924,Yogyakarta,DI Yogyakarta,1983-07-10,Female,verified,2024-01-11,
NBC0719,Maya Gunawan,517176******,maya.gunawan178@gmail.com,088433952753,Surabaya,Jawa Timur,1992-07-26,Female,unverified,2024-09-18,
NBC0720,Farah Aditya,357828******,farah.aditya261@gmail.com,083168601347,Jakarta,DKI Jakarta,1995-05-26,Female,verified,2023-07-22,REF-7889
NBC0721,Andi Zulkarnain,127186******,andi.zulkarnain111@hotmail.com,085651221500,Jakarta,DKI Jakarta,1978-02-25,Male,verified,2023-07-23,REF-9769
NBC0722,Eko Zulkarnain,337415******,eko.zulkarnain913@gmail.com,081159446333,Semarang,Jawa Tengah,2002-09-26,Male,rejected,2023-07-01,
NBC0723,Nanda Hidayat,317180******,nanda.hidayat599@outlook.com,082263890219,Semarang,Jawa Tengah,2002-07-19,Male,verified,2023-07-07,
NBC0724,Nanda Yudha,337440******,nanda.yudha471@yahoo.com,082341034699,Surabaya,Jawa Timur,1992-05-06,Male,verified,2024-07-02,REF-2644
NBC0725,Cindy Halim,127129******,cindy.halim757@hotmail.com,087608437685,Jakarta,DKI Jakarta,1989-06-12,Female,unverified,2022-02-12,REF-7355
NBC0726,Olivia Anwar,357828******,olivia.anwar721@gmail.com,087626335564,Jakarta,DKI Jakarta,1986-02-27,Female,verified,2023-08-19,
NBC0727,Ganesha Saputra,517141******,ganesha.saputra661@gmail.com,085069556076,Bekasi,Jawa Barat,1994-12-23,Male,verified,2024-05-18,REF-5176
NBC0728,Putra Salim,347171******,putra.salim162@yahoo.com,082989830650,Surabaya,Jawa Timur,1985-04-03,Male,verified,2022-07-04,
NBC0729,Rangga Santoso,347120******,rangga.santoso538@outlook.com,085242642364,Bandung,Jawa Barat,1982-06-23,Male,pending,2024-12-02,REF-2511
NBC0730,Mira Permana,347180******,mira.permana482@hotmail.com,082303911142,Medan,Sumatera Utara,1998-12-14,Female,pending,2022-09-12,
NBC0731,Zahra Permana,327378******,zahra.permana955@yahoo.com,082052480880,Tangerang,Banten,1992-08-31,Female,verified,2022-10-04,REF-8685
NBC0732,Gilang Wibowo,517157******,gilang.wibowo588@outlook.com,085372132901,Jakarta,DKI Jakarta,1991-12-06,Male,verified,2022-10-06,REF-8549
NBC0733,Haris Wardana,167179******,haris.wardana744@hotmail.com,087785996486,Bandung,Jawa Barat,1982-06-27,Male,pending,2024-10-27,
NBC0734,Rizki Anwar,327186******,rizki.anwar377@outlook.com,081966645057,Yogyakarta,DI Yogyakarta,1983-11-30,Male,verified,2022-02-02,REF-3411
NBC0735,Naufal Nugroho,347160******,naufal.nugroho251@yahoo.com,081374767753,Jakarta,DKI Jakarta,1995-10-13,Male,verified,2022-09-25,REF-1841
NBC0736,Hadi Hartono,347157******,hadi.hartono55@outlook.com,085661945887,Yogyakarta,DI Yogyakarta,1976-10-25,Male,verified,2024-09-08,REF-6430
NBC0737,Irfan Maulana,317122******,irfan.maulana150@outlook.com,081083850765,Bali,Bali,2002-06-30,Male,verified,2024-07-31,REF-6350
NBC0738,Andi Budiman,517125******,andi.budiman905@hotmail.com,085680898126,Palembang,Sumatera Selatan,1989-10-23,Male,verified,2024-06-19,
NBC0739,Indah Hidayat,337421******,indah.hidayat632@hotmail.com,083630040236,Jakarta,DKI Jakarta,2000-07-15,Female,verified,2023-02-01,REF-3484
NBC0740,Maulana Susanto,337410******,maulana.susanto68@yahoo.com,081471372711,Jakarta,DKI Jakarta,2005-01-10,Male,verified,2024-07-30,
NBC0741,Dwi Salim,127143******,dwi.salim591@outlook.com,088582984933,Bandung,Jawa Barat,1975-12-31,Male,verified,2024-06-07,REF-6376
NBC0742,Ulfa Darmawan,327516******,ulfa.darmawan975@outlook.com,083128333721,Surabaya,Jawa Timur,1999-04-28,Female,pending,2024-11-01,REF-7551
NBC0743,Umar Firmansyah,327141******,umar.firmansyah167@hotmail.com,088150666267,Semarang,Jawa Tengah,1976-05-16,Male,pending,2023-11-15,
NBC0744,Nanda Darmawan,127160******,nanda.darmawan603@yahoo.com,085634392529,Semarang,Jawa Tengah,1989-09-03,Male,verified,2024-02-11,
NBC0745,Dimas Pratama,327379******,dimas.pratama439@hotmail.com,081200720245,Medan,Sumatera Utara,2005-06-12,Male,verified,2024-01-02,REF-2433
NBC0746,Surya Mahendra,327114******,surya.mahendra597@gmail.com,081903267149,Surabaya,Jawa Timur,1988-01-27,Male,unverified,2024-12-13,REF-5660
NBC0747,Faisal Susanto,327392******,faisal.susanto795@gmail.com,085934065277,Jakarta,DKI Jakarta,1991-02-03,Male,pending,2024-11-08,REF-7571
NBC0748,Nanda Firmansyah,357836******,nanda.firmansyah247@hotmail.com,082201091217,Semarang,Jawa Tengah,1980-08-28,Male,verified,2022-11-02,
NBC0749,Umar Ramadhan,517140******,umar.ramadhan736@hotmail.com,085618943705,Jakarta,DKI Jakarta,1982-01-08,Male,verified,2024-03-11,REF-2082
NBC0750,Oka Tanjung,327373******,oka.tanjung475@hotmail.com,088572565920,Semarang,Jawa Tengah,1982-05-13,Male,verified,2023-05-29,REF-8977
NBC0751,Wulan Hidayat,317127******,wulan.hidayat246@hotmail.com,083326005595,Semarang,Jawa Tengah,1990-02-15,Female,verified,2022-01-06,REF-9209
NBC0752,Hadi Mahendra,167145******,hadi.mahendra544@hotmail.com,087999360798,Jakarta,DKI Jakarta,1988-01-07,Male,verified,2025-01-08,
NBC0753,Rio Mahendra,317162******,rio.mahendra604@gmail.com,085679935937,Semarang,Jawa Tengah,1986-11-15,Male,verified,2023-09-07,
NBC0754,Nadia Susanto,327543******,nadia.susanto5@yahoo.com,081373606014,Jakarta,DKI Jakarta,1999-01-04,Female,unverified,2025-01-24,
NBC0755,Dwi Firmansyah,517194******,dwi.firmansyah53@hotmail.com,087388413685,Bandung,Jawa Barat,1982-12-13,Male,pending,2025-01-21,REF-1232
NBC0756,Eka Mahendra,337471******,eka.mahendra22@gmail.com,082424462632,Jakarta,DKI Jakarta,1991-03-19,Female,verified,2022-07-19,
NBC0757,Kevin Kusuma,327129******,kevin.kusuma895@gmail.com,081314217518,Medan,Sumatera Utara,1998-12-24,Male,verified,2024-08-10,REF-8884
NBC0758,Sari Setiawan,357821******,sari.setiawan362@yahoo.com,085384091122,Makassar,Sulawesi Selatan,1990-05-06,Female,verified,2022-11-25,REF-9762
NBC0759,Galih Rahman,317153******,galih.rahman874@hotmail.com,085186323979,Semarang,Jawa Tengah,1978-01-01,Male,verified,2023-04-10,
NBC0760,Bilqis Darmawan,167168******,bilqis.darmawan397@outlook.com,088530073095,Palembang,Sumatera Selatan,1975-10-08,Female,verified,2024-02-02,REF-7808
NBC0761,Siti Ramadhan,127120******,siti.ramadhan138@gmail.com,087881927788,Jakarta,DKI Jakarta,1990-04-14,Female,rejected,2022-09-03,REF-1532
NBC0762,Ratna Ramadhan,337449******,ratna.ramadhan550@hotmail.com,083010424624,Jakarta,DKI Jakarta,1990-04-01,Female,verified,2024-04-23,
NBC0763,Zahra Kusuma,127149******,zahra.kusuma757@outlook.com,085004521289,Surabaya,Jawa Timur,2001-11-22,Female,verified,2022-07-25,REF-2559
NBC0764,Bilqis Mahendra,357825******,bilqis.mahendra188@yahoo.com,087130448818,Bali,Bali,2000-11-24,Female,verified,2025-01-23,REF-5874
NBC0765,Zaki Wijaya,347163******,zaki.wijaya96@outlook.com,083021190170,Pontianak,Kalimantan Barat,1996-01-18,Male,verified,2024-01-10,REF-2751
NBC0766,Naufal Wibowo,327152******,naufal.wibowo173@yahoo.com,088910732283,Bogor,Jawa Barat,1993-04-19,Male,rejected,2022-01-11,REF-5477
NBC0767,Yanti Suryadi,127180******,yanti.suryadi244@gmail.com,085396384526,Surabaya,Jawa Timur,2001-07-02,Female,verified,2024-04-22,
NBC0768,Nanda Sugiarto,327542******,nanda.sugiarto664@hotmail.com,081169342929,Surabaya,Jawa Timur,1980-05-19,Male,pending,2023-05-25,REF-1658
NBC0769,Nanda Wijaya,327197******,nanda.wijaya405@yahoo.com,082419031061,Semarang,Jawa Tengah,1990-04-24,Male,verified,2023-02-27,REF-3408
NBC0770,Gita Salim,357862******,gita.salim388@outlook.com,085323653377,Yogyakarta,DI Yogyakarta,1987-04-15,Female,pending,2024-06-14,REF-1050
NBC0771,Iwan Santoso,317168******,iwan.santoso537@outlook.com,082614244260,Jakarta,DKI Jakarta,1996-03-24,Male,rejected,2024-12-20,REF-8445
NBC0772,Teguh Lestari,127135******,teguh.lestari705@outlook.com,085642737203,Bandung,Jawa Barat,2003-12-11,Male,verified,2024-09-22,REF-9350
NBC0773,Indah Sugiarto,347157******,indah.sugiarto535@outlook.com,088148460191,Bali,Bali,1985-10-27,Female,pending,2023-08-03,REF-5002
NBC0774,Tania Budiman,327390******,tania.budiman509@gmail.com,082058695073,Yogyakarta,DI Yogyakarta,1983-05-28,Female,verified,2022-08-11,
NBC0775,Diah Susanto,347185******,diah.susanto205@hotmail.com,088999516793,Surabaya,Jawa Timur,1985-12-26,Female,unverified,2023-10-28,REF-6507
NBC0776,Galih Wibowo,167152******,galih.wibowo505@yahoo.com,085801192360,Bali,Bali,1984-03-12,Male,verified,2024-08-14,REF-2189
NBC0777,Lukman Halim,327338******,lukman.halim756@yahoo.com,082510409614,Semarang,Jawa Tengah,2003-11-05,Male,verified,2024-07-10,
NBC0778,Nanda Sugiarto,327142******,nanda.sugiarto811@yahoo.com,081748207365,Palembang,Sumatera Selatan,1979-06-28,Male,verified,2022-07-01,REF-4757
NBC0779,Sari Pratama,327599******,sari.pratama358@outlook.com,085820190432,Jakarta,DKI Jakarta,1982-01-15,Female,verified,2023-04-25,
NBC0780,Laras Anwar,337426******,laras.anwar303@hotmail.com,081739201354,Bandung,Jawa Barat,2005-10-21,Female,verified,2024-06-03,REF-2036
NBC0781,Jihan Effendi,327510******,jihan.effendi176@outlook.com,081826112312,Yogyakarta,DI Yogyakarta,1993-08-14,Female,verified,2022-08-11,REF-3722
NBC0782,Jaka Budiman,517184******,jaka.budiman338@hotmail.com,082989376297,Jakarta,DKI Jakarta,1987-07-11,Male,verified,2023-10-09,REF-4508
NBC0783,Bilqis Saputra,337461******,bilqis.saputra303@hotmail.com,087719120381,Surabaya,Jawa Timur,2000-02-15,Female,verified,2024-09-08,REF-3215
NBC0784,Joko Aditya,337426******,joko.aditya247@gmail.com,087981388158,Bali,Bali,1999-02-11,Male,verified,2022-07-11,REF-6440
NBC0785,Joko Wijaya,327572******,joko.wijaya871@yahoo.com,082318297168,Medan,Sumatera Utara,1978-08-06,Male,verified,2023-10-22,REF-5527
NBC0786,Wulan Saputra,317111******,wulan.saputra799@gmail.com,088001529113,Surabaya,Jawa Timur,1996-07-26,Female,unverified,2022-07-21,REF-9831
NBC0787,Citra Saputra,327355******,citra.saputra321@hotmail.com,088184442182,Bali,Bali,2001-12-06,Female,pending,2025-01-10,REF-9046
NBC0788,Hendra Kusuma,327332******,hendra.kusuma845@outlook.com,087905670867,Medan,Sumatera Utara,1976-03-06,Male,pending,2022-04-01,REF-1045
NBC0789,Putri Tanjung,357891******,putri.tanjung350@gmail.com,083848266913,Yogyakarta,DI Yogyakarta,1993-07-11,Female,pending,2022-11-02,
NBC0790,Taufik Salim,317156******,taufik.salim318@yahoo.com,087608070633,Jakarta,DKI Jakarta,1993-05-26,Male,verified,2024-07-31,REF-1278
NBC0791,Bilqis Budiman,327326******,bilqis.budiman67@gmail.com,083016481880,Surabaya,Jawa Timur,1986-09-26,Female,pending,2023-06-14,
NBC0792,Lia Effendi,127141******,lia.effendi529@yahoo.com,085381643212,Bogor,Jawa Barat,1992-12-11,Female,verified,2023-08-28,
NBC0793,Teguh Firmansyah,327548******,teguh.firmansyah163@gmail.com,082625863144,Bandung,Jawa Barat,1978-09-08,Male,verified,2024-08-04,
NBC0794,Tika Tanjung,327355******,tika.tanjung969@outlook.com,083026355824,Jakarta,DKI Jakarta,1983-08-07,Female,verified,2022-02-17,REF-8697
NBC0795,Reza Iskandar,347175******,reza.iskandar590@gmail.com,082153888245,Bandung,Jawa Barat,1981-01-08,Male,verified,2024-08-11,REF-2008
NBC0796,Wulan Wijaya,347197******,wulan.wijaya655@gmail.com,083333353849,Jakarta,DKI Jakarta,1989-02-18,Female,verified,2022-09-08,REF-4635
NBC0797,Fitri Setiawan,327186******,fitri.setiawan466@hotmail.com,088180933913,Palembang,Sumatera Selatan,1997-02-04,Female,verified,2023-03-20,REF-6292
NBC0798,Bunga Yudha,317119******,bunga.yudha980@gmail.com,087875617868,Bandung,Jawa Barat,1998-07-11,Female,verified,2022-01-18,REF-4028
NBC0799,Ahmad Saputra,517123******,ahmad.saputra343@hotmail.com,081829803657,Jakarta,DKI Jakarta,2003-07-26,Male,unverified,2024-10-15,REF-5647
NBC0800,Olivia Sugiarto,327510******,olivia.sugiarto904@yahoo.com,085595201491,Surabaya,Jawa Timur,1980-07-11,Female,verified,2024-12-13,REF-5699
NBC0801,Rio Lestari,337460******,rio.lestari543@hotmail.com,083092632239,Banjarmasin,Kalimantan Selatan,2002-01-01,Male,verified,2024-11-01,REF-4934
NBC0802,Umar Mahendra,327519******,umar.mahendra95@outlook.com,081428860505,Yogyakarta,DI Yogyakarta,1985-08-29,Male,pending,2024-10-05,
NBC0803,Endra Wijaya,167198******,endra.wijaya99@gmail.com,088260030835,Jakarta,DKI Jakarta,1992-07-09,Male,verified,2024-03-25,
NBC0804,Galih Saputra,327529******,galih.saputra702@hotmail.com,081531234550,Jakarta,DKI Jakarta,1994-04-12,Male,verified,2024-11-08,REF-8147
NBC0805,Hesti Darmawan,327581******,hesti.darmawan660@yahoo.com,087384401348,Bali,Bali,1975-03-23,Female,unverified,2024-12-16,
NBC0806,Wulan Firmansyah,337471******,wulan.firmansyah884@yahoo.com,085033591015,Jakarta,DKI Jakarta,1995-04-03,Female,pending,2022-02-06,REF-1778
NBC0807,Maulana Kusuma,347146******,maulana.kusuma588@yahoo.com,081749269996,Jakarta,DKI Jakarta,2003-01-05,Male,pending,2024-02-09,
NBC0808,Lia Gunawan,327176******,lia.gunawan303@yahoo.com,087596932591,Surabaya,Jawa Timur,1988-03-16,Female,rejected,2022-02-13,
NBC0809,Mira Suryadi,327334******,mira.suryadi111@yahoo.com,082426698069,Medan,Sumatera Utara,1976-01-12,Female,verified,2024-08-26,REF-2928
NBC0810,Reza Saputra,127132******,reza.saputra768@yahoo.com,083838935953,Jakarta,DKI Jakarta,1998-05-03,Male,verified,2022-10-11,REF-1286
NBC0811,Tika Pratama,357862******,tika.pratama909@gmail.com,082996508269,Yogyakarta,DI Yogyakarta,1991-02-03,Female,verified,2025-01-20,REF-8113
NBC0812,Eka Tanjung,517158******,eka.tanjung353@hotmail.com,088130876123,Surabaya,Jawa Timur,1998-09-16,Female,verified,2023-10-05,REF-2969
NBC0813,Krisna Iskandar,327579******,krisna.iskandar153@yahoo.com,087484002730,Surabaya,Jawa Timur,1975-04-17,Male,verified,2024-11-18,REF-7400
NBC0814,Anita Kusuma,317124******,anita.kusuma854@hotmail.com,087311395001,Jakarta,DKI Jakarta,1991-10-31,Female,unverified,2024-12-16,REF-5575
NBC0815,Satria Kusuma,357816******,satria.kusuma465@hotmail.com,082839762053,Jakarta,DKI Jakarta,2003-08-06,Male,pending,2023-07-28,REF-9114
NBC0816,Pandu Hakim,327530******,pandu.hakim60@hotmail.com,082662925081,Surabaya,Jawa Timur,1997-01-27,Male,verified,2024-08-29,
NBC0817,Jihan Kusuma,347112******,jihan.kusuma407@outlook.com,081333731255,Manado,Sulawesi Utara,1982-09-06,Female,verified,2023-02-19,REF-7575
NBC0818,Kevin Setiawan,127111******,kevin.setiawan210@yahoo.com,088119206136,Jakarta,DKI Jakarta,1985-09-03,Male,rejected,2024-11-17,
NBC0819,Faisal Darmawan,167183******,faisal.darmawan354@hotmail.com,081337184449,Bekasi,Jawa Barat,1977-03-16,Male,unverified,2022-12-12,
NBC0820,Hadi Wardana,347175******,hadi.wardana45@gmail.com,085440373416,Jakarta,DKI Jakarta,1996-02-07,Male,unverified,2024-12-30,REF-3322
NBC0821,Zulfa Darmawan,167131******,zulfa.darmawan938@yahoo.com,081021798213,Surabaya,Jawa Timur,1986-09-17,Female,verified,2024-11-29,
NBC0822,Maulana Aditya,357872******,maulana.aditya804@hotmail.com,082638318285,Palembang,Sumatera Selatan,1993-04-27,Male,verified,2022-03-01,REF-8366
NBC0823,Ayu Darmawan,517179******,ayu.darmawan737@hotmail.com,085177067368,Yogyakarta,DI Yogyakarta,1981-07-28,Female,verified,2022-02-01,REF-1036
NBC0824,Hadi Setiawan,327333******,hadi.setiawan230@outlook.com,083216505871,Jakarta,DKI Jakarta,2005-10-21,Male,verified,2023-06-27,REF-3463
NBC0825,Jessica Permana,327183******,jessica.permana143@outlook.com,087679089843,Jakarta,DKI Jakarta,1994-04-15,Female,verified,2025-01-14,REF-9957
NBC0826,Jihan Nugroho,317152******,jihan.nugroho818@gmail.com,087386948424,Jakarta,DKI Jakarta,2002-03-02,Female,verified,2023-11-23,
NBC0827,Lia Kusuma,327146******,lia.kusuma356@hotmail.com,088887071523,Yogyakarta,DI Yogyakarta,1999-05-27,Female,unverified,2024-04-02,REF-8825
NBC0828,Hendra Permana,317188******,hendra.permana463@outlook.com,085191779876,Bandung,Jawa Barat,1999-04-24,Male,verified,2022-11-04,
NBC0829,Diah Cahyadi,127129******,diah.cahyadi858@yahoo.com,083893708580,Bali,Bali,1992-11-17,Female,pending,2023-01-17,REF-4890
NBC0830,Bambang Iskandar,317194******,bambang.iskandar917@outlook.com,085695790012,Bandung,Jawa Barat,1987-07-17,Male,verified,2025-01-14,REF-6613
NBC0831,Sari Susanto,327377******,sari.susanto403@hotmail.com,087632594232,Jakarta,DKI Jakarta,2005-08-29,Female,verified,2024-12-26,
NBC0832,Bella Lestari,337479******,bella.lestari984@gmail.com,083624152857,Jakarta,DKI Jakarta,1982-12-24,Female,rejected,2023-12-05,REF-3815
NBC0833,Naufal Lestari,337453******,naufal.lestari543@outlook.com,081381865507,Medan,Sumatera Utara,1998-04-12,Male,unverified,2023-06-23,
NBC0834,Lia Ramadhan,317188******,lia.ramadhan329@hotmail.com,088443034918,Medan,Sumatera Utara,2000-11-17,Female,unverified,2022-06-02,
NBC0835,Ganesha Effendi,327316******,ganesha.effendi204@outlook.com,087340153641,Medan,Sumatera Utara,1989-08-03,Male,verified,2023-08-25,REF-6353
NBC0836,Laras Hartono,337432******,laras.hartono375@yahoo.com,085781367500,Jakarta,DKI Jakarta,2002-11-05,Female,verified,2023-06-29,
NBC0837,Teguh Hartono,347121******,teguh.hartono37@outlook.com,082769819878,Bali,Bali,1977-09-12,Male,verified,2022-09-27,
NBC0838,Wahyu Nugroho,337475******,wahyu.nugroho540@outlook.com,085225866059,Surabaya,Jawa Timur,1997-09-19,Male,verified,2024-04-30,
NBC0839,Dedi Iskandar,347131******,dedi.iskandar142@hotmail.com,088585485965,Surabaya,Jawa Timur,1989-03-27,Male,verified,2023-08-13,REF-3111
NBC0840,Rangga Sugiarto,327198******,rangga.sugiarto439@outlook.com,081200024539,Depok,Jawa Barat,2004-01-15,Male,unverified,2023-04-21,REF-4873
NBC0841,Fajar Ramadhan,357818******,fajar.ramadhan214@gmail.com,083570836821,Bandung,Jawa Barat,1987-09-26,Male,verified,2023-09-14,REF-9516
NBC0842,Yusuf Tanjung,517189******,yusuf.tanjung734@hotmail.com,082736774620,Surabaya,Jawa Timur,1980-10-26,Male,pending,2024-01-21,
NBC0843,Winda Maulana,357846******,winda.maulana215@gmail.com,087328123123,Medan,Sumatera Utara,2002-03-18,Female,verified,2022-10-21,
NBC0844,Ratna Firmansyah,517121******,ratna.firmansyah61@hotmail.com,088018364723,Jakarta,DKI Jakarta,1999-10-18,Female,verified,2024-08-06,REF-9724
NBC0845,Ganesha Wardana,167121******,ganesha.wardana682@hotmail.com,082257754584,Jakarta,DKI Jakarta,1996-09-14,Male,verified,2022-10-05,REF-1535
NBC0846,Rangga Setiawan,167195******,rangga.setiawan760@hotmail.com,085831608271,Jakarta,DKI Jakarta,2003-12-14,Male,verified,2024-08-18,REF-8490
NBC0847,Laras Halim,337482******,laras.halim672@yahoo.com,081522299936,Bandung,Jawa Barat,1982-09-05,Female,verified,2022-07-26,
NBC0848,Tania Kusuma,347140******,tania.kusuma567@yahoo.com,082255398358,Depok,Jawa Barat,1988-10-26,Female,verified,2023-07-01,REF-9013
NBC0849,Farah Darmawan,337430******,farah.darmawan828@hotmail.com,083309544979,Pontianak,Kalimantan Barat,1980-03-23,Female,verified,2023-01-05,
NBC0850,Novi Halim,317133******,novi.halim585@yahoo.com,085120539787,Yogyakarta,DI Yogyakarta,1980-01-18,Female,verified,2023-03-15,REF-6355
NBC0851,Lukman Budiman,337426******,lukman.budiman153@gmail.com,088125608320,Jakarta,DKI Jakarta,1976-12-29,Male,verified,2023-06-28,
NBC0852,Arif Gunawan,167174******,arif.gunawan519@hotmail.com,083358523860,Surabaya,Jawa Timur,1976-10-24,Male,verified,2023-02-18,REF-5949
NBC0853,Yusuf Setiawan,517183******,yusuf.setiawan329@gmail.com,085152391029,Semarang,Jawa Tengah,1982-07-06,Male,verified,2023-12-15,REF-2515
NBC0854,Ganesha Iskandar,167134******,ganesha.iskandar59@yahoo.com,081967139719,Semarang,Jawa Tengah,1980-03-01,Male,verified,2022-10-25,REF-3472
NBC0855,Gita Anwar,327325******,gita.anwar888@hotmail.com,085720191116,Bali,Bali,1993-01-23,Female,verified,2022-08-03,REF-3960
NBC0856,Rangga Wijaya,127127******,rangga.wijaya741@outlook.com,088873393049,Jakarta,DKI Jakarta,1983-08-20,Male,verified,2024-06-02,REF-4414
NBC0857,Yoga Permana,127193******,yoga.permana898@outlook.com,087124211408,Bogor,Jawa Barat,2005-08-21,Male,verified,2024-03-19,REF-3303
NBC0858,Siti Ramadhan,327329******,siti.ramadhan611@outlook.com,085209355610,Jakarta,DKI Jakarta,1984-08-17,Female,verified,2023-12-09,REF-9135
NBC0859,Bilqis Hartono,337468******,bilqis.hartono122@yahoo.com,083365858564,Bekasi,Jawa Barat,1980-11-05,Female,verified,2023-03-11,
NBC0860,Bayu Hidayat,317128******,bayu.hidayat494@gmail.com,085159273874,Medan,Sumatera Utara,1977-09-15,Male,verified,2022-12-07,REF-2007
NBC0861,Dwi Setiawan,327564******,dwi.setiawan883@gmail.com,085322481554,Jakarta,DKI Jakarta,1982-02-11,Male,verified,2022-01-16,REF-5676
NBC0862,Andi Sugiarto,317188******,andi.sugiarto372@hotmail.com,085975649157,Jakarta,DKI Jakarta,2001-06-21,Male,verified,2023-12-14,REF-7965
NBC0863,Putri Susanto,127123******,putri.susanto141@outlook.com,085601080181,Surabaya,Jawa Timur,1976-09-26,Female,unverified,2023-03-01,REF-7759
NBC0864,Fitri Halim,327545******,fitri.halim782@gmail.com,085268080815,Padang,Sumatera Barat,1995-02-01,Female,verified,2022-08-08,REF-1499
NBC0865,Fitri Mahendra,317169******,fitri.mahendra87@yahoo.com,087067130735,Bandung,Jawa Barat,1978-07-29,Female,verified,2022-04-08,
NBC0866,Jaka Iskandar,127148******,jaka.iskandar205@hotmail.com,082130096258,Jakarta,DKI Jakarta,1998-09-09,Male,verified,2023-12-29,REF-8036
NBC0867,Hesti Saputra,337425******,hesti.saputra575@gmail.com,083339627466,Jakarta,DKI Jakarta,1994-08-05,Female,verified,2022-11-01,REF-2049
NBC0868,Gilang Effendi,317114******,gilang.effendi59@outlook.com,085661459011,Jakarta,DKI Jakarta,1977-04-08,Male,verified,2024-07-04,REF-8657
NBC0869,Oka Wijaya,317193******,oka.wijaya269@yahoo.com,087819490531,Jakarta,DKI Jakarta,1989-03-16,Male,verified,2022-12-19,REF-9222
NBC0870,Naufal Firmansyah,517173******,naufal.firmansyah952@hotmail.com,087873137971,Semarang,Jawa Tengah,1993-08-06,Male,verified,2024-02-22,REF-5794
NBC0871,Yusuf Hartono,327337******,yusuf.hartono497@outlook.com,081779433256,Medan,Sumatera Utara,1983-03-18,Male,verified,2023-03-08,
NBC0872,Tania Hakim,517182******,tania.hakim934@gmail.com,087701426203,Jakarta,DKI Jakarta,1995-12-17,Female,verified,2022-04-15,REF-9856
NBC0873,Fitri Setiawan,327517******,fitri.setiawan862@yahoo.com,088041813599,Jakarta,DKI Jakarta,1998-01-04,Female,verified,2024-10-30,
NBC0874,Erika Hidayat,327120******,erika.hidayat456@gmail.com,088889480186,Jakarta,DKI Jakarta,1986-08-31,Female,verified,2023-09-15,REF-3633
NBC0875,Erika Rahman,167175******,erika.rahman756@yahoo.com,087785708200,Manado,Sulawesi Utara,1986-08-22,Female,pending,2025-01-11,REF-8771
NBC0876,Yoga Setiawan,327334******,yoga.setiawan390@gmail.com,083961128794,Jakarta,DKI Jakarta,1982-06-02,Male,verified,2024-05-17,REF-9268
NBC0877,Dwi Wardana,517195******,dwi.wardana953@hotmail.com,088040953141,Surabaya,Jawa Timur,2001-01-22,Male,verified,2024-05-17,REF-7998
NBC0878,Lukman Wibowo,327372******,lukman.wibowo291@yahoo.com,083651796240,Semarang,Jawa Tengah,2002-02-16,Male,verified,2024-05-13,
NBC0879,Rangga Tanjung,327579******,rangga.tanjung255@outlook.com,087604784217,Jakarta,DKI Jakarta,1975-07-10,Male,verified,2022-11-10,REF-2674
NBC0880,Iwan Rahman,517141******,iwan.rahman846@hotmail.com,083882089348,Bandung,Jawa Barat,1992-12-12,Male,pending,2024-12-26,REF-4734
NBC0881,Diah Nugroho,347160******,diah.nugroho492@yahoo.com,087799160911,Padang,Sumatera Barat,1988-06-14,Female,verified,2022-06-01,REF-2850
NBC0882,Aisyah Wibowo,357894******,aisyah.wibowo774@yahoo.com,082613376052,Jakarta,DKI Jakarta,1986-02-25,Female,verified,2022-03-31,
NBC0883,Irfan Hartono,327552******,irfan.hartono799@gmail.com,082544724191,Jakarta,DKI Jakarta,1994-03-29,Male,unverified,2023-10-14,REF-4166
NBC0884,Sari Saputra,517163******,sari.saputra412@gmail.com,085718249898,Jakarta,DKI Jakarta,2003-04-13,Female,pending,2022-03-27,REF-1046
NBC0885,Farah Hidayat,327144******,farah.hidayat82@hotmail.com,083681359266,Surabaya,Jawa Timur,1986-11-21,Female,verified,2025-01-23,REF-9821
NBC0886,Putri Wardana,517180******,putri.wardana451@outlook.com,087694155945,Surabaya,Jawa Timur,2004-08-07,Female,pending,2022-04-11,REF-3208
NBC0887,Umi Permana,317197******,umi.permana800@hotmail.com,083360511716,Surabaya,Jawa Timur,2005-08-17,Female,verified,2022-05-07,REF-9811
NBC0888,Lia Wardana,337463******,lia.wardana322@yahoo.com,085218945590,Manado,Sulawesi Utara,1992-01-01,Female,verified,2024-09-21,REF-1405
NBC0889,Sinta Firmansyah,327348******,sinta.firmansyah544@outlook.com,082046648966,Medan,Sumatera Utara,1997-04-26,Female,verified,2024-04-20,REF-8140
NBC0890,Budi Firmansyah,357864******,budi.firmansyah886@outlook.com,085758097453,Medan,Sumatera Utara,1983-08-17,Male,pending,2024-11-03,
NBC0891,Gilang Wibowo,357843******,gilang.wibowo819@hotmail.com,085226540165,Bandung,Jawa Barat,2002-01-29,Male,verified,2023-12-12,REF-1879
NBC0892,Arif Zulkarnain,327333******,arif.zulkarnain122@yahoo.com,082427677462,Bandung,Jawa Barat,1989-03-05,Male,verified,2022-05-18,REF-2698
NBC0893,Putra Hartono,327157******,putra.hartono933@outlook.com,087860080179,Bali,Bali,1998-02-27,Male,pending,2024-03-22,REF-9102
NBC0894,Hani Suryadi,327132******,hani.suryadi592@outlook.com,085047264261,Jakarta,DKI Jakarta,1981-08-09,Female,verified,2022-08-16,
NBC0895,Jaka Susanto,337471******,jaka.susanto351@yahoo.com,085596807852,Medan,Sumatera Utara,1991-07-13,Male,verified,2023-06-27,
NBC0896,Gilang Sugiarto,167198******,gilang.sugiarto770@yahoo.com,087545400644,Bali,Bali,2004-04-13,Male,verified,2024-01-23,REF-8654
NBC0897,Hadi Suryadi,327124******,hadi.suryadi144@yahoo.com,082748979177,Padang,Sumatera Barat,1992-11-10,Male,verified,2023-02-27,REF-5808
NBC0898,Umi Maulana,127131******,umi.maulana32@yahoo.com,087862175080,Bogor,Jawa Barat,1978-01-07,Female,verified,2024-03-03,
NBC0899,Rina Mahendra,337414******,rina.mahendra396@yahoo.com,083882493534,Jakarta,DKI Jakarta,1975-07-13,Female,verified,2022-03-15,
NBC0900,Ratna Hartono,167118******,ratna.hartono733@hotmail.com,085784816524,Surabaya,Jawa Timur,1986-05-26,Female,rejected,2023-06-05,
NBC0901,Rina Susanto,327516******,rina.susanto846@yahoo.com,087517993781,Semarang,Jawa Tengah,1975-09-13,Female,verified,2023-10-19,REF-3020
NBC0902,Faisal Cahyadi,167194******,faisal.cahyadi262@hotmail.com,087996988290,Bekasi,Jawa Barat,1988-09-23,Male,pending,2023-10-07,REF-3176
NBC0903,Fitri Iskandar,127197******,fitri.iskandar141@outlook.com,085301986424,Surabaya,Jawa Timur,1980-12-05,Female,pending,2023-02-22,
NBC0904,Novi Halim,327376******,novi.halim242@yahoo.com,087121870629,Jakarta,DKI Jakarta,1984-06-04,Female,verified,2022-12-20,REF-9432
NBC0905,Winda Anwar,327328******,winda.anwar125@gmail.com,081023200186,Jakarta,DKI Jakarta,1995-09-11,Female,verified,2024-06-07,REF-1742
NBC0906,Intan Effendi,327525******,intan.effendi12@gmail.com,083356140384,Surabaya,Jawa Timur,1989-04-28,Female,verified,2023-05-15,REF-2393
NBC0907,Aisyah Santoso,127145******,aisyah.santoso432@yahoo.com,082546951003,Surabaya,Jawa Timur,1975-10-04,Female,verified,2024-07-25,
NBC0908,Joko Pratama,357845******,joko.pratama967@outlook.com,088967150066,Medan,Sumatera Utara,2004-12-25,Male,rejected,2024-03-09,REF-2507
NBC0909,Teguh Wardana,357848******,teguh.wardana889@gmail.com,088134078516,Jakarta,DKI Jakarta,2002-07-19,Male,verified,2023-07-05,
NBC0910,Jaka Pratama,357881******,jaka.pratama779@yahoo.com,085683482689,Jakarta,DKI Jakarta,2000-04-29,Male,unverified,2024-04-09,REF-8522
NBC0911,Jessica Lestari,167165******,jessica.lestari572@gmail.com,085879150596,Bali,Bali,1983-02-07,Female,verified,2024-01-14,REF-2270
NBC0912,Anita Saputra,517140******,anita.saputra130@gmail.com,081265789826,Surabaya,Jawa Timur,1975-08-29,Female,rejected,2023-09-12,
NBC0913,Siti Salim,327319******,siti.salim803@hotmail.com,083585177741,Bali,Bali,2005-02-05,Female,verified,2022-10-10,REF-7309
NBC0914,Dewi Hartono,167196******,dewi.hartono817@yahoo.com,083199626422,Jakarta,DKI Jakarta,1981-04-27,Female,verified,2024-09-04,REF-2219
NBC0915,Cahyo Susanto,357844******,cahyo.susanto939@yahoo.com,081854570568,Yogyakarta,DI Yogyakarta,1980-09-02,Male,verified,2022-01-06,
NBC0916,Wahyu Darmawan,317183******,wahyu.darmawan19@gmail.com,081635640723,Surabaya,Jawa Timur,1981-02-06,Male,pending,2023-07-25,
NBC0917,Joko Cahyadi,327381******,joko.cahyadi626@outlook.com,088400178822,Bali,Bali,2005-11-25,Male,verified,2023-06-21,
NBC0918,Gilang Yudha,327159******,gilang.yudha965@outlook.com,081710580119,Jakarta,DKI Jakarta,1991-09-05,Male,verified,2022-01-03,REF-8599
NBC0919,Fitri Setiawan,357833******,fitri.setiawan438@gmail.com,088053709230,Jakarta,DKI Jakarta,1976-06-21,Female,verified,2024-08-04,REF-8048
NBC0920,Umi Pratama,317171******,umi.pratama263@gmail.com,087948543298,Semarang,Jawa Tengah,1996-01-04,Female,pending,2024-04-26,REF-4495
NBC0921,Cindy Rahman,327386******,cindy.rahman264@outlook.com,085161982734,Bekasi,Jawa Barat,1999-02-25,Female,verified,2022-06-19,REF-2158
NBC0922,Umar Wijaya,327355******,umar.wijaya794@hotmail.com,082217435748,Jakarta,DKI Jakarta,1985-11-08,Male,verified,2023-11-22,
NBC0923,Jaka Santoso,327544******,jaka.santoso559@hotmail.com,081673983448,Jakarta,DKI Jakarta,1997-07-31,Male,verified,2023-02-04,REF-3897
NBC0924,Made Tanjung,347161******,made.tanjung937@yahoo.com,087055077406,Jakarta,DKI Jakarta,1991-02-25,Male,verified,2024-07-08,REF-6774
NBC0925,Zaki Maulana,337482******,zaki.maulana188@gmail.com,087085510740,Bandung,Jawa Barat,2004-11-17,Male,rejected,2022-07-28,
NBC0926,Dimas Hartono,127174******,dimas.hartono964@hotmail.com,081902547602,Yogyakarta,DI Yogyakarta,1982-07-18,Male,verified,2022-02-18,REF-7077
NBC0927,Vina Iskandar,327197******,vina.iskandar182@gmail.com,081227595002,Palembang,Sumatera Selatan,1993-09-26,Female,verified,2022-04-14,REF-2818
NBC0928,Dwi Permana,357893******,dwi.permana703@outlook.com,085950740717,Palembang,Sumatera Selatan,1983-07-31,Male,pending,2022-09-22,REF-1811
NBC0929,Winda Salim,317139******,winda.salim683@gmail.com,081064934039,Bandung,Jawa Barat,1980-04-25,Female,verified,2022-01-07,REF-3065
NBC0930,Maya Zulkarnain,317174******,maya.zulkarnain627@outlook.com,081184913599,Pekanbaru,Riau,1982-10-26,Female,verified,2025-01-22,REF-4991
NBC0931,Umi Mahendra,327315******,umi.mahendra371@hotmail.com,081006799006,Jakarta,DKI Jakarta,2000-08-15,Female,verified,2024-05-27,
NBC0932,Lia Santoso,327179******,lia.santoso397@hotmail.com,085403784233,Surabaya,Jawa Timur,2000-07-31,Female,unverified,2023-08-15,REF-7143
NBC0933,Ayu Pratama,327572******,ayu.pratama470@hotmail.com,082550325017,Bandung,Jawa Barat,1984-07-13,Female,verified,2024-02-17,REF-3130
NBC0934,Kartika Hakim,327168******,kartika.hakim551@outlook.com,082902923345,Semarang,Jawa Tengah,1979-04-10,Female,rejected,2022-05-23,REF-1523
NBC0935,Sinta Yudha,317155******,sinta.yudha251@gmail.com,088886843021,Jakarta,DKI Jakarta,1978-12-19,Female,rejected,2024-02-26,REF-4603
NBC0936,Prita Pratama,347196******,prita.pratama343@hotmail.com,083988759212,Surabaya,Jawa Timur,2001-08-14,Female,verified,2024-05-17,REF-7475
NBC0937,Nanda Yudha,327311******,nanda.yudha906@yahoo.com,085558214770,Yogyakarta,DI Yogyakarta,2001-09-23,Male,unverified,2022-09-16,REF-8289
NBC0938,Vino Maulana,337480******,vino.maulana7@yahoo.com,082621921581,Surabaya,Jawa Timur,1998-06-05,Male,verified,2024-09-28,
NBC0939,Mira Hartono,327523******,mira.hartono792@gmail.com,087638558819,Jakarta,DKI Jakarta,1989-01-14,Female,verified,2024-08-07,REF-8707
NBC0940,Bambang Hartono,327581******,bambang.hartono530@gmail.com,088053789318,Malang,Jawa Timur,1991-11-04,Male,verified,2022-11-13,REF-8857
NBC0941,Intan Iskandar,357849******,intan.iskandar888@gmail.com,088182272002,Bandung,Jawa Barat,1999-09-22,Female,verified,2023-03-14,REF-9792
NBC0942,Made Nugroho,327317******,made.nugroho259@gmail.com,083474328116,Malang,Jawa Timur,1991-02-22,Male,verified,2023-02-06,
NBC0943,Zulfa Pratama,327314******,zulfa.pratama650@yahoo.com,081423227752,Jakarta,DKI Jakarta,1979-08-19,Female,verified,2023-05-15,REF-4177
NBC0944,Hendra Nugroho,167121******,hendra.nugroho428@outlook.com,081646300593,Semarang,Jawa Tengah,1994-09-26,Male,verified,2024-07-24,REF-7518
NBC0945,Fitri Aditya,337426******,fitri.aditya787@gmail.com,088029161746,Tangerang,Banten,2002-04-12,Female,verified,2022-03-25,
NBC0946,Endra Budiman,337425******,endra.budiman967@gmail.com,083384196622,Medan,Sumatera Utara,2000-06-15,Male,unverified,2022-06-16,
NBC0947,Fajar Yudha,127111******,fajar.yudha514@gmail.com,083685667063,Banjarmasin,Kalimantan Selatan,1992-09-03,Male,pending,2022-11-10,REF-9390
NBC0948,Zahra Salim,317148******,zahra.salim596@outlook.com,083407663493,Bandung,Jawa Barat,1985-01-29,Female,verified,2024-05-03,REF-5952
NBC0949,Anita Maulana,127134******,anita.maulana133@yahoo.com,085261142436,Semarang,Jawa Tengah,2004-11-06,Female,verified,2022-10-09,
NBC0950,Sinta Ramadhan,347196******,sinta.ramadhan155@gmail.com,088880879919,Malang,Jawa Timur,1993-04-13,Female,verified,2022-10-30,REF-6097
NBC0951,Winda Setiawan,517183******,winda.setiawan700@hotmail.com,083338532472,Jakarta,DKI Jakarta,1991-05-27,Female,pending,2022-04-28,REF-4864
NBC0952,Oka Suryadi,317198******,oka.suryadi247@gmail.com,081587605457,Manado,Sulawesi Utara,1992-07-06,Male,unverified,2023-07-05,REF-8430
NBC0953,Cahyo Iskandar,357835******,cahyo.iskandar370@yahoo.com,085597466986,Surabaya,Jawa Timur,1977-11-07,Male,pending,2024-06-01,REF-5593
NBC0954,Joko Mahendra,347157******,joko.mahendra23@gmail.com,087594815269,Jakarta,DKI Jakarta,1981-05-25,Male,verified,2023-10-24,
NBC0955,Yusuf Wardana,347167******,yusuf.wardana187@gmail.com,082074235914,Bali,Bali,1983-02-23,Male,pending,2024-02-28,REF-5684
NBC0956,Yoga Susanto,167184******,yoga.susanto201@yahoo.com,082614543079,Surabaya,Jawa Timur,1993-07-05,Male,verified,2023-03-27,REF-8502
NBC0957,Arif Saputra,317178******,arif.saputra662@gmail.com,085852211587,Jakarta,DKI Jakarta,1979-02-22,Male,verified,2023-07-30,REF-4426
NBC0958,Yoga Iskandar,327365******,yoga.iskandar911@hotmail.com,083470173208,Bali,Bali,1993-06-07,Male,verified,2023-12-01,
NBC0959,Nadia Halim,127167******,nadia.halim136@hotmail.com,085563370140,Pontianak,Kalimantan Barat,2003-12-19,Female,pending,2022-04-06,
NBC0960,Yuni Hidayat,127178******,yuni.hidayat65@gmail.com,083580002722,Bali,Bali,1977-12-12,Female,rejected,2023-09-26,REF-8587
NBC0961,Laras Sugiarto,327513******,laras.sugiarto619@outlook.com,082913681720,Jakarta,DKI Jakarta,1983-11-26,Female,verified,2022-09-07,REF-6666
NBC0962,Hadi Budiman,327532******,hadi.budiman929@gmail.com,087297352595,Surabaya,Jawa Timur,2004-07-28,Male,verified,2023-03-13,
NBC0963,Hadi Halim,337499******,hadi.halim631@yahoo.com,087992045735,Jakarta,DKI Jakarta,1985-02-11,Male,verified,2022-09-22,REF-7993
NBC0964,Vino Wijaya,127160******,vino.wijaya94@gmail.com,087708269718,Surabaya,Jawa Timur,1982-02-08,Male,verified,2023-02-14,REF-2616
NBC0965,Fajar Hidayat,327522******,fajar.hidayat363@yahoo.com,087821764846,Bandung,Jawa Barat,1996-06-18,Male,pending,2023-02-15,REF-5303
NBC0966,Luki Anwar,327328******,luki.anwar976@yahoo.com,088801944258,Jakarta,DKI Jakarta,2005-01-26,Male,verified,2022-11-12,
NBC0967,Umi Permana,327355******,umi.permana415@gmail.com,085295350637,Bandung,Jawa Barat,1985-12-22,Female,rejected,2022-05-17,
NBC0968,Andi Iskandar,327597******,andi.iskandar813@hotmail.com,083130753841,Medan,Sumatera Utara,2004-04-20,Male,verified,2023-10-26,REF-2175
NBC0969,Yusuf Permana,327594******,yusuf.permana59@outlook.com,088639756154,Bali,Bali,1996-05-11,Male,unverified,2022-04-03,REF-5119
NBC0970,Kartika Kusuma,357821******,kartika.kusuma439@outlook.com,081195564091,Jakarta,DKI Jakarta,2000-11-05,Female,verified,2024-02-09,REF-4465
NBC0971,Erika Darmawan,357833******,erika.darmawan62@hotmail.com,081204262019,Bali,Bali,2004-03-31,Female,verified,2024-10-13,REF-2471
NBC0972,Bayu Suryadi,517141******,bayu.suryadi770@hotmail.com,087678976098,Surabaya,Jawa Timur,1996-04-15,Male,verified,2023-03-18,REF-7985
NBC0973,Ganesha Lestari,327187******,ganesha.lestari789@yahoo.com,082760759889,Pontianak,Kalimantan Barat,1996-04-24,Male,pending,2025-01-20,REF-4886
NBC0974,Maya Firmansyah,337424******,maya.firmansyah618@gmail.com,088654308952,Medan,Sumatera Utara,1985-06-17,Female,verified,2022-09-13,REF-3597
NBC0975,Bayu Rahman,317154******,bayu.rahman498@hotmail.com,083497470002,Jakarta,DKI Jakarta,1993-11-17,Male,verified,2024-08-08,REF-6065
NBC0976,Galih Zulkarnain,127161******,galih.zulkarnain305@hotmail.com,087741636560,Bali,Bali,1986-07-11,Male,verified,2023-11-09,REF-7663
NBC0977,Taufik Lestari,127135******,taufik.lestari39@hotmail.com,083969277119,Banjarmasin,Kalimantan Selatan,2004-02-28,Male,verified,2024-01-04,REF-7228
NBC0978,Luki Santoso,357885******,luki.santoso478@gmail.com,082551282763,Jakarta,DKI Jakarta,1994-02-18,Male,verified,2023-09-06,REF-2283
NBC0979,Prita Hakim,167189******,prita.hakim871@outlook.com,087654663454,Depok,Jawa Barat,1988-02-08,Female,verified,2023-03-30,REF-5217
NBC0980,Ulfa Sugiarto,327582******,ulfa.sugiarto951@yahoo.com,087344974394,Depok,Jawa Barat,1993-05-22,Female,verified,2023-06-25,REF-3807
NBC0981,Andi Mahendra,167163******,andi.mahendra132@hotmail.com,088398894132,Surabaya,Jawa Timur,1979-08-25,Male,rejected,2022-01-17,
NBC0982,Erika Nugroho,317198******,erika.nugroho178@gmail.com,085075485346,Jakarta,DKI Jakarta,1991-08-15,Female,verified,2023-11-21,REF-3161
NBC0983,Hani Wijaya,337411******,hani.wijaya44@outlook.com,083964612939,Surabaya,Jawa Timur,1977-06-13,Female,verified,2022-02-26,REF-6828
NBC0984,Hendra Sugiarto,337469******,hendra.sugiarto342@hotmail.com,083896359570,Surabaya,Jawa Timur,1999-11-30,Male,verified,2024-05-31,
NBC0985,Maulana Anwar,327143******,maulana.anwar723@outlook.com,087434566311,Padang,Sumatera Barat,1984-12-29,Male,verified,2025-01-15,REF-1787
NBC0986,Tika Permana,337462******,tika.permana162@yahoo.com,081334742463,Bandung,Jawa Barat,2004-06-05,Female,rejected,2022-08-09,REF-4800
NBC0987,Winda Yudha,167198******,winda.yudha691@hotmail.com,087008529469,Bandung,Jawa Barat,1977-04-01,Female,verified,2022-11-10,
NBC0988,Sinta Darmawan,127146******,sinta.darmawan66@hotmail.com,083304350238,Jakarta,DKI Jakarta,1991-06-12,Female,pending,2022-04-07,REF-5592
NBC0989,Umar Permana,127153******,umar.permana748@yahoo.com,082328293020,Semarang,Jawa Tengah,1981-01-11,Male,verified,2023-11-08,REF-2766
NBC0990,Budi Lestari,317138******,budi.lestari203@outlook.com,085771167507,Surabaya,Jawa Timur,1994-02-23,Male,verified,2022-10-18,
NBC0991,Yuni Ramadhan,337417******,yuni.ramadhan178@outlook.com,088530123984,Medan,Sumatera Utara,1996-11-15,Female,pending,2022-12-16,REF-4551
NBC0992,Gilang Wijaya,327379******,gilang.wijaya304@hotmail.com,081901722240,Yogyakarta,DI Yogyakarta,1991-09-30,Male,verified,2022-04-30,REF-7776
NBC0993,Rina Aditya,127123******,rina.aditya852@hotmail.com,088754619924,Jakarta,DKI Jakarta,1977-03-30,Female,verified,2024-03-02,REF-9873
NBC0994,Dedi Hidayat,127190******,dedi.hidayat152@outlook.com,087122590956,Semarang,Jawa Tengah,1992-09-06,Male,pending,2024-12-29,REF-5173
NBC0995,Yanti Hidayat,337472******,yanti.hidayat256@yahoo.com,085912121101,Jakarta,DKI Jakarta,1998-10-25,Female,unverified,2024-07-26,
NBC0996,Bambang Rahman,167163******,bambang.rahman827@gmail.com,088170740392,Jakarta,DKI Jakarta,1990-10-24,Male,verified,2022-08-01,REF-5125
NBC0997,Kartika Ramadhan,327173******,kartika.ramadhan105@yahoo.com,082276433872,Depok,Jawa Barat,1982-05-03,Female,verified,2022-02-13,REF-5739
NBC0998,Fajar Tanjung,327358******,fajar.tanjung696@outlook.com,088496330833,Jakarta,DKI Jakarta,1988-01-02,Male,rejected,2023-08-26,REF-1303
NBC0999,Jaka Darmawan,167186******,jaka.darmawan595@outlook.com,081470205968,Bali,Bali,2005-09-12,Male,pending,2023-12-17,REF-6131
NBC1000,Arif Halim,127142******,arif.halim639@yahoo.com,085632956342,Jakarta,DKI Jakarta,1995-04-17,Male,pending,2024-10-16,REF-3793
