patient_id,name,nik_masked,dob,gender,address,city,phone,blood_type,registration_date,insurance_type
PAT00001,Diah Susanto,692354******,1963-06-03,Female,Jl. Cempaka No. 84,Bogor,083996893560,,2021-11-10,Mandiri
PAT00002,Maya Gunawan,567262******,2017-07-17,Female,Jl. Asia Afrika No. 153,Bandung,083167796058,,2022-03-31,BPJS
PAT00003,Hari Santoso,924566******,1985-05-18,Male,Jl. Pahlawan No. 38,Bandung,082443831341,O,2024-03-16,Mandiri
PAT00004,Hadi Susanto,518582******,1973-07-22,Male,Jl. Mangga No. 22,Bandung,087450281157,B,2021-10-04,BPJS
PAT00005,Hesti Susanto,307731******,1993-10-08,Female,Jl. Asia Afrika No. 102,Depok,082057617830,A,2022-06-30,BPJS
PAT00006,Erika Suryadi,817999******,2001-09-04,Female,Jl. Gatot Subroto No. 23,Jakarta,088180101072,O,2023-01-19,BPJS
PAT00007,Rendra Setiawan,436318******,1980-11-28,Male,Jl. Merdeka No. 153,Depok,088600723288,B,2022-12-18,BPJS
PAT00008,Qori Anggara,753453******,1963-01-31,Female,Jl. Sudirman No. 113,Sukabumi,082002830207,AB,2021-11-16,BPJS
PAT00009,Lestari Kusuma,875507******,1954-11-23,Female,Jl. Kebon Jeruk No. 63,Sukabumi,084980273734,AB,2021-01-29,Umum
PAT00010,Vina Kusuma,419939******,1990-05-18,Female,Jl. Merdeka No. 121,Serang,082425399664,B,2022-02-22,BPJS
PAT00011,Pandu Lesmana,886804******,1973-03-16,Male,Jl. Jati No. 141,Jakarta,085261905194,A,2023-02-11,BPJS
PAT00012,Olivia Lesmana,145594******,1972-12-01,Female,Jl. Sudirman No. 44,Jakarta,082219828872,AB,2021-04-19,BPJS
PAT00013,Jaya Pratama,169832******,1984-11-13,Male,Jl. Mawar No. 170,Bekasi,081463390201,AB,2023-03-03,Mandiri
PAT00014,Adi Gunawan,633243******,2013-09-02,Male,Jl. Anggrek No. 26,Karawang,081378045890,,2022-02-12,BPJS
PAT00015,Jihan Anggara,687923******,2013-12-02,Female,Jl. Sudirman No. 6,Depok,087568788980,AB,2023-10-01,BPJS
PAT00016,Cindy Hidayat,119264******,1981-02-10,Female,Jl. Kenanga No. 176,Bogor,082298481206,AB,2021-05-07,BPJS
PAT00017,Ririn Permana,505977******,1952-08-23,Female,Jl. Veteran No. 242,Jakarta,,AB,2022-04-07,Umum
PAT00018,Eko Suryadi,511929******,2008-12-08,Male,Jl. Thamrin No. 36,Jakarta,088429819540,B,2023-05-05,BPJS
PAT00019,Mega Pranata,260169******,1988-04-05,Female,Jl. Melati No. 249,Karawang,,AB,2023-07-09,BPJS
PAT00020,Lina Hartono,316800******,2008-07-15,Female,Jl. Asia Afrika No. 36,Bogor,084436425084,B,2022-09-25,BPJS
PAT00021,Vera Lesmana,241822******,1988-08-01,Female,Jl. Pahlawan No. 233,Depok,085973777930,A,2024-02-16,Umum
PAT00022,Pandu Kusuma,293079******,1978-06-30,Male,Jl. Pahlawan No. 215,Bandung,084122782825,AB,2023-04-28,BPJS
PAT00023,Galuh Santoso,564523******,2016-11-22,Male,Jl. Mawar No. 240,Bekasi,081807168703,B,2022-01-14,Mandiri
PAT00024,Andi Wardana,746915******,1973-12-10,Male,Jl. Asia Afrika No. 156,Jakarta,083630074869,,2024-05-06,BPJS
PAT00025,Adi Nugroho,820767******,1952-05-04,Male,Jl. Thamrin No. 92,Jakarta,083046990957,O,2023-02-05,BPJS
PAT00026,Joko Gunawan,615318******,1992-07-06,Male,Jl. Diponegoro No. 36,Bekasi,,B,2022-04-09,Perusahaan
PAT00027,Indah Mahendra,901677******,1951-05-07,Female,Jl. Mawar No. 237,Tangerang,089376036819,,2022-04-01,Mandiri
PAT00028,Yoga Setiawan,894586******,1968-05-09,Male,Jl. Diponegoro No. 17,Purwakarta,089528205772,O,2022-10-28,BPJS
PAT00029,Gita Nugroho,548324******,1986-04-28,Female,Jl. Sudirman No. 199,Depok,088835431320,AB,2023-03-19,BPJS
PAT00030,Qori Pranata,722650******,1998-02-06,Female,Jl. Sudirman No. 135,Bogor,083236170837,O,2023-07-25,Umum
PAT00031,Indah Nugroho,643899******,1998-04-03,Female,Jl. Sudirman No. 102,Bandung,,O,2023-11-24,Umum
PAT00032,Vino Wijaya,299072******,1976-02-15,Male,Jl. Mangga No. 113,Indramayu,089093425963,AB,2023-08-03,BPJS
PAT00033,Putri Mahendra,408721******,2005-01-03,Female,Jl. Sudirman No. 236,Jakarta,084881257367,O,2023-07-15,BPJS
PAT00034,Lestari Lesmana,218669******,1966-02-16,Female,Jl. Asia Afrika No. 200,Tangerang,085876105046,,2023-04-27,BPJS
PAT00035,Diah Anggara,126122******,1966-01-18,Female,Jl. Asia Afrika No. 117,Jakarta,084847409832,O,2021-07-04,BPJS
PAT00036,Tika Suryadi,825318******,2008-03-09,Female,Jl. Diponegoro No. 233,Serang,081530618370,A,2023-07-10,Umum
PAT00037,Vino Halim,189450******,1996-12-29,Male,Jl. Mangga No. 182,Bekasi,085981731142,O,2021-03-31,BPJS
PAT00038,Putri Suryadi,692960******,2009-03-03,Female,Jl. Pahlawan No. 221,Jakarta,081621083944,A,2023-05-10,BPJS
PAT00039,Agus Santoso,865630******,2018-12-16,Male,Jl. Pinus No. 247,Bandung,081776083520,,2021-09-27,Mandiri
PAT00040,Dimas Pratama,752801******,2018-09-01,Male,Jl. Merdeka No. 65,Jakarta,087264822511,O,2024-01-19,BPJS
PAT00041,Sari Wardana,617437******,1971-05-05,Female,Jl. Asia Afrika No. 56,Cilegon,088127372046,O,2023-04-20,BPJS
PAT00042,Indra Saputra,730421******,2003-11-03,Male,Jl. Hayam Wuruk No. 2,Tangerang,081891796718,B,2021-10-31,BPJS
PAT00043,Maya Halim,138504******,1963-01-16,Female,Jl. Sudirman No. 219,Bekasi,086576763981,A,2021-04-11,Umum
PAT00044,Yusuf Mahendra,286906******,1964-06-22,Male,Jl. Melati No. 173,Jakarta,,B,2023-07-22,Mandiri
PAT00045,Satria Halim,137581******,1958-05-10,Male,Jl. Melati No. 197,Depok,086681476601,,2023-02-16,BPJS
PAT00046,Rina Mahendra,984274******,1999-05-21,Female,Jl. Melati No. 17,Bandung,,O,2021-10-03,Mandiri
PAT00047,Ratna Permana,445200******,1997-04-14,Female,Jl. Cempaka No. 106,Bekasi,081249900899,A,2023-09-18,Mandiri
PAT00048,Vera Wardana,926471******,2013-05-30,Female,Jl. Cendana No. 74,Bandung,086654275321,AB,2021-09-23,BPJS
PAT00049,Umar Pranata,620509******,1996-08-16,Male,Jl. Jati No. 187,Tangerang,083617377805,AB,2022-02-01,Mandiri
PAT00050,Sari Kusuma,125151******,1991-09-16,Female,Jl. Gatot Subroto No. 161,Depok,087075798574,A,2022-11-15,Mandiri
PAT00051,Aulia Susanto,945197******,2007-03-12,Female,Jl. Merdeka No. 55,Bandung,083751434706,AB,2022-06-06,Umum
PAT00052,Rizki Santoso,414870******,1995-06-17,Male,Jl. Anggrek No. 141,Jakarta,084294379963,A,2022-11-14,BPJS
PAT00053,Vina Gunawan,859584******,2001-01-15,Female,Jl. Merdeka No. 158,Jakarta,084573596487,B,2022-11-08,BPJS
PAT00054,Vina Wibowo,597549******,1953-03-11,Female,Jl. Pahlawan No. 166,Depok,083068007538,O,2024-01-05,BPJS
PAT00055,Vina Anggara,922072******,1987-02-20,Female,Jl. Sudirman No. 238,Depok,083301610601,B,2024-03-28,Mandiri
PAT00056,Ulfa Suryadi,938373******,1981-09-21,Female,Jl. Pahlawan No. 17,Jakarta,085428855031,O,2023-12-31,BPJS
PAT00057,Putri Pranata,735111******,1984-12-13,Female,Jl. Kebon Jeruk No. 48,Bekasi,088979273911,A,2022-07-11,Perusahaan
PAT00058,Galuh Saputra,621199******,1971-04-28,Male,Jl. Pinus No. 96,Jakarta,082299780396,AB,2021-12-25,BPJS
PAT00059,Ratna Halim,923073******,1953-05-10,Female,Jl. Ahmad Yani No. 200,Jakarta,084922824898,O,2023-11-03,BPJS
PAT00060,Dewi Wibowo,624344******,1963-10-28,Female,Jl. Anggrek No. 49,Tangerang,089261957016,AB,2022-11-02,BPJS
PAT00061,Nadia Kusuma,962074******,1996-04-22,Female,Jl. Pahlawan No. 174,Jakarta,085451959254,O,2023-12-06,Umum
PAT00062,Ratna Pratama,426087******,1953-12-13,Female,Jl. Kebon Jeruk No. 176,Jakarta,084744675014,AB,2023-08-15,BPJS
PAT00063,Indah Kusuma,645865******,2018-09-27,Female,Jl. Melati No. 169,Bogor,089686486562,AB,2022-03-06,BPJS
PAT00064,Diah Setiawan,301898******,1975-09-17,Female,Jl. Veteran No. 71,Bandung,085800273809,B,2021-11-19,BPJS
PAT00065,Iwan Kusuma,115997******,2005-11-20,Male,Jl. Cempaka No. 144,Bogor,,,2021-07-29,BPJS
PAT00066,Reza Susanto,467335******,1999-04-15,Male,Jl. Mawar No. 82,Tangerang,082051515688,,2021-05-26,BPJS
PAT00067,Agus Wardana,455193******,1998-07-01,Male,Jl. Sudirman No. 114,Depok,081558663601,O,2021-04-14,Mandiri
PAT00068,Yusuf Gunawan,156413******,1957-09-22,Male,Jl. Mangga No. 110,Tangerang,088298719245,AB,2022-10-02,BPJS
PAT00069,Vina Setiawan,847528******,2018-01-15,Female,Jl. Veteran No. 172,Bekasi,,A,2023-08-12,Mandiri
PAT00070,Rian Hartono,197429******,2012-09-03,Male,Jl. Gatot Subroto No. 120,Jakarta,087251686413,O,2023-08-22,BPJS
PAT00071,Adi Nugroho,250703******,2005-05-07,Male,Jl. Kenanga No. 67,Jakarta,082683957564,,2022-11-08,Umum
PAT00072,Bayu Anggara,611187******,1952-09-18,Male,Jl. Jati No. 17,Purwakarta,085779813535,O,2023-08-03,Umum
PAT00073,Hendra Santoso,905245******,1981-04-11,Male,Jl. Asia Afrika No. 155,Jakarta,085737057771,A,2022-10-30,Perusahaan
PAT00074,Qadir Saputra,930924******,1977-02-07,Male,Jl. Pinus No. 137,Jakarta,082775719463,B,2024-01-28,Mandiri
PAT00075,Putri Wibowo,502460******,1955-12-05,Female,Jl. Ahmad Yani No. 88,Jakarta,087833164976,O,2024-03-07,BPJS
PAT00076,Vina Susanto,827851******,1971-03-10,Female,Jl. Thamrin No. 45,Cilegon,088888773421,A,2024-04-27,Perusahaan
PAT00077,Pipit Anggara,441183******,1999-10-20,Female,Jl. Pinus No. 25,Jakarta,086051628882,,2023-04-12,Mandiri
PAT00078,Rizki Wardana,214027******,2011-07-02,Male,Jl. Kebon Jeruk No. 209,Bekasi,086922377726,,2023-10-10,Mandiri
PAT00079,Wisnu Wijaya,194930******,1969-07-10,Male,Jl. Pahlawan No. 210,Jakarta,085935846979,AB,2023-03-10,BPJS
PAT00080,Qori Pranata,568881******,1967-07-22,Female,Jl. Anggrek No. 53,Depok,088213650687,O,2022-12-07,BPJS
PAT00081,Lestari Pranata,108513******,2004-11-10,Female,Jl. Mangga No. 131,Bekasi,084640572126,,2022-08-26,BPJS
PAT00082,Hadi Halim,675547******,1954-10-07,Male,Jl. Veteran No. 1,Tangerang,082542943951,AB,2021-03-05,Mandiri
PAT00083,Iqbal Mahendra,836333******,2002-12-12,Male,Jl. Anggrek No. 101,Purwakarta,088352011852,O,2023-02-21,BPJS
PAT00084,Erika Susanto,321476******,2009-06-08,Female,Jl. Jati No. 45,Bekasi,081597296237,,2024-02-12,BPJS
PAT00085,Bunga Halim,980764******,1987-06-07,Female,Jl. Melati No. 40,Jakarta,083877911915,,2021-10-03,BPJS
PAT00086,Sari Saputra,779885******,1951-05-30,Female,Jl. Jati No. 37,Serang,088120740945,B,2021-06-23,BPJS
PAT00087,Bambang Mahendra,578180******,2020-10-11,Male,Jl. Kebon Jeruk No. 179,Tangerang,,O,2022-01-04,Umum
PAT00088,Jaya Lesmana,544726******,1999-07-12,Male,Jl. Pinus No. 210,Depok,086947304439,B,2022-01-16,Perusahaan
PAT00089,Hari Wardana,107790******,2001-11-06,Male,Jl. Hayam Wuruk No. 128,Depok,086451389154,AB,2021-03-10,BPJS
PAT00090,Surya Pranata,606743******,2013-03-28,Male,Jl. Gatot Subroto No. 95,Depok,087787202740,,2021-06-13,BPJS
PAT00091,Nadia Lesmana,887042******,2019-11-17,Female,Jl. Pinus No. 72,Jakarta,083220281423,A,2022-05-18,BPJS
PAT00092,Krisna Saputra,817303******,2006-11-07,Male,Jl. Asia Afrika No. 139,Tangerang,084343748592,O,2023-07-19,BPJS
PAT00093,Jihan Wibowo,701846******,2015-11-01,Female,Jl. Cendana No. 85,Bandung,086560341732,B,2021-03-14,BPJS
PAT00094,Vera Wardana,885829******,1977-04-12,Female,Jl. Asia Afrika No. 187,Depok,082118594780,O,2024-03-30,BPJS
PAT00095,Putri Pranata,154127******,2008-11-18,Female,Jl. Kebon Jeruk No. 75,Jakarta,085412211686,O,2021-06-18,Mandiri
PAT00096,Bambang Lesmana,180595******,2020-04-25,Male,Jl. Mawar No. 72,Bogor,086501732573,AB,2021-01-30,Perusahaan
PAT00097,Ahmad Wardana,283095******,2003-02-03,Male,Jl. Pahlawan No. 190,Bandung,088126019200,AB,2021-12-26,Mandiri
PAT00098,Tika Nugroho,608473******,1966-03-22,Female,Jl. Cempaka No. 205,Tangerang,084702323796,AB,2021-06-22,BPJS
PAT00099,Eko Wardana,961639******,1963-10-31,Male,Jl. Jati No. 215,Jakarta,082645689727,O,2021-12-09,Perusahaan
PAT00100,Reza Pranata,870033******,1980-12-16,Male,Jl. Mawar No. 14,Bogor,081498192006,B,2023-08-09,Umum
PAT00101,Faris Wibowo,416006******,1992-09-23,Male,Jl. Veteran No. 192,Jakarta,086298534979,,2023-03-10,BPJS
PAT00102,Krisna Permana,252200******,1997-08-03,Male,Jl. Cendana No. 223,Jakarta,,A,2022-08-15,BPJS
PAT00103,Indra Gunawan,811451******,1978-04-28,Male,Jl. Cempaka No. 247,Bandung,081176169319,AB,2023-06-04,BPJS
PAT00104,Qori Permana,451238******,1974-04-03,Female,Jl. Gatot Subroto No. 69,Jakarta,087803987709,O,2022-05-11,Umum
PAT00105,Zaki Pranata,907924******,1967-06-28,Male,Jl. Anggrek No. 134,Jakarta,085265825306,AB,2024-01-27,Perusahaan
PAT00106,Budi Pratama,972089******,1956-02-05,Male,Jl. Cendana No. 4,Depok,087210274473,B,2022-08-04,BPJS
PAT00107,Galih Setiawan,135695******,1952-02-16,Male,Jl. Thamrin No. 159,Bekasi,,A,2024-05-01,BPJS
PAT00108,Tiara Setiawan,728500******,2007-03-31,Female,Jl. Gatot Subroto No. 32,Bekasi,083597105677,O,2024-03-05,BPJS
PAT00109,Joko Kusuma,829445******,1966-07-13,Male,Jl. Melati No. 65,Bekasi,085020871331,O,2022-07-21,Mandiri
PAT00110,Erika Suryadi,369836******,1964-07-13,Female,Jl. Thamrin No. 200,Karawang,085562919050,O,2022-11-13,BPJS
PAT00111,Hadi Permana,952283******,1973-09-29,Male,Jl. Pinus No. 46,Jakarta,085593031498,,2022-02-15,BPJS
PAT00112,Qori Gunawan,287110******,2007-11-29,Female,Jl. Gatot Subroto No. 126,Tangerang,088596540119,B,2021-08-06,BPJS
PAT00113,Farah Permana,208304******,1953-02-16,Female,Jl. Thamrin No. 19,Jakarta,082915048861,O,2021-11-01,Perusahaan
PAT00114,Salma Pratama,139673******,2009-08-16,Female,Jl. Mawar No. 100,Bekasi,089605842084,O,2023-09-07,Perusahaan
PAT00115,Hari Gunawan,985049******,2015-04-17,Male,Jl. Thamrin No. 200,Depok,,,2024-01-12,Perusahaan
PAT00116,Adi Pratama,503097******,2011-11-02,Male,Jl. Jati No. 210,Depok,089553862785,AB,2022-09-13,BPJS
PAT00117,Faris Wijaya,762985******,2008-01-20,Male,Jl. Kenanga No. 24,Bandung,089422110981,A,2023-07-31,BPJS
PAT00118,Eka Setiawan,285197******,1999-09-30,Female,Jl. Mangga No. 11,Depok,083837831301,AB,2023-03-10,Mandiri
PAT00119,Yusuf Halim,610135******,1957-08-12,Male,Jl. Pinus No. 227,Jakarta,084158193327,B,2021-03-15,BPJS
PAT00120,Dimas Pratama,854701******,2003-03-13,Male,Jl. Jati No. 62,Jakarta,082669743840,,2024-01-13,BPJS
PAT00121,Salma Santoso,623956******,1997-11-26,Female,Jl. Pinus No. 248,Bandung,081070516000,AB,2021-04-25,Mandiri
PAT00122,Vina Wijaya,525205******,1960-08-08,Female,Jl. Cempaka No. 55,Karawang,083488270884,A,2021-03-17,BPJS
PAT00123,Eko Wibowo,785592******,1951-09-17,Male,Jl. Kebon Jeruk No. 121,Bandung,,A,2022-05-13,BPJS
PAT00124,Vera Hartono,115063******,1965-06-15,Female,Jl. Sudirman No. 162,Indramayu,089180462510,A,2023-07-24,BPJS
PAT00125,Umar Hidayat,975930******,2003-01-10,Male,Jl. Gatot Subroto No. 17,Bandung,085785365297,,2024-05-03,Mandiri
PAT00126,Umar Nugroho,166175******,1968-03-07,Male,Jl. Anggrek No. 110,Sukabumi,088208663809,AB,2021-09-05,BPJS
PAT00127,Zaki Pranata,672401******,1962-04-28,Male,Jl. Ahmad Yani No. 83,Bogor,084282333775,B,2022-11-19,BPJS
PAT00128,Rizki Kusuma,387198******,1962-09-03,Male,Jl. Cendana No. 194,Bogor,086003663209,B,2024-04-06,BPJS
PAT00129,Surya Hartono,204823******,2020-12-20,Male,Jl. Kebon Jeruk No. 217,Jakarta,081677546830,O,2021-06-15,BPJS
PAT00130,Sari Pratama,288128******,1957-12-30,Female,Jl. Asia Afrika No. 181,Bekasi,089104238818,,2023-05-03,Mandiri
PAT00131,Vera Wibowo,825990******,1961-05-21,Female,Jl. Pahlawan No. 53,Jakarta,088042997784,O,2023-04-24,Mandiri
PAT00132,Mega Hidayat,740195******,2012-01-20,Female,Jl. Kebon Jeruk No. 10,Purwakarta,085081499111,AB,2022-12-14,BPJS
PAT00133,Galuh Pratama,684801******,1971-02-21,Male,Jl. Gatot Subroto No. 50,Tangerang,085195287460,AB,2024-01-11,BPJS
PAT00134,Naufal Nugroho,586765******,2019-02-10,Male,Jl. Ahmad Yani No. 161,Indramayu,082187243159,B,2021-08-19,BPJS
PAT00135,Nadia Wibowo,621682******,1965-10-26,Female,Jl. Sudirman No. 41,Jakarta,089821981414,AB,2022-08-07,BPJS
PAT00136,Reza Mahendra,363592******,1979-12-29,Male,Jl. Pinus No. 158,Tangerang,081186047172,A,2024-01-06,BPJS
PAT00137,Anggi Hidayat,923648******,1952-08-10,Female,Jl. Cempaka No. 125,Jakarta,081498495745,,2022-04-27,BPJS
PAT00138,Farah Pranata,707924******,1979-03-31,Female,Jl. Ahmad Yani No. 108,Jakarta,089153448896,B,2021-08-14,BPJS
PAT00139,Bayu Nugroho,202827******,1971-04-10,Male,Jl. Cendana No. 189,Jakarta,084736133245,O,2022-03-28,BPJS
PAT00140,Rizki Wibowo,713513******,1993-06-17,Male,Jl. Cendana No. 14,Sukabumi,081622518030,O,2021-12-31,BPJS
PAT00141,Bunga Halim,243030******,1991-01-25,Female,Jl. Ahmad Yani No. 185,Jakarta,088009477336,AB,2022-02-19,BPJS
PAT00142,Vina Hartono,133653******,2012-02-07,Female,Jl. Sudirman No. 146,Bekasi,082205185682,,2021-08-16,Umum
PAT00143,Jaya Anggara,538539******,1965-05-11,Male,Jl. Anggrek No. 195,Jakarta,084889428336,B,2021-06-27,BPJS
PAT00144,Galuh Lesmana,612977******,1969-06-02,Male,Jl. Jati No. 152,Bekasi,088889807790,AB,2021-01-30,BPJS
PAT00145,Erika Nugroho,359870******,1979-05-13,Female,Jl. Asia Afrika No. 112,Tangerang,085064122912,,2024-03-20,BPJS
PAT00146,Budi Mahendra,146372******,1953-08-05,Male,Jl. Cempaka No. 121,Bandung,085439366473,,2023-12-24,Mandiri
PAT00147,Faris Wibowo,949049******,2012-07-01,Male,Jl. Gatot Subroto No. 211,Purwakarta,,O,2023-10-12,BPJS
PAT00148,Iqbal Saputra,685616******,2017-07-24,Male,Jl. Cendana No. 4,Jakarta,085079935036,B,2023-01-05,BPJS
PAT00149,Eka Nugroho,779099******,1958-02-21,Female,Jl. Jati No. 5,Tangerang,088168453360,B,2023-07-30,BPJS
PAT00150,Nia Pranata,125599******,1990-10-22,Female,Jl. Pahlawan No. 119,Jakarta,082741009563,AB,2023-08-09,Perusahaan
PAT00151,Vino Pratama,757776******,1956-05-05,Male,Jl. Anggrek No. 99,Bandung,083280285467,AB,2023-05-23,BPJS
PAT00152,Iwan Wardana,668784******,2001-08-10,Male,Jl. Ahmad Yani No. 204,Jakarta,089937651021,AB,2021-04-23,BPJS
PAT00153,Jihan Halim,154067******,1959-12-16,Female,Jl. Kenanga No. 99,Jakarta,085470521233,AB,2021-12-25,Mandiri
PAT00154,Wisnu Susanto,839113******,1956-01-05,Male,Jl. Ahmad Yani No. 144,Bogor,082438512030,A,2023-09-07,BPJS
PAT00155,Olivia Setiawan,889759******,2016-11-02,Female,Jl. Hayam Wuruk No. 195,Tangerang,086671348907,AB,2023-10-29,BPJS
PAT00156,Ulfa Mahendra,390607******,1954-11-20,Female,Jl. Kenanga No. 17,Sukabumi,086777704180,O,2023-10-24,Perusahaan
PAT00157,Kartika Kusuma,593002******,2013-09-06,Female,Jl. Veteran No. 137,Bogor,089158080779,O,2023-01-24,Perusahaan
PAT00158,Zaki Saputra,297503******,1991-01-29,Male,Jl. Thamrin No. 23,Jakarta,086062958224,A,2021-08-12,BPJS
PAT00159,Hendra Permana,217466******,2012-07-15,Male,Jl. Jati No. 38,Serang,085392421278,,2023-05-04,BPJS
PAT00160,Ulfa Susanto,238440******,1992-07-07,Female,Jl. Cendana No. 89,Bandung,083768898601,,2022-08-21,Mandiri
PAT00161,Dimas Saputra,123107******,1970-11-04,Male,Jl. Cempaka No. 214,Depok,088063812593,,2023-04-24,Umum
PAT00162,Satria Suryadi,787614******,2007-12-17,Male,Jl. Anggrek No. 202,Bogor,087650622478,O,2022-09-15,Mandiri
PAT00163,Nia Hartono,927691******,1977-07-01,Female,Jl. Mawar No. 44,Depok,086268988303,AB,2022-08-14,Perusahaan
PAT00164,Hadi Hartono,470274******,1975-07-07,Male,Jl. Diponegoro No. 117,Jakarta,087594134964,,2022-01-09,BPJS
PAT00165,Anggi Hartono,269087******,1971-05-06,Female,Jl. Sudirman No. 30,Bandung,,AB,2024-03-22,BPJS
PAT00166,Bambang Anggara,373056******,1983-03-02,Male,Jl. Ahmad Yani No. 48,Jakarta,089738923086,AB,2022-12-06,Mandiri
PAT00167,Eko Halim,570211******,1998-06-08,Male,Jl. Diponegoro No. 250,Bogor,087586946365,A,2021-02-21,BPJS
PAT00168,Faris Wibowo,905849******,1963-01-16,Male,Jl. Pinus No. 243,Bogor,089279886445,B,2021-01-09,BPJS
PAT00169,Lina Lesmana,447372******,2008-01-25,Female,Jl. Melati No. 181,Bogor,087193796102,A,2023-09-08,Umum
PAT00170,Indah Hartono,810943******,1999-06-06,Female,Jl. Melati No. 30,Jakarta,085401463562,B,2023-07-03,Mandiri
PAT00171,Aulia Saputra,442220******,1954-12-09,Female,Jl. Ahmad Yani No. 156,Tangerang,082193688100,A,2021-06-21,BPJS
PAT00172,Lina Anggara,809952******,2010-04-01,Female,Jl. Thamrin No. 246,Tangerang,082694036518,O,2022-10-13,Umum
PAT00173,Taufik Wardana,636405******,1955-01-11,Male,Jl. Kenanga No. 233,Jakarta,082707498619,O,2023-01-28,Mandiri
PAT00174,Bunga Halim,112782******,1975-07-16,Female,Jl. Kenanga No. 89,Jakarta,083409618453,B,2023-06-29,BPJS
PAT00175,Devi Anggara,402654******,1964-09-11,Female,Jl. Cendana No. 207,Bandung,082778948768,A,2021-10-22,BPJS
PAT00176,Yuli Santoso,597667******,1997-02-16,Female,Jl. Thamrin No. 86,Bogor,082613930214,A,2023-04-19,Mandiri
PAT00177,Ririn Permana,534649******,1965-09-09,Female,Jl. Pinus No. 143,Sukabumi,081588097152,B,2023-02-21,BPJS
PAT00178,Wahyu Susanto,614416******,1953-10-15,Male,Jl. Melati No. 211,Bogor,086600269620,O,2022-04-05,BPJS
PAT00179,Andi Pratama,261505******,1973-07-26,Male,Jl. Jati No. 77,Jakarta,086530582285,B,2023-10-05,BPJS
PAT00180,Vera Nugroho,129824******,1960-09-16,Female,Jl. Mawar No. 196,Depok,085168804062,AB,2024-04-05,Perusahaan
PAT00181,Krisna Pranata,557250******,1973-02-20,Male,Jl. Jati No. 161,Bandung,084514489277,AB,2023-11-16,BPJS
PAT00182,Nia Pratama,986340******,1973-04-14,Female,Jl. Asia Afrika No. 42,Bogor,081251300243,AB,2023-08-03,BPJS
PAT00183,Vera Hartono,474745******,1964-08-26,Female,Jl. Mawar No. 14,Cilegon,086846152492,AB,2021-04-10,BPJS
PAT00184,Eka Santoso,655338******,2007-04-28,Female,Jl. Thamrin No. 240,Tangerang,,B,2022-01-11,BPJS
PAT00185,Yusuf Wardana,889188******,1964-12-29,Male,Jl. Anggrek No. 140,Depok,,AB,2022-09-09,BPJS
PAT00186,Iwan Halim,200488******,1997-12-11,Male,Jl. Kenanga No. 149,Karawang,084536110214,A,2021-10-08,BPJS
PAT00187,Oki Santoso,491133******,2019-11-14,Male,Jl. Cendana No. 125,Bandung,084911804606,A,2022-03-23,Perusahaan
PAT00188,Eko Lesmana,331854******,1966-11-27,Male,Jl. Veteran No. 204,Karawang,,A,2023-05-05,Perusahaan
PAT00189,Gita Saputra,222227******,1961-10-10,Female,Jl. Merdeka No. 237,Cilegon,087354482425,,2022-10-01,BPJS
PAT00190,Arif Hartono,956727******,1989-08-25,Male,Jl. Kebon Jeruk No. 228,Jakarta,089461564269,B,2022-09-16,BPJS
PAT00191,Dewi Kusuma,333159******,1961-07-19,Female,Jl. Pahlawan No. 220,Bogor,083955140035,AB,2021-09-14,BPJS
PAT00192,Yuli Hartono,182423******,1988-02-11,Female,Jl. Gatot Subroto No. 177,Jakarta,081333870589,O,2023-06-03,BPJS
PAT00193,Indah Setiawan,213054******,1952-12-10,Female,Jl. Cempaka No. 204,Jakarta,,A,2023-08-19,Mandiri
PAT00194,Ratna Permana,145383******,1955-12-11,Female,Jl. Merdeka No. 78,Bogor,084240768756,,2021-09-11,BPJS
PAT00195,Taufik Setiawan,716146******,1967-12-12,Male,Jl. Kenanga No. 48,Depok,081125666952,B,2022-07-23,BPJS
PAT00196,Olivia Halim,469311******,1964-05-28,Female,Jl. Cempaka No. 219,Bogor,083632627835,,2023-11-01,BPJS
PAT00197,Rian Saputra,203919******,2001-11-13,Male,Jl. Merdeka No. 196,Jakarta,083271345114,B,2022-08-01,BPJS
PAT00198,Putri Susanto,104539******,2015-01-28,Female,Jl. Ahmad Yani No. 26,Tangerang,087333854872,,2024-04-22,Mandiri
PAT00199,Anggi Anggara,806242******,1959-08-18,Female,Jl. Kenanga No. 47,Sukabumi,089509623540,,2023-05-19,BPJS
PAT00200,Yuli Lesmana,338607******,1986-07-26,Female,Jl. Anggrek No. 29,Tangerang,085825891409,A,2023-12-01,BPJS
PAT00201,Wulan Wibowo,899301******,1982-05-30,Female,Jl. Melati No. 181,Bekasi,081174412453,AB,2023-10-09,BPJS
PAT00202,Ahmad Gunawan,397388******,1990-12-30,Male,Jl. Melati No. 154,Jakarta,088907422108,B,2024-02-09,BPJS
PAT00203,Galuh Santoso,996915******,1988-05-24,Male,Jl. Thamrin No. 49,Jakarta,088741405405,,2023-01-23,Mandiri
PAT00204,Anggi Pratama,806906******,1994-02-09,Female,Jl. Gatot Subroto No. 173,Tangerang,086997362444,A,2021-09-02,BPJS
PAT00205,Nadia Gunawan,520085******,2012-05-09,Female,Jl. Gatot Subroto No. 152,Karawang,081724660700,AB,2022-02-12,Mandiri
PAT00206,Vina Setiawan,723861******,1986-04-09,Female,Jl. Hayam Wuruk No. 32,Jakarta,088894618608,O,2022-07-25,BPJS
PAT00207,Winda Pranata,722487******,1974-06-28,Female,Jl. Mangga No. 194,Bogor,086824393594,O,2023-09-20,BPJS
PAT00208,Jihan Permana,254532******,2018-11-25,Female,Jl. Gatot Subroto No. 117,Karawang,085819769602,,2023-09-30,BPJS
PAT00209,Intan Nugroho,758894******,1962-01-28,Female,Jl. Gatot Subroto No. 8,Cilegon,084168819811,A,2023-10-18,BPJS
PAT00210,Zaki Pratama,287795******,1984-04-30,Male,Jl. Anggrek No. 155,Bandung,,B,2022-09-13,BPJS
PAT00211,Qori Wardana,201013******,2018-03-14,Female,Jl. Cempaka No. 20,Bekasi,088591664389,O,2022-02-18,Mandiri
PAT00212,Wahyu Wibowo,614064******,1995-04-16,Male,Jl. Veteran No. 67,Depok,083347715190,A,2023-06-01,BPJS
PAT00213,Ratna Gunawan,571980******,1978-03-22,Female,Jl. Mangga No. 219,Indramayu,087195731459,A,2021-03-09,BPJS
PAT00214,Joko Susanto,791442******,2019-12-03,Male,Jl. Diponegoro No. 78,Cirebon,087405856143,,2021-10-03,Mandiri
PAT00215,Agus Gunawan,611133******,2018-07-18,Male,Jl. Asia Afrika No. 29,Jakarta,088194175806,O,2023-09-02,Umum
PAT00216,Mira Hidayat,631297******,1955-01-01,Female,Jl. Mawar No. 101,Depok,089464825444,AB,2022-08-06,BPJS
PAT00217,Bayu Wijaya,129514******,2002-12-22,Male,Jl. Pahlawan No. 12,Bandung,088889572098,,2022-12-16,BPJS
PAT00218,Olivia Pratama,902364******,2006-02-01,Female,Jl. Mangga No. 88,Bekasi,085713082583,AB,2023-01-02,Perusahaan
PAT00219,Galuh Halim,159191******,2009-04-28,Male,Jl. Hayam Wuruk No. 63,Bandung,083954899995,AB,2021-08-23,BPJS
PAT00220,Vina Hidayat,120669******,1998-04-21,Female,Jl. Sudirman No. 84,Jakarta,,,2023-08-02,BPJS
PAT00221,Yoga Mahendra,695642******,1996-03-07,Male,Jl. Cendana No. 231,Bekasi,082145119397,O,2024-04-19,Mandiri
PAT00222,Dewi Suryadi,496086******,2001-03-03,Female,Jl. Anggrek No. 100,Bekasi,083459034771,O,2021-07-24,Mandiri
PAT00223,Zaki Setiawan,452287******,1994-07-25,Male,Jl. Anggrek No. 129,Bekasi,086581399749,O,2022-02-18,Mandiri
PAT00224,Maulana Saputra,981202******,1998-01-27,Male,Jl. Melati No. 55,Tangerang,082138832493,AB,2024-03-20,Mandiri
PAT00225,Cindy Nugroho,754911******,2016-08-24,Female,Jl. Thamrin No. 246,Serang,083483321097,AB,2022-07-14,BPJS
PAT00226,Rina Pranata,940104******,1997-08-23,Female,Jl. Cendana No. 122,Purwakarta,086195790140,A,2022-09-11,BPJS
PAT00227,Naufal Santoso,553939******,2009-07-10,Male,Jl. Anggrek No. 139,Jakarta,086154291401,,2023-04-04,BPJS
PAT00228,Galih Wardana,640403******,1990-08-30,Male,Jl. Veteran No. 172,Purwakarta,089669835245,B,2024-03-27,BPJS
PAT00229,Intan Setiawan,792905******,2016-08-02,Female,Jl. Pinus No. 241,Bandung,089189797508,A,2023-12-06,BPJS
PAT00230,Citra Halim,584952******,1963-04-04,Female,Jl. Pahlawan No. 62,Bandung,088582893964,O,2023-04-21,BPJS
PAT00231,Diah Saputra,764721******,1968-04-06,Female,Jl. Cendana No. 217,Depok,085984671649,B,2023-04-12,Mandiri
PAT00232,Mega Kusuma,257246******,1967-03-21,Female,Jl. Hayam Wuruk No. 8,Bekasi,,AB,2023-08-09,BPJS
PAT00233,Maulana Susanto,557318******,1987-11-11,Male,Jl. Sudirman No. 166,Jakarta,081867542631,AB,2021-10-07,BPJS
PAT00234,Andi Permana,928028******,1974-12-03,Male,Jl. Veteran No. 169,Bandung,084661549914,O,2021-02-10,BPJS
PAT00235,Maya Saputra,429153******,2003-12-22,Female,Jl. Thamrin No. 77,Jakarta,085682829864,B,2022-04-29,Mandiri
PAT00236,Ahmad Pranata,870158******,1994-11-18,Male,Jl. Gatot Subroto No. 239,Karawang,086376474657,A,2022-05-03,BPJS
PAT00237,Pipit Kusuma,910749******,1978-02-12,Female,Jl. Asia Afrika No. 85,Bogor,088461373338,B,2023-05-17,BPJS
PAT00238,Reza Hartono,212002******,1965-09-18,Male,Jl. Mawar No. 55,Bekasi,087182499837,AB,2024-04-22,BPJS
PAT00239,Maya Wibowo,659383******,1983-08-14,Female,Jl. Gatot Subroto No. 180,Sukabumi,087115094199,B,2022-07-23,BPJS
PAT00240,Eko Halim,598306******,2014-03-17,Male,Jl. Melati No. 95,Depok,089680447616,A,2021-04-22,BPJS
PAT00241,Yoga Nugroho,365271******,1999-08-03,Male,Jl. Melati No. 99,Bekasi,088304093560,A,2024-01-01,BPJS
PAT00242,Mega Anggara,507341******,1950-09-15,Female,Jl. Mangga No. 233,Bandung,089237432443,AB,2021-07-04,Perusahaan
PAT00243,Mega Santoso,320606******,1964-05-17,Female,Jl. Pinus No. 235,Bogor,088006606505,O,2021-03-11,BPJS
PAT00244,Iwan Saputra,963185******,2019-12-06,Male,Jl. Jati No. 241,Bogor,088907736885,O,2021-07-25,Mandiri
PAT00245,Hendra Permana,630930******,1955-12-15,Male,Jl. Cendana No. 91,Bogor,088463731970,O,2021-02-26,BPJS
PAT00246,Maya Hidayat,760766******,1989-10-12,Female,Jl. Pahlawan No. 203,Jakarta,,A,2023-04-01,BPJS
PAT00247,Dimas Santoso,428961******,2001-08-29,Male,Jl. Gatot Subroto No. 22,Depok,081677842235,,2023-11-24,Perusahaan
PAT00248,Winda Hartono,988102******,2003-04-17,Female,Jl. Cendana No. 176,Depok,086666776123,O,2021-10-01,BPJS
PAT00249,Galih Hidayat,820861******,2003-03-16,Male,Jl. Anggrek No. 212,Bandung,088728916782,B,2021-06-22,Mandiri
PAT00250,Galuh Halim,290724******,1985-04-21,Male,Jl. Mangga No. 225,Depok,,B,2021-02-12,BPJS
PAT00251,Andi Susanto,778540******,2004-11-27,Male,Jl. Hayam Wuruk No. 161,Bekasi,,A,2023-08-06,Mandiri
PAT00252,Citra Permana,835325******,1965-02-20,Female,Jl. Mangga No. 13,Karawang,087949274479,AB,2021-11-02,BPJS
PAT00253,Lestari Halim,278386******,2000-11-21,Female,Jl. Merdeka No. 31,Tangerang,088188100401,A,2022-04-05,BPJS
PAT00254,Winda Setiawan,299800******,2020-03-02,Female,Jl. Melati No. 69,Jakarta,088500915689,O,2021-09-24,Umum
PAT00255,Hari Setiawan,729232******,1969-05-04,Male,Jl. Melati No. 211,Tangerang,086108275915,B,2023-04-17,Umum
PAT00256,Nadia Pratama,404289******,1973-06-27,Female,Jl. Kebon Jeruk No. 61,Bekasi,086361484825,O,2021-06-25,BPJS
PAT00257,Sari Wibowo,239675******,1979-01-01,Female,Jl. Mangga No. 250,Bandung,,B,2023-02-25,BPJS
PAT00258,Hari Wardana,368672******,1956-07-21,Male,Jl. Veteran No. 25,Indramayu,,A,2021-04-17,BPJS
PAT00259,Vina Nugroho,593808******,1981-10-14,Female,Jl. Kebon Jeruk No. 156,Bogor,084478291959,A,2022-06-04,Umum
PAT00260,Jihan Wardana,499442******,1977-02-20,Female,Jl. Kenanga No. 102,Bekasi,089766565058,B,2022-06-18,BPJS
PAT00261,Putri Lesmana,616780******,1980-06-06,Female,Jl. Pinus No. 225,Bandung,081566590088,AB,2023-12-23,BPJS
PAT00262,Erika Hartono,373055******,1960-06-25,Female,Jl. Sudirman No. 81,Tangerang,085202696802,O,2022-07-30,BPJS
PAT00263,Arif Mahendra,396668******,1973-08-13,Male,Jl. Mawar No. 157,Bandung,087515348075,O,2021-12-04,BPJS
PAT00264,Bayu Wibowo,900771******,1963-07-28,Male,Jl. Pinus No. 143,Jakarta,081228587581,B,2021-04-22,Mandiri
PAT00265,Adi Hidayat,137604******,1992-03-10,Male,Jl. Diponegoro No. 67,Jakarta,088327054707,O,2021-08-26,BPJS
PAT00266,Maulana Wijaya,562966******,1981-12-26,Male,Jl. Veteran No. 182,Karawang,087378883336,,2023-10-07,BPJS
PAT00267,Ratna Hartono,229660******,1981-05-13,Female,Jl. Ahmad Yani No. 24,Sukabumi,089023742403,B,2021-12-11,BPJS
PAT00268,Jihan Permana,690607******,2009-06-29,Female,Jl. Ahmad Yani No. 150,Karawang,085173107724,B,2023-05-03,Mandiri
PAT00269,Rizki Nugroho,905572******,1994-09-09,Male,Jl. Gatot Subroto No. 174,Jakarta,089106182535,A,2022-08-06,BPJS
PAT00270,Ulfa Kusuma,513316******,1983-07-07,Female,Jl. Gatot Subroto No. 152,Depok,088889757029,B,2021-03-01,BPJS
PAT00271,Lestari Anggara,971051******,2013-06-29,Female,Jl. Jati No. 169,Cirebon,089397526641,A,2022-11-06,BPJS
PAT00272,Indah Wardana,575111******,1979-02-24,Female,Jl. Asia Afrika No. 243,Bandung,081555426027,A,2022-08-03,Perusahaan
PAT00273,Bayu Wijaya,879930******,1956-05-06,Male,Jl. Kebon Jeruk No. 141,Jakarta,082638061586,O,2022-06-07,Mandiri
PAT00274,Anggi Nugroho,908323******,1985-10-15,Female,Jl. Merdeka No. 23,Bogor,084660797484,B,2023-03-07,BPJS
PAT00275,Cindy Santoso,778604******,2017-07-07,Female,Jl. Pahlawan No. 245,Bogor,085812948894,O,2023-06-05,BPJS
PAT00276,Agus Wardana,237664******,1982-03-19,Male,Jl. Gatot Subroto No. 171,Purwakarta,,AB,2023-11-16,BPJS
PAT00277,Citra Wibowo,567080******,1984-10-25,Female,Jl. Mawar No. 122,Bandung,082817074316,,2023-05-16,Mandiri
PAT00278,Amelia Wardana,295408******,1988-12-11,Female,Jl. Cendana No. 162,Purwakarta,081399206328,AB,2023-08-08,BPJS
PAT00279,Zaki Nugroho,779068******,2011-07-26,Male,Jl. Pahlawan No. 183,Bandung,089292154271,A,2022-08-19,Umum
PAT00280,Gita Mahendra,183029******,1992-11-06,Female,Jl. Pahlawan No. 77,Bandung,085227047686,AB,2022-05-25,Mandiri
PAT00281,Kartika Mahendra,409834******,2001-01-02,Female,Jl. Veteran No. 13,Tangerang,089783615735,A,2023-11-12,BPJS
PAT00282,Hari Mahendra,199074******,1991-09-08,Male,Jl. Asia Afrika No. 170,Cilegon,088786023064,AB,2022-06-06,BPJS
PAT00283,Satria Saputra,905984******,1995-03-02,Male,Jl. Gatot Subroto No. 5,Jakarta,082988049941,B,2023-03-16,Mandiri
PAT00284,Indah Saputra,536471******,2013-03-12,Female,Jl. Anggrek No. 77,Depok,088173711511,,2022-06-27,Umum
PAT00285,Vina Hidayat,321321******,1966-08-09,Female,Jl. Kebon Jeruk No. 21,Bogor,083892268633,O,2023-12-31,BPJS
PAT00286,Dewi Pratama,514118******,1960-06-20,Female,Jl. Diponegoro No. 4,Bandung,088111611033,O,2023-04-10,BPJS
PAT00287,Yoga Wardana,861173******,1993-08-31,Male,Jl. Kebon Jeruk No. 78,Bekasi,087943866175,O,2022-09-12,BPJS
PAT00288,Faisal Hartono,241677******,1951-03-31,Male,Jl. Gatot Subroto No. 49,Karawang,084504556843,B,2021-02-24,BPJS
PAT00289,Yuli Wibowo,780130******,1963-01-09,Female,Jl. Hayam Wuruk No. 167,Bandung,081819971340,AB,2023-08-08,Perusahaan
PAT00290,Eko Wibowo,542372******,1951-12-16,Male,Jl. Diponegoro No. 30,Jakarta,084875844373,O,2023-09-21,BPJS
PAT00291,Hesti Pratama,571351******,2002-07-03,Female,Jl. Ahmad Yani No. 63,Jakarta,082682482133,AB,2021-01-17,BPJS
PAT00292,Yusuf Mahendra,535878******,1994-06-22,Male,Jl. Asia Afrika No. 189,Depok,082248867120,O,2023-03-30,BPJS
PAT00293,Intan Lesmana,719749******,2015-01-04,Female,Jl. Jati No. 157,Jakarta,089850659228,A,2023-05-15,BPJS
PAT00294,Nia Suryadi,680130******,1955-09-13,Female,Jl. Cendana No. 69,Bogor,089113797058,A,2023-10-11,BPJS
PAT00295,Umar Halim,570103******,2012-07-30,Male,Jl. Merdeka No. 112,Bekasi,085987889148,B,2023-08-20,BPJS
PAT00296,Rendra Anggara,343377******,1995-07-18,Male,Jl. Asia Afrika No. 57,Jakarta,088116581001,B,2022-08-24,Umum
PAT00297,Winda Gunawan,537110******,2010-05-22,Female,Jl. Kenanga No. 168,Depok,088713643842,B,2022-03-01,BPJS
PAT00298,Wahyu Saputra,799459******,1993-04-28,Male,Jl. Diponegoro No. 34,Jakarta,081856778208,O,2021-07-26,BPJS
PAT00299,Galuh Wibowo,418402******,1971-01-22,Male,Jl. Veteran No. 54,Indramayu,085372837607,AB,2023-01-02,BPJS
PAT00300,Zaki Hidayat,283201******,1995-03-03,Male,Jl. Thamrin No. 9,Bandung,,AB,2023-06-01,BPJS
PAT00301,Ratna Wardana,337701******,1960-10-29,Female,Jl. Hayam Wuruk No. 144,Tangerang,087383890366,AB,2022-12-29,Perusahaan
PAT00302,Surya Susanto,380484******,1963-07-25,Male,Jl. Cempaka No. 219,Bekasi,089359156230,O,2021-08-16,Perusahaan
PAT00303,Fitri Wardana,739270******,2020-03-03,Female,Jl. Gatot Subroto No. 220,Jakarta,089770191959,A,2021-12-09,BPJS
PAT00304,Vino Kusuma,315363******,1982-06-12,Male,Jl. Melati No. 41,Depok,088336505786,O,2021-07-23,BPJS
PAT00305,Eko Halim,450861******,1962-05-12,Male,Jl. Ahmad Yani No. 32,Jakarta,084302972301,B,2023-08-29,Perusahaan
PAT00306,Doni Santoso,629554******,1965-05-13,Male,Jl. Mawar No. 22,Tangerang,088537002793,AB,2022-05-18,BPJS
PAT00307,Nadia Lesmana,542207******,2020-08-16,Female,Jl. Pahlawan No. 59,Depok,088738537544,O,2023-04-19,BPJS
PAT00308,Gita Lesmana,933206******,2011-03-16,Female,Jl. Merdeka No. 93,Bekasi,082900861022,A,2023-11-26,Umum
PAT00309,Rizki Saputra,454737******,1978-03-30,Male,Jl. Diponegoro No. 103,Cirebon,,O,2021-05-06,BPJS
PAT00310,Cindy Wijaya,792244******,2007-07-20,Female,Jl. Asia Afrika No. 39,Jakarta,086565094025,O,2024-02-08,Mandiri
PAT00311,Agus Suryadi,460875******,1950-09-16,Male,Jl. Mawar No. 212,Depok,087029868098,B,2024-01-20,Mandiri
PAT00312,Qori Wardana,783710******,1989-09-01,Female,Jl. Kenanga No. 179,Karawang,,O,2022-02-09,Mandiri
PAT00313,Yanti Saputra,138766******,1998-03-20,Female,Jl. Mangga No. 86,Bekasi,082219460880,A,2023-11-14,BPJS
PAT00314,Mira Santoso,646660******,1980-07-26,Female,Jl. Diponegoro No. 194,Serang,081100595644,AB,2022-05-10,Perusahaan
PAT00315,Agus Mahendra,629818******,1959-11-28,Male,Jl. Sudirman No. 188,Jakarta,088909540656,AB,2023-11-06,BPJS
PAT00316,Rendra Kusuma,150051******,2017-11-15,Male,Jl. Gatot Subroto No. 167,Bekasi,,,2023-07-09,BPJS
PAT00317,Yanti Pranata,872652******,1950-06-20,Female,Jl. Anggrek No. 117,Jakarta,085221740529,,2024-04-06,Perusahaan
PAT00318,Rian Susanto,985517******,2003-06-06,Male,Jl. Kenanga No. 60,Bogor,,,2022-09-05,Mandiri
PAT00319,Eka Pranata,805097******,1962-07-23,Female,Jl. Mangga No. 183,Jakarta,082063577070,AB,2023-11-24,BPJS
PAT00320,Satria Setiawan,962813******,2019-11-06,Male,Jl. Pinus No. 93,Tangerang,081420854556,,2023-05-22,BPJS
PAT00321,Devi Saputra,196729******,1955-07-31,Female,Jl. Pahlawan No. 109,Jakarta,083045491387,O,2021-06-09,Perusahaan
PAT00322,Arif Lesmana,522317******,2002-10-10,Male,Jl. Cempaka No. 144,Depok,088639993987,AB,2024-04-11,BPJS
PAT00323,Intan Mahendra,561457******,2011-10-25,Female,Jl. Jati No. 239,Jakarta,,O,2021-11-30,BPJS
PAT00324,Nadia Lesmana,233299******,1993-06-28,Female,Jl. Pinus No. 183,Bekasi,086208260061,,2023-08-28,BPJS
PAT00325,Surya Hidayat,686181******,1983-02-19,Male,Jl. Gatot Subroto No. 236,Depok,,O,2021-08-14,Mandiri
PAT00326,Ratna Halim,699538******,1975-12-25,Female,Jl. Cempaka No. 11,Tangerang,081658437876,AB,2022-09-17,BPJS
PAT00327,Arif Santoso,408261******,1993-08-05,Male,Jl. Pahlawan No. 8,Depok,087827384148,A,2022-09-17,Mandiri
PAT00328,Eka Setiawan,291970******,2016-05-11,Female,Jl. Merdeka No. 126,Bogor,082497435811,A,2023-05-06,BPJS
PAT00329,Hesti Pranata,424745******,2000-10-03,Female,Jl. Anggrek No. 116,Depok,088650837203,,2023-09-01,BPJS
PAT00330,Taufik Hartono,898963******,1962-06-06,Male,Jl. Pinus No. 130,Bekasi,088566352759,O,2021-11-02,BPJS
PAT00331,Diah Saputra,938663******,2006-01-19,Female,Jl. Kebon Jeruk No. 171,Tangerang,087054307581,B,2023-03-21,Mandiri
PAT00332,Doni Susanto,148045******,2010-02-24,Male,Jl. Pinus No. 228,Jakarta,088455688681,A,2021-12-06,BPJS
PAT00333,Winda Pratama,699780******,2006-07-13,Female,Jl. Melati No. 204,Jakarta,083402402094,B,2024-01-15,BPJS
PAT00334,Rian Wijaya,697944******,1996-10-22,Male,Jl. Jati No. 49,Bandung,081080161578,B,2021-02-08,Perusahaan
PAT00335,Iwan Setiawan,357201******,2013-04-21,Male,Jl. Asia Afrika No. 215,Bandung,082907951048,AB,2023-04-03,BPJS
PAT00336,Olivia Wijaya,615346******,1952-02-02,Female,Jl. Cendana No. 88,Depok,086070243272,A,2023-12-18,Mandiri
PAT00337,Bayu Gunawan,369670******,1958-03-02,Male,Jl. Gatot Subroto No. 30,Sukabumi,083326924276,AB,2021-10-22,Mandiri
PAT00338,Joko Permana,905625******,1958-01-15,Male,Jl. Melati No. 40,Bogor,089384483661,B,2021-05-01,BPJS
PAT00339,Qori Suryadi,290272******,1952-06-09,Female,Jl. Sudirman No. 183,Bekasi,086574972074,A,2022-10-18,BPJS
PAT00340,Nadia Mahendra,439966******,1973-02-20,Female,Jl. Gatot Subroto No. 97,Depok,081222814829,B,2024-05-07,Mandiri
PAT00341,Olivia Nugroho,616926******,1995-08-19,Female,Jl. Cempaka No. 193,Tangerang,085789238017,A,2022-10-14,Umum
PAT00342,Gita Susanto,526850******,1955-11-15,Female,Jl. Merdeka No. 124,Depok,084806010595,,2022-07-06,Umum
PAT00343,Qadir Pranata,807890******,1959-02-09,Male,Jl. Veteran No. 64,Bogor,,B,2022-09-16,Umum
PAT00344,Rian Mahendra,567646******,1957-07-12,Male,Jl. Cempaka No. 217,Tangerang,085157148297,AB,2024-01-12,Umum
PAT00345,Hendra Nugroho,663646******,1988-01-07,Male,Jl. Veteran No. 247,Depok,082940217134,A,2023-08-10,BPJS
PAT00346,Umar Santoso,784781******,1965-01-06,Male,Jl. Sudirman No. 1,Jakarta,087365941525,AB,2023-02-18,Mandiri
PAT00347,Aulia Setiawan,713583******,1995-10-14,Female,Jl. Sudirman No. 73,Bogor,085595336790,A,2023-03-21,BPJS
PAT00348,Vera Kusuma,970840******,1962-07-13,Female,Jl. Veteran No. 186,Jakarta,089584871905,O,2022-03-08,Mandiri
PAT00349,Qori Lesmana,941017******,1978-07-23,Female,Jl. Anggrek No. 227,Jakarta,088023001183,O,2022-07-14,BPJS
PAT00350,Mega Suryadi,458224******,1968-11-23,Female,Jl. Kebon Jeruk No. 118,Indramayu,082410713142,B,2021-01-05,BPJS
PAT00351,Pipit Wibowo,104487******,1950-11-10,Female,Jl. Diponegoro No. 173,Jakarta,088315616392,O,2024-01-08,Perusahaan
PAT00352,Lestari Saputra,664814******,1952-10-11,Female,Jl. Pinus No. 229,Depok,083887274233,AB,2023-02-10,BPJS
PAT00353,Pipit Halim,505537******,1965-11-24,Female,Jl. Merdeka No. 215,Tangerang,085830824012,AB,2022-01-31,BPJS
PAT00354,Farah Pratama,332281******,2016-09-02,Female,Jl. Mawar No. 6,Bekasi,088340948569,B,2021-07-04,BPJS
PAT00355,Umar Santoso,947684******,2014-05-26,Male,Jl. Hayam Wuruk No. 57,Bogor,089504546868,,2023-01-14,BPJS
PAT00356,Surya Permana,616777******,2013-03-01,Male,Jl. Kebon Jeruk No. 181,Bandung,081898018927,B,2023-03-23,BPJS
PAT00357,Ahmad Permana,696746******,1994-11-20,Male,Jl. Diponegoro No. 127,Jakarta,083369899340,B,2021-05-14,Mandiri
PAT00358,Olivia Hartono,882209******,1955-11-02,Female,Jl. Mawar No. 33,Tangerang,084674254156,AB,2022-01-28,BPJS
PAT00359,Zaki Pratama,826648******,2010-10-21,Male,Jl. Kebon Jeruk No. 137,Bogor,082949597857,O,2021-04-17,Mandiri
PAT00360,Bayu Mahendra,985356******,1986-07-03,Male,Jl. Gatot Subroto No. 71,Bogor,087298942042,AB,2023-11-26,Umum
PAT00361,Indah Nugroho,149246******,1974-12-08,Female,Jl. Cendana No. 236,Bandung,087581652053,AB,2021-01-11,BPJS
PAT00362,Faris Setiawan,450964******,1957-05-04,Male,Jl. Asia Afrika No. 226,Serang,084468928756,B,2023-05-18,BPJS
PAT00363,Rizki Nugroho,306440******,1964-10-03,Male,Jl. Melati No. 85,Depok,089859848037,A,2021-02-27,BPJS
PAT00364,Hesti Mahendra,947311******,1952-02-27,Female,Jl. Anggrek No. 152,Tangerang,088904919892,B,2021-08-09,Perusahaan
PAT00365,Krisna Nugroho,457356******,1954-11-19,Male,Jl. Anggrek No. 211,Depok,081536125194,A,2021-03-10,BPJS
PAT00366,Dedi Suryadi,988869******,2012-03-16,Male,Jl. Pahlawan No. 17,Purwakarta,088741193643,,2021-04-23,Mandiri
PAT00367,Yanti Wardana,756602******,1988-09-28,Female,Jl. Gatot Subroto No. 17,Depok,083910117187,,2024-02-20,BPJS
PAT00368,Maya Santoso,991215******,1984-03-22,Female,Jl. Gatot Subroto No. 103,Depok,082765695439,A,2023-07-18,Mandiri
PAT00369,Bunga Anggara,933790******,1988-05-29,Female,Jl. Kebon Jeruk No. 226,Jakarta,083659574996,AB,2021-02-23,BPJS
PAT00370,Gita Lesmana,444136******,2002-09-26,Female,Jl. Gatot Subroto No. 50,Bandung,081441048728,,2024-05-03,BPJS
PAT00371,Winda Saputra,721686******,2020-10-27,Female,Jl. Ahmad Yani No. 216,Bogor,087480667587,AB,2023-05-13,Umum
PAT00372,Hesti Wardana,566222******,1966-09-06,Female,Jl. Pahlawan No. 63,Depok,,A,2021-05-04,Perusahaan
PAT00373,Bambang Santoso,712916******,1989-02-06,Male,Jl. Kenanga No. 132,Bogor,084330728529,B,2023-08-20,Mandiri
PAT00374,Yanti Wardana,459557******,1976-02-11,Female,Jl. Merdeka No. 95,Tangerang,081621053924,B,2023-11-05,Mandiri
PAT00375,Qadir Wijaya,542563******,1980-11-05,Male,Jl. Ahmad Yani No. 51,Bekasi,085588759271,B,2023-09-02,Umum
PAT00376,Vera Anggara,728896******,2012-02-14,Female,Jl. Asia Afrika No. 85,Jakarta,086581875190,AB,2021-11-29,BPJS
PAT00377,Yusuf Anggara,927527******,1953-10-14,Male,Jl. Hayam Wuruk No. 127,Bekasi,084951170613,B,2022-04-17,BPJS
PAT00378,Gita Wardana,323491******,1971-06-12,Female,Jl. Anggrek No. 124,Bogor,082614528899,O,2022-01-13,BPJS
PAT00379,Budi Halim,110372******,1956-08-13,Male,Jl. Merdeka No. 92,Bandung,083382382306,B,2022-08-19,BPJS
PAT00380,Indra Setiawan,762002******,2002-07-18,Male,Jl. Kenanga No. 234,Tangerang,081127498560,,2022-02-10,BPJS
PAT00381,Wahyu Hidayat,329580******,1973-07-04,Male,Jl. Diponegoro No. 185,Tangerang,,AB,2024-02-10,Umum
PAT00382,Iqbal Hidayat,305507******,1951-12-06,Male,Jl. Mawar No. 46,Jakarta,084911207460,A,2021-10-09,Mandiri
PAT00383,Dedi Kusuma,454820******,1968-11-11,Male,Jl. Pinus No. 79,Bekasi,086326403406,,2023-02-02,Mandiri
PAT00384,Tiara Hidayat,652522******,2005-11-29,Female,Jl. Cendana No. 226,Bekasi,081280794323,B,2021-09-25,BPJS
PAT00385,Citra Setiawan,658424******,1983-12-06,Female,Jl. Kenanga No. 178,Cirebon,083732213159,A,2024-04-17,BPJS
PAT00386,Citra Susanto,408472******,2020-11-02,Female,Jl. Anggrek No. 39,Bandung,082061594170,AB,2021-09-16,BPJS
PAT00387,Naufal Pranata,612743******,1968-10-09,Male,Jl. Thamrin No. 187,Bandung,088665078769,A,2021-12-09,Mandiri
PAT00388,Naufal Gunawan,887803******,2007-11-15,Male,Jl. Cempaka No. 193,Cilegon,086902427921,O,2022-01-02,BPJS
PAT00389,Bayu Halim,651001******,2012-04-22,Male,Jl. Jati No. 124,Bandung,087329743090,,2024-04-05,Mandiri
PAT00390,Faris Pranata,781298******,1953-04-14,Male,Jl. Hayam Wuruk No. 54,Jakarta,084843500210,O,2022-04-26,Perusahaan
PAT00391,Cindy Setiawan,420863******,1988-02-18,Female,Jl. Mangga No. 228,Jakarta,083454017128,AB,2022-06-06,BPJS
PAT00392,Qadir Saputra,240855******,2017-06-07,Male,Jl. Melati No. 22,Jakarta,082510002930,A,2023-08-11,Mandiri
PAT00393,Jihan Wardana,452713******,1988-03-24,Female,Jl. Pinus No. 116,Bogor,087152564962,,2023-01-23,BPJS
PAT00394,Intan Suryadi,386281******,1984-04-21,Female,Jl. Diponegoro No. 7,Depok,,O,2022-04-24,Perusahaan
PAT00395,Tika Saputra,476536******,1957-05-24,Female,Jl. Cempaka No. 76,Bogor,083764474604,AB,2022-04-12,Mandiri
PAT00396,Fitri Kusuma,174814******,1982-04-27,Female,Jl. Veteran No. 10,Bogor,,,2022-02-15,BPJS
PAT00397,Vina Setiawan,807901******,1979-07-16,Female,Jl. Melati No. 65,Jakarta,088926139828,B,2024-05-22,BPJS
PAT00398,Bambang Susanto,373820******,1950-10-07,Male,Jl. Melati No. 198,Bogor,089576372513,O,2024-04-02,BPJS
PAT00399,Salma Pratama,594932******,2008-09-06,Female,Jl. Pahlawan No. 132,Jakarta,089012115975,B,2022-04-10,Perusahaan
PAT00400,Yuli Wibowo,345076******,1996-04-11,Female,Jl. Veteran No. 151,Bekasi,088548926007,O,2022-11-29,Perusahaan
PAT00401,Faisal Suryadi,986887******,1966-11-08,Male,Jl. Cendana No. 110,Jakarta,086195126955,O,2024-02-18,BPJS
PAT00402,Andi Halim,245699******,2001-10-23,Male,Jl. Pahlawan No. 224,Depok,084168848623,O,2022-12-28,Perusahaan
PAT00403,Doni Nugroho,539507******,1988-03-11,Male,Jl. Mangga No. 176,Bandung,086581899301,A,2024-03-08,BPJS
PAT00404,Surya Hartono,261156******,1979-08-18,Male,Jl. Kebon Jeruk No. 146,Tangerang,082637750783,O,2021-05-11,Mandiri
PAT00405,Lina Gunawan,297487******,1992-08-05,Female,Jl. Anggrek No. 28,Bekasi,089137862629,A,2021-12-18,Mandiri
PAT00406,Yusuf Susanto,286264******,1952-11-16,Male,Jl. Kebon Jeruk No. 212,Indramayu,083098578259,B,2022-02-12,Mandiri
PAT00407,Rizki Gunawan,397604******,1968-06-21,Male,Jl. Melati No. 60,Jakarta,,A,2023-07-21,Mandiri
PAT00408,Maya Halim,643719******,1950-12-28,Female,Jl. Anggrek No. 44,Depok,,O,2023-03-12,BPJS
PAT00409,Putri Kusuma,235410******,1998-02-16,Female,Jl. Jati No. 108,Sukabumi,084191773840,O,2022-02-27,BPJS
PAT00410,Wulan Setiawan,424803******,1988-10-10,Female,Jl. Jati No. 210,Jakarta,087266170179,B,2021-01-16,BPJS
PAT00411,Eko Anggara,167077******,1985-10-26,Male,Jl. Hayam Wuruk No. 155,Bandung,087553503798,O,2023-08-01,BPJS
PAT00412,Jaya Pranata,140983******,2016-02-23,Male,Jl. Melati No. 24,Jakarta,089241594992,AB,2022-09-02,BPJS
PAT00413,Cindy Wardana,963428******,1965-09-17,Female,Jl. Hayam Wuruk No. 107,Bogor,087150722234,O,2022-01-11,Perusahaan
PAT00414,Rian Kusuma,512668******,2012-09-05,Male,Jl. Sudirman No. 243,Tangerang,084738939076,,2022-07-15,Perusahaan
PAT00415,Ririn Susanto,406068******,2009-10-23,Female,Jl. Thamrin No. 235,Bogor,087414480314,A,2023-01-26,Mandiri
PAT00416,Rizki Kusuma,628896******,2018-10-08,Male,Jl. Anggrek No. 200,Jakarta,087056316485,B,2022-06-02,Mandiri
PAT00417,Yuli Lesmana,146803******,1991-06-19,Female,Jl. Thamrin No. 7,Jakarta,087278829740,AB,2023-03-29,BPJS
PAT00418,Citra Gunawan,139609******,1950-12-18,Female,Jl. Gatot Subroto No. 65,Bekasi,085881146883,O,2023-09-20,Mandiri
PAT00419,Jaya Saputra,186558******,1999-03-15,Male,Jl. Hayam Wuruk No. 169,Depok,082880008770,O,2022-07-26,Mandiri
PAT00420,Hendra Hidayat,979226******,1951-08-15,Male,Jl. Gatot Subroto No. 156,Bogor,086056192729,A,2023-12-31,Mandiri
PAT00421,Cindy Hidayat,181354******,2010-03-27,Female,Jl. Merdeka No. 196,Depok,088204305733,B,2023-06-22,BPJS
PAT00422,Rendra Hidayat,327197******,2014-02-03,Male,Jl. Veteran No. 9,Depok,086223395333,A,2023-12-07,BPJS
PAT00423,Wisnu Kusuma,509593******,2011-12-08,Male,Jl. Pinus No. 79,Jakarta,089815056399,A,2021-04-10,BPJS
PAT00424,Dedi Setiawan,361829******,1983-08-12,Male,Jl. Hayam Wuruk No. 233,Depok,081858932011,A,2023-05-14,Mandiri
PAT00425,Andi Pratama,453492******,1967-03-29,Male,Jl. Thamrin No. 175,Bandung,084789389791,B,2021-12-09,Mandiri
PAT00426,Indah Mahendra,637395******,1959-08-30,Female,Jl. Anggrek No. 209,Karawang,083692027250,B,2024-01-15,Mandiri
PAT00427,Faris Mahendra,226672******,1970-11-07,Male,Jl. Gatot Subroto No. 55,Tangerang,,AB,2022-10-25,BPJS
PAT00428,Anggi Pratama,521673******,2008-09-03,Female,Jl. Merdeka No. 81,Karawang,082671543978,,2023-07-29,Umum
PAT00429,Sinta Saputra,789922******,1974-12-25,Female,Jl. Kebon Jeruk No. 167,Bogor,082584756879,A,2022-03-24,Perusahaan
PAT00430,Devi Santoso,904829******,2003-09-23,Female,Jl. Gatot Subroto No. 128,Tangerang,083444717125,AB,2021-07-14,Mandiri
PAT00431,Taufik Suryadi,761519******,2012-06-20,Male,Jl. Pahlawan No. 100,Depok,082426129087,AB,2023-09-15,BPJS
PAT00432,Rizki Suryadi,118506******,2004-08-05,Male,Jl. Asia Afrika No. 234,Depok,087223027790,B,2023-10-29,Mandiri
PAT00433,Satria Pratama,343904******,1951-11-27,Male,Jl. Gatot Subroto No. 158,Depok,082326494754,O,2022-05-14,Umum
PAT00434,Umar Saputra,162833******,1962-05-05,Male,Jl. Jati No. 96,Tangerang,082273950560,B,2023-02-09,Mandiri
PAT00435,Yuli Wijaya,349628******,2015-01-26,Female,Jl. Pinus No. 154,Sukabumi,082411712184,AB,2022-10-13,BPJS
PAT00436,Wisnu Wijaya,646174******,1987-03-23,Male,Jl. Melati No. 166,Bandung,084223591617,B,2022-11-10,BPJS
PAT00437,Vina Nugroho,315815******,1998-05-21,Female,Jl. Hayam Wuruk No. 14,Jakarta,089043210080,AB,2022-01-11,Perusahaan
PAT00438,Indra Pratama,167755******,1994-02-09,Male,Jl. Ahmad Yani No. 18,Cilegon,089813731840,B,2022-02-23,BPJS
PAT00439,Bambang Saputra,282112******,2003-03-03,Male,Jl. Ahmad Yani No. 141,Depok,085630681326,,2023-08-15,Perusahaan
PAT00440,Agus Hidayat,856729******,1967-09-21,Male,Jl. Cendana No. 63,Bekasi,086364282848,,2022-08-08,Mandiri
PAT00441,Nia Anggara,766478******,1968-01-26,Female,Jl. Jati No. 70,Sukabumi,089472060093,O,2023-02-13,BPJS
PAT00442,Hendra Wibowo,562816******,1987-12-03,Male,Jl. Kebon Jeruk No. 130,Bogor,088451459487,B,2023-09-15,Perusahaan
PAT00443,Andi Gunawan,548158******,1957-06-20,Male,Jl. Melati No. 195,Bekasi,084120930408,,2022-06-11,BPJS
PAT00444,Dedi Anggara,420704******,1990-09-11,Male,Jl. Mangga No. 73,Karawang,083065210717,AB,2021-10-07,BPJS
PAT00445,Winda Wibowo,305222******,1963-11-19,Female,Jl. Ahmad Yani No. 235,Sukabumi,,A,2021-01-27,Mandiri
PAT00446,Naufal Halim,615326******,1986-04-18,Male,Jl. Cendana No. 237,Bandung,089333460559,,2023-02-04,Mandiri
PAT00447,Bunga Wibowo,422763******,2007-07-06,Female,Jl. Thamrin No. 151,Depok,,O,2021-03-21,Umum
PAT00448,Ahmad Gunawan,693083******,1964-07-26,Male,Jl. Cendana No. 50,Tangerang,089405667093,AB,2023-11-10,BPJS
PAT00449,Maulana Halim,830286******,1955-03-06,Male,Jl. Mangga No. 167,Karawang,089274335062,B,2022-05-12,Mandiri
PAT00450,Krisna Wijaya,952624******,1982-06-04,Male,Jl. Merdeka No. 162,Bekasi,083771686437,AB,2024-05-24,BPJS
PAT00451,Gita Hartono,366640******,1972-03-13,Female,Jl. Asia Afrika No. 155,Bogor,084614283282,A,2021-08-28,BPJS
PAT00452,Faisal Gunawan,516983******,2013-05-06,Male,Jl. Thamrin No. 151,Jakarta,082816534344,O,2022-06-02,BPJS
PAT00453,Agus Lesmana,659102******,2009-01-28,Male,Jl. Mangga No. 227,Depok,087812160747,,2023-04-23,Perusahaan
PAT00454,Lestari Kusuma,767083******,2001-05-16,Female,Jl. Kenanga No. 199,Bekasi,084497082739,AB,2022-03-06,BPJS
PAT00455,Cindy Santoso,106732******,1965-02-09,Female,Jl. Jati No. 209,Depok,081006779966,,2021-05-24,Perusahaan
PAT00456,Vera Mahendra,650462******,1987-05-26,Female,Jl. Melati No. 168,Karawang,088443359717,B,2021-12-28,BPJS
PAT00457,Amelia Hidayat,838246******,1962-01-19,Female,Jl. Jati No. 51,Tangerang,085073704803,O,2024-03-07,BPJS
PAT00458,Reza Hidayat,310701******,1955-04-17,Male,Jl. Diponegoro No. 192,Jakarta,086119106378,O,2023-06-22,BPJS
PAT00459,Ririn Wardana,214499******,2007-02-05,Female,Jl. Thamrin No. 43,Jakarta,082258964802,O,2021-09-13,BPJS
PAT00460,Iwan Saputra,458772******,1952-08-30,Male,Jl. Hayam Wuruk No. 150,Karawang,087347519787,A,2021-01-20,BPJS
PAT00461,Hadi Permana,888318******,1950-08-25,Male,Jl. Asia Afrika No. 171,Bogor,081179784541,B,2023-12-06,BPJS
PAT00462,Budi Gunawan,732275******,1996-08-28,Male,Jl. Mawar No. 247,Bekasi,089298428220,O,2022-11-22,Umum
PAT00463,Pipit Mahendra,452898******,1983-04-07,Female,Jl. Anggrek No. 175,Bandung,089587551470,B,2023-01-10,Umum
PAT00464,Tiara Gunawan,496818******,2004-10-18,Female,Jl. Kenanga No. 15,Depok,089044806328,A,2021-01-07,BPJS
PAT00465,Gita Gunawan,860448******,1962-06-17,Female,Jl. Kebon Jeruk No. 7,Bekasi,087574002953,,2022-05-25,BPJS
PAT00466,Arif Anggara,748388******,2011-07-24,Male,Jl. Jati No. 169,Tangerang,087506506106,B,2021-01-07,BPJS
PAT00467,Vino Suryadi,117438******,2006-11-10,Male,Jl. Sudirman No. 93,Bekasi,088455260207,O,2022-04-24,BPJS
PAT00468,Pipit Wibowo,519603******,2016-04-26,Female,Jl. Thamrin No. 157,Jakarta,086791050254,O,2021-07-25,BPJS
PAT00469,Bunga Santoso,736667******,1967-07-03,Female,Jl. Pahlawan No. 183,Jakarta,081136346958,O,2021-06-28,Perusahaan
PAT00470,Yanti Susanto,589478******,1965-01-28,Female,Jl. Pinus No. 230,Jakarta,085101913760,O,2024-01-13,BPJS
PAT00471,Mega Nugroho,321921******,1965-04-16,Female,Jl. Thamrin No. 193,Tangerang,085747956127,A,2021-11-25,BPJS
PAT00472,Diah Gunawan,903533******,1975-02-25,Female,Jl. Mawar No. 57,Tangerang,088155126397,A,2021-10-06,BPJS
PAT00473,Pandu Wibowo,194835******,2012-01-24,Male,Jl. Hayam Wuruk No. 86,Jakarta,083579898495,AB,2023-02-12,Mandiri
PAT00474,Winda Gunawan,785684******,2007-08-10,Female,Jl. Veteran No. 201,Karawang,082002305548,,2022-06-15,Mandiri
PAT00475,Ahmad Santoso,191939******,1959-12-29,Male,Jl. Anggrek No. 23,Jakarta,085025289099,A,2024-03-19,Perusahaan
PAT00476,Arif Hartono,994781******,1978-02-11,Male,Jl. Mangga No. 245,Bandung,085302176368,A,2024-04-23,BPJS
PAT00477,Pandu Setiawan,988268******,1984-10-27,Male,Jl. Anggrek No. 109,Depok,,AB,2021-09-16,Perusahaan
PAT00478,Oki Wardana,719473******,1969-12-06,Male,Jl. Mangga No. 28,Bekasi,089629398996,,2023-08-02,BPJS
PAT00479,Bayu Hartono,955793******,1976-08-18,Male,Jl. Hayam Wuruk No. 215,Jakarta,082957579670,AB,2021-10-26,Umum
PAT00480,Yoga Wijaya,727971******,1978-09-21,Male,Jl. Cempaka No. 80,Jakarta,085825241186,O,2022-03-18,Mandiri
PAT00481,Intan Santoso,838344******,1983-10-18,Female,Jl. Anggrek No. 16,Jakarta,084078487866,B,2021-04-18,BPJS
PAT00482,Anggi Wibowo,862729******,1985-02-24,Female,Jl. Diponegoro No. 77,Tangerang,085256584102,O,2022-11-23,BPJS
PAT00483,Erika Wibowo,465226******,2017-12-23,Female,Jl. Mangga No. 101,Bekasi,089898412960,AB,2022-08-02,Perusahaan
PAT00484,Vera Setiawan,835165******,1999-03-02,Female,Jl. Gatot Subroto No. 101,Jakarta,,B,2022-10-25,Mandiri
PAT00485,Olivia Wijaya,991090******,2013-08-29,Female,Jl. Pinus No. 78,Bandung,083811631556,B,2023-06-24,BPJS
PAT00486,Vera Wibowo,405221******,1962-12-29,Female,Jl. Ahmad Yani No. 54,Bogor,083797045905,AB,2024-03-24,BPJS
PAT00487,Yusuf Hartono,494847******,1988-04-26,Male,Jl. Diponegoro No. 174,Bekasi,084977076759,A,2022-12-30,BPJS
PAT00488,Krisna Hidayat,155021******,1960-07-12,Male,Jl. Anggrek No. 132,Karawang,087843568215,B,2023-04-08,Mandiri
PAT00489,Iqbal Wijaya,224573******,1971-08-11,Male,Jl. Jati No. 102,Bogor,088495577948,A,2023-08-08,Umum
PAT00490,Salma Gunawan,388584******,2006-09-24,Female,Jl. Pinus No. 168,Serang,082577640521,,2021-09-03,BPJS
PAT00491,Ahmad Saputra,227980******,1993-11-21,Male,Jl. Cempaka No. 165,Tangerang,081966088651,O,2022-07-15,Perusahaan
PAT00492,Yusuf Pranata,289893******,1984-06-12,Male,Jl. Cendana No. 124,Jakarta,081537886416,AB,2021-05-11,Perusahaan
PAT00493,Pandu Hidayat,525019******,2012-11-12,Male,Jl. Mangga No. 6,Bogor,083098363243,,2023-11-29,Umum
PAT00494,Satria Susanto,848420******,2020-11-17,Male,Jl. Gatot Subroto No. 167,Tangerang,081503911634,B,2021-01-11,BPJS
PAT00495,Qadir Anggara,939398******,1978-03-13,Male,Jl. Sudirman No. 32,Cilegon,081692392816,AB,2021-03-13,BPJS
PAT00496,Faisal Kusuma,630734******,1976-10-14,Male,Jl. Veteran No. 94,Cilegon,086031997439,A,2022-05-24,BPJS
PAT00497,Agus Wijaya,644675******,2020-03-24,Male,Jl. Veteran No. 76,Tangerang,082910918094,O,2022-10-03,BPJS
PAT00498,Kartika Halim,735617******,1998-04-15,Female,Jl. Ahmad Yani No. 131,Jakarta,,A,2021-04-02,BPJS
PAT00499,Iqbal Wijaya,297209******,1962-09-17,Male,Jl. Ahmad Yani No. 77,Sukabumi,085112100178,B,2024-04-26,BPJS
PAT00500,Aulia Permana,234733******,2015-05-31,Female,Jl. Cendana No. 160,Bekasi,089909306903,AB,2022-06-18,BPJS
PAT00501,Dedi Hidayat,519492******,1990-12-01,Male,Jl. Mawar No. 22,Cirebon,088200622923,B,2024-01-03,BPJS
PAT00502,Reza Saputra,760150******,2015-09-25,Male,Jl. Ahmad Yani No. 69,Tangerang,088363485082,B,2023-05-10,Mandiri
PAT00503,Eko Suryadi,926051******,1988-11-26,Male,Jl. Merdeka No. 98,Depok,082062994474,AB,2021-09-13,BPJS
PAT00504,Lina Kusuma,817204******,1999-03-13,Female,Jl. Thamrin No. 105,Tangerang,085677108385,AB,2022-07-14,Perusahaan
PAT00505,Nadia Nugroho,386939******,1950-11-20,Female,Jl. Mangga No. 26,Bandung,086249418877,A,2021-09-10,BPJS
PAT00506,Joko Lesmana,863706******,1977-07-03,Male,Jl. Jati No. 151,Cirebon,081206000737,AB,2023-03-09,BPJS
PAT00507,Anggi Halim,945241******,2016-07-03,Female,Jl. Veteran No. 174,Depok,,O,2023-09-04,BPJS
PAT00508,Satria Hartono,371645******,1950-11-08,Male,Jl. Cempaka No. 176,Tangerang,084063268031,B,2021-10-20,BPJS
PAT00509,Bunga Pranata,871146******,1973-12-27,Female,Jl. Kenanga No. 14,Cilegon,087909326720,O,2022-01-10,BPJS
PAT00510,Farah Halim,937255******,1992-01-18,Female,Jl. Melati No. 129,Karawang,,,2022-07-19,BPJS
PAT00511,Erika Lesmana,853367******,1970-07-11,Female,Jl. Thamrin No. 79,Depok,089364254047,O,2022-10-03,BPJS
PAT00512,Lestari Saputra,180418******,2015-06-28,Female,Jl. Thamrin No. 62,Cilegon,081246580623,,2022-08-09,Perusahaan
PAT00513,Mira Wibowo,947613******,1950-12-17,Female,Jl. Cendana No. 247,Sukabumi,,B,2023-09-10,BPJS
PAT00514,Maulana Lesmana,818402******,2010-09-19,Male,Jl. Veteran No. 228,Depok,,A,2023-04-11,BPJS
PAT00515,Budi Wardana,299422******,2016-12-02,Male,Jl. Cendana No. 2,Tangerang,088514766634,B,2023-12-18,BPJS
PAT00516,Zaki Wardana,144413******,2004-06-28,Male,Jl. Diponegoro No. 115,Depok,081966662179,A,2023-01-22,Mandiri
PAT00517,Wulan Lesmana,470453******,1954-07-27,Female,Jl. Jati No. 109,Jakarta,082628199646,AB,2021-08-20,BPJS
PAT00518,Doni Nugroho,972128******,1998-05-14,Male,Jl. Gatot Subroto No. 218,Tangerang,086540785880,O,2022-08-25,BPJS
PAT00519,Galih Setiawan,102342******,2016-03-18,Male,Jl. Asia Afrika No. 162,Bekasi,,O,2022-03-22,BPJS
PAT00520,Agus Lesmana,965837******,1953-03-06,Male,Jl. Pinus No. 240,Bogor,088938610457,A,2022-12-30,BPJS
PAT00521,Sari Wardana,582716******,1979-06-23,Female,Jl. Kenanga No. 77,Jakarta,081460266142,,2022-12-18,BPJS
PAT00522,Anggi Gunawan,471754******,1950-10-18,Female,Jl. Cendana No. 26,Jakarta,083113322013,A,2023-12-20,Mandiri
PAT00523,Naufal Hartono,530670******,1961-02-10,Male,Jl. Jati No. 234,Bandung,081029680169,AB,2022-04-09,BPJS
PAT00524,Krisna Gunawan,492491******,1976-11-06,Male,Jl. Cendana No. 94,Bekasi,084831941431,AB,2021-08-11,Perusahaan
PAT00525,Farah Anggara,269695******,1962-07-20,Female,Jl. Cendana No. 91,Tangerang,085319921998,,2022-02-11,Mandiri
PAT00526,Ratna Setiawan,398739******,1953-08-12,Female,Jl. Mangga No. 35,Cirebon,081135749072,B,2023-09-09,BPJS
PAT00527,Yoga Permana,224562******,1987-10-12,Male,Jl. Veteran No. 126,Bandung,085842292127,O,2023-10-25,BPJS
PAT00528,Dedi Hartono,215063******,1959-09-05,Male,Jl. Merdeka No. 203,Jakarta,081541696649,AB,2023-10-22,BPJS
PAT00529,Sari Nugroho,154567******,2010-11-08,Female,Jl. Anggrek No. 213,Jakarta,085329451114,O,2022-08-16,Mandiri
PAT00530,Eka Wibowo,186627******,2018-04-07,Female,Jl. Hayam Wuruk No. 110,Depok,083652628333,B,2022-05-26,BPJS
PAT00531,Iwan Kusuma,376331******,2012-11-19,Male,Jl. Cendana No. 64,Bekasi,086147142330,A,2023-10-26,Perusahaan
PAT00532,Qori Hidayat,297833******,2003-01-15,Female,Jl. Pahlawan No. 162,Depok,081985197631,B,2023-04-02,BPJS
PAT00533,Surya Permana,301512******,1963-02-12,Male,Jl. Merdeka No. 110,Karawang,083647707140,A,2021-04-15,BPJS
PAT00534,Dedi Mahendra,650472******,1977-06-29,Male,Jl. Hayam Wuruk No. 180,Jakarta,086247484687,O,2023-09-09,BPJS
PAT00535,Hadi Lesmana,547818******,2007-10-07,Male,Jl. Melati No. 14,Depok,085767649713,AB,2022-07-29,Mandiri
PAT00536,Aulia Mahendra,358965******,1978-09-11,Female,Jl. Sudirman No. 230,Cirebon,081780617297,A,2021-04-17,BPJS
PAT00537,Yoga Suryadi,322274******,1975-08-07,Male,Jl. Mawar No. 121,Sukabumi,085727735496,B,2022-06-01,Mandiri
PAT00538,Intan Halim,450520******,1977-04-22,Female,Jl. Gatot Subroto No. 29,Purwakarta,083873107809,B,2022-11-10,BPJS
PAT00539,Amelia Halim,879020******,2019-11-14,Female,Jl. Cempaka No. 151,Tangerang,087892193329,B,2022-07-20,BPJS
PAT00540,Reza Pranata,502704******,1957-10-29,Male,Jl. Gatot Subroto No. 228,Jakarta,081516917996,,2024-04-16,Mandiri
PAT00541,Salma Setiawan,302299******,2013-03-21,Female,Jl. Gatot Subroto No. 115,Sukabumi,086767702860,O,2022-02-18,BPJS
PAT00542,Pandu Hartono,145939******,1961-06-20,Male,Jl. Cendana No. 50,Bekasi,089483102271,AB,2023-07-08,BPJS
PAT00543,Vino Kusuma,557311******,1956-01-28,Male,Jl. Cendana No. 124,Bandung,084396825966,,2021-12-08,BPJS
PAT00544,Taufik Permana,830549******,1961-07-26,Male,Jl. Sudirman No. 75,Tangerang,088793362077,O,2023-12-27,Mandiri
PAT00545,Jihan Saputra,273558******,1989-04-10,Female,Jl. Cempaka No. 193,Jakarta,088642345291,,2023-04-01,BPJS
PAT00546,Pipit Permana,316976******,1966-07-07,Female,Jl. Diponegoro No. 1,Jakarta,,B,2024-04-27,BPJS
PAT00547,Vera Pratama,929053******,1996-01-03,Female,Jl. Cempaka No. 117,Karawang,087550139546,AB,2022-03-28,BPJS
PAT00548,Eka Permana,678972******,1960-09-07,Female,Jl. Hayam Wuruk No. 44,Depok,089785838644,B,2022-08-21,BPJS
PAT00549,Surya Hartono,391248******,1961-12-06,Male,Jl. Sudirman No. 70,Jakarta,084536520171,A,2021-01-03,Umum
PAT00550,Wisnu Halim,763416******,2004-04-16,Male,Jl. Kenanga No. 249,Bogor,082393982645,AB,2021-10-01,BPJS
PAT00551,Galuh Wardana,409220******,1979-02-15,Male,Jl. Merdeka No. 15,Tangerang,088833727382,B,2022-07-27,Umum
PAT00552,Anggi Permana,116398******,1998-03-19,Female,Jl. Asia Afrika No. 169,Bandung,,A,2023-02-22,BPJS
PAT00553,Wisnu Permana,756649******,2006-11-27,Male,Jl. Veteran No. 155,Bandung,082899169638,AB,2022-07-05,Umum
PAT00554,Yuli Pranata,760393******,2017-07-18,Female,Jl. Pahlawan No. 102,Bogor,082915795547,O,2023-01-25,Perusahaan
PAT00555,Nadia Wibowo,198242******,1994-06-30,Female,Jl. Pinus No. 47,Depok,084703774386,B,2024-03-12,BPJS
PAT00556,Intan Hidayat,779020******,1975-04-22,Female,Jl. Melati No. 6,Jakarta,083610575957,A,2021-10-21,BPJS
PAT00557,Rizki Mahendra,357167******,1990-10-28,Male,Jl. Mangga No. 233,Jakarta,083262496662,A,2024-05-20,Umum
PAT00558,Fitri Gunawan,502643******,1951-11-10,Female,Jl. Merdeka No. 29,Bogor,081187862051,B,2021-06-21,BPJS
PAT00559,Linda Hartono,757860******,2003-10-18,Female,Jl. Merdeka No. 4,Bekasi,084038499343,B,2021-10-13,BPJS
PAT00560,Hesti Pranata,565909******,1964-08-20,Female,Jl. Anggrek No. 79,Karawang,083056895862,B,2021-04-25,BPJS
PAT00561,Lina Permana,757966******,1998-10-09,Female,Jl. Merdeka No. 32,Jakarta,084543025495,A,2024-01-21,Mandiri
PAT00562,Wahyu Kusuma,636391******,1987-04-05,Male,Jl. Merdeka No. 37,Cirebon,084917727278,A,2022-04-10,BPJS
PAT00563,Hari Gunawan,254535******,1981-09-12,Male,Jl. Melati No. 168,Bogor,085777758858,B,2021-08-14,BPJS
PAT00564,Adi Kusuma,395503******,1982-01-21,Male,Jl. Kebon Jeruk No. 20,Jakarta,082433337060,,2023-01-09,BPJS
PAT00565,Faisal Wijaya,733870******,1963-07-23,Male,Jl. Cendana No. 46,Tangerang,087573364292,B,2023-05-21,Mandiri
PAT00566,Nadia Santoso,755106******,1975-10-01,Female,Jl. Gatot Subroto No. 90,Bekasi,,,2022-07-10,BPJS
PAT00567,Intan Halim,378293******,2013-10-25,Female,Jl. Thamrin No. 205,Bandung,084388111272,B,2021-10-28,Perusahaan
PAT00568,Diah Hartono,509573******,1990-01-28,Female,Jl. Jati No. 185,Serang,084498894110,A,2024-03-29,Mandiri
PAT00569,Erika Permana,251695******,1958-02-11,Female,Jl. Pahlawan No. 83,Bekasi,086948604439,AB,2023-10-10,BPJS
PAT00570,Hari Wibowo,827104******,1987-02-20,Male,Jl. Anggrek No. 155,Depok,084958262912,O,2023-05-08,BPJS
PAT00571,Qadir Wibowo,664917******,1997-11-20,Male,Jl. Veteran No. 127,Karawang,086283301624,A,2024-04-04,Mandiri
PAT00572,Winda Mahendra,652542******,2001-11-04,Female,Jl. Hayam Wuruk No. 199,Jakarta,084019762806,B,2023-01-11,BPJS
PAT00573,Budi Setiawan,991913******,1951-07-17,Male,Jl. Veteran No. 93,Tangerang,081473117789,AB,2023-01-10,BPJS
PAT00574,Bambang Santoso,582752******,1962-12-07,Male,Jl. Veteran No. 214,Depok,089216074478,B,2022-03-08,BPJS
PAT00575,Adi Wijaya,883281******,1962-05-13,Male,Jl. Pahlawan No. 31,Depok,089703093578,O,2023-02-01,BPJS
PAT00576,Maya Kusuma,794940******,2002-03-07,Female,Jl. Jati No. 19,Purwakarta,084738670174,A,2021-10-28,BPJS
PAT00577,Amelia Hartono,182830******,1971-12-26,Female,Jl. Merdeka No. 20,Bekasi,088789830551,B,2022-01-09,Perusahaan
PAT00578,Hesti Hartono,884447******,1997-04-27,Female,Jl. Melati No. 179,Bogor,,O,2023-04-23,Mandiri
PAT00579,Vina Anggara,919354******,2007-11-08,Female,Jl. Merdeka No. 178,Bekasi,082231663777,B,2021-05-03,Perusahaan
PAT00580,Wisnu Wijaya,733521******,2017-05-22,Male,Jl. Cempaka No. 45,Tangerang,081688692817,,2023-03-23,BPJS
PAT00581,Erika Anggara,681074******,2013-10-28,Female,Jl. Mawar No. 213,Cilegon,087450493016,B,2023-05-18,BPJS
PAT00582,Hendra Permana,196402******,1996-10-14,Male,Jl. Pahlawan No. 97,Bogor,084191739394,O,2021-04-25,BPJS
PAT00583,Adi Gunawan,292616******,2016-12-04,Male,Jl. Veteran No. 250,Bandung,088268916871,,2023-09-05,Perusahaan
PAT00584,Diah Gunawan,967438******,1984-02-19,Female,Jl. Sudirman No. 43,Jakarta,088745283153,O,2022-02-03,BPJS
PAT00585,Iwan Kusuma,209471******,1956-12-24,Male,Jl. Kebon Jeruk No. 93,Sukabumi,082440839808,B,2022-08-01,BPJS
PAT00586,Putri Susanto,211636******,1955-11-11,Female,Jl. Kebon Jeruk No. 55,Karawang,089202043288,B,2024-02-04,BPJS
PAT00587,Dimas Wijaya,352009******,1974-02-24,Male,Jl. Asia Afrika No. 22,Bekasi,083425783849,O,2021-04-04,BPJS
PAT00588,Maya Suryadi,197738******,1977-09-08,Female,Jl. Kenanga No. 3,Jakarta,088523405865,O,2023-10-22,BPJS
PAT00589,Dimas Suryadi,888363******,1985-01-17,Male,Jl. Kenanga No. 186,Bandung,085182657117,A,2022-11-10,BPJS
PAT00590,Devi Lesmana,205909******,1995-01-20,Female,Jl. Pahlawan No. 207,Bekasi,089691662212,O,2023-09-04,BPJS
PAT00591,Olivia Wijaya,404212******,1964-06-18,Female,Jl. Pinus No. 39,Depok,083688446467,B,2022-03-18,Mandiri
PAT00592,Zaki Hartono,906172******,2014-06-19,Male,Jl. Cempaka No. 42,Cilegon,086761334796,B,2022-11-26,BPJS
PAT00593,Wahyu Halim,753756******,1988-08-28,Male,Jl. Mangga No. 11,Jakarta,082026972351,A,2021-11-09,BPJS
PAT00594,Rian Wibowo,202137******,1951-05-05,Male,Jl. Melati No. 37,Jakarta,085669349652,A,2023-07-21,BPJS
PAT00595,Diah Hidayat,409967******,1964-06-27,Female,Jl. Mawar No. 18,Depok,087771065861,AB,2021-07-02,Perusahaan
PAT00596,Rina Hidayat,845175******,2019-04-03,Female,Jl. Mawar No. 118,Tangerang,089530420568,AB,2023-06-25,BPJS
PAT00597,Salma Hartono,229988******,2001-01-09,Female,Jl. Sudirman No. 125,Cirebon,086526012592,O,2021-09-22,BPJS
PAT00598,Farah Halim,637373******,2006-01-14,Female,Jl. Anggrek No. 244,Bogor,082604956698,O,2023-11-03,Perusahaan
PAT00599,Farah Permana,815711******,1953-10-30,Female,Jl. Sudirman No. 159,Depok,081034114705,A,2022-08-19,BPJS
PAT00600,Bunga Hidayat,697828******,1985-10-27,Female,Jl. Thamrin No. 219,Bekasi,086252965310,O,2021-07-11,Mandiri
PAT00601,Rendra Anggara,591246******,2007-08-22,Male,Jl. Pinus No. 137,Tangerang,081468662769,B,2021-08-10,Mandiri
PAT00602,Faris Mahendra,309160******,1986-01-09,Male,Jl. Thamrin No. 85,Tangerang,086657695393,O,2022-03-12,BPJS
PAT00603,Vera Wibowo,219879******,1974-12-22,Female,Jl. Sudirman No. 117,Bogor,083341106022,O,2021-10-26,BPJS
PAT00604,Vino Setiawan,435740******,2000-12-22,Male,Jl. Kebon Jeruk No. 9,Bogor,088620154699,,2021-05-08,BPJS
PAT00605,Amelia Mahendra,596405******,1969-02-23,Female,Jl. Ahmad Yani No. 14,Bogor,084728120111,O,2022-07-07,Mandiri
PAT00606,Tika Hidayat,187651******,1962-09-19,Female,Jl. Mawar No. 18,Jakarta,082739755884,,2022-09-03,BPJS
PAT00607,Indra Mahendra,650269******,1969-03-17,Male,Jl. Mawar No. 172,Jakarta,081230821363,O,2022-12-02,Mandiri
PAT00608,Yanti Hidayat,308252******,1981-05-03,Female,Jl. Cendana No. 242,Bandung,087363532024,B,2023-06-14,Umum
PAT00609,Rendra Pranata,508040******,1950-11-22,Male,Jl. Kebon Jeruk No. 144,Bogor,081852808613,B,2022-10-26,BPJS
PAT00610,Tiara Suryadi,114875******,1963-07-03,Female,Jl. Pinus No. 230,Jakarta,085010723787,O,2022-10-11,BPJS
PAT00611,Ratna Mahendra,375568******,1996-09-18,Female,Jl. Merdeka No. 185,Depok,089539419788,B,2023-07-10,Umum
PAT00612,Ririn Pranata,202179******,1953-04-10,Female,Jl. Ahmad Yani No. 56,Jakarta,,O,2024-01-24,Perusahaan
PAT00613,Putri Wardana,495896******,1969-05-23,Female,Jl. Ahmad Yani No. 90,Depok,085090427575,A,2023-01-29,Mandiri
PAT00614,Amelia Pratama,416611******,1977-07-16,Female,Jl. Gatot Subroto No. 129,Bandung,088298511580,O,2023-04-28,BPJS
PAT00615,Devi Halim,469320******,1998-09-01,Female,Jl. Cempaka No. 110,Tangerang,082442364344,B,2023-07-29,BPJS
PAT00616,Hari Halim,285488******,1999-08-04,Male,Jl. Diponegoro No. 153,Tangerang,087626116110,,2023-02-21,Mandiri
PAT00617,Eka Mahendra,764909******,1975-05-31,Female,Jl. Kebon Jeruk No. 180,Jakarta,084595894877,A,2021-02-03,Mandiri
PAT00618,Umar Mahendra,208711******,1994-07-15,Male,Jl. Kebon Jeruk No. 192,Bandung,089730103138,AB,2023-05-12,BPJS
PAT00619,Reza Nugroho,914617******,1990-10-15,Male,Jl. Mangga No. 142,Jakarta,081491778504,,2023-08-20,Mandiri
PAT00620,Ahmad Halim,932308******,1991-08-16,Male,Jl. Mangga No. 106,Bandung,086513039012,AB,2022-09-22,Umum
PAT00621,Galuh Nugroho,104359******,1987-03-12,Male,Jl. Merdeka No. 9,Bekasi,081112729226,AB,2023-11-29,BPJS
PAT00622,Taufik Suryadi,451367******,1965-04-16,Male,Jl. Asia Afrika No. 246,Jakarta,089559135932,B,2024-02-13,BPJS
PAT00623,Cindy Setiawan,746203******,2007-10-25,Female,Jl. Sudirman No. 101,Depok,087776829678,,2021-09-21,Mandiri
PAT00624,Ririn Gunawan,863481******,1965-08-02,Female,Jl. Anggrek No. 104,Tangerang,083221688140,O,2022-04-19,Mandiri
PAT00625,Fitri Hartono,628751******,1960-08-14,Female,Jl. Asia Afrika No. 162,Sukabumi,088663429809,,2022-06-17,Mandiri
PAT00626,Qadir Hidayat,438065******,1968-04-12,Male,Jl. Thamrin No. 24,Bogor,085405091237,A,2024-04-30,BPJS
PAT00627,Eko Pratama,748124******,2013-06-24,Male,Jl. Thamrin No. 140,Bekasi,087750803127,A,2021-09-25,BPJS
PAT00628,Jaya Halim,295617******,1971-07-05,Male,Jl. Hayam Wuruk No. 168,Jakarta,082275272470,B,2023-02-14,BPJS
PAT00629,Tika Wijaya,388321******,1957-06-11,Female,Jl. Pahlawan No. 240,Jakarta,083694825728,A,2021-08-16,Mandiri
PAT00630,Jaya Wardana,228643******,1959-08-10,Male,Jl. Melati No. 37,Bekasi,081775790050,A,2023-10-10,BPJS
PAT00631,Amelia Setiawan,509783******,1959-01-12,Female,Jl. Merdeka No. 126,Bekasi,082777021820,O,2021-06-06,BPJS
PAT00632,Yuli Mahendra,493482******,1978-02-18,Female,Jl. Pinus No. 163,Bekasi,084472691748,B,2022-09-04,BPJS
PAT00633,Sari Hidayat,791710******,2000-11-23,Female,Jl. Kebon Jeruk No. 162,Jakarta,084671376399,A,2022-12-04,Mandiri
PAT00634,Aulia Wibowo,743830******,2003-10-30,Female,Jl. Merdeka No. 140,Jakarta,088480530923,A,2022-01-30,BPJS
PAT00635,Pipit Pratama,661988******,1952-01-25,Female,Jl. Cempaka No. 133,Tangerang,084268302525,B,2023-01-18,Perusahaan
PAT00636,Ahmad Setiawan,130930******,1979-05-21,Male,Jl. Hayam Wuruk No. 36,Tangerang,089948318521,B,2022-07-03,Perusahaan
PAT00637,Iwan Wibowo,308915******,1958-04-02,Male,Jl. Veteran No. 90,Bogor,088094961855,O,2023-10-13,Mandiri
PAT00638,Hari Lesmana,519369******,1967-04-28,Male,Jl. Diponegoro No. 65,Jakarta,088376160226,O,2021-07-30,BPJS
PAT00639,Satria Pranata,426720******,1964-11-11,Male,Jl. Ahmad Yani No. 204,Jakarta,,O,2023-06-07,Mandiri
PAT00640,Indra Mahendra,725297******,2017-01-09,Male,Jl. Anggrek No. 70,Bandung,,A,2024-05-28,BPJS
PAT00641,Dedi Mahendra,309422******,2000-11-18,Male,Jl. Kenanga No. 91,Depok,084519045785,O,2021-12-09,BPJS
PAT00642,Surya Lesmana,365356******,2002-08-26,Male,Jl. Melati No. 105,Depok,087573439658,O,2021-03-03,BPJS
PAT00643,Ahmad Hidayat,948340******,1978-12-13,Male,Jl. Diponegoro No. 110,Bekasi,082536500998,A,2022-03-17,Perusahaan
PAT00644,Yoga Halim,490032******,1963-01-05,Male,Jl. Anggrek No. 200,Depok,081525289999,AB,2021-01-23,BPJS
PAT00645,Winda Suryadi,324156******,1991-10-02,Female,Jl. Anggrek No. 146,Bekasi,084860075997,,2024-02-25,Perusahaan
PAT00646,Rina Gunawan,397391******,2003-12-28,Female,Jl. Cempaka No. 55,Tangerang,081933998295,,2024-02-23,BPJS
PAT00647,Iwan Wardana,946648******,2010-03-25,Male,Jl. Asia Afrika No. 20,Jakarta,088542826729,AB,2022-10-18,BPJS
PAT00648,Citra Setiawan,152072******,1994-04-25,Female,Jl. Sudirman No. 128,Bandung,089548100389,O,2021-09-02,BPJS
PAT00649,Ratna Anggara,279453******,2003-12-16,Female,Jl. Asia Afrika No. 84,Indramayu,,O,2022-04-30,Perusahaan
PAT00650,Rian Pratama,398882******,1951-08-08,Male,Jl. Asia Afrika No. 165,Jakarta,085243233430,O,2022-08-06,Mandiri
PAT00651,Wulan Gunawan,138805******,1997-11-10,Female,Jl. Cempaka No. 236,Tangerang,085462987469,A,2021-05-23,Mandiri
PAT00652,Krisna Kusuma,970161******,1987-03-29,Male,Jl. Melati No. 186,Tangerang,086474681203,AB,2023-03-31,Perusahaan
PAT00653,Lestari Susanto,912241******,1978-02-05,Female,Jl. Kebon Jeruk No. 127,Bogor,085497143326,AB,2023-07-20,BPJS
PAT00654,Intan Kusuma,984028******,1983-07-19,Female,Jl. Kebon Jeruk No. 241,Tangerang,081441280475,B,2021-04-08,BPJS
PAT00655,Budi Hartono,210242******,1978-12-19,Male,Jl. Cendana No. 221,Cirebon,081972128295,A,2022-01-27,BPJS
PAT00656,Amelia Susanto,105181******,2011-09-30,Female,Jl. Sudirman No. 223,Cirebon,084371308963,A,2021-04-09,Perusahaan
PAT00657,Yanti Saputra,376537******,1979-07-19,Female,Jl. Kebon Jeruk No. 177,Tangerang,086925149894,,2021-12-15,BPJS
PAT00658,Bambang Pranata,583072******,1960-10-03,Male,Jl. Anggrek No. 33,Bandung,084701810418,O,2023-07-05,BPJS
PAT00659,Yoga Kusuma,647108******,1997-05-02,Male,Jl. Asia Afrika No. 62,Tangerang,086499884316,O,2022-04-08,BPJS
PAT00660,Lestari Permana,903421******,1976-07-30,Female,Jl. Thamrin No. 183,Depok,084675905639,,2021-06-09,Mandiri
PAT00661,Rina Wibowo,163194******,1969-01-23,Female,Jl. Ahmad Yani No. 4,Bekasi,082653821070,,2023-09-26,Perusahaan
PAT00662,Yusuf Suryadi,318797******,2002-12-24,Male,Jl. Cempaka No. 195,Bogor,,AB,2022-10-01,Mandiri
PAT00663,Winda Anggara,787120******,1963-10-26,Female,Jl. Cempaka No. 218,Bekasi,081558605632,,2023-01-15,BPJS
PAT00664,Dedi Anggara,750618******,1996-01-25,Male,Jl. Mangga No. 52,Jakarta,081807254039,AB,2023-05-17,BPJS
PAT00665,Hendra Santoso,705282******,2008-03-03,Male,Jl. Pahlawan No. 27,Cilegon,,,2023-08-03,Mandiri
PAT00666,Fitri Kusuma,352248******,1951-06-28,Female,Jl. Pinus No. 229,Tangerang,086098254040,A,2023-09-03,Perusahaan
PAT00667,Yoga Lesmana,574628******,1981-07-29,Male,Jl. Gatot Subroto No. 68,Bekasi,085656031325,O,2022-03-11,Perusahaan
PAT00668,Eko Gunawan,626584******,1988-08-27,Male,Jl. Anggrek No. 131,Bogor,085523275189,AB,2023-01-28,BPJS
PAT00669,Yusuf Wijaya,780129******,1984-04-26,Male,Jl. Cendana No. 188,Cirebon,086127897303,B,2023-04-05,BPJS
PAT00670,Joko Wardana,389329******,1997-07-05,Male,Jl. Jati No. 156,Jakarta,087522416609,A,2021-04-13,BPJS
PAT00671,Wisnu Nugroho,216478******,1969-09-13,Male,Jl. Sudirman No. 30,Bogor,084844246833,AB,2022-05-04,Umum
PAT00672,Rina Susanto,205939******,1974-09-18,Female,Jl. Kebon Jeruk No. 58,Purwakarta,087032536684,O,2021-07-27,BPJS
PAT00673,Sinta Permana,619225******,1968-06-15,Female,Jl. Ahmad Yani No. 44,Depok,087856113826,A,2021-07-13,Mandiri
PAT00674,Joko Lesmana,834497******,2005-10-24,Male,Jl. Melati No. 123,Depok,083954662289,B,2022-10-08,BPJS
PAT00675,Zaki Saputra,274740******,1966-10-22,Male,Jl. Pinus No. 86,Purwakarta,089644630266,O,2023-05-27,BPJS
PAT00676,Doni Pratama,286138******,1973-09-02,Male,Jl. Thamrin No. 226,Jakarta,089631741253,AB,2023-08-29,BPJS
PAT00677,Satria Pratama,612027******,1972-03-16,Male,Jl. Gatot Subroto No. 121,Bekasi,,A,2021-02-05,BPJS
PAT00678,Nia Santoso,975937******,1970-06-25,Female,Jl. Cempaka No. 135,Depok,081403340801,AB,2022-11-19,BPJS
PAT00679,Indra Wibowo,870509******,1981-06-21,Male,Jl. Mawar No. 140,Jakarta,088144285185,AB,2023-01-17,Umum
PAT00680,Gita Pratama,967958******,1981-08-20,Female,Jl. Anggrek No. 78,Jakarta,087853666330,A,2022-07-07,Mandiri
PAT00681,Ulfa Lesmana,863589******,2007-05-26,Female,Jl. Pahlawan No. 6,Jakarta,089498183077,B,2021-10-18,BPJS
PAT00682,Rendra Wibowo,132405******,1971-12-04,Male,Jl. Cendana No. 148,Jakarta,082543696858,A,2022-02-01,Mandiri
PAT00683,Bunga Kusuma,387230******,2006-03-29,Female,Jl. Veteran No. 174,Jakarta,083263047835,AB,2022-12-16,BPJS
PAT00684,Doni Gunawan,717766******,1987-06-09,Male,Jl. Mawar No. 242,Tangerang,082328533462,A,2024-04-01,BPJS
PAT00685,Kartika Suryadi,974692******,2004-12-09,Female,Jl. Cendana No. 32,Jakarta,088710896127,,2024-03-06,BPJS
PAT00686,Rendra Santoso,215543******,1950-10-01,Male,Jl. Pahlawan No. 128,Jakarta,089446789654,B,2022-09-14,BPJS
PAT00687,Maulana Santoso,167755******,1976-06-10,Male,Jl. Pinus No. 4,Jakarta,081175892199,AB,2024-04-29,Umum
PAT00688,Ratna Wijaya,612089******,1977-06-09,Female,Jl. Cendana No. 2,Jakarta,084582475407,A,2022-05-30,Umum
PAT00689,Wulan Halim,397025******,2020-06-13,Female,Jl. Cempaka No. 220,Tangerang,089959316663,AB,2021-10-20,BPJS
PAT00690,Citra Mahendra,713652******,1957-03-29,Female,Jl. Hayam Wuruk No. 75,Depok,085432993319,AB,2022-05-25,Perusahaan
PAT00691,Ulfa Gunawan,543089******,1985-10-22,Female,Jl. Gatot Subroto No. 248,Tangerang,089130517572,AB,2024-05-07,BPJS
PAT00692,Agus Hidayat,691299******,1989-02-05,Male,Jl. Anggrek No. 174,Cirebon,084297076131,,2022-05-28,BPJS
PAT00693,Bambang Mahendra,681208******,1967-11-25,Male,Jl. Melati No. 78,Bekasi,085662607588,O,2024-01-23,Perusahaan
PAT00694,Anggi Gunawan,920411******,1989-03-13,Female,Jl. Pahlawan No. 25,Jakarta,,O,2022-10-04,Umum
PAT00695,Jihan Halim,591130******,1981-10-11,Female,Jl. Pinus No. 110,Tangerang,087057014664,A,2024-02-19,Perusahaan
PAT00696,Dewi Mahendra,192724******,2017-10-23,Female,Jl. Kebon Jeruk No. 36,Bogor,089189853166,B,2024-04-03,Perusahaan
PAT00697,Jihan Halim,233457******,2005-09-14,Female,Jl. Asia Afrika No. 140,Bogor,089065112088,A,2023-03-16,Perusahaan
PAT00698,Wulan Gunawan,802629******,1950-07-15,Female,Jl. Cempaka No. 119,Bandung,081233415299,A,2022-07-08,Perusahaan
PAT00699,Wisnu Kusuma,449682******,2003-04-28,Male,Jl. Melati No. 25,Bandung,087723528199,AB,2021-05-05,BPJS
PAT00700,Ahmad Pranata,807173******,1995-10-30,Male,Jl. Sudirman No. 190,Bekasi,084013231659,B,2024-02-26,BPJS
PAT00701,Intan Hartono,334402******,2010-08-14,Female,Jl. Pahlawan No. 164,Depok,,AB,2022-09-29,BPJS
PAT00702,Budi Wibowo,753959******,2011-09-15,Male,Jl. Gatot Subroto No. 52,Depok,081288372981,B,2024-05-21,Perusahaan
PAT00703,Ratna Lesmana,201568******,1972-03-06,Female,Jl. Gatot Subroto No. 53,Jakarta,083034708132,O,2023-03-12,BPJS
PAT00704,Hadi Kusuma,414492******,1986-04-18,Male,Jl. Diponegoro No. 124,Depok,084523036945,AB,2023-06-19,BPJS
PAT00705,Yoga Wardana,229180******,1988-10-15,Male,Jl. Merdeka No. 38,Depok,081793743692,B,2021-12-16,BPJS
PAT00706,Naufal Susanto,310083******,1992-09-19,Male,Jl. Melati No. 123,Tangerang,087823688564,AB,2022-07-18,Umum
PAT00707,Faris Gunawan,831541******,1959-08-19,Male,Jl. Cendana No. 119,Cirebon,088788895724,B,2021-02-27,Mandiri
PAT00708,Wahyu Anggara,225961******,2000-08-14,Male,Jl. Merdeka No. 100,Tangerang,087788359341,A,2023-06-30,BPJS
PAT00709,Surya Halim,246070******,1991-12-24,Male,Jl. Pinus No. 226,Jakarta,082189293820,B,2023-01-03,Mandiri
PAT00710,Jihan Lesmana,321018******,1981-04-18,Female,Jl. Cempaka No. 232,Bogor,081269576948,B,2022-12-22,BPJS
PAT00711,Salma Pranata,455772******,1991-03-23,Female,Jl. Pahlawan No. 184,Bekasi,082691911008,O,2023-02-11,Mandiri
PAT00712,Krisna Wardana,790982******,1966-03-08,Male,Jl. Cempaka No. 148,Bogor,,AB,2021-09-23,BPJS
PAT00713,Bayu Pranata,708934******,1981-03-25,Male,Jl. Kebon Jeruk No. 150,Bandung,088859301687,,2021-05-19,Mandiri
PAT00714,Indah Pratama,993419******,2015-10-01,Female,Jl. Hayam Wuruk No. 41,Tangerang,085751180577,O,2022-10-25,BPJS
PAT00715,Adi Nugroho,210553******,1965-08-11,Male,Jl. Mangga No. 187,Bandung,081276466636,AB,2021-08-23,BPJS
PAT00716,Indah Saputra,562976******,2018-06-26,Female,Jl. Kebon Jeruk No. 96,Tangerang,086042580412,A,2023-07-10,BPJS
PAT00717,Bunga Hartono,768357******,2001-06-23,Female,Jl. Ahmad Yani No. 143,Cirebon,086135569472,O,2023-06-16,BPJS
PAT00718,Zaki Santoso,336450******,1968-01-19,Male,Jl. Diponegoro No. 190,Sukabumi,084393042281,A,2024-04-07,BPJS
PAT00719,Andi Kusuma,313426******,1952-12-25,Male,Jl. Pahlawan No. 208,Depok,084836655711,AB,2023-04-16,BPJS
PAT00720,Nia Susanto,175460******,1980-07-26,Female,Jl. Cempaka No. 48,Bekasi,083131057424,B,2024-03-14,Umum
PAT00721,Hesti Lesmana,469209******,1981-12-25,Female,Jl. Veteran No. 159,Depok,084665417862,A,2023-06-18,BPJS
PAT00722,Erika Gunawan,174310******,2001-01-22,Female,Jl. Pahlawan No. 21,Bekasi,082280875150,,2021-08-30,BPJS
PAT00723,Intan Nugroho,153979******,2003-12-18,Female,Jl. Anggrek No. 139,Tangerang,081096819216,AB,2022-05-30,Mandiri
PAT00724,Bunga Halim,171253******,1964-02-29,Female,Jl. Melati No. 248,Jakarta,089911099886,B,2023-11-27,Umum
PAT00725,Umar Lesmana,427406******,1985-10-25,Male,Jl. Sudirman No. 159,Depok,084830287810,O,2022-06-23,BPJS
PAT00726,Wisnu Pratama,133842******,1980-04-30,Male,Jl. Mawar No. 108,Bekasi,086156156606,A,2021-10-13,BPJS
PAT00727,Reza Susanto,956437******,2015-11-03,Male,Jl. Sudirman No. 85,Bekasi,086306935472,A,2024-02-29,Mandiri
PAT00728,Umar Wijaya,462645******,1956-05-07,Male,Jl. Cendana No. 244,Bandung,087663320708,B,2022-07-09,Mandiri
PAT00729,Indah Kusuma,137329******,1994-07-21,Female,Jl. Hayam Wuruk No. 130,Bekasi,,,2022-12-19,BPJS
PAT00730,Erika Wibowo,418157******,2020-02-12,Female,Jl. Hayam Wuruk No. 218,Tangerang,081237754569,B,2023-12-31,Perusahaan
PAT00731,Pipit Gunawan,815067******,2011-05-01,Female,Jl. Merdeka No. 189,Depok,087667919375,A,2023-03-04,BPJS
PAT00732,Bunga Hartono,550592******,2012-12-02,Female,Jl. Veteran No. 110,Bogor,081591719508,O,2021-08-30,Perusahaan
PAT00733,Qori Halim,468877******,1967-05-17,Female,Jl. Cendana No. 88,Tangerang,084943074590,B,2022-04-21,Mandiri
PAT00734,Lestari Pranata,110537******,1970-05-18,Female,Jl. Veteran No. 106,Bekasi,,,2024-03-09,Mandiri
PAT00735,Surya Pratama,854793******,1972-06-03,Male,Jl. Sudirman No. 209,Cilegon,081329044656,B,2023-06-18,BPJS
PAT00736,Anggi Santoso,145843******,1978-03-08,Female,Jl. Kebon Jeruk No. 90,Jakarta,082255903097,O,2023-09-08,Umum
PAT00737,Yoga Kusuma,788484******,1956-11-21,Male,Jl. Mawar No. 20,Bandung,086179133387,AB,2022-03-28,BPJS
PAT00738,Indra Santoso,484757******,2019-12-30,Male,Jl. Melati No. 142,Karawang,089130280665,,2022-10-16,BPJS
PAT00739,Pandu Lesmana,209448******,1954-11-05,Male,Jl. Cendana No. 89,Bekasi,,O,2022-07-27,BPJS
PAT00740,Lestari Setiawan,243792******,1996-09-27,Female,Jl. Melati No. 60,Depok,081905248698,,2023-02-02,Mandiri
PAT00741,Eko Wijaya,346525******,2012-08-26,Male,Jl. Pinus No. 113,Jakarta,085093296976,A,2023-10-19,Umum
PAT00742,Indah Permana,391469******,2002-10-10,Female,Jl. Melati No. 99,Bandung,081362895954,AB,2023-02-26,BPJS
PAT00743,Intan Pratama,501172******,1984-07-05,Female,Jl. Sudirman No. 114,Depok,081963998771,O,2022-01-13,BPJS
PAT00744,Tiara Mahendra,658358******,1954-09-09,Female,Jl. Melati No. 170,Tangerang,089724393265,AB,2021-02-23,BPJS
PAT00745,Pipit Suryadi,968386******,1973-07-21,Female,Jl. Asia Afrika No. 208,Jakarta,085412413776,O,2023-05-26,Umum
PAT00746,Maya Kusuma,680170******,1984-10-26,Female,Jl. Melati No. 244,Bogor,087285695527,,2024-03-18,Umum
PAT00747,Rian Lesmana,372735******,1964-08-01,Male,Jl. Mangga No. 246,Sukabumi,082023176784,A,2022-07-29,BPJS
PAT00748,Zaki Permana,189691******,1972-06-03,Male,Jl. Veteran No. 198,Depok,086565525658,O,2021-03-21,Umum
PAT00749,Qori Permana,479264******,1974-02-10,Female,Jl. Mawar No. 169,Bogor,083611336587,A,2022-09-21,Perusahaan
PAT00750,Rian Suryadi,976609******,1973-09-24,Male,Jl. Diponegoro No. 217,Bekasi,087201111087,A,2023-06-20,BPJS
PAT00751,Sari Anggara,138801******,1982-03-08,Female,Jl. Veteran No. 123,Purwakarta,086230593697,,2021-04-30,BPJS
PAT00752,Olivia Saputra,389874******,2004-10-03,Female,Jl. Anggrek No. 142,Depok,085094363513,,2023-06-22,Umum
PAT00753,Joko Permana,903184******,2020-07-31,Male,Jl. Mawar No. 71,Jakarta,089027531700,B,2022-04-11,Mandiri
PAT00754,Ririn Hidayat,254037******,2005-06-09,Female,Jl. Sudirman No. 168,Bandung,081999320584,A,2022-01-13,Perusahaan
PAT00755,Ulfa Lesmana,561697******,2002-01-09,Female,Jl. Sudirman No. 82,Jakarta,081979048220,AB,2022-06-12,BPJS
PAT00756,Andi Halim,666693******,2014-06-11,Male,Jl. Kebon Jeruk No. 12,Jakarta,086302982652,,2021-08-12,Mandiri
PAT00757,Rina Lesmana,565371******,1960-02-26,Female,Jl. Thamrin No. 131,Serang,082017815838,AB,2024-03-14,BPJS
PAT00758,Arif Mahendra,174861******,2007-08-03,Male,Jl. Melati No. 110,Depok,081614521710,AB,2024-05-28,Perusahaan
PAT00759,Amelia Suryadi,527963******,2008-06-29,Female,Jl. Jati No. 96,Sukabumi,081133820039,AB,2021-04-02,Umum
PAT00760,Wahyu Hartono,719946******,1952-04-16,Male,Jl. Kebon Jeruk No. 28,Depok,088356592812,B,2023-02-15,BPJS
PAT00761,Olivia Wijaya,788976******,2015-02-27,Female,Jl. Mangga No. 39,Jakarta,,A,2021-06-08,Mandiri
PAT00762,Sinta Pranata,627953******,2001-07-15,Female,Jl. Veteran No. 162,Jakarta,088447263911,,2024-01-09,Mandiri
PAT00763,Ratna Lesmana,936979******,1954-08-13,Female,Jl. Jati No. 156,Cilegon,087529793398,AB,2022-07-06,BPJS
PAT00764,Dimas Pranata,407301******,1971-11-23,Male,Jl. Hayam Wuruk No. 85,Depok,089493189409,B,2023-07-23,Perusahaan
PAT00765,Diah Kusuma,826739******,1971-08-17,Female,Jl. Cendana No. 114,Cilegon,082554267761,AB,2024-02-22,BPJS
PAT00766,Jihan Saputra,479895******,2008-08-12,Female,Jl. Kebon Jeruk No. 124,Jakarta,086284312306,O,2022-04-16,Mandiri
PAT00767,Nia Hartono,663731******,1971-12-23,Female,Jl. Cendana No. 199,Bogor,083860030122,AB,2022-08-11,Perusahaan
PAT00768,Vina Suryadi,223694******,1957-04-24,Female,Jl. Cendana No. 105,Jakarta,082950212154,B,2021-09-05,BPJS
PAT00769,Galuh Permana,902694******,1999-10-03,Male,Jl. Jati No. 183,Jakarta,084190533614,,2021-09-16,BPJS
PAT00770,Indah Mahendra,125093******,2011-11-28,Female,Jl. Thamrin No. 43,Jakarta,089240423051,O,2022-12-27,BPJS
PAT00771,Wulan Gunawan,830782******,1999-12-19,Female,Jl. Melati No. 62,Bandung,085806195714,AB,2024-04-26,Mandiri
PAT00772,Pipit Wardana,213006******,2014-10-16,Female,Jl. Thamrin No. 12,Jakarta,088880426060,AB,2023-09-05,Perusahaan
PAT00773,Bambang Hidayat,858862******,2018-09-19,Male,Jl. Cempaka No. 151,Bandung,081359873139,A,2024-04-30,BPJS
PAT00774,Olivia Halim,806642******,2008-04-05,Female,Jl. Mangga No. 117,Jakarta,,AB,2023-06-18,BPJS
PAT00775,Anggi Lesmana,857630******,2002-10-05,Female,Jl. Gatot Subroto No. 72,Jakarta,086292531626,O,2022-11-30,BPJS
PAT00776,Hadi Pranata,642824******,1997-02-12,Male,Jl. Cempaka No. 149,Bandung,087127584892,AB,2023-02-26,Perusahaan
PAT00777,Diah Hidayat,250152******,1953-10-06,Female,Jl. Ahmad Yani No. 209,Indramayu,082350197673,,2022-12-13,BPJS
PAT00778,Eka Hidayat,224309******,1975-10-29,Female,Jl. Jati No. 71,Bekasi,082885133086,B,2022-08-14,BPJS
PAT00779,Galih Wardana,890069******,1959-07-10,Male,Jl. Hayam Wuruk No. 237,Cilegon,088157277882,B,2021-07-16,BPJS
PAT00780,Reza Susanto,979535******,1995-08-22,Male,Jl. Diponegoro No. 194,Indramayu,089707402483,A,2024-01-11,BPJS
PAT00781,Pandu Setiawan,106988******,1993-10-24,Male,Jl. Merdeka No. 214,Sukabumi,082587164623,AB,2024-03-15,BPJS
PAT00782,Hari Anggara,646196******,1961-04-27,Male,Jl. Pinus No. 213,Depok,,,2022-08-28,BPJS
PAT00783,Ratna Kusuma,565992******,1988-10-12,Female,Jl. Mawar No. 127,Bekasi,083872111537,AB,2021-06-11,BPJS
PAT00784,Adi Saputra,443005******,1964-01-23,Male,Jl. Anggrek No. 130,Jakarta,086480842253,,2023-11-17,Umum
PAT00785,Ulfa Saputra,841143******,2011-09-20,Female,Jl. Sudirman No. 81,Jakarta,082861342732,AB,2022-01-25,BPJS
PAT00786,Qadir Wijaya,765318******,2006-04-11,Male,Jl. Hayam Wuruk No. 3,Bogor,085050851541,B,2022-06-28,BPJS
PAT00787,Hesti Hartono,608042******,1966-10-15,Female,Jl. Jati No. 188,Tangerang,082213756353,B,2021-07-01,BPJS
PAT00788,Oki Setiawan,103353******,1988-12-18,Male,Jl. Jati No. 18,Sukabumi,081764998225,O,2022-06-23,Mandiri
PAT00789,Qori Gunawan,761679******,2002-05-21,Female,Jl. Kenanga No. 61,Bandung,,O,2023-12-23,BPJS
PAT00790,Tiara Hidayat,414678******,1970-10-21,Female,Jl. Melati No. 225,Tangerang,088163901518,,2023-10-01,Perusahaan
PAT00791,Ririn Gunawan,726882******,1982-01-15,Female,Jl. Jati No. 140,Jakarta,082268807306,B,2021-08-19,Perusahaan
PAT00792,Eka Mahendra,568894******,1979-03-12,Female,Jl. Cendana No. 64,Bekasi,081497439597,O,2022-10-16,Perusahaan
PAT00793,Yoga Kusuma,464462******,2012-07-12,Male,Jl. Pahlawan No. 102,Depok,082008716202,AB,2022-07-03,BPJS
PAT00794,Jihan Setiawan,992325******,2020-03-25,Female,Jl. Sudirman No. 105,Jakarta,086683066445,,2022-10-13,BPJS
PAT00795,Devi Gunawan,948330******,1989-08-25,Female,Jl. Mangga No. 109,Jakarta,085529615809,O,2022-03-25,Mandiri
PAT00796,Vina Wijaya,423496******,1990-02-28,Female,Jl. Hayam Wuruk No. 105,Jakarta,083685585090,,2022-11-07,BPJS
PAT00797,Bambang Wardana,665987******,1951-10-15,Male,Jl. Merdeka No. 244,Jakarta,,O,2021-07-04,BPJS
PAT00798,Doni Halim,904092******,2018-09-21,Male,Jl. Thamrin No. 142,Jakarta,083812909739,B,2023-01-12,Perusahaan
PAT00799,Lina Setiawan,264618******,1998-01-22,Female,Jl. Hayam Wuruk No. 102,Serang,086900769445,O,2022-03-18,BPJS
PAT00800,Mira Nugroho,114303******,1953-03-28,Female,Jl. Merdeka No. 217,Bekasi,083261538155,O,2023-09-21,BPJS
PAT00801,Surya Hidayat,396841******,1977-01-17,Male,Jl. Hayam Wuruk No. 7,Bekasi,083955238301,A,2022-07-12,Umum
PAT00802,Ratna Gunawan,787106******,1985-12-14,Female,Jl. Mawar No. 34,Jakarta,084702191781,A,2021-06-01,Umum
PAT00803,Naufal Mahendra,121133******,1951-04-29,Male,Jl. Veteran No. 191,Karawang,081652180311,O,2022-02-02,BPJS
PAT00804,Pipit Santoso,922892******,1979-01-16,Female,Jl. Cempaka No. 109,Bekasi,,A,2022-09-11,BPJS
PAT00805,Iwan Anggara,312511******,1958-12-11,Male,Jl. Asia Afrika No. 68,Bandung,087319616386,AB,2023-05-30,BPJS
PAT00806,Faisal Nugroho,526068******,2000-04-30,Male,Jl. Jati No. 72,Jakarta,083175802532,O,2021-02-05,Perusahaan
PAT00807,Intan Gunawan,490843******,2018-06-05,Female,Jl. Gatot Subroto No. 140,Tangerang,082942486389,A,2023-03-25,BPJS
PAT00808,Adi Anggara,487786******,1992-10-10,Male,Jl. Gatot Subroto No. 145,Jakarta,088055852017,AB,2021-10-22,Umum
PAT00809,Vino Saputra,200022******,2000-04-27,Male,Jl. Ahmad Yani No. 44,Bandung,082073608945,B,2023-04-06,Perusahaan
PAT00810,Umar Wibowo,648830******,2014-11-13,Male,Jl. Asia Afrika No. 215,Jakarta,084266673090,A,2023-10-08,Perusahaan
PAT00811,Tika Mahendra,426584******,2016-06-08,Female,Jl. Pahlawan No. 87,Tangerang,,A,2022-10-21,Mandiri
PAT00812,Vera Pranata,727814******,1986-06-22,Female,Jl. Merdeka No. 224,Bandung,087441658392,B,2022-10-22,BPJS
PAT00813,Jaya Wibowo,639420******,1999-10-10,Male,Jl. Thamrin No. 220,Bekasi,084956654409,O,2021-06-08,BPJS
PAT00814,Bunga Hartono,893653******,1951-03-23,Female,Jl. Cempaka No. 42,Jakarta,084213274467,,2021-12-07,BPJS
PAT00815,Dimas Anggara,219185******,1953-07-03,Male,Jl. Cendana No. 227,Bandung,083126801368,O,2021-10-14,BPJS
PAT00816,Mira Mahendra,518807******,1950-10-31,Female,Jl. Gatot Subroto No. 76,Bandung,088201299357,AB,2023-02-01,BPJS
PAT00817,Nia Hidayat,248391******,1976-01-14,Female,Jl. Ahmad Yani No. 134,Bogor,087891351401,O,2023-08-06,BPJS
PAT00818,Reza Suryadi,883039******,2014-08-10,Male,Jl. Pahlawan No. 219,Jakarta,083035257974,AB,2023-05-03,BPJS
PAT00819,Anggi Hartono,593348******,1956-01-07,Female,Jl. Melati No. 2,Karawang,084012767672,,2022-02-13,BPJS
PAT00820,Vera Kusuma,663852******,1991-02-22,Female,Jl. Gatot Subroto No. 85,Jakarta,089852390547,O,2024-05-02,Mandiri
PAT00821,Hendra Saputra,467476******,2007-02-02,Male,Jl. Hayam Wuruk No. 144,Karawang,086122352653,AB,2023-05-23,Perusahaan
PAT00822,Olivia Santoso,485115******,2006-01-10,Female,Jl. Mangga No. 197,Tangerang,089307789257,B,2021-06-08,Umum
PAT00823,Olivia Hartono,207978******,2015-07-21,Female,Jl. Mawar No. 56,Bekasi,086060868468,,2024-02-29,Umum
PAT00824,Fitri Hartono,935593******,1996-11-10,Female,Jl. Mangga No. 151,Jakarta,083033266894,B,2021-01-06,Perusahaan
PAT00825,Adi Setiawan,195775******,2005-03-02,Male,Jl. Pahlawan No. 38,Jakarta,086002856890,A,2022-10-25,Umum
PAT00826,Rizki Wijaya,243628******,1995-11-28,Male,Jl. Pinus No. 207,Jakarta,087320856459,AB,2023-10-22,Mandiri
PAT00827,Ahmad Nugroho,687354******,1985-04-12,Male,Jl. Mangga No. 97,Depok,088328264724,AB,2022-10-01,BPJS
PAT00828,Oki Suryadi,656464******,1957-01-06,Male,Jl. Kebon Jeruk No. 227,Bandung,084617183757,B,2022-07-23,BPJS
PAT00829,Eko Mahendra,687712******,1989-08-15,Male,Jl. Mawar No. 126,Jakarta,083943631361,O,2022-12-15,Mandiri
PAT00830,Anggi Pratama,483450******,1991-10-25,Female,Jl. Kenanga No. 198,Bogor,088423814481,B,2024-02-21,Mandiri
PAT00831,Citra Gunawan,492383******,1966-01-22,Female,Jl. Merdeka No. 239,Jakarta,086136076879,AB,2023-12-14,BPJS
PAT00832,Dimas Pratama,714663******,1977-11-05,Male,Jl. Gatot Subroto No. 85,Bandung,089207857552,AB,2023-10-27,BPJS
PAT00833,Sari Wardana,386290******,1953-01-03,Female,Jl. Mawar No. 166,Depok,088050936384,O,2021-03-31,Perusahaan
PAT00834,Galih Permana,755643******,1955-02-19,Male,Jl. Asia Afrika No. 249,Tangerang,084536156992,O,2024-05-29,Perusahaan
PAT00835,Ririn Anggara,614117******,1965-08-04,Female,Jl. Veteran No. 122,Bogor,084467888399,A,2023-01-27,BPJS
PAT00836,Dewi Wardana,847960******,1963-09-29,Female,Jl. Diponegoro No. 181,Jakarta,081565424740,O,2021-09-02,Perusahaan
PAT00837,Hadi Anggara,768444******,2013-10-01,Male,Jl. Anggrek No. 16,Bogor,087631788070,B,2021-02-04,Perusahaan
PAT00838,Vina Suryadi,843764******,1965-03-07,Female,Jl. Asia Afrika No. 232,Depok,088148953034,O,2021-05-06,Umum
PAT00839,Rizki Setiawan,965125******,2018-04-20,Male,Jl. Pahlawan No. 129,Depok,088425814077,A,2021-12-20,BPJS
PAT00840,Indra Wijaya,388909******,2004-08-05,Male,Jl. Cempaka No. 51,Serang,082757721882,,2021-01-07,Perusahaan
PAT00841,Agus Permana,687789******,1981-06-18,Male,Jl. Anggrek No. 31,Bogor,089959710804,O,2021-06-30,BPJS
PAT00842,Ahmad Saputra,291366******,2015-06-14,Male,Jl. Diponegoro No. 23,Jakarta,081044833889,AB,2023-08-01,BPJS
PAT00843,Faisal Nugroho,422733******,2011-02-01,Male,Jl. Ahmad Yani No. 165,Bogor,084170160337,AB,2021-04-20,BPJS
PAT00844,Bunga Santoso,286650******,1975-01-11,Female,Jl. Asia Afrika No. 36,Jakarta,086650205489,B,2022-01-21,Mandiri
PAT00845,Linda Setiawan,285715******,1976-06-17,Female,Jl. Pinus No. 67,Depok,082136212738,,2023-10-01,BPJS
PAT00846,Rendra Pranata,481276******,1981-04-19,Male,Jl. Cempaka No. 198,Bekasi,084572255055,A,2024-04-13,Mandiri
PAT00847,Bunga Hartono,664080******,2001-01-08,Female,Jl. Cendana No. 54,Tangerang,088714926942,B,2022-12-02,BPJS
PAT00848,Vera Lesmana,678406******,2016-09-01,Female,Jl. Mawar No. 204,Jakarta,089979735078,B,2022-06-13,Umum
PAT00849,Yuli Anggara,373516******,1952-10-27,Female,Jl. Gatot Subroto No. 237,Serang,083710612548,O,2021-10-14,BPJS
PAT00850,Jaya Pranata,438680******,1983-05-26,Male,Jl. Mangga No. 145,Bekasi,084870946211,AB,2021-08-03,BPJS
PAT00851,Ririn Halim,108281******,1964-03-29,Female,Jl. Jati No. 108,Jakarta,086732546435,,2021-07-25,Mandiri
PAT00852,Joko Halim,421153******,1964-08-07,Male,Jl. Veteran No. 120,Jakarta,085388382689,,2023-07-24,BPJS
PAT00853,Satria Pranata,828234******,1989-01-09,Male,Jl. Mangga No. 188,Bandung,086341172911,AB,2024-05-15,Perusahaan
PAT00854,Doni Wibowo,811517******,1985-12-27,Male,Jl. Sudirman No. 77,Purwakarta,084768544804,,2023-11-05,BPJS
PAT00855,Yusuf Mahendra,546582******,2019-06-12,Male,Jl. Asia Afrika No. 69,Serang,081122643545,B,2022-09-08,BPJS
PAT00856,Pipit Lesmana,308102******,2000-12-15,Female,Jl. Pahlawan No. 193,Karawang,085122796224,A,2022-09-26,Mandiri
PAT00857,Nadia Halim,580995******,1985-07-11,Female,Jl. Pinus No. 43,Bogor,089593556142,B,2022-02-15,BPJS
PAT00858,Joko Santoso,422465******,1957-03-18,Male,Jl. Hayam Wuruk No. 48,Depok,084684060593,O,2021-07-04,Mandiri
PAT00859,Mega Hartono,817974******,1999-10-28,Female,Jl. Kenanga No. 217,Tangerang,085316204963,B,2022-12-07,BPJS
PAT00860,Fitri Wibowo,676537******,2011-08-13,Female,Jl. Ahmad Yani No. 101,Sukabumi,089215555368,O,2023-08-08,BPJS
PAT00861,Winda Nugroho,900122******,1958-08-06,Female,Jl. Pahlawan No. 100,Depok,,AB,2021-10-01,Perusahaan
PAT00862,Faris Suryadi,396951******,2010-07-15,Male,Jl. Cendana No. 187,Jakarta,087858800225,A,2022-12-12,BPJS
PAT00863,Maulana Pranata,128202******,1969-11-21,Male,Jl. Kebon Jeruk No. 227,Depok,086304961439,AB,2022-11-28,BPJS
PAT00864,Jihan Pratama,740225******,2003-10-03,Female,Jl. Mangga No. 193,Jakarta,084928116989,B,2021-10-10,BPJS
PAT00865,Maulana Setiawan,146397******,1968-12-13,Male,Jl. Cendana No. 78,Depok,085693756540,O,2022-01-04,BPJS
PAT00866,Hari Hartono,398806******,1977-11-28,Male,Jl. Jati No. 100,Bogor,085444546673,O,2022-01-03,BPJS
PAT00867,Putri Gunawan,815485******,1996-05-31,Female,Jl. Gatot Subroto No. 214,Depok,085649905416,A,2023-04-09,Mandiri
PAT00868,Budi Hidayat,434522******,1961-07-20,Male,Jl. Cempaka No. 148,Depok,082952887577,O,2023-04-03,BPJS
PAT00869,Hari Wijaya,417670******,1988-02-16,Male,Jl. Gatot Subroto No. 67,Bekasi,082567069461,B,2023-05-19,BPJS
PAT00870,Pandu Gunawan,807494******,1957-03-06,Male,Jl. Merdeka No. 39,Jakarta,087829655223,B,2023-11-21,Perusahaan
PAT00871,Umar Anggara,556013******,1954-05-10,Male,Jl. Melati No. 119,Jakarta,081171130607,O,2023-08-01,BPJS
PAT00872,Arif Wijaya,728441******,2011-07-31,Male,Jl. Mawar No. 95,Bogor,087123345775,AB,2021-02-18,BPJS
PAT00873,Lina Permana,287410******,1976-04-22,Female,Jl. Cendana No. 92,Jakarta,085370210789,AB,2022-09-02,BPJS
PAT00874,Ririn Wijaya,724719******,1960-01-08,Female,Jl. Sudirman No. 92,Serang,082701728624,B,2021-06-22,BPJS
PAT00875,Pandu Kusuma,232177******,2015-03-16,Male,Jl. Jati No. 38,Depok,086474778646,,2023-07-28,BPJS
PAT00876,Umar Nugroho,965674******,2015-09-25,Male,Jl. Cempaka No. 211,Tangerang,087739096956,A,2021-06-06,BPJS
PAT00877,Diah Halim,140147******,1963-03-02,Female,Jl. Gatot Subroto No. 156,Bogor,085633259825,AB,2023-05-16,BPJS
PAT00878,Cindy Pratama,292864******,2016-12-30,Female,Jl. Thamrin No. 66,Bekasi,084431481733,AB,2024-03-20,BPJS
PAT00879,Hesti Setiawan,897671******,1989-03-14,Female,Jl. Diponegoro No. 71,Bandung,083883811315,O,2022-01-07,BPJS
PAT00880,Zaki Santoso,385925******,1950-06-15,Male,Jl. Ahmad Yani No. 105,Tangerang,085852312091,AB,2023-08-06,BPJS
PAT00881,Pipit Suryadi,201866******,1969-11-09,Female,Jl. Merdeka No. 58,Depok,088340135648,B,2021-05-11,BPJS
PAT00882,Umar Santoso,863535******,2013-11-17,Male,Jl. Pinus No. 156,Bogor,087820039405,,2024-05-04,Mandiri
PAT00883,Doni Susanto,507937******,1992-09-01,Male,Jl. Veteran No. 239,Bandung,085348943115,AB,2022-10-17,BPJS
PAT00884,Aulia Anggara,259151******,1991-06-12,Female,Jl. Jati No. 219,Bekasi,083996707622,O,2022-06-08,BPJS
PAT00885,Faris Wijaya,792792******,2001-04-03,Male,Jl. Thamrin No. 248,Jakarta,088006741200,AB,2021-06-20,BPJS
PAT00886,Yuli Lesmana,487125******,1977-04-11,Female,Jl. Anggrek No. 75,Bandung,083007382296,B,2024-04-12,Mandiri
PAT00887,Hendra Wardana,468706******,2000-09-05,Male,Jl. Cendana No. 111,Jakarta,089475504077,O,2022-04-26,BPJS
PAT00888,Dedi Susanto,238094******,1983-12-14,Male,Jl. Gatot Subroto No. 156,Jakarta,085711492455,B,2022-03-09,BPJS
PAT00889,Ahmad Pranata,403404******,1966-01-10,Male,Jl. Diponegoro No. 222,Jakarta,089499295746,O,2022-12-22,BPJS
PAT00890,Reza Mahendra,728357******,1975-01-08,Male,Jl. Kenanga No. 82,Tangerang,,,2021-08-05,BPJS
PAT00891,Yoga Suryadi,626704******,1998-01-20,Male,Jl. Mangga No. 137,Bekasi,087029987916,O,2022-08-10,BPJS
PAT00892,Farah Hidayat,286255******,1985-11-21,Female,Jl. Merdeka No. 74,Bekasi,084896741733,O,2024-04-03,BPJS
PAT00893,Salma Mahendra,538587******,1986-10-23,Female,Jl. Merdeka No. 49,Karawang,083658052055,B,2023-10-28,BPJS
PAT00894,Faisal Wardana,698301******,2015-09-08,Male,Jl. Merdeka No. 105,Bekasi,082073487379,O,2021-07-06,Mandiri
PAT00895,Arif Pratama,879055******,2003-12-13,Male,Jl. Mangga No. 227,Purwakarta,084708439150,B,2023-07-27,BPJS
PAT00896,Amelia Nugroho,283722******,1992-05-12,Female,Jl. Ahmad Yani No. 240,Bandung,082386089888,AB,2021-05-13,BPJS
PAT00897,Dewi Setiawan,705659******,1991-05-17,Female,Jl. Hayam Wuruk No. 118,Depok,083754702956,,2024-05-22,BPJS
PAT00898,Doni Hidayat,356757******,1991-06-20,Male,Jl. Thamrin No. 185,Bogor,,A,2021-03-08,Mandiri
PAT00899,Ulfa Mahendra,645015******,1992-03-08,Female,Jl. Mangga No. 221,Depok,,A,2023-05-05,Mandiri
PAT00900,Galih Susanto,226858******,2014-03-21,Male,Jl. Kebon Jeruk No. 199,Cilegon,085396844455,O,2021-05-03,BPJS
PAT00901,Wahyu Gunawan,968543******,2015-01-21,Male,Jl. Sudirman No. 197,Jakarta,086855643596,O,2023-05-28,BPJS
PAT00902,Ahmad Kusuma,253075******,1973-07-20,Male,Jl. Asia Afrika No. 195,Bekasi,086020616922,O,2022-11-27,BPJS
PAT00903,Nadia Nugroho,934197******,1993-04-18,Female,Jl. Mawar No. 54,Jakarta,085712119018,A,2023-07-28,BPJS
PAT00904,Maulana Nugroho,893751******,1973-04-29,Male,Jl. Melati No. 88,Jakarta,088255033473,AB,2023-07-12,Perusahaan
PAT00905,Galih Pranata,388671******,2003-05-01,Male,Jl. Pahlawan No. 10,Jakarta,082238799281,B,2023-01-30,Umum
PAT00906,Rian Halim,848476******,1976-02-16,Male,Jl. Diponegoro No. 79,Purwakarta,086603821485,O,2022-08-27,BPJS
PAT00907,Eko Hartono,253643******,2004-06-30,Male,Jl. Mangga No. 75,Tangerang,081978900486,B,2024-04-09,BPJS
PAT00908,Yanti Hartono,712614******,1951-01-31,Female,Jl. Kenanga No. 67,Jakarta,,,2023-11-08,BPJS
PAT00909,Kartika Gunawan,600143******,2005-06-26,Female,Jl. Diponegoro No. 231,Bogor,089471407729,B,2024-04-17,BPJS
PAT00910,Jihan Suryadi,648759******,1983-08-03,Female,Jl. Jati No. 97,Depok,083784755893,O,2021-12-26,Mandiri
PAT00911,Krisna Gunawan,114923******,2009-12-30,Male,Jl. Thamrin No. 243,Tangerang,082470455066,AB,2022-02-27,BPJS
PAT00912,Sinta Hartono,391835******,2004-08-08,Female,Jl. Gatot Subroto No. 200,Tangerang,083791714419,AB,2023-10-19,Mandiri
PAT00913,Jaya Pranata,769658******,1951-02-04,Male,Jl. Cempaka No. 216,Serang,084857459052,B,2023-01-15,Perusahaan
PAT00914,Tiara Wijaya,517848******,2006-03-13,Female,Jl. Anggrek No. 26,Cirebon,083179337292,AB,2024-02-08,Mandiri
PAT00915,Lina Susanto,183306******,1955-01-09,Female,Jl. Asia Afrika No. 115,Jakarta,083246047970,B,2022-06-09,BPJS
PAT00916,Joko Nugroho,339431******,2011-11-15,Male,Jl. Pinus No. 184,Jakarta,081762058960,AB,2024-02-05,BPJS
PAT00917,Linda Saputra,879207******,1967-01-18,Female,Jl. Thamrin No. 188,Bekasi,082300347998,,2022-03-02,Mandiri
PAT00918,Sinta Nugroho,714127******,2018-05-02,Female,Jl. Jati No. 149,Purwakarta,082994030019,A,2022-10-16,BPJS
PAT00919,Vino Saputra,305967******,1992-11-28,Male,Jl. Pinus No. 30,Depok,085653108333,B,2021-07-24,BPJS
PAT00920,Pandu Pranata,325437******,2003-09-04,Male,Jl. Melati No. 125,Karawang,083445250621,O,2021-08-17,Mandiri
PAT00921,Indra Setiawan,717545******,2006-12-18,Male,Jl. Pinus No. 158,Jakarta,085261628430,,2022-05-31,Mandiri
PAT00922,Devi Wardana,383894******,1994-03-12,Female,Jl. Diponegoro No. 162,Bekasi,088066422240,AB,2023-12-26,BPJS
PAT00923,Iqbal Suryadi,388660******,2010-10-24,Male,Jl. Cempaka No. 144,Depok,082889973756,B,2023-09-26,BPJS
PAT00924,Sari Suryadi,634299******,1992-03-18,Female,Jl. Diponegoro No. 127,Tangerang,081767919393,O,2022-09-16,BPJS
PAT00925,Fitri Anggara,459065******,2007-03-25,Female,Jl. Veteran No. 176,Jakarta,084532858338,B,2021-08-11,BPJS
PAT00926,Adi Setiawan,422122******,1995-01-07,Male,Jl. Anggrek No. 79,Tangerang,083026690440,AB,2022-03-07,Perusahaan
PAT00927,Nia Hartono,439492******,1964-01-12,Female,Jl. Mangga No. 50,Jakarta,084375033100,,2021-11-20,BPJS
PAT00928,Umar Hidayat,441501******,1996-05-02,Male,Jl. Kebon Jeruk No. 122,Bekasi,088682616892,AB,2022-04-14,BPJS
PAT00929,Galih Wibowo,997830******,1977-03-28,Male,Jl. Pahlawan No. 95,Depok,086610225390,AB,2022-10-08,BPJS
PAT00930,Indra Santoso,545957******,2000-07-14,Male,Jl. Cendana No. 101,Jakarta,089332182041,,2021-04-24,BPJS
PAT00931,Galuh Halim,777162******,1962-07-22,Male,Jl. Pinus No. 250,Tangerang,088589415939,A,2022-02-19,BPJS
PAT00932,Yuli Permana,409116******,1983-07-05,Female,Jl. Anggrek No. 7,Jakarta,086937390011,B,2022-03-17,Mandiri
PAT00933,Umar Lesmana,561481******,1974-07-31,Male,Jl. Thamrin No. 28,Jakarta,082044268979,AB,2023-09-10,Mandiri
PAT00934,Satria Wibowo,148234******,2020-02-02,Male,Jl. Mangga No. 169,Depok,083091826686,AB,2024-05-27,BPJS
PAT00935,Olivia Gunawan,162198******,1959-02-06,Female,Jl. Anggrek No. 15,Jakarta,086881737942,AB,2021-08-16,BPJS
PAT00936,Krisna Hartono,886249******,1956-08-21,Male,Jl. Cendana No. 84,Depok,084540387502,B,2024-04-22,BPJS
PAT00937,Yanti Pranata,309709******,2000-05-28,Female,Jl. Pinus No. 23,Jakarta,086348207818,AB,2024-02-15,Mandiri
PAT00938,Kartika Santoso,823066******,1951-12-18,Female,Jl. Thamrin No. 36,Bandung,088469198298,AB,2023-07-03,Umum
PAT00939,Reza Hidayat,436873******,1992-01-07,Male,Jl. Pinus No. 59,Tangerang,086850620764,B,2022-06-15,BPJS
PAT00940,Galih Wardana,883968******,1952-01-29,Male,Jl. Gatot Subroto No. 36,Bogor,088053368108,,2023-05-26,Umum
PAT00941,Faris Wibowo,936865******,1954-04-23,Male,Jl. Cempaka No. 213,Bandung,082604060189,O,2021-03-07,BPJS
PAT00942,Naufal Suryadi,928519******,1998-05-04,Male,Jl. Melati No. 126,Depok,087763780950,A,2021-06-04,BPJS
PAT00943,Nia Saputra,685410******,2020-01-12,Female,Jl. Veteran No. 29,Bandung,084657104313,,2024-03-21,Perusahaan
PAT00944,Gita Wardana,781756******,1967-02-16,Female,Jl. Thamrin No. 193,Tangerang,,O,2022-07-22,BPJS
PAT00945,Gita Anggara,874831******,1963-08-28,Female,Jl. Anggrek No. 167,Jakarta,081313643390,AB,2023-07-19,BPJS
PAT00946,Oki Mahendra,122527******,1986-01-07,Male,Jl. Melati No. 148,Serang,089617224610,O,2021-02-08,BPJS
PAT00947,Sari Nugroho,438044******,1988-04-27,Female,Jl. Mawar No. 39,Bekasi,084674665074,AB,2023-12-27,Mandiri
PAT00948,Gita Setiawan,907327******,2001-07-15,Female,Jl. Kenanga No. 237,Bandung,083477578011,B,2021-10-31,BPJS
PAT00949,Reza Santoso,290407******,1959-01-20,Male,Jl. Veteran No. 7,Bandung,084627951658,B,2024-01-12,BPJS
PAT00950,Rendra Saputra,443367******,1978-04-16,Male,Jl. Hayam Wuruk No. 238,Bekasi,,B,2022-02-18,Perusahaan
PAT00951,Yanti Hidayat,544893******,1974-04-27,Female,Jl. Ahmad Yani No. 60,Bekasi,088612165250,A,2021-10-09,BPJS
PAT00952,Indra Kusuma,974677******,1983-08-27,Male,Jl. Pinus No. 7,Depok,086190830242,A,2023-07-05,BPJS
PAT00953,Indra Gunawan,308286******,1968-06-13,Male,Jl. Mangga No. 198,Depok,081535364749,B,2023-11-04,BPJS
PAT00954,Olivia Lesmana,227615******,1964-08-12,Female,Jl. Ahmad Yani No. 194,Depok,087892771428,AB,2023-05-01,Perusahaan
PAT00955,Dimas Setiawan,195201******,1995-06-24,Male,Jl. Jati No. 93,Tangerang,082962601437,A,2023-02-18,Mandiri
PAT00956,Devi Gunawan,999146******,1958-12-23,Female,Jl. Kenanga No. 91,Bandung,089356854399,A,2023-06-09,Umum
PAT00957,Salma Santoso,340500******,2012-11-28,Female,Jl. Mangga No. 22,Jakarta,089057108760,A,2022-07-17,BPJS
PAT00958,Wisnu Suryadi,147573******,1962-08-17,Male,Jl. Hayam Wuruk No. 217,Bekasi,081039831311,B,2021-10-15,Perusahaan
PAT00959,Krisna Wijaya,164153******,2003-06-28,Male,Jl. Ahmad Yani No. 206,Jakarta,088133735342,,2023-02-01,Umum
PAT00960,Umar Mahendra,963240******,1964-02-17,Male,Jl. Diponegoro No. 108,Bogor,083871906390,,2023-01-18,BPJS
PAT00961,Ratna Hidayat,131436******,1994-08-21,Female,Jl. Melati No. 53,Indramayu,088908860119,AB,2021-02-28,Mandiri
PAT00962,Andi Suryadi,129881******,1992-03-18,Male,Jl. Pahlawan No. 9,Depok,089218750349,A,2024-01-10,BPJS
PAT00963,Bunga Wardana,857619******,1997-02-12,Female,Jl. Diponegoro No. 44,Karawang,,A,2021-01-31,Mandiri
PAT00964,Aulia Nugroho,196598******,1987-09-02,Female,Jl. Gatot Subroto No. 17,Bandung,089455632693,O,2023-05-01,BPJS
PAT00965,Lina Anggara,240934******,2004-02-14,Female,Jl. Merdeka No. 208,Depok,086632552759,O,2022-06-11,BPJS
PAT00966,Bambang Suryadi,788258******,1998-06-12,Male,Jl. Kebon Jeruk No. 94,Tangerang,085708994795,O,2024-03-15,Perusahaan
PAT00967,Dimas Hartono,329964******,1996-03-06,Male,Jl. Pahlawan No. 34,Tangerang,089942933571,A,2023-04-08,BPJS
PAT00968,Eka Wardana,210339******,1972-05-29,Female,Jl. Mawar No. 58,Tangerang,088126937147,AB,2023-08-05,Perusahaan
PAT00969,Tiara Pranata,645172******,1996-05-16,Female,Jl. Mawar No. 148,Bekasi,,B,2022-11-03,Perusahaan
PAT00970,Erika Halim,793320******,1963-01-11,Female,Jl. Sudirman No. 149,Bekasi,088729959262,A,2022-02-10,BPJS
PAT00971,Joko Pratama,249898******,2006-12-08,Male,Jl. Hayam Wuruk No. 9,Depok,085990258975,AB,2021-01-24,Mandiri
PAT00972,Nia Wibowo,607348******,1980-11-07,Female,Jl. Asia Afrika No. 49,Depok,087037250227,B,2023-07-18,BPJS
PAT00973,Qori Permana,672396******,1989-06-18,Female,Jl. Mawar No. 31,Bogor,086743875978,B,2022-06-07,Perusahaan
PAT00974,Doni Wibowo,909508******,1999-03-31,Male,Jl. Gatot Subroto No. 117,Bandung,,AB,2023-11-30,BPJS
PAT00975,Galih Saputra,919938******,1982-10-14,Male,Jl. Merdeka No. 110,Depok,081542145861,B,2023-07-26,BPJS
PAT00976,Ratna Kusuma,677204******,2013-12-09,Female,Jl. Pahlawan No. 76,Bandung,089045791189,AB,2023-07-16,Perusahaan
PAT00977,Erika Susanto,186997******,1995-04-13,Female,Jl. Mangga No. 47,Sukabumi,083194318630,B,2022-03-31,Perusahaan
PAT00978,Andi Setiawan,869038******,2016-10-19,Male,Jl. Cempaka No. 91,Tangerang,083255052081,AB,2024-01-10,Mandiri
PAT00979,Adi Lesmana,274853******,1983-08-06,Male,Jl. Gatot Subroto No. 41,Bogor,083922282450,B,2021-11-08,Perusahaan
PAT00980,Pandu Wardana,544612******,1968-02-21,Male,Jl. Sudirman No. 72,Jakarta,089370457946,AB,2023-03-10,Perusahaan
PAT00981,Kartika Mahendra,599694******,1991-12-27,Female,Jl. Pahlawan No. 83,Jakarta,082288461054,A,2022-05-30,BPJS
PAT00982,Winda Susanto,800574******,1977-12-15,Female,Jl. Kebon Jeruk No. 54,Bekasi,081286967409,O,2021-10-15,BPJS
PAT00983,Eko Wibowo,962392******,1964-05-18,Male,Jl. Hayam Wuruk No. 196,Depok,087094598442,B,2022-05-25,BPJS
PAT00984,Aulia Saputra,337298******,1974-10-13,Female,Jl. Mangga No. 36,Indramayu,081652174484,O,2021-10-19,BPJS
PAT00985,Zaki Permana,897530******,1979-05-19,Male,Jl. Gatot Subroto No. 3,Jakarta,087531014369,A,2024-05-10,BPJS
PAT00986,Krisna Nugroho,792502******,1989-04-27,Male,Jl. Gatot Subroto No. 77,Tangerang,,O,2021-11-11,Mandiri
PAT00987,Rina Suryadi,385320******,1953-09-04,Female,Jl. Mawar No. 98,Bogor,087298679849,B,2023-09-25,Mandiri
PAT00988,Eka Nugroho,648236******,1959-03-31,Female,Jl. Kebon Jeruk No. 23,Bandung,089010479383,B,2023-10-10,BPJS
PAT00989,Vera Mahendra,542157******,1955-01-31,Female,Jl. Gatot Subroto No. 164,Bekasi,087476052850,,2023-05-10,Mandiri
PAT00990,Tiara Permana,473986******,1957-06-15,Female,Jl. Gatot Subroto No. 4,Bogor,083085416061,O,2022-03-30,BPJS
PAT00991,Olivia Mahendra,797962******,1973-11-04,Female,Jl. Jati No. 27,Bandung,082643199628,A,2024-04-24,Mandiri
PAT00992,Wisnu Kusuma,703587******,1958-07-08,Male,Jl. Hayam Wuruk No. 31,Cilegon,084196786163,AB,2023-06-21,BPJS
PAT00993,Gita Pranata,648159******,1953-05-06,Female,Jl. Mangga No. 241,Bekasi,088634866023,A,2022-03-19,BPJS
PAT00994,Nia Hidayat,125317******,2006-07-26,Female,Jl. Anggrek No. 243,Bekasi,085719328110,,2023-04-25,Mandiri
PAT00995,Andi Anggara,990691******,1972-09-29,Male,Jl. Kenanga No. 92,Bogor,085147171454,,2022-07-21,Umum
PAT00996,Indra Wijaya,440275******,1991-02-09,Male,Jl. Mawar No. 179,Bandung,081689737876,AB,2023-04-02,BPJS
PAT00997,Aulia Hidayat,985752******,1994-11-04,Female,Jl. Thamrin No. 220,Jakarta,086728469606,B,2022-10-11,Perusahaan
PAT00998,Agus Kusuma,857009******,1958-02-11,Male,Jl. Mangga No. 164,Bogor,082643668468,AB,2023-09-22,Mandiri
PAT00999,Aulia Suryadi,945044******,1989-04-10,Female,Jl. Kenanga No. 230,Jakarta,084241716107,B,2022-10-24,Mandiri
PAT01000,Dewi Kusuma,299008******,2002-03-14,Female,Jl. Cempaka No. 80,Tangerang,,,2024-02-22,Perusahaan
PAT01001,Wahyu Susanto,664400******,1965-12-17,Male,Jl. Kebon Jeruk No. 102,Jakarta,083987734263,B,2021-07-11,BPJS
PAT01002,Lestari Wardana,795405******,1986-04-21,Female,Jl. Mawar No. 219,Jakarta,086814525223,B,2023-02-28,Perusahaan
PAT01003,Fitri Santoso,743217******,2001-02-23,Female,Jl. Thamrin No. 249,Bekasi,086260582710,A,2022-05-19,BPJS
PAT01004,Qadir Hartono,799946******,1974-07-25,Male,Jl. Jati No. 7,Bandung,081940491165,,2022-04-08,Perusahaan
PAT01005,Indra Setiawan,252438******,1951-02-11,Male,Jl. Hayam Wuruk No. 76,Indramayu,085142884580,O,2023-06-18,BPJS
PAT01006,Galuh Susanto,678002******,2000-12-19,Male,Jl. Cendana No. 50,Bandung,088738351331,O,2023-01-29,BPJS
PAT01007,Amelia Nugroho,435706******,1998-06-24,Female,Jl. Thamrin No. 92,Jakarta,085872609483,,2022-05-21,Perusahaan
PAT01008,Pandu Pranata,235019******,1958-09-02,Male,Jl. Cempaka No. 235,Depok,088337324204,AB,2021-08-03,BPJS
PAT01009,Taufik Nugroho,855086******,1981-04-02,Male,Jl. Veteran No. 184,Jakarta,086256884496,AB,2024-03-22,BPJS
PAT01010,Hadi Anggara,748865******,1989-04-14,Male,Jl. Asia Afrika No. 128,Cilegon,082873397116,B,2021-02-15,Mandiri
PAT01011,Mira Anggara,686149******,2008-05-04,Female,Jl. Kenanga No. 15,Jakarta,,O,2021-10-30,BPJS
PAT01012,Rina Halim,168590******,2014-06-29,Female,Jl. Asia Afrika No. 71,Bekasi,089708376770,O,2023-06-02,Perusahaan
PAT01013,Winda Hartono,515494******,1969-04-22,Female,Jl. Pinus No. 170,Tangerang,086603476620,B,2024-03-13,BPJS
PAT01014,Jihan Mahendra,251239******,2018-10-01,Female,Jl. Asia Afrika No. 139,Bekasi,083618188178,AB,2024-04-18,Umum
PAT01015,Ahmad Saputra,743668******,1955-09-16,Male,Jl. Cendana No. 136,Sukabumi,084136959706,B,2022-05-25,BPJS
PAT01016,Taufik Hidayat,976336******,1966-04-05,Male,Jl. Jati No. 8,Jakarta,084129601443,AB,2021-07-02,BPJS
PAT01017,Yusuf Gunawan,701885******,2012-11-19,Male,Jl. Mangga No. 243,Bekasi,088752046389,O,2023-08-30,Perusahaan
PAT01018,Wulan Suryadi,291878******,1958-08-08,Female,Jl. Kenanga No. 80,Jakarta,086377359759,A,2022-01-13,BPJS
PAT01019,Tika Gunawan,310351******,1970-05-02,Female,Jl. Thamrin No. 90,Tangerang,086754054331,,2021-07-12,BPJS
PAT01020,Oki Permana,121391******,2004-05-19,Male,Jl. Veteran No. 16,Tangerang,089843965585,AB,2021-07-15,Mandiri
PAT01021,Putri Pratama,654823******,1951-02-17,Female,Jl. Anggrek No. 2,Jakarta,,O,2022-09-20,BPJS
PAT01022,Andi Pranata,690730******,1983-08-18,Male,Jl. Thamrin No. 220,Bekasi,085104750512,B,2023-10-18,BPJS
PAT01023,Anggi Susanto,328981******,1980-12-22,Female,Jl. Pahlawan No. 25,Bogor,087870737796,B,2023-06-22,BPJS
PAT01024,Joko Lesmana,256080******,1989-12-07,Male,Jl. Kebon Jeruk No. 8,Cirebon,,A,2024-01-06,BPJS
PAT01025,Ratna Santoso,405587******,1959-09-02,Female,Jl. Diponegoro No. 90,Depok,085723268162,B,2024-05-20,Perusahaan
PAT01026,Nadia Wardana,453786******,1990-10-16,Female,Jl. Veteran No. 238,Tangerang,088867392787,O,2021-08-27,BPJS
PAT01027,Yoga Susanto,168643******,1980-05-09,Male,Jl. Kenanga No. 64,Jakarta,081607228395,O,2022-01-21,BPJS
PAT01028,Faris Wijaya,475727******,1955-04-05,Male,Jl. Jati No. 235,Jakarta,083232712137,AB,2023-12-16,Mandiri
PAT01029,Nia Pranata,836316******,1997-09-21,Female,Jl. Mangga No. 134,Tangerang,083762516548,AB,2022-10-19,BPJS
PAT01030,Bambang Anggara,900611******,1967-10-08,Male,Jl. Cendana No. 75,Jakarta,087031156656,O,2021-06-18,Mandiri
PAT01031,Intan Pratama,615101******,1959-05-12,Female,Jl. Veteran No. 83,Indramayu,086964887772,O,2022-08-12,BPJS
PAT01032,Ulfa Wijaya,653176******,1953-09-26,Female,Jl. Thamrin No. 49,Jakarta,083331252563,AB,2021-04-09,BPJS
PAT01033,Pandu Pratama,149500******,1977-03-06,Male,Jl. Ahmad Yani No. 99,Purwakarta,083309677381,O,2023-11-08,BPJS
PAT01034,Kartika Hidayat,633458******,1983-04-09,Female,Jl. Sudirman No. 175,Jakarta,084911263963,,2021-07-22,BPJS
PAT01035,Jaya Hidayat,332329******,2013-11-30,Male,Jl. Thamrin No. 82,Jakarta,084066755136,O,2022-02-28,BPJS
PAT01036,Rian Wardana,116350******,1954-01-22,Male,Jl. Mangga No. 237,Bekasi,083960905453,AB,2021-01-10,Mandiri
PAT01037,Iqbal Suryadi,285658******,1984-12-24,Male,Jl. Hayam Wuruk No. 212,Cilegon,088893236404,,2021-04-02,BPJS
PAT01038,Nadia Hartono,727836******,1972-02-01,Female,Jl. Mawar No. 160,Jakarta,087984434647,B,2022-07-13,Mandiri
PAT01039,Galuh Pratama,536089******,1987-02-10,Male,Jl. Mawar No. 97,Tangerang,088641714687,AB,2024-05-14,BPJS
PAT01040,Sari Gunawan,143829******,2012-06-10,Female,Jl. Pinus No. 197,Depok,083961377249,A,2021-08-23,BPJS
PAT01041,Ratna Hidayat,929622******,1993-10-30,Female,Jl. Diponegoro No. 18,Depok,087601105770,B,2022-06-10,Umum
PAT01042,Zaki Gunawan,398641******,1998-02-10,Male,Jl. Melati No. 74,Depok,082123130491,A,2023-03-20,BPJS
PAT01043,Citra Saputra,681697******,1994-09-04,Female,Jl. Pahlawan No. 52,Jakarta,085448276953,O,2021-08-12,BPJS
PAT01044,Ratna Nugroho,139878******,1984-10-25,Female,Jl. Thamrin No. 48,Depok,084463500791,B,2023-06-12,Perusahaan
PAT01045,Umar Halim,559390******,2016-03-29,Male,Jl. Pinus No. 37,Bandung,089766251190,B,2022-03-07,BPJS
PAT01046,Bayu Wijaya,696431******,1951-04-11,Male,Jl. Pahlawan No. 243,Bekasi,089376966049,B,2022-12-19,BPJS
PAT01047,Gita Setiawan,775424******,1955-01-24,Female,Jl. Mangga No. 101,Sukabumi,081273372018,B,2022-02-03,BPJS
PAT01048,Doni Anggara,126539******,1989-07-10,Male,Jl. Hayam Wuruk No. 18,Indramayu,081691910650,,2024-01-26,BPJS
PAT01049,Bayu Wijaya,216775******,2011-06-08,Male,Jl. Cendana No. 17,Tangerang,089664932488,B,2022-10-21,BPJS
PAT01050,Arif Wijaya,250456******,1959-04-25,Male,Jl. Hayam Wuruk No. 176,Bekasi,085320314497,A,2024-02-27,BPJS
PAT01051,Maya Gunawan,906035******,2000-11-11,Female,Jl. Hayam Wuruk No. 31,Jakarta,089741096919,A,2021-02-10,BPJS
PAT01052,Salma Wibowo,699252******,2007-11-06,Female,Jl. Melati No. 99,Tangerang,086956119508,B,2023-10-02,BPJS
PAT01053,Qori Permana,461912******,2007-02-14,Female,Jl. Jati No. 117,Jakarta,085952689640,AB,2022-04-04,BPJS
PAT01054,Eko Santoso,768040******,2015-07-31,Male,Jl. Mangga No. 45,Bandung,089586242978,B,2023-01-24,BPJS
PAT01055,Andi Mahendra,944576******,1976-11-25,Male,Jl. Sudirman No. 37,Depok,087270360487,B,2023-04-04,BPJS
PAT01056,Bambang Halim,318209******,1986-05-29,Male,Jl. Cendana No. 108,Bandung,087237631715,O,2023-08-08,BPJS
PAT01057,Arif Suryadi,441847******,2009-09-10,Male,Jl. Pahlawan No. 103,Bogor,081884398554,B,2022-01-27,BPJS
PAT01058,Rian Setiawan,864733******,2009-02-24,Male,Jl. Kebon Jeruk No. 201,Cirebon,088696917702,AB,2022-09-21,Umum
PAT01059,Yuli Gunawan,248196******,1992-03-09,Female,Jl. Veteran No. 28,Cirebon,088096305764,AB,2023-04-25,BPJS
PAT01060,Maya Setiawan,327727******,1980-04-18,Female,Jl. Diponegoro No. 142,Depok,088128148764,O,2022-01-05,Perusahaan
PAT01061,Farah Pratama,827679******,1968-07-10,Female,Jl. Asia Afrika No. 99,Depok,083864715453,,2022-07-14,Perusahaan
PAT01062,Zaki Pranata,906606******,1963-12-26,Male,Jl. Mangga No. 165,Karawang,084439567874,B,2023-04-23,Umum
PAT01063,Bayu Anggara,357633******,2016-04-02,Male,Jl. Jati No. 34,Bekasi,084762033050,A,2021-05-14,BPJS
PAT01064,Faisal Pratama,109089******,1954-09-25,Male,Jl. Thamrin No. 85,Tangerang,089168184950,,2022-02-20,BPJS
PAT01065,Nadia Setiawan,422501******,1955-12-04,Female,Jl. Kebon Jeruk No. 93,Depok,089200147452,O,2023-08-31,BPJS
PAT01066,Vina Hidayat,403815******,1977-03-16,Female,Jl. Veteran No. 26,Depok,084781982124,B,2023-05-01,Perusahaan
PAT01067,Ahmad Susanto,748322******,1986-10-03,Male,Jl. Veteran No. 41,Bekasi,,O,2022-07-30,Perusahaan
PAT01068,Vera Nugroho,218867******,2009-07-23,Female,Jl. Pahlawan No. 243,Bogor,,O,2021-07-18,BPJS
PAT01069,Surya Hartono,499454******,1992-06-02,Male,Jl. Jati No. 98,Cirebon,089675636888,AB,2023-06-23,BPJS
PAT01070,Satria Pranata,290666******,1990-02-18,Male,Jl. Merdeka No. 229,Tangerang,089462359905,AB,2022-11-27,BPJS
PAT01071,Lestari Halim,172236******,1965-11-25,Female,Jl. Kebon Jeruk No. 35,Jakarta,081642037497,B,2022-10-19,Mandiri
PAT01072,Wahyu Saputra,471942******,2004-01-30,Male,Jl. Jati No. 205,Jakarta,089658463073,,2024-04-23,Mandiri
PAT01073,Galuh Hidayat,482956******,1972-09-02,Male,Jl. Cempaka No. 50,Bekasi,084933868190,O,2022-10-15,Mandiri
PAT01074,Hendra Wijaya,780950******,1971-06-05,Male,Jl. Melati No. 180,Cilegon,086425030693,,2023-06-06,Umum
PAT01075,Doni Wijaya,386089******,2017-04-14,Male,Jl. Pinus No. 195,Tangerang,083832146632,AB,2024-02-04,Mandiri
PAT01076,Surya Hartono,754489******,1950-12-16,Male,Jl. Asia Afrika No. 189,Bogor,085377482900,O,2022-02-13,BPJS
PAT01077,Krisna Gunawan,507263******,1953-03-25,Male,Jl. Mawar No. 178,Depok,088287941438,,2022-11-19,BPJS
PAT01078,Amelia Lesmana,995092******,2020-05-07,Female,Jl. Cendana No. 109,Tangerang,088332714010,,2021-09-29,BPJS
PAT01079,Rendra Permana,679215******,1967-04-23,Male,Jl. Melati No. 126,Bekasi,082145349821,O,2021-06-23,Perusahaan
PAT01080,Yoga Suryadi,633506******,1960-03-08,Male,Jl. Pahlawan No. 6,Cilegon,081459774564,A,2021-12-29,BPJS
PAT01081,Arif Saputra,261487******,2001-04-23,Male,Jl. Hayam Wuruk No. 206,Bekasi,084345249873,A,2021-01-20,Mandiri
PAT01082,Sari Suryadi,747454******,1956-04-25,Female,Jl. Asia Afrika No. 40,Jakarta,089046197909,A,2021-09-07,Mandiri
PAT01083,Hadi Hartono,309213******,2016-12-07,Male,Jl. Thamrin No. 238,Depok,081797037746,A,2021-01-08,BPJS
PAT01084,Erika Nugroho,320430******,1954-06-27,Female,Jl. Thamrin No. 184,Depok,086956694235,,2023-12-21,Mandiri
PAT01085,Dimas Wibowo,957264******,1967-09-14,Male,Jl. Jati No. 182,Tangerang,086094109884,AB,2024-04-27,BPJS
PAT01086,Hadi Anggara,293910******,1995-07-16,Male,Jl. Thamrin No. 2,Depok,086144170398,B,2024-01-16,BPJS
PAT01087,Rian Setiawan,833968******,1961-02-15,Male,Jl. Thamrin No. 180,Jakarta,081808306475,AB,2022-04-12,Mandiri
PAT01088,Hendra Gunawan,766157******,2003-02-20,Male,Jl. Kebon Jeruk No. 76,Tangerang,088046301787,,2022-03-23,BPJS
PAT01089,Hari Permana,964517******,1980-12-06,Male,Jl. Hayam Wuruk No. 189,Bekasi,083278698545,,2022-05-31,BPJS
PAT01090,Wahyu Hidayat,167793******,1955-07-13,Male,Jl. Jati No. 17,Bandung,084147842449,O,2021-06-13,BPJS
PAT01091,Zaki Anggara,112581******,2016-10-09,Male,Jl. Thamrin No. 173,Bandung,089222614671,A,2024-03-11,BPJS
PAT01092,Tika Suryadi,572684******,1982-02-16,Female,Jl. Jati No. 191,Jakarta,086886009539,AB,2023-09-29,Umum
PAT01093,Diah Susanto,881156******,1967-01-27,Female,Jl. Asia Afrika No. 59,Bandung,081732519312,AB,2023-04-20,BPJS
PAT01094,Jaya Anggara,440124******,1986-03-06,Male,Jl. Pinus No. 119,Karawang,082942082903,,2021-10-18,Perusahaan
PAT01095,Dedi Mahendra,125668******,1962-07-05,Male,Jl. Anggrek No. 202,Depok,085936566384,AB,2021-01-29,Perusahaan
PAT01096,Hari Hidayat,258375******,2003-03-13,Male,Jl. Diponegoro No. 243,Cirebon,,B,2021-07-14,BPJS
PAT01097,Andi Gunawan,595230******,1963-06-13,Male,Jl. Anggrek No. 70,Depok,081849357651,O,2023-03-15,BPJS
PAT01098,Hendra Santoso,970085******,1999-04-14,Male,Jl. Hayam Wuruk No. 72,Bogor,086110779403,O,2023-06-06,BPJS
PAT01099,Erika Hidayat,611015******,2009-09-24,Female,Jl. Kenanga No. 16,Tangerang,,A,2021-05-18,BPJS
PAT01100,Diah Wibowo,737343******,1975-12-16,Female,Jl. Hayam Wuruk No. 37,Jakarta,086224414773,O,2021-01-27,BPJS
PAT01101,Yanti Hidayat,455027******,2006-07-24,Female,Jl. Kebon Jeruk No. 80,Tangerang,086505706239,AB,2021-09-20,Perusahaan
PAT01102,Arif Pranata,596524******,1955-08-31,Male,Jl. Pinus No. 5,Bandung,086884141787,B,2022-03-05,Mandiri
PAT01103,Bayu Nugroho,427718******,2006-11-13,Male,Jl. Jati No. 235,Bogor,088674273936,AB,2024-03-28,BPJS
PAT01104,Vina Setiawan,233308******,1978-11-15,Female,Jl. Asia Afrika No. 201,Sukabumi,084520399955,,2023-09-28,Perusahaan
PAT01105,Nia Wibowo,120339******,1978-02-14,Female,Jl. Gatot Subroto No. 131,Depok,082381497437,O,2023-08-06,Mandiri
PAT01106,Pipit Permana,170176******,1990-04-29,Female,Jl. Ahmad Yani No. 100,Tangerang,085909505663,A,2023-08-29,BPJS
PAT01107,Iqbal Nugroho,763821******,1950-04-11,Male,Jl. Kenanga No. 84,Depok,086669510021,AB,2024-05-23,Umum
PAT01108,Lina Setiawan,964169******,2007-12-10,Female,Jl. Kebon Jeruk No. 49,Cirebon,083598804887,AB,2021-05-05,BPJS
PAT01109,Dimas Lesmana,937653******,1995-03-25,Male,Jl. Hayam Wuruk No. 73,Bandung,088691037901,O,2021-01-23,Umum
PAT01110,Agus Permana,314161******,1962-12-04,Male,Jl. Merdeka No. 76,Karawang,089713720840,,2023-05-14,BPJS
PAT01111,Faisal Halim,587524******,2019-08-08,Male,Jl. Pahlawan No. 233,Jakarta,082348993465,AB,2023-07-23,BPJS
PAT01112,Iwan Setiawan,840605******,2004-06-01,Male,Jl. Melati No. 117,Serang,085847023855,,2021-02-04,BPJS
PAT01113,Ahmad Wijaya,442399******,1999-07-29,Male,Jl. Kenanga No. 123,Jakarta,,B,2022-10-08,Mandiri
PAT01114,Bunga Susanto,126702******,2006-06-03,Female,Jl. Anggrek No. 112,Depok,082698821492,,2022-10-31,BPJS
PAT01115,Qori Wijaya,774885******,1975-05-20,Female,Jl. Asia Afrika No. 83,Jakarta,083197770720,B,2023-10-15,Mandiri
PAT01116,Rizki Saputra,246707******,1963-08-07,Male,Jl. Cempaka No. 27,Tangerang,084065978705,A,2023-01-08,BPJS
PAT01117,Rendra Suryadi,185101******,1987-01-08,Male,Jl. Thamrin No. 88,Bandung,087410048427,A,2023-12-11,Perusahaan
PAT01118,Galuh Gunawan,828326******,1963-11-27,Male,Jl. Thamrin No. 141,Tangerang,084497667416,,2023-07-08,BPJS
PAT01119,Putri Kusuma,899816******,1973-05-24,Female,Jl. Hayam Wuruk No. 59,Tangerang,089832661129,A,2021-04-18,BPJS
PAT01120,Wisnu Nugroho,601946******,1953-10-21,Male,Jl. Hayam Wuruk No. 11,Tangerang,084257851844,B,2021-10-09,Perusahaan
PAT01121,Naufal Suryadi,438637******,1984-10-07,Male,Jl. Mangga No. 194,Depok,089672637319,AB,2023-10-06,BPJS
PAT01122,Dewi Mahendra,676749******,1956-02-05,Female,Jl. Ahmad Yani No. 11,Tangerang,083532607624,B,2022-04-16,BPJS
PAT01123,Satria Wibowo,107499******,1981-05-06,Male,Jl. Thamrin No. 180,Depok,086000111501,B,2021-11-08,BPJS
PAT01124,Pandu Pratama,758169******,2016-10-08,Male,Jl. Melati No. 160,Bekasi,082668250303,B,2024-05-29,BPJS
PAT01125,Galih Suryadi,305282******,1979-05-06,Male,Jl. Mawar No. 230,Jakarta,082686343515,AB,2023-07-14,BPJS
PAT01126,Dewi Anggara,732677******,2008-06-10,Female,Jl. Cempaka No. 172,Jakarta,,O,2022-02-24,Umum
PAT01127,Anggi Kusuma,143683******,1984-10-05,Female,Jl. Gatot Subroto No. 206,Bogor,084754807834,,2022-02-14,Mandiri
PAT01128,Rian Santoso,973390******,2011-11-18,Male,Jl. Ahmad Yani No. 173,Jakarta,088807650509,AB,2023-08-08,Umum
PAT01129,Maya Nugroho,694381******,1972-08-21,Female,Jl. Cempaka No. 56,Bandung,085397241324,A,2022-03-20,Perusahaan
PAT01130,Anggi Suryadi,316376******,1994-10-27,Female,Jl. Mangga No. 243,Bandung,088387211804,,2023-07-27,BPJS
PAT01131,Faris Wardana,890478******,1964-10-29,Male,Jl. Jati No. 236,Tangerang,087857947709,B,2021-06-09,Mandiri
PAT01132,Qori Kusuma,100283******,1952-10-19,Female,Jl. Sudirman No. 159,Bogor,084681499860,AB,2021-01-01,BPJS
PAT01133,Agus Anggara,499948******,2015-05-19,Male,Jl. Diponegoro No. 146,Bekasi,081417611141,AB,2022-03-17,BPJS
PAT01134,Salma Setiawan,543721******,2016-07-21,Female,Jl. Kenanga No. 225,Depok,085621812162,,2023-05-06,Mandiri
PAT01135,Salma Pratama,411919******,2019-02-13,Female,Jl. Gatot Subroto No. 9,Jakarta,082297295374,AB,2023-07-25,Umum
PAT01136,Yuli Kusuma,767638******,2016-10-08,Female,Jl. Merdeka No. 244,Jakarta,089298062261,,2021-12-24,Mandiri
PAT01137,Budi Kusuma,190277******,2015-01-10,Male,Jl. Pinus No. 61,Bandung,087689174542,AB,2021-02-16,Mandiri
PAT01138,Rian Wibowo,166357******,2015-08-15,Male,Jl. Pahlawan No. 178,Bandung,081925460564,O,2023-02-12,Perusahaan
PAT01139,Dewi Wijaya,621586******,1988-10-19,Female,Jl. Pinus No. 213,Bandung,082771348682,A,2024-03-27,Mandiri
PAT01140,Indah Saputra,906913******,1975-03-13,Female,Jl. Melati No. 182,Cilegon,088382494022,,2022-02-20,Mandiri
PAT01141,Linda Pratama,803848******,1974-05-26,Female,Jl. Ahmad Yani No. 247,Depok,083792511382,O,2024-02-19,Mandiri
PAT01142,Maulana Nugroho,850328******,2016-08-13,Male,Jl. Melati No. 13,Cilegon,082563517539,AB,2023-07-24,Mandiri
PAT01143,Hesti Susanto,271856******,1983-06-28,Female,Jl. Kenanga No. 169,Bekasi,083322576648,,2022-10-19,Umum
PAT01144,Vino Halim,526772******,1965-08-10,Male,Jl. Mangga No. 149,Karawang,,,2023-02-02,Mandiri
PAT01145,Gita Halim,904586******,1976-03-27,Female,Jl. Jati No. 38,Sukabumi,087046565695,,2023-06-04,BPJS
PAT01146,Faisal Wardana,365499******,1962-05-08,Male,Jl. Kenanga No. 86,Bekasi,088067214672,O,2024-01-10,Mandiri
PAT01147,Ulfa Hidayat,144832******,1980-10-24,Female,Jl. Pahlawan No. 130,Bekasi,087866761721,B,2024-03-20,BPJS
PAT01148,Bambang Setiawan,964745******,2012-03-11,Male,Jl. Thamrin No. 102,Tangerang,088831629636,A,2023-10-24,Perusahaan
PAT01149,Lina Wijaya,644807******,1959-04-25,Female,Jl. Merdeka No. 148,Depok,085047104149,B,2022-11-17,BPJS
PAT01150,Intan Kusuma,441298******,2015-08-29,Female,Jl. Kenanga No. 215,Bekasi,082687061995,AB,2023-04-16,Mandiri
PAT01151,Yusuf Nugroho,771580******,2007-10-08,Male,Jl. Pahlawan No. 117,Jakarta,085757968510,B,2021-05-28,BPJS
PAT01152,Vera Santoso,353580******,2017-10-22,Female,Jl. Melati No. 104,Cirebon,084544344265,A,2022-01-27,Mandiri
PAT01153,Andi Pratama,132608******,1976-07-15,Male,Jl. Ahmad Yani No. 31,Tangerang,081306386460,AB,2023-07-16,BPJS
PAT01154,Ratna Mahendra,474880******,2009-05-09,Female,Jl. Merdeka No. 104,Tangerang,086584382964,,2023-03-06,Perusahaan
PAT01155,Amelia Setiawan,418543******,1988-06-11,Female,Jl. Asia Afrika No. 159,Purwakarta,089244428918,A,2023-10-04,BPJS
PAT01156,Indah Wibowo,435158******,1981-07-14,Female,Jl. Mawar No. 8,Jakarta,088304156673,O,2024-01-09,Perusahaan
PAT01157,Yusuf Mahendra,822040******,2002-09-03,Male,Jl. Kenanga No. 159,Bekasi,088236367804,A,2023-02-18,Mandiri
PAT01158,Indah Wibowo,895921******,1957-10-16,Female,Jl. Mawar No. 122,Tangerang,083335323862,A,2022-05-18,BPJS
PAT01159,Vino Kusuma,576773******,1984-01-29,Male,Jl. Anggrek No. 192,Jakarta,089521216166,A,2022-10-24,BPJS
PAT01160,Yanti Susanto,914915******,2013-02-28,Female,Jl. Pinus No. 219,Depok,082763544042,A,2021-09-20,Umum
PAT01161,Satria Pratama,630888******,1989-11-15,Male,Jl. Cempaka No. 18,Bogor,086073358284,,2022-07-17,BPJS
PAT01162,Rian Gunawan,940231******,1998-01-21,Male,Jl. Sudirman No. 168,Depok,087514332909,B,2023-07-15,Perusahaan
PAT01163,Eka Hidayat,141750******,1976-01-17,Female,Jl. Anggrek No. 154,Jakarta,082832798280,B,2021-06-07,BPJS
PAT01164,Citra Wibowo,609867******,1972-05-05,Female,Jl. Mangga No. 2,Karawang,084888706189,O,2021-03-31,BPJS
PAT01165,Yanti Hidayat,334275******,1980-07-05,Female,Jl. Asia Afrika No. 222,Jakarta,088926527167,B,2023-06-30,BPJS
PAT01166,Vera Kusuma,206470******,1964-10-02,Female,Jl. Pahlawan No. 36,Bekasi,083417082009,,2023-06-17,Mandiri
PAT01167,Intan Halim,932923******,2012-09-14,Female,Jl. Merdeka No. 111,Bekasi,083334248722,O,2023-08-29,BPJS
PAT01168,Indah Permana,557484******,1999-12-31,Female,Jl. Cendana No. 180,Bekasi,081287498895,,2021-06-28,BPJS
PAT01169,Tika Halim,597680******,1986-01-02,Female,Jl. Hayam Wuruk No. 130,Tangerang,084760385504,,2021-09-05,BPJS
PAT01170,Andi Hidayat,190573******,2001-03-05,Male,Jl. Ahmad Yani No. 48,Indramayu,086424572385,,2021-05-17,Mandiri
PAT01171,Tiara Hidayat,710397******,1987-01-28,Female,Jl. Veteran No. 30,Depok,081170749699,,2022-02-19,Mandiri
PAT01172,Nadia Santoso,239685******,2016-12-25,Female,Jl. Mangga No. 180,Jakarta,085343043522,A,2023-11-11,Perusahaan
PAT01173,Budi Kusuma,650044******,2009-09-28,Male,Jl. Asia Afrika No. 69,Jakarta,083278563058,AB,2021-10-08,BPJS
PAT01174,Diah Nugroho,603724******,1969-02-27,Female,Jl. Jati No. 49,Depok,087349144667,B,2021-07-22,BPJS
PAT01175,Joko Gunawan,679896******,2006-10-29,Male,Jl. Veteran No. 161,Depok,081304592812,B,2023-11-11,Umum
PAT01176,Nadia Saputra,600892******,1996-01-22,Female,Jl. Asia Afrika No. 19,Bekasi,081707521643,O,2023-01-11,Mandiri
PAT01177,Sinta Permana,526132******,1955-05-10,Female,Jl. Cendana No. 193,Depok,082694917952,B,2023-02-05,BPJS
PAT01178,Cindy Anggara,735894******,1970-02-28,Female,Jl. Pahlawan No. 192,Bekasi,083728783673,B,2024-05-11,BPJS
PAT01179,Kartika Santoso,621282******,2019-05-11,Female,Jl. Cendana No. 20,Jakarta,083576214947,O,2021-05-16,BPJS
PAT01180,Mira Saputra,838694******,2019-09-18,Female,Jl. Sudirman No. 38,Bandung,086882048479,O,2022-07-30,Mandiri
PAT01181,Gita Suryadi,418239******,1998-01-09,Female,Jl. Anggrek No. 155,Bogor,089243445818,,2023-08-21,Mandiri
PAT01182,Naufal Wibowo,504848******,2017-12-14,Male,Jl. Asia Afrika No. 224,Jakarta,083465260174,O,2022-11-22,BPJS
PAT01183,Lestari Wibowo,459042******,1997-10-17,Female,Jl. Kebon Jeruk No. 133,Bogor,083711695796,AB,2022-07-04,BPJS
PAT01184,Linda Santoso,723309******,1996-01-26,Female,Jl. Anggrek No. 59,Bandung,086116450998,AB,2022-01-28,Perusahaan
PAT01185,Vina Lesmana,808942******,1986-12-03,Female,Jl. Mawar No. 72,Bekasi,087862329140,B,2021-10-13,BPJS
PAT01186,Wahyu Setiawan,820480******,2011-07-18,Male,Jl. Veteran No. 93,Serang,087669668433,B,2023-08-06,BPJS
PAT01187,Olivia Lesmana,281839******,1960-07-07,Female,Jl. Melati No. 186,Jakarta,083742746204,B,2024-05-09,BPJS
PAT01188,Vino Suryadi,291971******,2008-02-02,Male,Jl. Jati No. 208,Bogor,082610606822,O,2023-09-19,Mandiri
PAT01189,Winda Permana,695789******,1991-03-10,Female,Jl. Anggrek No. 138,Karawang,085923492457,A,2022-06-02,Mandiri
PAT01190,Ahmad Gunawan,952612******,1999-05-28,Male,Jl. Merdeka No. 101,Depok,081285814650,AB,2023-10-11,BPJS
PAT01191,Jaya Susanto,711931******,1974-11-10,Male,Jl. Asia Afrika No. 131,Jakarta,,O,2022-02-12,BPJS
PAT01192,Linda Wijaya,548483******,2006-05-08,Female,Jl. Kebon Jeruk No. 126,Bandung,085759163820,O,2023-03-04,Mandiri
PAT01193,Bayu Kusuma,246514******,1966-04-01,Male,Jl. Kenanga No. 32,Jakarta,085270013445,,2021-03-26,Perusahaan
PAT01194,Rina Permana,212681******,1999-03-17,Female,Jl. Mawar No. 138,Jakarta,082817904538,A,2024-03-06,BPJS
PAT01195,Maya Pratama,216844******,1980-04-15,Female,Jl. Mawar No. 160,Bogor,086515545907,B,2022-04-18,BPJS
PAT01196,Adi Wardana,732984******,2001-03-11,Male,Jl. Mawar No. 193,Depok,082015168489,A,2024-02-08,BPJS
PAT01197,Olivia Suryadi,899383******,1969-09-22,Female,Jl. Mangga No. 44,Serang,083646973915,B,2021-07-06,Umum
PAT01198,Nia Wardana,382831******,1993-08-16,Female,Jl. Gatot Subroto No. 32,Tangerang,,B,2023-04-13,BPJS
PAT01199,Adi Nugroho,581827******,2004-09-09,Male,Jl. Diponegoro No. 43,Indramayu,084941171659,AB,2021-08-08,BPJS
PAT01200,Budi Nugroho,803763******,1977-09-04,Male,Jl. Asia Afrika No. 112,Serang,088943926613,O,2022-03-14,BPJS
PAT01201,Sinta Kusuma,988439******,1957-05-10,Female,Jl. Pinus No. 105,Tangerang,082900641393,O,2023-02-18,BPJS
PAT01202,Dewi Susanto,902219******,1974-05-18,Female,Jl. Jati No. 53,Tangerang,086765086231,A,2023-10-20,BPJS
PAT01203,Jihan Wardana,506743******,1989-09-02,Female,Jl. Ahmad Yani No. 156,Bekasi,082601855526,A,2024-05-15,Mandiri
PAT01204,Vera Gunawan,276560******,2020-09-13,Female,Jl. Ahmad Yani No. 104,Tangerang,086230962491,AB,2023-04-10,Mandiri
PAT01205,Linda Nugroho,849662******,1976-01-29,Female,Jl. Hayam Wuruk No. 231,Sukabumi,089064791382,A,2024-02-28,Umum
PAT01206,Mega Saputra,574214******,2013-12-21,Female,Jl. Merdeka No. 205,Sukabumi,086777521943,O,2021-02-11,Umum
PAT01207,Intan Mahendra,859356******,1989-12-14,Female,Jl. Cendana No. 233,Bekasi,085679198972,AB,2022-12-15,BPJS
PAT01208,Sinta Permana,484402******,1973-04-25,Female,Jl. Diponegoro No. 123,Tangerang,081723880927,B,2021-03-16,Mandiri
PAT01209,Dedi Halim,150309******,2018-03-31,Male,Jl. Thamrin No. 59,Jakarta,081681841831,,2024-02-07,BPJS
PAT01210,Maya Permana,183105******,1997-02-14,Female,Jl. Mawar No. 239,Tangerang,082946053267,AB,2021-10-18,BPJS
PAT01211,Erika Permana,295056******,1970-07-21,Female,Jl. Melati No. 105,Depok,081286813210,A,2021-04-17,Perusahaan
PAT01212,Nia Hidayat,402244******,1999-02-27,Female,Jl. Cendana No. 121,Cirebon,084843660761,B,2021-02-05,BPJS
PAT01213,Dimas Wardana,847140******,1956-11-29,Male,Jl. Gatot Subroto No. 18,Depok,084363576117,A,2023-08-06,BPJS
PAT01214,Qadir Halim,858339******,1966-01-19,Male,Jl. Veteran No. 40,Jakarta,085003554215,B,2021-01-18,Mandiri
PAT01215,Bayu Hidayat,903575******,1974-06-07,Male,Jl. Merdeka No. 132,Jakarta,084843300753,O,2021-10-04,Mandiri
PAT01216,Putri Wijaya,591852******,1963-12-27,Female,Jl. Pahlawan No. 217,Jakarta,088658602946,O,2022-05-19,Perusahaan
PAT01217,Jaya Hidayat,844708******,1959-11-10,Male,Jl. Hayam Wuruk No. 183,Jakarta,081181563479,O,2021-10-06,BPJS
PAT01218,Sari Santoso,583155******,1997-06-13,Female,Jl. Jati No. 205,Depok,087550043232,AB,2024-05-25,Perusahaan
PAT01219,Nia Gunawan,888142******,1972-07-22,Female,Jl. Cendana No. 135,Cirebon,088979734990,B,2021-03-16,Umum
PAT01220,Reza Saputra,728934******,1982-12-21,Male,Jl. Melati No. 216,Bandung,089178327285,,2023-02-23,BPJS
PAT01221,Dedi Santoso,491772******,1952-02-22,Male,Jl. Jati No. 81,Bekasi,081068897913,,2023-06-11,BPJS
PAT01222,Ririn Hartono,571796******,2002-12-21,Female,Jl. Pahlawan No. 203,Jakarta,,AB,2023-03-23,Mandiri
PAT01223,Iqbal Hartono,117173******,1970-05-16,Male,Jl. Pinus No. 232,Bandung,086381250210,O,2023-08-14,Perusahaan
PAT01224,Winda Anggara,489616******,1968-05-13,Female,Jl. Pahlawan No. 119,Jakarta,081220530480,B,2021-07-27,BPJS
PAT01225,Eka Halim,155699******,1981-06-13,Female,Jl. Mangga No. 120,Bogor,089040663593,A,2024-05-10,Mandiri
PAT01226,Eka Halim,960979******,1995-12-26,Female,Jl. Jati No. 142,Bekasi,088933554338,A,2022-12-23,BPJS
PAT01227,Vina Setiawan,425416******,1995-06-18,Female,Jl. Merdeka No. 43,Jakarta,085261035185,,2021-10-26,BPJS
PAT01228,Winda Susanto,382705******,1955-05-17,Female,Jl. Cempaka No. 7,Jakarta,087533036232,A,2023-07-08,Perusahaan
PAT01229,Faris Suryadi,937299******,2004-12-27,Male,Jl. Kenanga No. 118,Bogor,087965460607,,2022-08-07,Mandiri
PAT01230,Arif Wijaya,940144******,1996-05-19,Male,Jl. Gatot Subroto No. 150,Bogor,089089712772,O,2023-06-07,BPJS
PAT01231,Naufal Wijaya,798687******,2019-12-01,Male,Jl. Asia Afrika No. 141,Depok,083173028996,B,2023-02-13,BPJS
PAT01232,Vina Anggara,866980******,2014-10-28,Female,Jl. Mawar No. 163,Jakarta,081618266889,B,2021-07-10,BPJS
PAT01233,Qori Gunawan,389155******,1985-05-20,Female,Jl. Sudirman No. 57,Jakarta,085484003506,A,2021-09-30,BPJS
PAT01234,Citra Mahendra,696948******,1967-05-17,Female,Jl. Pahlawan No. 107,Depok,087735311158,,2022-03-08,Umum
PAT01235,Budi Saputra,271328******,1953-05-12,Male,Jl. Jati No. 68,Tangerang,084380191457,B,2023-08-18,BPJS
PAT01236,Putri Wibowo,219786******,1957-03-05,Female,Jl. Pinus No. 172,Bekasi,089403205543,AB,2022-10-31,Umum
PAT01237,Kartika Hartono,800188******,2011-03-08,Female,Jl. Asia Afrika No. 214,Bekasi,084850825248,B,2021-02-15,Mandiri
PAT01238,Erika Wibowo,385410******,1979-06-10,Female,Jl. Cempaka No. 241,Bandung,086585901092,O,2021-04-16,BPJS
PAT01239,Satria Santoso,940615******,1973-02-11,Male,Jl. Pahlawan No. 28,Jakarta,083383767348,B,2022-05-25,BPJS
PAT01240,Gita Hartono,203386******,2012-07-25,Female,Jl. Cempaka No. 139,Jakarta,086854009954,O,2023-05-09,BPJS
PAT01241,Nia Suryadi,413612******,1957-04-12,Female,Jl. Diponegoro No. 63,Jakarta,087970981650,,2021-05-16,Mandiri
PAT01242,Bayu Wijaya,556784******,1986-06-02,Male,Jl. Cendana No. 209,Bekasi,085956589581,O,2021-03-04,Mandiri
PAT01243,Vina Halim,223969******,1977-08-19,Female,Jl. Jati No. 61,Jakarta,089410723929,B,2023-04-11,BPJS
PAT01244,Hari Nugroho,400383******,1971-10-28,Male,Jl. Diponegoro No. 157,Jakarta,082443586985,AB,2024-04-30,BPJS
PAT01245,Dedi Saputra,205549******,1957-05-14,Male,Jl. Merdeka No. 22,Jakarta,087135543836,A,2021-11-08,Mandiri
PAT01246,Maya Pratama,594097******,1965-12-06,Female,Jl. Pahlawan No. 9,Jakarta,088918114888,AB,2024-03-17,BPJS
PAT01247,Lestari Wijaya,273247******,1977-10-16,Female,Jl. Gatot Subroto No. 85,Sukabumi,083503379686,,2021-03-22,Umum
PAT01248,Qori Pratama,961331******,1967-04-01,Female,Jl. Diponegoro No. 203,Jakarta,089147794062,O,2021-08-09,Perusahaan
PAT01249,Linda Pranata,405584******,2005-03-19,Female,Jl. Cempaka No. 215,Jakarta,087926652524,B,2021-05-14,BPJS
PAT01250,Gita Wardana,993801******,1973-04-29,Female,Jl. Cempaka No. 41,Jakarta,085707800373,B,2022-08-05,Mandiri
PAT01251,Indah Gunawan,993550******,1980-05-20,Female,Jl. Diponegoro No. 171,Bekasi,088279577736,O,2023-01-05,BPJS
PAT01252,Naufal Santoso,407917******,2008-08-17,Male,Jl. Mangga No. 181,Jakarta,084996454615,AB,2022-10-31,Perusahaan
PAT01253,Reza Nugroho,583694******,1963-05-06,Male,Jl. Pahlawan No. 181,Bekasi,081158044711,A,2024-04-18,BPJS
PAT01254,Ahmad Hartono,212904******,1990-04-11,Male,Jl. Pahlawan No. 33,Karawang,084104272371,AB,2022-11-13,BPJS
PAT01255,Vera Suryadi,707408******,1971-06-19,Female,Jl. Jati No. 184,Tangerang,087164716180,A,2024-02-05,BPJS
PAT01256,Olivia Santoso,843556******,1968-10-26,Female,Jl. Jati No. 230,Bekasi,083818278815,,2023-01-16,BPJS
PAT01257,Hendra Gunawan,300790******,1980-12-16,Male,Jl. Sudirman No. 17,Depok,086378080573,B,2023-10-17,BPJS
PAT01258,Gita Gunawan,921794******,2013-08-15,Female,Jl. Anggrek No. 221,Bandung,082931069888,AB,2023-05-15,BPJS
PAT01259,Tiara Suryadi,888019******,2000-10-30,Female,Jl. Diponegoro No. 223,Tangerang,084363847086,AB,2023-05-02,Mandiri
PAT01260,Lestari Wibowo,450807******,1963-04-18,Female,Jl. Pahlawan No. 11,Sukabumi,087888791835,AB,2022-02-19,BPJS
PAT01261,Joko Mahendra,140316******,2019-02-27,Male,Jl. Kenanga No. 3,Serang,088350257640,AB,2022-11-22,BPJS
PAT01262,Sari Kusuma,606250******,2019-03-22,Female,Jl. Cempaka No. 212,Jakarta,081866351732,B,2022-11-12,BPJS
PAT01263,Zaki Lesmana,386728******,1997-08-17,Male,Jl. Cempaka No. 101,Bandung,083629484250,O,2021-03-22,Perusahaan
PAT01264,Gita Pranata,673700******,1976-01-14,Female,Jl. Pinus No. 138,Cirebon,085486152031,,2022-11-13,Mandiri
PAT01265,Dewi Mahendra,717947******,2006-04-03,Female,Jl. Thamrin No. 248,Tangerang,089066955201,O,2024-05-31,Mandiri
PAT01266,Nia Nugroho,430489******,2003-01-05,Female,Jl. Pinus No. 58,Bekasi,086431847304,A,2022-04-15,BPJS
PAT01267,Tiara Pranata,366487******,1985-06-03,Female,Jl. Merdeka No. 68,Jakarta,,B,2021-03-25,Mandiri
PAT01268,Sinta Anggara,350588******,1985-08-13,Female,Jl. Cendana No. 1,Karawang,088745045001,O,2021-02-03,BPJS
PAT01269,Jihan Santoso,906250******,2003-11-07,Female,Jl. Sudirman No. 170,Jakarta,083491838012,AB,2021-08-26,Umum
PAT01270,Iqbal Gunawan,687993******,2015-02-09,Male,Jl. Diponegoro No. 85,Bandung,081860097617,,2023-05-30,BPJS
PAT01271,Lestari Suryadi,778264******,1972-01-13,Female,Jl. Jati No. 243,Bekasi,081088866747,,2021-09-23,Umum
PAT01272,Galih Hidayat,789393******,1976-03-23,Male,Jl. Mawar No. 172,Cirebon,082784883819,O,2022-02-22,Mandiri
PAT01273,Hendra Halim,202345******,2018-08-22,Male,Jl. Melati No. 239,Jakarta,081294590834,B,2021-09-06,BPJS
PAT01274,Budi Nugroho,169187******,2019-11-10,Male,Jl. Mawar No. 198,Jakarta,085145260536,A,2023-07-14,BPJS
PAT01275,Doni Kusuma,624773******,2018-09-21,Male,Jl. Veteran No. 214,Bekasi,085819372113,AB,2021-06-20,BPJS
PAT01276,Aulia Saputra,470399******,1965-10-29,Female,Jl. Ahmad Yani No. 100,Jakarta,081272442575,B,2022-12-02,BPJS
PAT01277,Putri Lesmana,954817******,2011-11-11,Female,Jl. Ahmad Yani No. 137,Tangerang,088007540896,A,2022-11-28,BPJS
PAT01278,Dedi Mahendra,208600******,1995-12-21,Male,Jl. Mangga No. 199,Tangerang,081912079195,,2022-01-25,BPJS
PAT01279,Umar Wibowo,911035******,2002-08-09,Male,Jl. Thamrin No. 192,Jakarta,084198252819,O,2024-02-16,BPJS
PAT01280,Gita Gunawan,437865******,2007-08-24,Female,Jl. Ahmad Yani No. 95,Jakarta,084865344003,A,2023-07-17,BPJS
PAT01281,Citra Pratama,698673******,1981-11-20,Female,Jl. Kenanga No. 5,Tangerang,,,2022-11-25,BPJS
PAT01282,Devi Pratama,430479******,1991-08-01,Female,Jl. Pahlawan No. 22,Depok,084620753598,A,2024-04-29,BPJS
PAT01283,Wulan Wibowo,618358******,1999-08-31,Female,Jl. Anggrek No. 142,Jakarta,084482485364,AB,2022-05-19,BPJS
PAT01284,Agus Susanto,962102******,1988-03-09,Male,Jl. Sudirman No. 76,Jakarta,084687903383,A,2022-09-07,Perusahaan
PAT01285,Yoga Hartono,829711******,1973-03-04,Male,Jl. Mangga No. 209,Bogor,085291878112,AB,2022-11-28,BPJS
PAT01286,Galuh Saputra,656754******,1982-08-21,Male,Jl. Jati No. 20,Tangerang,086582684973,A,2021-02-23,BPJS
PAT01287,Eka Suryadi,293751******,2013-11-10,Female,Jl. Pahlawan No. 24,Tangerang,084657464840,AB,2021-08-21,Mandiri
PAT01288,Yusuf Permana,905305******,1979-12-12,Male,Jl. Gatot Subroto No. 82,Tangerang,084437569809,B,2021-04-11,Mandiri
PAT01289,Iwan Santoso,982342******,2018-03-29,Male,Jl. Veteran No. 141,Depok,,A,2024-01-30,Mandiri
PAT01290,Nia Susanto,411643******,1999-07-22,Female,Jl. Melati No. 169,Bekasi,084997701273,AB,2023-05-11,BPJS
PAT01291,Lestari Suryadi,382117******,2016-06-27,Female,Jl. Pahlawan No. 14,Bogor,081295268484,A,2021-08-07,Umum
PAT01292,Hesti Wijaya,592016******,1982-05-26,Female,Jl. Veteran No. 104,Cirebon,085754060361,B,2024-04-25,BPJS
PAT01293,Mira Nugroho,185992******,1979-12-21,Female,Jl. Diponegoro No. 44,Serang,084722414631,A,2023-08-22,Mandiri
PAT01294,Reza Hartono,277596******,2016-03-13,Male,Jl. Cempaka No. 246,Bogor,082751962237,AB,2024-03-27,BPJS
PAT01295,Citra Wibowo,674162******,1971-05-06,Female,Jl. Cendana No. 16,Depok,088159204912,,2022-01-30,BPJS
PAT01296,Oki Santoso,460991******,1962-03-22,Male,Jl. Asia Afrika No. 104,Bogor,087778883020,AB,2022-05-26,BPJS
PAT01297,Qori Kusuma,841242******,1987-09-13,Female,Jl. Kebon Jeruk No. 66,Jakarta,,,2023-10-17,Umum
PAT01298,Sari Kusuma,525244******,2002-12-31,Female,Jl. Mawar No. 49,Jakarta,083969110738,B,2024-04-03,BPJS
PAT01299,Ahmad Nugroho,238882******,2013-10-17,Male,Jl. Hayam Wuruk No. 11,Depok,085287000043,,2021-04-06,Mandiri
PAT01300,Rizki Gunawan,239420******,1969-07-27,Male,Jl. Gatot Subroto No. 71,Jakarta,083467779677,B,2021-08-15,Mandiri
PAT01301,Vera Pratama,533435******,1959-08-06,Female,Jl. Ahmad Yani No. 88,Karawang,082920170392,B,2021-09-10,BPJS
PAT01302,Amelia Suryadi,531097******,1983-12-24,Female,Jl. Cempaka No. 169,Jakarta,088216895937,O,2022-02-17,Mandiri
PAT01303,Ririn Hartono,316826******,1984-12-01,Female,Jl. Ahmad Yani No. 91,Cilegon,083844572111,O,2023-09-29,BPJS
PAT01304,Iwan Mahendra,151310******,1972-08-14,Male,Jl. Cendana No. 1,Cirebon,082991071729,A,2021-05-03,BPJS
PAT01305,Jaya Lesmana,403114******,1968-04-15,Male,Jl. Gatot Subroto No. 106,Depok,089080150282,B,2022-08-04,BPJS
PAT01306,Iwan Hidayat,546853******,2018-12-30,Male,Jl. Jati No. 4,Jakarta,083274581865,O,2022-12-14,Mandiri
PAT01307,Yanti Nugroho,571170******,1968-01-10,Female,Jl. Mawar No. 177,Depok,088900454771,,2023-03-11,Umum
PAT01308,Linda Hidayat,603683******,1969-10-15,Female,Jl. Pahlawan No. 113,Jakarta,,,2021-02-05,BPJS
PAT01309,Iqbal Wibowo,503263******,1969-08-21,Male,Jl. Veteran No. 243,Jakarta,085011397503,,2021-08-13,BPJS
PAT01310,Iwan Halim,647386******,1972-11-10,Male,Jl. Gatot Subroto No. 177,Depok,088728627585,O,2021-02-11,BPJS
PAT01311,Rizki Pranata,212322******,1971-08-23,Male,Jl. Melati No. 231,Bekasi,084959218902,O,2023-12-19,Perusahaan
PAT01312,Budi Hartono,120520******,1979-05-16,Male,Jl. Veteran No. 197,Bekasi,082465856264,O,2022-02-01,Perusahaan
PAT01313,Anggi Kusuma,868206******,1977-06-26,Female,Jl. Cendana No. 185,Bekasi,088750668758,,2024-04-15,BPJS
PAT01314,Citra Gunawan,802374******,2003-12-21,Female,Jl. Asia Afrika No. 145,Sukabumi,082532820191,O,2023-08-25,BPJS
PAT01315,Qori Setiawan,356779******,1979-02-18,Female,Jl. Anggrek No. 12,Tangerang,086827758031,,2022-05-09,BPJS
PAT01316,Lina Suryadi,617105******,1970-06-02,Female,Jl. Veteran No. 111,Jakarta,089660506808,,2021-06-06,BPJS
PAT01317,Fitri Pranata,243650******,1970-10-02,Female,Jl. Sudirman No. 106,Bandung,086175261010,O,2024-01-01,Umum
PAT01318,Rina Kusuma,814039******,1999-03-20,Female,Jl. Pahlawan No. 113,Jakarta,081921415412,AB,2021-07-18,Umum
PAT01319,Indah Permana,112266******,2002-09-16,Female,Jl. Gatot Subroto No. 105,Bekasi,089552635305,O,2022-03-05,Mandiri
PAT01320,Lestari Suryadi,348207******,2004-11-19,Female,Jl. Thamrin No. 31,Jakarta,088754201844,B,2021-04-01,BPJS
PAT01321,Hesti Permana,667358******,1964-12-26,Female,Jl. Merdeka No. 169,Depok,,O,2022-03-20,BPJS
PAT01322,Devi Suryadi,204955******,1957-12-16,Female,Jl. Asia Afrika No. 129,Jakarta,087767471712,A,2023-05-25,BPJS
PAT01323,Rendra Halim,889921******,1990-08-01,Male,Jl. Diponegoro No. 143,Cirebon,089705466496,A,2024-03-16,BPJS
PAT01324,Dewi Permana,301897******,1965-06-09,Female,Jl. Diponegoro No. 211,Jakarta,089784084995,B,2022-02-06,BPJS
PAT01325,Yuli Setiawan,239070******,1976-06-19,Female,Jl. Sudirman No. 118,Sukabumi,088136780826,B,2021-10-03,Mandiri
PAT01326,Indah Kusuma,860997******,2014-12-17,Female,Jl. Kenanga No. 53,Bogor,088244577934,B,2021-05-10,BPJS
PAT01327,Hendra Wibowo,496452******,1950-09-07,Male,Jl. Kenanga No. 44,Depok,089740814656,B,2023-05-11,BPJS
PAT01328,Yusuf Saputra,901549******,1964-02-19,Male,Jl. Thamrin No. 55,Tangerang,085955274284,A,2023-06-10,BPJS
PAT01329,Adi Hidayat,379068******,2014-01-11,Male,Jl. Veteran No. 134,Bandung,082945857110,B,2023-07-09,BPJS
PAT01330,Erika Hidayat,740626******,1989-12-06,Female,Jl. Anggrek No. 72,Bandung,081086018524,O,2022-08-29,BPJS
PAT01331,Dedi Susanto,587449******,1958-03-02,Male,Jl. Asia Afrika No. 224,Indramayu,083982930466,A,2022-04-16,BPJS
PAT01332,Pandu Kusuma,687270******,1993-01-01,Male,Jl. Asia Afrika No. 102,Tangerang,084507718470,A,2023-11-27,BPJS
PAT01333,Anggi Susanto,343060******,1961-05-05,Female,Jl. Sudirman No. 62,Depok,084798559347,B,2024-01-09,BPJS
PAT01334,Mira Saputra,455584******,1997-02-08,Female,Jl. Thamrin No. 138,Sukabumi,086410190878,AB,2024-01-30,BPJS
PAT01335,Bambang Hidayat,146156******,1988-05-16,Male,Jl. Ahmad Yani No. 126,Sukabumi,084393144996,A,2023-11-27,BPJS
PAT01336,Nadia Wardana,563835******,1956-05-29,Female,Jl. Veteran No. 109,Bogor,089934205769,AB,2023-08-02,BPJS
PAT01337,Putri Permana,988380******,1980-04-18,Female,Jl. Sudirman No. 8,Cilegon,084287709186,,2021-02-25,BPJS
PAT01338,Yoga Pratama,948924******,2014-11-15,Male,Jl. Thamrin No. 8,Bekasi,082385112390,A,2021-06-19,BPJS
PAT01339,Vera Setiawan,604134******,1958-10-25,Female,Jl. Veteran No. 113,Depok,088076163553,A,2024-05-23,Perusahaan
PAT01340,Dewi Hartono,470500******,1978-01-25,Female,Jl. Gatot Subroto No. 98,Jakarta,086549690147,B,2021-06-24,BPJS
PAT01341,Pandu Hartono,729510******,2009-12-10,Male,Jl. Veteran No. 148,Bogor,087342714681,O,2023-12-06,BPJS
PAT01342,Rina Hartono,284260******,2018-06-22,Female,Jl. Cempaka No. 74,Jakarta,085477330907,O,2023-08-19,BPJS
PAT01343,Indah Lesmana,555805******,1991-12-04,Female,Jl. Sudirman No. 7,Depok,083573594440,,2021-01-06,Mandiri
PAT01344,Tiara Permana,357543******,1983-11-26,Female,Jl. Anggrek No. 89,Jakarta,085675881740,AB,2023-12-22,BPJS
PAT01345,Nadia Gunawan,496069******,2000-07-05,Female,Jl. Hayam Wuruk No. 32,Jakarta,082773702963,AB,2023-11-14,BPJS
PAT01346,Adi Suryadi,487518******,2009-05-01,Male,Jl. Kenanga No. 13,Tangerang,087772412615,,2021-03-27,BPJS
PAT01347,Qadir Wijaya,755377******,1992-02-23,Male,Jl. Cendana No. 14,Tangerang,081892994637,,2023-04-21,BPJS
PAT01348,Taufik Wardana,685380******,1991-04-10,Male,Jl. Kenanga No. 159,Bogor,081793565790,,2021-05-13,Mandiri
PAT01349,Maya Permana,940951******,1954-03-20,Female,Jl. Gatot Subroto No. 238,Tangerang,089011193445,,2022-06-02,Mandiri
PAT01350,Kartika Kusuma,682791******,1997-06-26,Female,Jl. Merdeka No. 190,Jakarta,088444402398,,2021-12-30,Mandiri
PAT01351,Mira Wibowo,622659******,1972-05-04,Female,Jl. Ahmad Yani No. 133,Bekasi,084280722909,A,2023-03-30,Mandiri
PAT01352,Iwan Nugroho,262383******,2010-05-18,Male,Jl. Pahlawan No. 17,Sukabumi,088287032823,AB,2021-12-16,Umum
PAT01353,Kartika Pranata,776526******,2010-01-24,Female,Jl. Melati No. 171,Cirebon,087045772988,B,2021-02-12,Mandiri
PAT01354,Iqbal Mahendra,893226******,2014-04-29,Male,Jl. Kenanga No. 34,Jakarta,082850654361,A,2022-09-27,BPJS
PAT01355,Galih Saputra,584405******,1953-08-29,Male,Jl. Mangga No. 211,Jakarta,082674525521,AB,2023-02-05,Mandiri
PAT01356,Eka Wijaya,295652******,1986-03-07,Female,Jl. Hayam Wuruk No. 202,Jakarta,086880014742,B,2022-08-25,Mandiri
PAT01357,Citra Pratama,801145******,1957-08-04,Female,Jl. Mangga No. 121,Bekasi,086616655324,AB,2022-08-19,BPJS
PAT01358,Jihan Pranata,954297******,1997-07-31,Female,Jl. Merdeka No. 130,Jakarta,084315873227,A,2023-01-25,Mandiri
PAT01359,Mega Susanto,831283******,1994-12-11,Female,Jl. Diponegoro No. 133,Purwakarta,086477943864,B,2023-08-12,Mandiri
PAT01360,Qori Wijaya,806402******,2011-09-30,Female,Jl. Sudirman No. 88,Depok,083744833247,AB,2022-05-05,Perusahaan
PAT01361,Yuli Setiawan,319086******,2018-08-21,Female,Jl. Kenanga No. 211,Bekasi,087555032901,AB,2021-09-08,Mandiri
PAT01362,Cindy Nugroho,945891******,1962-09-08,Female,Jl. Gatot Subroto No. 207,Depok,081386794567,O,2023-12-14,Mandiri
PAT01363,Gita Kusuma,670821******,1954-05-03,Female,Jl. Ahmad Yani No. 156,Depok,089982574848,,2022-02-10,BPJS
PAT01364,Maulana Setiawan,241250******,1986-05-02,Male,Jl. Anggrek No. 165,Depok,,B,2021-03-22,BPJS
PAT01365,Galuh Wijaya,858498******,1956-11-22,Male,Jl. Thamrin No. 245,Depok,087463438053,AB,2023-03-09,Mandiri
PAT01366,Fitri Anggara,625004******,1986-07-14,Female,Jl. Veteran No. 200,Jakarta,,A,2021-01-22,Umum
PAT01367,Joko Setiawan,960198******,1952-05-20,Male,Jl. Merdeka No. 208,Tangerang,083517238620,AB,2023-04-30,BPJS
PAT01368,Ahmad Susanto,234120******,2003-07-30,Male,Jl. Merdeka No. 135,Bogor,086915420346,O,2023-10-16,Perusahaan
PAT01369,Galih Santoso,963020******,2003-06-24,Male,Jl. Cendana No. 31,Depok,084937076777,B,2023-03-14,BPJS
PAT01370,Arif Wardana,930558******,1981-01-08,Male,Jl. Sudirman No. 35,Purwakarta,085622466885,A,2021-09-10,Umum
PAT01371,Kartika Pranata,400769******,1959-10-07,Female,Jl. Melati No. 139,Jakarta,081969992961,O,2023-12-22,Perusahaan
PAT01372,Hesti Suryadi,978775******,1952-05-14,Female,Jl. Pahlawan No. 151,Bandung,082749250097,B,2021-11-19,BPJS
PAT01373,Yuli Wardana,731205******,1995-05-20,Female,Jl. Thamrin No. 38,Purwakarta,086326370998,AB,2022-11-18,BPJS
PAT01374,Vina Mahendra,180472******,1958-04-11,Female,Jl. Sudirman No. 66,Bogor,082262498713,O,2021-03-29,Perusahaan
PAT01375,Arif Pratama,915811******,1980-04-11,Male,Jl. Jati No. 61,Bekasi,089313305779,O,2023-06-11,BPJS
PAT01376,Indah Lesmana,827382******,1958-08-12,Female,Jl. Pahlawan No. 30,Bekasi,084635848624,A,2022-01-31,Mandiri
PAT01377,Hadi Lesmana,313051******,1982-06-01,Male,Jl. Mangga No. 100,Bandung,085412089004,B,2023-07-23,BPJS
PAT01378,Rizki Suryadi,881358******,1969-02-04,Male,Jl. Diponegoro No. 26,Serang,084296793876,AB,2022-11-29,Umum
PAT01379,Rendra Wijaya,957103******,1988-07-23,Male,Jl. Veteran No. 131,Tangerang,086082681041,A,2023-09-22,Mandiri
PAT01380,Vino Wibowo,545092******,2018-06-16,Male,Jl. Pahlawan No. 144,Sukabumi,083667942069,AB,2022-08-18,Umum
PAT01381,Surya Kusuma,353860******,1977-04-10,Male,Jl. Veteran No. 230,Jakarta,086128488126,AB,2022-05-02,Umum
PAT01382,Hesti Susanto,872442******,1997-06-04,Female,Jl. Cendana No. 35,Depok,081198086379,,2022-04-24,Mandiri
PAT01383,Wisnu Halim,744358******,2014-12-10,Male,Jl. Sudirman No. 32,Depok,086886522514,A,2024-05-25,BPJS
PAT01384,Maya Lesmana,486130******,2000-08-22,Female,Jl. Thamrin No. 149,Depok,088745056645,AB,2024-03-21,Perusahaan
PAT01385,Joko Pratama,849367******,1990-08-26,Male,Jl. Asia Afrika No. 66,Bekasi,084467433849,O,2024-05-09,BPJS
PAT01386,Rian Wardana,756369******,1987-09-30,Male,Jl. Kebon Jeruk No. 197,Cirebon,082959373785,AB,2021-10-25,BPJS
PAT01387,Pandu Halim,707418******,1984-06-17,Male,Jl. Asia Afrika No. 164,Bogor,082066014392,AB,2024-03-03,Mandiri
PAT01388,Yusuf Santoso,122306******,2019-04-15,Male,Jl. Melati No. 129,Tangerang,084680076755,B,2022-01-25,Umum
PAT01389,Yusuf Hidayat,979950******,2020-01-04,Male,Jl. Hayam Wuruk No. 207,Bandung,089457263254,O,2024-02-29,Perusahaan
PAT01390,Qadir Wijaya,527629******,2005-10-27,Male,Jl. Merdeka No. 180,Bekasi,083031423129,O,2021-08-30,Mandiri
PAT01391,Jaya Mahendra,132002******,2007-08-04,Male,Jl. Diponegoro No. 114,Depok,084218118324,AB,2024-02-25,BPJS
PAT01392,Sinta Lesmana,736203******,1969-10-09,Female,Jl. Kebon Jeruk No. 84,Bogor,089194196378,B,2023-12-02,BPJS
PAT01393,Bambang Susanto,893784******,1951-07-28,Male,Jl. Melati No. 215,Bekasi,084556291373,AB,2023-04-15,BPJS
PAT01394,Yoga Kusuma,249376******,2012-05-13,Male,Jl. Kebon Jeruk No. 145,Bandung,087159619661,A,2024-01-30,BPJS
PAT01395,Nadia Gunawan,719196******,2018-06-18,Female,Jl. Veteran No. 92,Tangerang,083905778118,O,2022-06-29,Umum
PAT01396,Faisal Susanto,501010******,2001-05-26,Male,Jl. Kenanga No. 97,Jakarta,,O,2021-05-30,BPJS
PAT01397,Yuli Pratama,689083******,1993-03-27,Female,Jl. Cendana No. 208,Tangerang,084789393297,B,2023-12-19,Umum
PAT01398,Diah Pranata,453215******,2017-04-28,Female,Jl. Mawar No. 31,Bogor,084621979605,AB,2023-03-28,BPJS
PAT01399,Pandu Hartono,352288******,2002-09-19,Male,Jl. Melati No. 204,Depok,084861149438,A,2021-12-03,BPJS
PAT01400,Hesti Nugroho,101025******,1950-08-02,Female,Jl. Cempaka No. 171,Tangerang,089097017443,,2021-05-09,BPJS
PAT01401,Hadi Kusuma,974208******,2018-06-23,Male,Jl. Cempaka No. 100,Jakarta,081867835419,A,2022-01-31,BPJS
PAT01402,Umar Suryadi,963565******,1952-04-15,Male,Jl. Thamrin No. 13,Tangerang,089830393713,AB,2021-06-14,Mandiri
PAT01403,Wahyu Wardana,176716******,2016-03-08,Male,Jl. Sudirman No. 83,Bandung,087241175457,B,2023-12-05,Umum
PAT01404,Dimas Pranata,564848******,2007-08-09,Male,Jl. Pahlawan No. 106,Jakarta,089805967897,AB,2022-03-28,Mandiri
PAT01405,Ririn Permana,383242******,1951-07-06,Female,Jl. Jati No. 230,Depok,,O,2023-06-26,BPJS
PAT01406,Pipit Santoso,509718******,1964-07-24,Female,Jl. Pinus No. 15,Bogor,084802916579,O,2023-04-24,BPJS
PAT01407,Tiara Hartono,725278******,1962-04-23,Female,Jl. Merdeka No. 89,Cilegon,089985370172,O,2023-08-30,Perusahaan
PAT01408,Dedi Wijaya,268791******,2000-09-22,Male,Jl. Kebon Jeruk No. 180,Jakarta,088635334634,A,2023-03-25,BPJS
PAT01409,Kartika Susanto,375564******,1956-01-10,Female,Jl. Ahmad Yani No. 249,Depok,081852290085,O,2022-04-21,Mandiri
PAT01410,Faisal Hartono,429462******,1982-02-08,Male,Jl. Diponegoro No. 184,Bogor,,B,2022-12-08,Mandiri
PAT01411,Cindy Kusuma,589887******,1998-11-13,Female,Jl. Thamrin No. 238,Bogor,082993960210,B,2021-12-03,Perusahaan
PAT01412,Zaki Kusuma,182412******,2004-02-03,Male,Jl. Merdeka No. 42,Bekasi,,O,2021-08-19,Perusahaan
PAT01413,Sinta Mahendra,349532******,1996-01-19,Female,Jl. Anggrek No. 172,Depok,085863433166,,2023-10-13,Mandiri
PAT01414,Lina Pranata,461722******,1983-09-25,Female,Jl. Ahmad Yani No. 32,Jakarta,086232359896,A,2024-01-22,BPJS
PAT01415,Eka Santoso,377451******,2003-02-28,Female,Jl. Diponegoro No. 13,Bekasi,,AB,2021-04-08,BPJS
PAT01416,Eko Gunawan,408298******,1995-10-12,Male,Jl. Gatot Subroto No. 12,Jakarta,087146784303,AB,2021-04-19,BPJS
PAT01417,Iqbal Anggara,314843******,2011-03-11,Male,Jl. Gatot Subroto No. 65,Bekasi,087005908641,A,2021-10-18,BPJS
PAT01418,Jaya Wibowo,799689******,1996-01-22,Male,Jl. Diponegoro No. 44,Bogor,081322889502,B,2021-07-08,BPJS
PAT01419,Maulana Pranata,662292******,1966-05-13,Male,Jl. Ahmad Yani No. 27,Depok,082803318166,AB,2023-10-04,BPJS
PAT01420,Zaki Wardana,559203******,1970-12-25,Male,Jl. Cendana No. 195,Jakarta,083213198005,AB,2023-04-17,Perusahaan
PAT01421,Andi Suryadi,340027******,2001-05-10,Male,Jl. Pinus No. 193,Jakarta,085393402303,O,2023-04-05,BPJS
PAT01422,Zaki Kusuma,575606******,1992-11-29,Male,Jl. Sudirman No. 180,Bekasi,089324481501,B,2023-04-10,Mandiri
PAT01423,Kartika Hartono,930895******,1951-05-22,Female,Jl. Merdeka No. 94,Bogor,081616883914,B,2022-01-05,BPJS
PAT01424,Sinta Halim,443818******,2010-06-16,Female,Jl. Thamrin No. 41,Bogor,089556222542,AB,2021-01-31,Mandiri
PAT01425,Doni Susanto,569009******,1959-05-31,Male,Jl. Mawar No. 176,Jakarta,089902875244,B,2021-05-29,BPJS
PAT01426,Rian Hartono,443295******,2000-12-11,Male,Jl. Pinus No. 102,Jakarta,085101226530,AB,2022-04-27,BPJS
PAT01427,Hari Wardana,738542******,1998-08-12,Male,Jl. Veteran No. 74,Tangerang,084728365130,B,2021-09-17,BPJS
PAT01428,Surya Suryadi,937167******,1953-01-16,Male,Jl. Kebon Jeruk No. 244,Depok,,,2022-04-16,Perusahaan
PAT01429,Tiara Susanto,554191******,2014-07-10,Female,Jl. Mawar No. 154,Bandung,085853262260,AB,2023-11-15,Perusahaan
PAT01430,Mira Saputra,778712******,1957-07-15,Female,Jl. Kenanga No. 73,Bandung,084920956041,O,2021-07-07,Umum
PAT01431,Rendra Hidayat,346709******,1998-10-20,Male,Jl. Pinus No. 103,Depok,086972135647,B,2024-01-10,BPJS
PAT01432,Yoga Hidayat,127491******,2005-03-24,Male,Jl. Mawar No. 116,Jakarta,083637213943,O,2023-10-11,Mandiri
PAT01433,Qori Susanto,616393******,1984-06-29,Female,Jl. Pahlawan No. 139,Serang,084631443296,B,2022-10-18,BPJS
PAT01434,Oki Pranata,305681******,1994-04-24,Male,Jl. Sudirman No. 192,Karawang,087580494069,A,2023-03-28,Mandiri
PAT01435,Wisnu Hidayat,815484******,2006-02-02,Male,Jl. Hayam Wuruk No. 203,Depok,082583472482,AB,2021-03-03,BPJS
PAT01436,Yoga Halim,892269******,1985-01-01,Male,Jl. Kebon Jeruk No. 98,Jakarta,081164565091,A,2021-12-10,BPJS
PAT01437,Linda Susanto,284452******,2019-10-31,Female,Jl. Anggrek No. 192,Cirebon,,,2023-02-07,BPJS
PAT01438,Linda Permana,291423******,1996-12-21,Female,Jl. Pinus No. 101,Bekasi,087844438056,B,2021-10-15,BPJS
PAT01439,Aulia Wardana,408453******,1966-08-29,Female,Jl. Hayam Wuruk No. 164,Bekasi,084721043139,,2022-02-03,BPJS
PAT01440,Pandu Pranata,208110******,1980-07-09,Male,Jl. Diponegoro No. 104,Jakarta,082119819986,,2022-11-03,BPJS
PAT01441,Joko Susanto,898488******,1980-04-24,Male,Jl. Jati No. 185,Depok,089353816138,O,2021-12-10,Umum
PAT01442,Rian Hidayat,523259******,2002-11-08,Male,Jl. Hayam Wuruk No. 57,Depok,088243193820,A,2022-04-03,BPJS
PAT01443,Naufal Kusuma,687132******,2013-10-02,Male,Jl. Kenanga No. 101,Bogor,082571117171,O,2023-11-29,BPJS
PAT01444,Galih Gunawan,991417******,2000-02-14,Male,Jl. Merdeka No. 84,Bandung,087914398496,O,2022-08-12,Mandiri
PAT01445,Tika Nugroho,107971******,1967-06-03,Female,Jl. Kebon Jeruk No. 79,Jakarta,083478044003,A,2023-09-13,BPJS
PAT01446,Pipit Wibowo,272820******,1954-03-17,Female,Jl. Cempaka No. 51,Bogor,086308656948,A,2021-06-26,BPJS
PAT01447,Arif Setiawan,513695******,1977-08-05,Male,Jl. Anggrek No. 23,Jakarta,086556184397,A,2022-11-01,BPJS
PAT01448,Diah Setiawan,212430******,1969-06-07,Female,Jl. Diponegoro No. 187,Cirebon,084805765751,,2023-05-10,Perusahaan
PAT01449,Krisna Lesmana,202108******,1971-05-14,Male,Jl. Cendana No. 205,Bandung,082362880046,A,2022-06-29,BPJS
PAT01450,Nadia Kusuma,397249******,2019-01-22,Female,Jl. Thamrin No. 203,Jakarta,082519815008,O,2023-02-24,Mandiri
PAT01451,Qori Lesmana,227940******,2012-06-13,Female,Jl. Cempaka No. 152,Cilegon,089848243913,,2021-09-27,BPJS
PAT01452,Krisna Pratama,384879******,1982-05-21,Male,Jl. Hayam Wuruk No. 34,Bandung,086790974226,B,2021-10-08,Mandiri
PAT01453,Vina Susanto,948400******,2019-08-10,Female,Jl. Cendana No. 110,Cilegon,087470108123,O,2024-01-09,BPJS
PAT01454,Indra Permana,413157******,1965-01-13,Male,Jl. Jati No. 36,Jakarta,088327650795,AB,2022-07-27,BPJS
PAT01455,Lina Suryadi,868488******,2002-10-13,Female,Jl. Kenanga No. 109,Karawang,087930564616,B,2023-10-26,BPJS
PAT01456,Bambang Santoso,744226******,1960-08-24,Male,Jl. Thamrin No. 248,Bandung,082427195224,B,2021-01-13,BPJS
PAT01457,Surya Wijaya,263518******,1977-07-12,Male,Jl. Hayam Wuruk No. 96,Jakarta,084772732461,A,2022-04-30,BPJS
PAT01458,Wulan Kusuma,938139******,1979-03-31,Female,Jl. Anggrek No. 223,Jakarta,081297394609,A,2022-10-26,BPJS
PAT01459,Doni Wibowo,135430******,1996-10-23,Male,Jl. Cendana No. 53,Bogor,085726050504,AB,2022-08-06,BPJS
PAT01460,Kartika Lesmana,746875******,1984-05-14,Female,Jl. Asia Afrika No. 99,Cilegon,088373331430,B,2023-10-21,BPJS
PAT01461,Vera Nugroho,543623******,1990-04-13,Female,Jl. Pinus No. 231,Bogor,082775021744,A,2021-09-23,BPJS
PAT01462,Arif Lesmana,874633******,2013-02-17,Male,Jl. Kenanga No. 43,Jakarta,082236578071,A,2023-12-13,BPJS
PAT01463,Yuli Hidayat,841936******,1998-09-30,Female,Jl. Gatot Subroto No. 207,Sukabumi,084165589219,B,2021-05-09,Perusahaan
PAT01464,Bambang Setiawan,736044******,1962-11-06,Male,Jl. Merdeka No. 225,Jakarta,,AB,2021-07-09,Mandiri
PAT01465,Hadi Gunawan,874159******,1950-09-23,Male,Jl. Thamrin No. 227,Bekasi,,B,2023-05-01,BPJS
PAT01466,Tika Wibowo,267930******,1968-04-19,Female,Jl. Veteran No. 184,Jakarta,087284336415,A,2023-12-27,BPJS
PAT01467,Putri Wibowo,523651******,1996-07-14,Female,Jl. Thamrin No. 181,Karawang,088151796168,B,2022-01-06,Mandiri
PAT01468,Rendra Wibowo,586813******,1978-10-14,Male,Jl. Kenanga No. 67,Serang,086435840812,B,2023-02-16,BPJS
PAT01469,Eko Pranata,134281******,1979-03-13,Male,Jl. Kebon Jeruk No. 37,Depok,089977486924,O,2023-02-23,BPJS
PAT01470,Tiara Susanto,352800******,2015-06-15,Female,Jl. Mangga No. 27,Tangerang,089817982174,B,2023-06-20,BPJS
PAT01471,Ratna Wibowo,284076******,1955-09-06,Female,Jl. Ahmad Yani No. 118,Depok,086146750326,,2022-03-21,BPJS
PAT01472,Rian Pranata,295190******,1952-08-17,Male,Jl. Diponegoro No. 84,Bogor,081741070243,B,2023-04-24,Mandiri
PAT01473,Putri Kusuma,868401******,1988-04-26,Female,Jl. Anggrek No. 205,Depok,083513314947,AB,2022-04-29,BPJS
PAT01474,Mira Susanto,250861******,1971-03-20,Female,Jl. Diponegoro No. 230,Depok,085140999181,B,2022-10-18,BPJS
PAT01475,Qadir Santoso,379737******,1987-06-28,Male,Jl. Jati No. 32,Purwakarta,083117856053,B,2023-03-17,BPJS
PAT01476,Wahyu Nugroho,120510******,2001-03-25,Male,Jl. Mawar No. 86,Jakarta,089011974471,O,2021-08-27,BPJS
PAT01477,Anggi Anggara,732928******,2002-03-28,Female,Jl. Merdeka No. 113,Depok,086043711383,,2021-05-24,Perusahaan
PAT01478,Hendra Wijaya,447193******,1972-02-11,Male,Jl. Kebon Jeruk No. 171,Bandung,081483240056,O,2022-11-01,BPJS
PAT01479,Bambang Pranata,685432******,1996-07-22,Male,Jl. Pahlawan No. 63,Depok,081640979105,A,2021-10-03,BPJS
PAT01480,Amelia Gunawan,864624******,2020-12-04,Female,Jl. Sudirman No. 186,Bandung,083353553945,B,2021-03-19,BPJS
PAT01481,Indah Permana,897962******,1999-09-21,Female,Jl. Kebon Jeruk No. 126,Jakarta,087177751894,B,2023-02-02,BPJS
PAT01482,Tiara Lesmana,474723******,1966-07-26,Female,Jl. Veteran No. 61,Tangerang,084300977393,,2022-02-18,BPJS
PAT01483,Dewi Permana,416778******,1971-03-14,Female,Jl. Mangga No. 237,Jakarta,083772001298,AB,2021-08-13,BPJS
PAT01484,Jaya Saputra,463737******,1964-08-16,Male,Jl. Ahmad Yani No. 245,Tangerang,,A,2021-02-16,Mandiri
PAT01485,Nadia Pranata,275615******,2019-11-28,Female,Jl. Asia Afrika No. 238,Bogor,088513092999,A,2021-07-09,BPJS
PAT01486,Yanti Setiawan,601186******,1974-11-13,Female,Jl. Cempaka No. 168,Jakarta,081828289951,,2022-02-07,Umum
PAT01487,Budi Pranata,535771******,1992-03-05,Male,Jl. Ahmad Yani No. 22,Bogor,083146904864,,2024-05-31,Perusahaan
PAT01488,Ahmad Hartono,517143******,1954-05-06,Male,Jl. Pahlawan No. 163,Bogor,084142865661,,2021-08-25,BPJS
PAT01489,Yuli Hidayat,223815******,2011-08-13,Female,Jl. Pinus No. 237,Bekasi,087056382841,B,2021-04-20,BPJS
PAT01490,Ratna Wardana,908847******,2016-12-05,Female,Jl. Thamrin No. 173,Bekasi,,A,2021-08-19,BPJS
PAT01491,Bunga Gunawan,209581******,1961-08-14,Female,Jl. Diponegoro No. 234,Tangerang,081179749205,A,2023-07-04,BPJS
PAT01492,Wulan Suryadi,793861******,2016-08-14,Female,Jl. Cempaka No. 237,Jakarta,,O,2022-05-25,BPJS
PAT01493,Citra Wardana,883048******,2015-06-19,Female,Jl. Sudirman No. 55,Bekasi,086121510453,O,2022-11-22,Mandiri
PAT01494,Yuli Susanto,114060******,2009-03-29,Female,Jl. Pinus No. 46,Bekasi,083237646664,B,2022-08-01,BPJS
PAT01495,Joko Kusuma,194477******,1975-07-09,Male,Jl. Veteran No. 6,Cirebon,088228609138,B,2022-11-22,BPJS
PAT01496,Sari Pranata,797222******,1979-04-22,Female,Jl. Pahlawan No. 35,Tangerang,087856156200,O,2021-09-21,Mandiri
PAT01497,Andi Pranata,303060******,2012-11-09,Male,Jl. Kenanga No. 217,Jakarta,084397214369,,2021-01-03,Umum
PAT01498,Reza Pranata,725163******,1980-12-21,Male,Jl. Asia Afrika No. 33,Bogor,081417333635,O,2021-08-31,BPJS
PAT01499,Nadia Permana,300022******,1988-01-11,Female,Jl. Kenanga No. 240,Tangerang,087655889245,AB,2023-03-05,BPJS
PAT01500,Agus Hartono,322311******,1952-06-05,Male,Jl. Thamrin No. 67,Bogor,084343722496,,2021-02-22,BPJS
PAT01501,Eko Wibowo,156429******,1987-11-26,Male,Jl. Kenanga No. 32,Bogor,083638188618,O,2022-04-18,BPJS
PAT01502,Qadir Wibowo,391431******,1955-05-31,Male,Jl. Kebon Jeruk No. 43,Depok,,A,2023-06-27,BPJS
PAT01503,Lestari Mahendra,546901******,2003-01-02,Female,Jl. Cendana No. 6,Depok,081980116906,,2021-09-17,BPJS
PAT01504,Wahyu Lesmana,781673******,1959-08-09,Male,Jl. Anggrek No. 88,Jakarta,084711088724,,2021-01-16,BPJS
PAT01505,Sinta Santoso,133956******,1972-05-27,Female,Jl. Gatot Subroto No. 16,Indramayu,089662348343,AB,2023-04-11,Umum
PAT01506,Intan Pranata,905738******,2007-05-28,Female,Jl. Kenanga No. 116,Tangerang,,O,2022-09-24,BPJS
PAT01507,Umar Saputra,488904******,1989-09-23,Male,Jl. Kenanga No. 152,Depok,086892565421,O,2021-12-20,BPJS
PAT01508,Mega Permana,602867******,1959-07-20,Female,Jl. Mawar No. 36,Jakarta,087278150728,A,2021-08-15,BPJS
PAT01509,Surya Susanto,162283******,2019-01-02,Male,Jl. Cempaka No. 31,Tangerang,081526721134,B,2021-02-24,BPJS
PAT01510,Devi Susanto,341016******,1959-01-03,Female,Jl. Mangga No. 116,Jakarta,085051054525,O,2021-11-28,Mandiri
PAT01511,Erika Lesmana,144693******,1998-11-03,Female,Jl. Cempaka No. 4,Bekasi,,A,2023-01-21,Perusahaan
PAT01512,Farah Kusuma,255327******,2003-03-07,Female,Jl. Gatot Subroto No. 8,Bekasi,089479129458,A,2023-08-08,Mandiri
PAT01513,Lestari Setiawan,633057******,1953-10-23,Female,Jl. Pinus No. 105,Bandung,081436654064,A,2023-08-05,BPJS
PAT01514,Winda Nugroho,448273******,1957-02-24,Female,Jl. Sudirman No. 249,Bandung,086530738078,AB,2023-10-05,Mandiri
PAT01515,Agus Setiawan,939937******,1985-12-10,Male,Jl. Gatot Subroto No. 45,Serang,084023935043,A,2021-02-05,BPJS
PAT01516,Rian Mahendra,290553******,1981-04-21,Male,Jl. Cempaka No. 137,Depok,088199937700,O,2023-05-23,BPJS
PAT01517,Hari Wardana,366087******,1994-07-07,Male,Jl. Ahmad Yani No. 8,Depok,085318446519,B,2022-02-15,Mandiri
PAT01518,Pipit Gunawan,264190******,1989-06-05,Female,Jl. Mawar No. 237,Depok,088895570295,O,2023-06-14,Perusahaan
PAT01519,Nadia Saputra,470392******,2002-07-01,Female,Jl. Cempaka No. 17,Jakarta,088961793988,A,2021-03-07,Perusahaan
PAT01520,Hadi Permana,522559******,1987-03-20,Male,Jl. Gatot Subroto No. 109,Serang,083531085184,A,2021-08-27,BPJS
PAT01521,Maya Anggara,717101******,1993-07-27,Female,Jl. Pinus No. 171,Depok,082083691671,A,2022-06-22,Umum
PAT01522,Satria Nugroho,670297******,2018-12-04,Male,Jl. Veteran No. 242,Bekasi,085307967688,B,2021-05-15,BPJS
PAT01523,Diah Hidayat,144351******,1972-12-03,Female,Jl. Kebon Jeruk No. 157,Jakarta,083155369361,,2024-04-22,BPJS
PAT01524,Agus Wardana,961627******,1994-07-31,Male,Jl. Mangga No. 238,Bogor,081279682481,O,2024-04-23,BPJS
PAT01525,Indra Kusuma,953189******,1987-03-12,Male,Jl. Kebon Jeruk No. 98,Serang,082256776246,,2023-04-22,BPJS
PAT01526,Bunga Kusuma,255650******,1969-05-28,Female,Jl. Melati No. 125,Depok,,A,2023-09-21,Mandiri
PAT01527,Hesti Pranata,379103******,1972-04-09,Female,Jl. Diponegoro No. 60,Tangerang,088568570347,O,2022-01-10,Umum
PAT01528,Yuli Lesmana,802264******,2003-01-08,Female,Jl. Melati No. 153,Jakarta,084916879775,O,2021-01-31,BPJS
PAT01529,Rina Permana,273164******,1988-08-25,Female,Jl. Pahlawan No. 218,Jakarta,081112987505,,2023-08-15,BPJS
PAT01530,Hadi Lesmana,583122******,1998-06-30,Male,Jl. Diponegoro No. 217,Tangerang,081453940193,O,2021-04-23,BPJS
PAT01531,Hendra Pratama,761467******,2009-04-02,Male,Jl. Mawar No. 161,Tangerang,084432477041,B,2023-01-27,Mandiri
PAT01532,Zaki Wardana,699326******,1996-01-08,Male,Jl. Cempaka No. 153,Bekasi,081480850393,,2023-06-30,BPJS
PAT01533,Andi Susanto,628114******,2006-02-27,Male,Jl. Melati No. 151,Depok,083182777545,A,2024-01-25,Umum
PAT01534,Faris Permana,418886******,1998-01-03,Male,Jl. Diponegoro No. 36,Tangerang,084254866543,O,2022-12-31,BPJS
PAT01535,Oki Lesmana,873267******,1970-12-01,Male,Jl. Pinus No. 147,Tangerang,086900423003,,2021-01-24,Mandiri
PAT01536,Pandu Hidayat,164712******,1952-04-21,Male,Jl. Veteran No. 67,Jakarta,085496067653,O,2022-10-18,BPJS
PAT01537,Hesti Saputra,969070******,1966-02-18,Female,Jl. Ahmad Yani No. 216,Jakarta,085660589433,O,2021-07-07,Mandiri
PAT01538,Wisnu Saputra,265497******,1995-11-02,Male,Jl. Jati No. 229,Bogor,,AB,2021-12-05,Mandiri
PAT01539,Pipit Mahendra,686876******,1995-04-12,Female,Jl. Pinus No. 39,Jakarta,088936809129,A,2022-07-02,BPJS
PAT01540,Surya Pranata,471868******,1970-07-29,Male,Jl. Gatot Subroto No. 183,Bogor,084395046474,O,2021-08-19,BPJS
PAT01541,Rendra Mahendra,146159******,1994-05-09,Male,Jl. Veteran No. 231,Depok,083758772661,B,2023-09-26,Perusahaan
PAT01542,Wahyu Susanto,685302******,1970-02-09,Male,Jl. Mangga No. 86,Jakarta,082520601313,O,2024-04-04,Mandiri
PAT01543,Tiara Gunawan,290552******,1976-04-10,Female,Jl. Sudirman No. 164,Jakarta,089273082391,AB,2023-02-10,BPJS
PAT01544,Bunga Susanto,360733******,2014-08-17,Female,Jl. Kebon Jeruk No. 68,Jakarta,082843864884,AB,2023-07-17,BPJS
PAT01545,Naufal Santoso,259057******,1955-10-24,Male,Jl. Merdeka No. 114,Jakarta,082451775889,O,2021-10-19,Mandiri
PAT01546,Putri Halim,708171******,2018-03-10,Female,Jl. Cendana No. 63,Bekasi,083348109736,A,2023-10-27,BPJS
PAT01547,Nia Nugroho,378835******,1997-12-18,Female,Jl. Veteran No. 103,Depok,082872211645,AB,2023-03-21,BPJS
PAT01548,Krisna Hartono,889467******,1997-04-19,Male,Jl. Kebon Jeruk No. 114,Depok,083472828483,O,2021-02-15,Perusahaan
PAT01549,Umar Saputra,193513******,1976-11-27,Male,Jl. Ahmad Yani No. 19,Depok,086361343908,B,2022-02-23,BPJS
PAT01550,Winda Mahendra,213204******,1970-11-15,Female,Jl. Jati No. 55,Jakarta,,O,2021-01-01,BPJS
PAT01551,Vina Hidayat,360702******,1953-12-05,Female,Jl. Mawar No. 236,Depok,083194915392,O,2022-11-12,BPJS
PAT01552,Andi Hidayat,477818******,1974-12-24,Male,Jl. Melati No. 193,Bogor,083128551265,AB,2021-09-13,Mandiri
PAT01553,Umar Kusuma,549752******,1978-07-09,Male,Jl. Sudirman No. 167,Jakarta,084749686444,AB,2022-07-15,Umum
PAT01554,Dewi Pranata,536617******,1986-01-26,Female,Jl. Thamrin No. 217,Tangerang,088474684331,A,2023-11-23,Mandiri
PAT01555,Wulan Permana,723427******,1998-04-16,Female,Jl. Veteran No. 147,Depok,083707920718,A,2023-04-01,BPJS
PAT01556,Gita Susanto,252526******,1958-09-11,Female,Jl. Thamrin No. 70,Jakarta,,O,2022-07-09,Perusahaan
PAT01557,Galuh Lesmana,988973******,1959-05-21,Male,Jl. Hayam Wuruk No. 202,Bekasi,088901600076,B,2023-03-19,Perusahaan
PAT01558,Vino Gunawan,377900******,1998-12-23,Male,Jl. Kebon Jeruk No. 109,Tangerang,084930488077,O,2024-01-31,Umum
PAT01559,Farah Santoso,631337******,1984-03-12,Female,Jl. Melati No. 146,Bekasi,084722586659,AB,2022-11-28,BPJS
PAT01560,Satria Permana,428786******,2009-03-15,Male,Jl. Gatot Subroto No. 13,Depok,081775591300,O,2023-01-10,Mandiri
PAT01561,Mega Gunawan,828515******,1953-12-28,Female,Jl. Gatot Subroto No. 90,Bogor,085597262809,A,2023-05-16,BPJS
PAT01562,Ulfa Wijaya,338099******,2003-06-21,Female,Jl. Veteran No. 138,Depok,088763170148,B,2023-05-13,BPJS
PAT01563,Bayu Nugroho,530744******,2013-08-22,Male,Jl. Pahlawan No. 166,Indramayu,087782908070,AB,2023-02-02,BPJS
PAT01564,Pipit Wijaya,497392******,1993-07-23,Female,Jl. Sudirman No. 2,Depok,089696334671,AB,2021-10-06,BPJS
PAT01565,Agus Lesmana,708555******,1972-06-13,Male,Jl. Sudirman No. 46,Tangerang,089010903898,O,2023-06-03,BPJS
PAT01566,Intan Mahendra,152431******,1979-04-30,Female,Jl. Cendana No. 203,Tangerang,082125843231,,2021-01-30,Mandiri
PAT01567,Yanti Suryadi,544167******,1982-09-03,Female,Jl. Pinus No. 126,Bandung,084833102044,O,2022-09-24,Perusahaan
PAT01568,Bayu Nugroho,301628******,2020-02-03,Male,Jl. Kebon Jeruk No. 130,Jakarta,085419054626,B,2022-05-12,Mandiri
PAT01569,Arif Permana,937738******,1986-04-14,Male,Jl. Mangga No. 225,Tangerang,084364158150,,2022-01-13,Mandiri
PAT01570,Galuh Suryadi,834630******,1975-12-12,Male,Jl. Gatot Subroto No. 14,Bandung,087907338834,,2022-04-14,Umum
PAT01571,Hadi Pratama,828542******,2010-08-01,Male,Jl. Diponegoro No. 109,Tangerang,084674668738,A,2021-12-25,BPJS
PAT01572,Eko Santoso,289838******,2018-05-14,Male,Jl. Pinus No. 205,Tangerang,089080354786,O,2022-09-29,BPJS
PAT01573,Cindy Hartono,900911******,1978-05-08,Female,Jl. Thamrin No. 157,Bandung,082675653639,A,2021-06-11,Mandiri
PAT01574,Anggi Permana,843588******,1958-12-19,Female,Jl. Kenanga No. 24,Bekasi,,AB,2023-12-29,BPJS
PAT01575,Kartika Gunawan,162881******,1950-07-20,Female,Jl. Veteran No. 195,Tangerang,081064484699,O,2024-04-20,BPJS
PAT01576,Kartika Gunawan,604575******,2013-10-13,Female,Jl. Veteran No. 127,Bandung,081549120831,A,2021-12-21,BPJS
PAT01577,Nia Wardana,475772******,1989-11-03,Female,Jl. Merdeka No. 239,Depok,086468339996,B,2023-04-17,BPJS
PAT01578,Tika Hidayat,769614******,1988-02-17,Female,Jl. Pahlawan No. 20,Bekasi,084137245394,,2021-12-04,Umum
PAT01579,Hadi Setiawan,654447******,1972-07-16,Male,Jl. Jati No. 59,Bekasi,,,2022-12-02,Mandiri
PAT01580,Adi Mahendra,462512******,2012-06-24,Male,Jl. Mangga No. 151,Serang,,A,2023-08-03,BPJS
PAT01581,Qadir Halim,958784******,2007-01-07,Male,Jl. Kenanga No. 44,Sukabumi,089518642744,,2023-11-19,BPJS
PAT01582,Joko Santoso,234130******,1961-01-26,Male,Jl. Veteran No. 172,Bandung,086382529470,AB,2021-04-07,Perusahaan
PAT01583,Indah Mahendra,366825******,1977-05-29,Female,Jl. Kenanga No. 168,Jakarta,087301679332,B,2022-02-08,Perusahaan
PAT01584,Rina Kusuma,246741******,1967-05-14,Female,Jl. Pinus No. 40,Tangerang,085223195646,O,2023-06-17,Perusahaan
PAT01585,Cindy Setiawan,354695******,2009-08-13,Female,Jl. Diponegoro No. 76,Jakarta,083101463976,A,2022-01-28,BPJS
PAT01586,Qadir Susanto,497941******,2011-06-18,Male,Jl. Thamrin No. 44,Depok,089150728001,AB,2021-01-26,BPJS
PAT01587,Salma Susanto,163730******,1956-01-14,Female,Jl. Mangga No. 156,Bekasi,085133116579,A,2022-06-07,Mandiri
PAT01588,Doni Setiawan,134812******,1984-09-07,Male,Jl. Hayam Wuruk No. 156,Serang,084563721269,AB,2022-04-15,BPJS
PAT01589,Vina Nugroho,420427******,1951-01-23,Female,Jl. Gatot Subroto No. 10,Tangerang,,A,2023-03-23,BPJS
PAT01590,Indra Wibowo,629694******,1975-09-18,Male,Jl. Thamrin No. 132,Bekasi,088913735653,,2022-12-09,BPJS
PAT01591,Anggi Permana,366445******,1972-10-27,Female,Jl. Kenanga No. 235,Bogor,086418757361,O,2021-04-20,BPJS
PAT01592,Pandu Setiawan,959254******,1998-01-02,Male,Jl. Kenanga No. 226,Jakarta,083956801637,O,2024-05-19,Perusahaan
PAT01593,Umar Setiawan,572211******,2013-03-18,Male,Jl. Veteran No. 201,Jakarta,081460219219,,2022-10-19,Mandiri
PAT01594,Iqbal Wardana,229323******,1963-03-13,Male,Jl. Pinus No. 138,Tangerang,087782954756,B,2024-05-11,BPJS
PAT01595,Hadi Santoso,429779******,1993-03-05,Male,Jl. Pahlawan No. 149,Bandung,088892047261,A,2022-07-16,Mandiri
PAT01596,Indra Hartono,366121******,1983-10-23,Male,Jl. Sudirman No. 60,Jakarta,084479884863,O,2022-06-02,BPJS
PAT01597,Joko Permana,238622******,1968-04-11,Male,Jl. Veteran No. 213,Bandung,083786134479,O,2021-11-30,BPJS
PAT01598,Kartika Nugroho,349841******,2000-12-16,Female,Jl. Gatot Subroto No. 203,Bandung,087655934977,,2021-03-03,BPJS
PAT01599,Cindy Hidayat,694103******,1968-11-06,Female,Jl. Cempaka No. 45,Jakarta,084969210194,B,2021-12-10,Perusahaan
PAT01600,Nadia Kusuma,146957******,1960-06-29,Female,Jl. Diponegoro No. 4,Bogor,081987925992,A,2021-02-03,BPJS
PAT01601,Rizki Lesmana,504687******,1991-05-22,Male,Jl. Mangga No. 112,Bogor,081492264809,A,2023-11-07,BPJS
PAT01602,Ririn Wardana,804090******,2000-01-27,Female,Jl. Jati No. 236,Jakarta,088365293189,A,2021-01-23,BPJS
PAT01603,Mira Saputra,957556******,1976-07-05,Female,Jl. Kenanga No. 49,Jakarta,085694143595,A,2022-04-27,Perusahaan
PAT01604,Qadir Santoso,434836******,2008-04-21,Male,Jl. Thamrin No. 63,Karawang,084243203487,O,2022-07-20,BPJS
PAT01605,Devi Susanto,772676******,1962-05-28,Female,Jl. Anggrek No. 50,Tangerang,,AB,2023-04-17,Mandiri
PAT01606,Satria Suryadi,972475******,2010-09-03,Male,Jl. Gatot Subroto No. 203,Depok,081149762119,B,2021-02-04,Mandiri
PAT01607,Gita Gunawan,291238******,1950-04-25,Female,Jl. Mawar No. 95,Purwakarta,089347090313,O,2023-06-16,Mandiri
PAT01608,Rizki Suryadi,120494******,2011-10-26,Male,Jl. Cendana No. 12,Purwakarta,086969721286,AB,2021-07-08,BPJS
PAT01609,Rizki Pratama,778748******,1985-04-04,Male,Jl. Kenanga No. 235,Jakarta,089961628570,A,2022-04-06,Mandiri
PAT01610,Wahyu Pratama,947000******,1990-02-07,Male,Jl. Anggrek No. 139,Bekasi,,A,2023-03-28,BPJS
PAT01611,Qori Pranata,381924******,2019-04-19,Female,Jl. Jati No. 159,Bekasi,089770141393,A,2023-01-23,BPJS
PAT01612,Qadir Setiawan,550779******,1987-08-27,Male,Jl. Ahmad Yani No. 141,Tangerang,085899813434,O,2021-11-23,BPJS
PAT01613,Bunga Wardana,581415******,2020-06-01,Female,Jl. Cempaka No. 4,Tangerang,083429889433,O,2023-12-20,Mandiri
PAT01614,Ulfa Wibowo,919555******,2005-02-12,Female,Jl. Kenanga No. 19,Jakarta,085426543084,O,2022-01-05,Perusahaan
PAT01615,Amelia Anggara,984885******,1956-12-15,Female,Jl. Pinus No. 146,Bandung,,O,2021-02-17,Perusahaan
PAT01616,Vera Wardana,348247******,1961-05-08,Female,Jl. Thamrin No. 6,Bekasi,085864913957,AB,2023-07-20,BPJS
PAT01617,Vino Lesmana,705355******,2000-02-27,Male,Jl. Diponegoro No. 213,Tangerang,,O,2021-01-31,BPJS
PAT01618,Yanti Saputra,680172******,1950-07-11,Female,Jl. Asia Afrika No. 195,Depok,087274884996,AB,2023-11-12,BPJS
PAT01619,Diah Kusuma,582943******,1993-08-29,Female,Jl. Melati No. 117,Jakarta,084032531866,B,2023-09-27,Mandiri
PAT01620,Wahyu Gunawan,731371******,1966-08-03,Male,Jl. Thamrin No. 201,Cirebon,083368355864,AB,2021-07-08,Mandiri
PAT01621,Pipit Pranata,522379******,1962-05-12,Female,Jl. Mawar No. 112,Jakarta,,B,2021-11-30,Perusahaan
PAT01622,Nadia Wardana,600724******,1979-12-28,Female,Jl. Asia Afrika No. 132,Jakarta,085614719602,A,2022-06-26,Perusahaan
PAT01623,Amelia Permana,238297******,1959-06-11,Female,Jl. Veteran No. 211,Jakarta,086556177919,,2023-09-23,BPJS
PAT01624,Indah Suryadi,556253******,2019-12-07,Female,Jl. Pahlawan No. 130,Depok,083482396015,,2021-09-16,Umum
PAT01625,Amelia Wibowo,970847******,1950-01-02,Female,Jl. Asia Afrika No. 182,Bogor,084153868951,A,2023-03-29,Mandiri
PAT01626,Sinta Suryadi,529925******,1974-09-06,Female,Jl. Sudirman No. 244,Serang,082972928272,B,2021-10-06,Perusahaan
PAT01627,Iwan Wibowo,286253******,1995-02-19,Male,Jl. Veteran No. 42,Bandung,,,2022-11-03,Umum
PAT01628,Iwan Pratama,161248******,1957-12-25,Male,Jl. Cempaka No. 125,Indramayu,083219253242,B,2022-06-21,Perusahaan
PAT01629,Indra Nugroho,194465******,1962-03-23,Male,Jl. Thamrin No. 108,Depok,082602631087,O,2021-05-15,Umum
PAT01630,Hadi Halim,689780******,2007-07-21,Male,Jl. Sudirman No. 179,Serang,081392847032,AB,2021-01-03,Mandiri
PAT01631,Umar Hidayat,984830******,1991-08-12,Male,Jl. Gatot Subroto No. 227,Bekasi,083821524038,AB,2022-01-16,BPJS
PAT01632,Erika Saputra,883843******,1953-11-30,Female,Jl. Kenanga No. 191,Bogor,088704935503,A,2024-03-12,BPJS
PAT01633,Bambang Setiawan,145980******,1952-12-11,Male,Jl. Thamrin No. 119,Bekasi,088772439061,AB,2021-01-31,Mandiri
PAT01634,Sari Wibowo,368881******,2012-11-10,Female,Jl. Thamrin No. 213,Depok,088350306139,AB,2022-04-10,Perusahaan
PAT01635,Salma Hartono,936185******,2000-11-29,Female,Jl. Pinus No. 134,Jakarta,088977743997,AB,2021-09-27,Umum
PAT01636,Pipit Permana,392582******,1992-05-13,Female,Jl. Gatot Subroto No. 197,Bogor,084146933104,B,2023-08-30,Umum
PAT01637,Citra Santoso,950328******,1998-04-21,Female,Jl. Ahmad Yani No. 22,Jakarta,081303754004,AB,2022-11-12,BPJS
PAT01638,Surya Hartono,468883******,2019-07-02,Male,Jl. Kebon Jeruk No. 144,Bandung,,O,2022-03-31,BPJS
PAT01639,Ulfa Hidayat,172058******,1992-01-05,Female,Jl. Melati No. 229,Cirebon,086840910912,AB,2023-12-10,BPJS
PAT01640,Mega Suryadi,258737******,1987-09-28,Female,Jl. Sudirman No. 136,Bandung,087638602206,A,2023-05-30,BPJS
PAT01641,Farah Setiawan,716862******,1999-02-28,Female,Jl. Mawar No. 57,Tangerang,089121764920,,2024-01-15,Mandiri
PAT01642,Naufal Setiawan,673741******,1977-03-29,Male,Jl. Diponegoro No. 248,Tangerang,086273582058,AB,2023-04-12,Mandiri
PAT01643,Bambang Susanto,149736******,1979-09-07,Male,Jl. Sudirman No. 86,Indramayu,085510235152,AB,2023-07-09,BPJS
PAT01644,Umar Suryadi,469559******,1957-03-08,Male,Jl. Mangga No. 94,Bogor,081684857302,B,2021-01-20,BPJS
PAT01645,Pipit Wijaya,667114******,1979-11-26,Female,Jl. Anggrek No. 231,Tangerang,081460163367,O,2022-09-26,BPJS
PAT01646,Dewi Wardana,206657******,1970-12-15,Female,Jl. Thamrin No. 26,Sukabumi,085281143540,O,2023-11-06,BPJS
PAT01647,Dedi Kusuma,730222******,2011-08-10,Male,Jl. Pahlawan No. 5,Tangerang,089342671082,O,2021-04-21,BPJS
PAT01648,Ulfa Hidayat,276360******,2006-11-12,Female,Jl. Mangga No. 7,Depok,086299164332,AB,2021-06-20,Mandiri
PAT01649,Zaki Hidayat,100681******,1957-06-02,Male,Jl. Pahlawan No. 171,Bogor,086077685928,AB,2024-03-04,BPJS
PAT01650,Rendra Wijaya,111089******,1964-03-02,Male,Jl. Cendana No. 221,Bekasi,,A,2021-06-11,BPJS
PAT01651,Diah Kusuma,453643******,1969-04-02,Female,Jl. Diponegoro No. 221,Bekasi,087821269416,O,2022-11-27,BPJS
PAT01652,Indah Anggara,396243******,1953-12-07,Female,Jl. Jati No. 245,Bandung,085849598465,A,2022-12-26,Umum
PAT01653,Satria Halim,775192******,1952-07-08,Male,Jl. Hayam Wuruk No. 234,Cirebon,084561531149,A,2021-01-20,Umum
PAT01654,Cindy Santoso,810450******,2005-10-22,Female,Jl. Melati No. 56,Cirebon,081052419297,A,2021-01-07,Perusahaan
PAT01655,Iwan Halim,232179******,1952-10-26,Male,Jl. Ahmad Yani No. 225,Depok,082839999414,AB,2021-05-12,BPJS
PAT01656,Rizki Susanto,414459******,2006-03-28,Male,Jl. Gatot Subroto No. 158,Depok,085103462257,,2022-11-21,BPJS
PAT01657,Umar Wardana,282727******,1998-12-08,Male,Jl. Kenanga No. 92,Jakarta,087730566825,B,2021-04-04,Mandiri
PAT01658,Amelia Gunawan,174094******,1952-12-25,Female,Jl. Cendana No. 16,Bekasi,089434259650,A,2021-02-09,BPJS
PAT01659,Cindy Pranata,549286******,1999-02-13,Female,Jl. Thamrin No. 16,Tangerang,087643177611,O,2023-09-05,Mandiri
PAT01660,Galih Wijaya,916100******,2012-05-23,Male,Jl. Hayam Wuruk No. 230,Depok,089573252585,AB,2021-09-14,BPJS
PAT01661,Winda Setiawan,794379******,1967-05-23,Female,Jl. Melati No. 146,Bekasi,089532169229,B,2021-02-12,BPJS
PAT01662,Budi Gunawan,614616******,1991-02-18,Male,Jl. Diponegoro No. 97,Bekasi,086730234888,,2021-01-17,BPJS
PAT01663,Yuli Hidayat,763626******,1981-03-20,Female,Jl. Merdeka No. 213,Jakarta,085607978225,B,2023-02-17,BPJS
PAT01664,Diah Permana,236323******,1985-02-03,Female,Jl. Melati No. 48,Bandung,085749236808,AB,2022-01-12,BPJS
PAT01665,Satria Wijaya,758229******,1966-10-04,Male,Jl. Asia Afrika No. 170,Bogor,081641889887,B,2022-09-23,BPJS
PAT01666,Doni Kusuma,173131******,1951-05-15,Male,Jl. Sudirman No. 189,Purwakarta,083453790761,O,2021-04-06,Mandiri
PAT01667,Rendra Nugroho,105891******,2007-03-02,Male,Jl. Veteran No. 196,Bogor,082087815852,A,2021-11-07,Umum
PAT01668,Ratna Saputra,502680******,1985-03-22,Female,Jl. Hayam Wuruk No. 114,Tangerang,084412687865,A,2022-07-31,BPJS
PAT01669,Ulfa Suryadi,578715******,1979-12-22,Female,Jl. Asia Afrika No. 194,Jakarta,087232631533,B,2021-06-29,BPJS
PAT01670,Putri Pranata,872744******,2003-04-03,Female,Jl. Cendana No. 198,Jakarta,082338676330,O,2021-04-06,BPJS
PAT01671,Adi Nugroho,539437******,2010-03-15,Male,Jl. Diponegoro No. 206,Sukabumi,084424547133,B,2023-07-27,BPJS
PAT01672,Arif Halim,645952******,1966-09-26,Male,Jl. Mawar No. 20,Depok,089695866130,B,2021-01-03,BPJS
PAT01673,Indra Kusuma,195246******,1980-11-19,Male,Jl. Diponegoro No. 216,Bogor,081026281791,B,2023-06-03,BPJS
PAT01674,Vera Hidayat,203782******,2008-01-19,Female,Jl. Kebon Jeruk No. 204,Tangerang,,,2021-12-17,Umum
PAT01675,Rina Halim,649907******,2020-06-27,Female,Jl. Cempaka No. 32,Depok,089608299530,AB,2024-03-04,BPJS
PAT01676,Fitri Mahendra,211585******,2019-05-02,Female,Jl. Cempaka No. 29,Tangerang,082874884099,AB,2022-11-12,BPJS
PAT01677,Qadir Susanto,185514******,2015-07-10,Male,Jl. Anggrek No. 151,Cirebon,089473163280,B,2021-07-12,BPJS
PAT01678,Bunga Susanto,641866******,1953-12-27,Female,Jl. Sudirman No. 182,Depok,088615520791,,2022-04-30,BPJS
PAT01679,Krisna Susanto,902777******,2012-09-28,Male,Jl. Ahmad Yani No. 155,Tangerang,089878422143,,2023-02-08,Mandiri
PAT01680,Pipit Hartono,633222******,2002-03-16,Female,Jl. Diponegoro No. 123,Depok,086480854908,AB,2021-04-20,BPJS
PAT01681,Tiara Kusuma,638877******,1962-05-23,Female,Jl. Jati No. 44,Bogor,081697990504,A,2021-12-30,BPJS
PAT01682,Mira Setiawan,744918******,1976-06-04,Female,Jl. Pahlawan No. 138,Jakarta,081981994732,B,2021-05-02,BPJS
PAT01683,Tika Saputra,390900******,1975-01-03,Female,Jl. Mawar No. 125,Sukabumi,083812489271,B,2023-12-11,Mandiri
PAT01684,Ratna Saputra,541933******,1982-04-16,Female,Jl. Kebon Jeruk No. 148,Karawang,084051746858,,2021-01-21,BPJS
PAT01685,Ulfa Hartono,871457******,2006-04-12,Female,Jl. Merdeka No. 189,Bekasi,081547954839,,2022-03-02,BPJS
PAT01686,Maya Permana,849096******,2012-06-06,Female,Jl. Hayam Wuruk No. 39,Depok,084660924085,B,2023-06-18,BPJS
PAT01687,Intan Halim,991799******,1961-05-30,Female,Jl. Gatot Subroto No. 179,Bogor,086341647646,,2022-02-02,Perusahaan
PAT01688,Surya Hartono,627788******,1958-05-24,Male,Jl. Anggrek No. 107,Jakarta,084806783637,O,2022-06-04,BPJS
PAT01689,Faris Setiawan,103026******,2011-03-15,Male,Jl. Sudirman No. 212,Tangerang,088851959614,O,2023-07-31,BPJS
PAT01690,Aulia Gunawan,712957******,1958-08-11,Female,Jl. Veteran No. 157,Depok,081963124765,A,2021-02-16,Perusahaan
PAT01691,Wisnu Hidayat,727273******,1958-01-16,Male,Jl. Thamrin No. 107,Jakarta,087312212321,O,2024-05-30,BPJS
PAT01692,Surya Hidayat,710313******,2017-03-15,Male,Jl. Cempaka No. 245,Bogor,081937032010,,2021-03-01,BPJS
PAT01693,Galih Nugroho,983054******,2016-07-22,Male,Jl. Mawar No. 139,Bandung,089877185576,O,2023-03-14,Mandiri
PAT01694,Putri Hartono,695055******,1957-04-13,Female,Jl. Ahmad Yani No. 206,Bandung,085032484588,O,2023-09-25,BPJS
PAT01695,Sari Lesmana,158591******,1982-12-01,Female,Jl. Veteran No. 104,Bogor,089095146189,O,2023-03-17,Mandiri
PAT01696,Gita Wijaya,501777******,1970-12-25,Female,Jl. Mangga No. 180,Bogor,084993724986,A,2024-03-14,BPJS
PAT01697,Jihan Gunawan,479637******,1982-06-13,Female,Jl. Melati No. 16,Bekasi,,AB,2022-06-06,Umum
PAT01698,Yanti Wijaya,562396******,1988-09-16,Female,Jl. Ahmad Yani No. 101,Bandung,088236409212,B,2022-04-06,BPJS
PAT01699,Nia Mahendra,460489******,1950-10-07,Female,Jl. Kebon Jeruk No. 78,Bekasi,082618896959,O,2022-01-24,BPJS
PAT01700,Wulan Hidayat,504058******,1962-01-31,Female,Jl. Gatot Subroto No. 112,Jakarta,085674898592,B,2022-06-08,BPJS
PAT01701,Yuli Mahendra,797790******,1962-05-01,Female,Jl. Anggrek No. 236,Karawang,086671768073,B,2021-07-27,BPJS
PAT01702,Ulfa Lesmana,991447******,1996-01-17,Female,Jl. Sudirman No. 163,Bogor,083652998107,O,2021-10-30,Mandiri
PAT01703,Ririn Nugroho,859541******,1977-11-30,Female,Jl. Thamrin No. 233,Serang,086928198448,,2022-03-28,Mandiri
PAT01704,Dimas Susanto,455294******,1971-06-25,Male,Jl. Pahlawan No. 228,Depok,085114561216,AB,2021-04-28,BPJS
PAT01705,Amelia Susanto,347306******,1970-03-06,Female,Jl. Mawar No. 63,Jakarta,085076934128,,2021-03-13,Mandiri
PAT01706,Iqbal Saputra,182507******,2013-05-17,Male,Jl. Kenanga No. 214,Bekasi,087567013597,O,2021-02-27,BPJS
PAT01707,Amelia Permana,487758******,1991-11-21,Female,Jl. Mangga No. 200,Depok,086448436558,AB,2023-07-18,BPJS
PAT01708,Faris Pranata,846697******,2014-08-24,Male,Jl. Mawar No. 205,Karawang,086151247753,B,2023-06-14,Perusahaan
PAT01709,Arif Pranata,595125******,1974-04-20,Male,Jl. Mangga No. 101,Tangerang,087454432847,,2021-05-11,Mandiri
PAT01710,Erika Setiawan,393975******,1961-05-07,Female,Jl. Diponegoro No. 21,Bekasi,086769247261,AB,2021-02-15,BPJS
PAT01711,Pandu Pratama,700505******,1979-10-16,Male,Jl. Kebon Jeruk No. 237,Tangerang,082467549493,,2023-03-29,Mandiri
PAT01712,Pipit Hartono,438791******,2020-07-24,Female,Jl. Kenanga No. 241,Purwakarta,087767651174,O,2022-09-11,BPJS
PAT01713,Farah Hidayat,218323******,1971-06-28,Female,Jl. Pinus No. 4,Bandung,082186200767,,2022-05-06,BPJS
PAT01714,Amelia Pranata,224427******,1973-11-02,Female,Jl. Mangga No. 47,Bogor,088789514745,A,2022-06-27,BPJS
PAT01715,Wisnu Susanto,711866******,1967-07-14,Male,Jl. Diponegoro No. 64,Depok,089336353877,A,2022-09-09,BPJS
PAT01716,Diah Santoso,323861******,2014-06-14,Female,Jl. Sudirman No. 208,Tangerang,082772315019,O,2022-04-08,Mandiri
PAT01717,Yusuf Pratama,131444******,1997-12-03,Male,Jl. Gatot Subroto No. 166,Bekasi,081717311953,A,2021-06-12,Mandiri
PAT01718,Amelia Susanto,568329******,1958-04-16,Female,Jl. Veteran No. 235,Jakarta,086501214550,B,2022-03-05,BPJS
PAT01719,Arif Permana,875028******,1965-10-23,Male,Jl. Cempaka No. 111,Jakarta,088720248706,AB,2022-07-01,BPJS
PAT01720,Ulfa Wibowo,150970******,1960-02-02,Female,Jl. Ahmad Yani No. 128,Cilegon,089698662000,O,2022-12-01,BPJS
PAT01721,Eko Nugroho,566311******,1991-07-10,Male,Jl. Pahlawan No. 116,Bekasi,087774472176,O,2022-10-26,BPJS
PAT01722,Devi Setiawan,304450******,1991-12-28,Female,Jl. Gatot Subroto No. 1,Jakarta,089855988072,A,2023-01-02,Perusahaan
PAT01723,Nadia Anggara,663095******,1955-08-23,Female,Jl. Kenanga No. 7,Serang,085226606549,A,2021-02-21,Perusahaan
PAT01724,Nadia Wibowo,997932******,2011-03-23,Female,Jl. Pahlawan No. 46,Sukabumi,,A,2022-09-26,BPJS
PAT01725,Anggi Suryadi,585610******,2009-06-11,Female,Jl. Ahmad Yani No. 217,Jakarta,085809998704,A,2024-05-22,Umum
PAT01726,Yanti Nugroho,701530******,2012-02-10,Female,Jl. Gatot Subroto No. 203,Depok,083981256048,O,2021-12-03,BPJS
PAT01727,Indah Setiawan,227531******,1967-10-10,Female,Jl. Kebon Jeruk No. 97,Bekasi,086780438503,B,2023-11-28,Umum
PAT01728,Faris Hidayat,855861******,1952-05-27,Male,Jl. Diponegoro No. 154,Bogor,,O,2022-05-20,BPJS
PAT01729,Aulia Hartono,854069******,1983-07-06,Female,Jl. Kebon Jeruk No. 248,Tangerang,082007733711,B,2021-11-05,Mandiri
PAT01730,Ririn Anggara,337858******,2012-09-27,Female,Jl. Ahmad Yani No. 158,Tangerang,081748640005,AB,2023-01-15,BPJS
PAT01731,Krisna Nugroho,919838******,1981-10-06,Male,Jl. Pahlawan No. 58,Bogor,086268366551,,2023-05-25,Umum
PAT01732,Faisal Lesmana,467010******,1953-02-12,Male,Jl. Mangga No. 121,Depok,089800194427,O,2021-04-04,Mandiri
PAT01733,Naufal Hidayat,507990******,2004-06-20,Male,Jl. Gatot Subroto No. 128,Depok,084465719841,B,2023-02-20,Umum
PAT01734,Surya Kusuma,114847******,1994-01-31,Male,Jl. Pahlawan No. 32,Bandung,082702635521,AB,2024-02-08,BPJS
PAT01735,Adi Susanto,810694******,2000-04-05,Male,Jl. Diponegoro No. 162,Jakarta,084032620502,O,2023-06-10,BPJS
PAT01736,Galih Susanto,370816******,2019-12-02,Male,Jl. Jati No. 104,Depok,086155266924,O,2022-06-22,BPJS
PAT01737,Bambang Hartono,320012******,1969-06-10,Male,Jl. Pahlawan No. 177,Depok,089662465105,A,2024-05-29,Mandiri
PAT01738,Wahyu Permana,261447******,1981-01-19,Male,Jl. Asia Afrika No. 144,Tangerang,081790842759,AB,2023-04-10,Mandiri
PAT01739,Maya Gunawan,291931******,2005-06-09,Female,Jl. Ahmad Yani No. 87,Jakarta,082673367915,O,2022-05-17,Mandiri
PAT01740,Rina Kusuma,657394******,1954-12-22,Female,Jl. Mangga No. 70,Bogor,087407130437,,2021-08-03,Mandiri
PAT01741,Iqbal Pratama,609153******,2010-01-07,Male,Jl. Hayam Wuruk No. 81,Jakarta,089374232317,A,2024-02-25,BPJS
PAT01742,Bayu Hartono,114210******,2009-03-18,Male,Jl. Hayam Wuruk No. 19,Jakarta,088622572038,B,2023-04-02,BPJS
PAT01743,Tiara Wijaya,633429******,2020-05-20,Female,Jl. Mangga No. 74,Jakarta,086864241036,A,2022-10-05,BPJS
PAT01744,Linda Wibowo,147220******,1982-06-08,Female,Jl. Mawar No. 82,Bandung,083442449010,B,2021-05-18,BPJS
PAT01745,Arif Saputra,548915******,2014-08-18,Male,Jl. Thamrin No. 69,Bandung,089922765202,AB,2022-11-07,BPJS
PAT01746,Hari Permana,117728******,2001-02-05,Male,Jl. Thamrin No. 239,Depok,085229537468,AB,2023-07-13,BPJS
PAT01747,Mira Wibowo,475130******,1966-08-02,Female,Jl. Jati No. 16,Depok,084450697526,B,2021-02-07,Mandiri
PAT01748,Tika Hidayat,555707******,1964-03-15,Female,Jl. Merdeka No. 171,Tangerang,089895395442,O,2021-07-16,BPJS
PAT01749,Wulan Saputra,256941******,1977-08-02,Female,Jl. Ahmad Yani No. 19,Bandung,083454890016,O,2023-04-07,BPJS
PAT01750,Gita Susanto,694049******,2008-01-26,Female,Jl. Mangga No. 117,Jakarta,089745995146,O,2022-03-18,Mandiri
PAT01751,Rina Hidayat,547073******,1994-01-04,Female,Jl. Jati No. 229,Jakarta,081993529899,B,2021-09-28,BPJS
PAT01752,Farah Gunawan,807736******,2018-08-07,Female,Jl. Pinus No. 8,Tangerang,089414458664,O,2024-01-21,BPJS
PAT01753,Galuh Halim,348755******,2007-03-09,Male,Jl. Ahmad Yani No. 240,Jakarta,082326145831,,2021-08-25,BPJS
PAT01754,Pipit Saputra,760566******,2019-01-29,Female,Jl. Anggrek No. 98,Depok,082326142867,A,2023-11-16,Umum
PAT01755,Ulfa Pranata,767873******,1980-01-17,Female,Jl. Hayam Wuruk No. 47,Jakarta,081535536103,,2021-04-04,Perusahaan
PAT01756,Hendra Kusuma,714563******,1956-03-19,Male,Jl. Merdeka No. 91,Bogor,088621830672,O,2023-02-14,BPJS
PAT01757,Linda Santoso,690390******,2007-06-05,Female,Jl. Melati No. 117,Bandung,083061317781,A,2021-01-03,Perusahaan
PAT01758,Bambang Mahendra,688526******,1991-08-27,Male,Jl. Melati No. 102,Jakarta,087164388038,O,2022-09-02,BPJS
PAT01759,Nia Anggara,721895******,1990-05-21,Female,Jl. Melati No. 237,Depok,085677334850,B,2023-03-01,Mandiri
PAT01760,Aulia Mahendra,824174******,1953-01-11,Female,Jl. Anggrek No. 66,Depok,081141846670,O,2022-05-16,BPJS
PAT01761,Aulia Suryadi,832987******,1969-10-16,Female,Jl. Ahmad Yani No. 121,Cirebon,089751575923,O,2022-07-12,BPJS
PAT01762,Nia Mahendra,746403******,1966-09-24,Female,Jl. Pinus No. 247,Bandung,082895710214,A,2024-03-04,BPJS
PAT01763,Salma Halim,244025******,2001-01-28,Female,Jl. Mangga No. 179,Serang,086251628992,,2022-02-26,Mandiri
PAT01764,Hadi Halim,722397******,1991-10-21,Male,Jl. Merdeka No. 185,Bandung,086064824125,AB,2021-08-14,BPJS
PAT01765,Putri Lesmana,268927******,1991-07-05,Female,Jl. Ahmad Yani No. 106,Tangerang,087127056267,B,2021-06-10,Mandiri
PAT01766,Diah Wardana,404066******,1997-01-21,Female,Jl. Veteran No. 159,Bandung,088573962964,O,2022-12-16,BPJS
PAT01767,Wahyu Mahendra,789395******,1988-12-28,Male,Jl. Melati No. 64,Depok,089471284586,AB,2022-08-22,BPJS
PAT01768,Sinta Santoso,843478******,1973-02-03,Female,Jl. Thamrin No. 202,Bandung,085815999549,B,2024-05-29,BPJS
PAT01769,Mega Permana,389184******,2001-11-19,Female,Jl. Melati No. 116,Jakarta,,B,2024-03-23,BPJS
PAT01770,Linda Mahendra,376608******,1951-07-17,Female,Jl. Veteran No. 135,Jakarta,081735888343,B,2021-04-08,BPJS
PAT01771,Olivia Suryadi,624816******,1987-09-10,Female,Jl. Kebon Jeruk No. 33,Tangerang,088400014051,B,2024-03-24,Umum
PAT01772,Yoga Susanto,773757******,2019-02-16,Male,Jl. Cempaka No. 226,Jakarta,089305425360,A,2022-05-26,Perusahaan
PAT01773,Putri Kusuma,108363******,2018-03-16,Female,Jl. Pinus No. 147,Bandung,081554432010,B,2021-08-24,Perusahaan
PAT01774,Hesti Wijaya,602194******,1979-04-28,Female,Jl. Cempaka No. 78,Bandung,082493564807,AB,2023-04-26,Mandiri
PAT01775,Arif Suryadi,595575******,2002-07-16,Male,Jl. Pahlawan No. 34,Jakarta,081160169467,A,2021-03-29,Mandiri
PAT01776,Yanti Permana,694212******,1988-10-31,Female,Jl. Melati No. 218,Indramayu,081275257124,B,2024-03-06,Mandiri
PAT01777,Hadi Pratama,248305******,2016-02-23,Male,Jl. Kenanga No. 224,Indramayu,081457998503,,2021-08-24,Perusahaan
PAT01778,Reza Anggara,449509******,1985-04-20,Male,Jl. Kenanga No. 222,Jakarta,087850067386,,2022-01-25,BPJS
PAT01779,Doni Pranata,453770******,2006-05-05,Male,Jl. Jati No. 174,Bandung,085139671436,O,2021-06-11,BPJS
PAT01780,Nia Wardana,329009******,1956-03-03,Female,Jl. Kenanga No. 67,Bekasi,087668153510,B,2022-06-16,BPJS
PAT01781,Vera Suryadi,515811******,1984-10-19,Female,Jl. Thamrin No. 57,Indramayu,081311294850,AB,2021-04-09,BPJS
PAT01782,Reza Santoso,292484******,1967-02-03,Male,Jl. Cendana No. 213,Bekasi,081582963923,,2022-05-25,Perusahaan
PAT01783,Citra Santoso,579743******,1976-04-06,Female,Jl. Mawar No. 47,Bandung,082746236935,A,2021-02-08,BPJS
PAT01784,Yanti Nugroho,795505******,1990-06-10,Female,Jl. Asia Afrika No. 183,Depok,088121196375,A,2021-03-08,BPJS
PAT01785,Mira Suryadi,845281******,2013-07-03,Female,Jl. Pahlawan No. 230,Jakarta,086500048261,A,2021-11-10,BPJS
PAT01786,Salma Saputra,778044******,2009-06-14,Female,Jl. Jati No. 249,Bogor,082228559826,O,2022-06-24,BPJS
PAT01787,Citra Wijaya,416772******,1968-08-24,Female,Jl. Anggrek No. 216,Indramayu,081251020894,B,2024-01-04,BPJS
PAT01788,Amelia Wijaya,271305******,1964-07-13,Female,Jl. Veteran No. 209,Bogor,086498979427,O,2022-11-24,BPJS
PAT01789,Anggi Anggara,888116******,1980-03-19,Female,Jl. Diponegoro No. 187,Jakarta,081854571069,,2021-10-01,BPJS
PAT01790,Oki Hartono,753900******,1970-12-22,Male,Jl. Pahlawan No. 3,Depok,081069757657,AB,2023-04-02,Perusahaan
PAT01791,Nia Kusuma,325995******,1968-05-04,Female,Jl. Merdeka No. 225,Serang,081986647743,B,2022-02-09,Mandiri
PAT01792,Galih Mahendra,591201******,1989-07-24,Male,Jl. Gatot Subroto No. 18,Cirebon,087254736171,A,2023-06-16,BPJS
PAT01793,Erika Hartono,913596******,1992-12-01,Female,Jl. Kebon Jeruk No. 157,Bandung,088790343565,B,2021-04-27,BPJS
PAT01794,Anggi Permana,772928******,1983-03-19,Female,Jl. Sudirman No. 54,Depok,084880552427,B,2024-04-06,Mandiri
PAT01795,Mira Permana,955705******,1993-09-30,Female,Jl. Hayam Wuruk No. 44,Depok,081124740399,AB,2021-09-27,Perusahaan
PAT01796,Surya Hartono,666423******,1976-07-22,Male,Jl. Thamrin No. 118,Jakarta,081070375283,O,2021-11-30,BPJS
PAT01797,Hendra Hartono,406891******,1954-09-04,Male,Jl. Kenanga No. 226,Jakarta,085546178608,O,2022-06-15,Mandiri
PAT01798,Yoga Susanto,585039******,2015-06-18,Male,Jl. Gatot Subroto No. 199,Tangerang,087421801785,AB,2023-04-28,Perusahaan
PAT01799,Fitri Wardana,924872******,2003-11-23,Female,Jl. Diponegoro No. 240,Jakarta,089270643759,A,2023-03-03,BPJS
PAT01800,Arif Susanto,338435******,1998-02-28,Male,Jl. Pinus No. 224,Bekasi,088205401456,B,2022-11-27,BPJS
PAT01801,Naufal Saputra,288616******,1963-12-16,Male,Jl. Kebon Jeruk No. 82,Bekasi,086769180930,O,2023-12-30,Mandiri
PAT01802,Eka Permana,631767******,2015-01-07,Female,Jl. Pahlawan No. 190,Cilegon,085067996808,,2023-09-22,BPJS
PAT01803,Mega Setiawan,573295******,2001-06-11,Female,Jl. Thamrin No. 197,Karawang,084412047285,A,2021-09-24,BPJS
PAT01804,Faisal Saputra,149436******,1960-09-11,Male,Jl. Pinus No. 136,Jakarta,081180232446,AB,2024-02-07,BPJS
PAT01805,Galuh Wardana,152425******,2010-01-27,Male,Jl. Thamrin No. 235,Bekasi,088835648861,AB,2021-03-15,BPJS
PAT01806,Ririn Nugroho,727325******,1963-07-21,Female,Jl. Gatot Subroto No. 91,Jakarta,082524540068,AB,2021-08-13,BPJS
PAT01807,Intan Kusuma,281050******,1965-09-29,Female,Jl. Jati No. 37,Bogor,089355199361,AB,2022-05-27,Umum
PAT01808,Sinta Susanto,576476******,1966-04-23,Female,Jl. Merdeka No. 42,Indramayu,082242368174,B,2021-08-20,BPJS
PAT01809,Dedi Hidayat,495191******,2010-12-05,Male,Jl. Mawar No. 83,Jakarta,088069726553,,2022-01-29,BPJS
PAT01810,Citra Pratama,825987******,1998-05-29,Female,Jl. Ahmad Yani No. 210,Cilegon,086540064497,AB,2023-06-26,BPJS
PAT01811,Andi Santoso,626598******,1996-07-10,Male,Jl. Cempaka No. 128,Bekasi,089256853995,A,2022-07-09,BPJS
PAT01812,Jaya Pratama,943515******,1964-11-29,Male,Jl. Kenanga No. 3,Tangerang,082500493518,AB,2022-01-24,Mandiri
PAT01813,Ulfa Anggara,620969******,1973-02-02,Female,Jl. Diponegoro No. 160,Bogor,087001190085,B,2021-11-24,BPJS
PAT01814,Taufik Suryadi,534230******,1970-12-02,Male,Jl. Diponegoro No. 69,Bekasi,087433895940,AB,2021-12-16,BPJS
PAT01815,Putri Halim,694792******,1963-10-13,Female,Jl. Cendana No. 5,Tangerang,087010237528,A,2021-10-18,Mandiri
PAT01816,Taufik Hartono,129126******,2008-09-07,Male,Jl. Asia Afrika No. 95,Bandung,081677178553,AB,2021-08-28,Mandiri
PAT01817,Rina Suryadi,905940******,1986-10-30,Female,Jl. Sudirman No. 56,Jakarta,086659676478,O,2022-04-22,Umum
PAT01818,Erika Nugroho,585776******,2009-12-18,Female,Jl. Pahlawan No. 185,Depok,,O,2021-12-19,Perusahaan
PAT01819,Umar Santoso,796338******,2018-07-15,Male,Jl. Diponegoro No. 245,Bogor,085478557378,O,2021-06-05,BPJS
PAT01820,Doni Permana,753789******,1996-02-23,Male,Jl. Veteran No. 7,Jakarta,082458753174,B,2022-02-24,BPJS
PAT01821,Fitri Nugroho,786504******,1998-04-18,Female,Jl. Sudirman No. 195,Bandung,085482268218,B,2021-11-18,BPJS
PAT01822,Rizki Saputra,285367******,1963-08-16,Male,Jl. Diponegoro No. 25,Depok,084359141052,,2023-02-02,BPJS
PAT01823,Eka Lesmana,794939******,1960-02-09,Female,Jl. Kenanga No. 183,Jakarta,083312094332,,2023-06-11,Mandiri
PAT01824,Pandu Mahendra,661811******,1994-10-24,Male,Jl. Melati No. 103,Jakarta,084838109500,,2021-08-01,Perusahaan
PAT01825,Olivia Kusuma,656624******,1979-04-24,Female,Jl. Veteran No. 68,Depok,083307401327,O,2022-09-26,BPJS
PAT01826,Agus Hartono,977838******,2010-06-11,Male,Jl. Sudirman No. 1,Bandung,088707801854,B,2024-03-13,BPJS
PAT01827,Naufal Wibowo,563726******,2007-04-07,Male,Jl. Jati No. 135,Tangerang,,B,2022-10-05,BPJS
PAT01828,Kartika Suryadi,913630******,2016-02-05,Female,Jl. Mangga No. 246,Bekasi,088034322712,AB,2023-03-29,BPJS
PAT01829,Agus Kusuma,724734******,1989-01-21,Male,Jl. Pahlawan No. 186,Jakarta,086230031188,B,2021-08-17,BPJS
PAT01830,Umar Hartono,849584******,1989-02-15,Male,Jl. Pahlawan No. 208,Jakarta,081768995333,B,2022-01-10,Umum
PAT01831,Dewi Santoso,823703******,1955-09-27,Female,Jl. Melati No. 12,Karawang,085177200371,AB,2023-09-22,BPJS
PAT01832,Jihan Pranata,910009******,2012-10-20,Female,Jl. Gatot Subroto No. 222,Depok,085681718803,O,2021-11-11,BPJS
PAT01833,Devi Pranata,739013******,2003-04-19,Female,Jl. Mawar No. 157,Tangerang,083262786139,B,2023-11-19,Perusahaan
PAT01834,Vera Setiawan,216280******,2015-12-22,Female,Jl. Merdeka No. 141,Tangerang,081244869229,O,2023-05-15,Umum
PAT01835,Galuh Pratama,873325******,2011-09-28,Male,Jl. Diponegoro No. 191,Depok,,A,2021-05-08,BPJS
PAT01836,Sari Halim,306263******,2017-02-08,Female,Jl. Veteran No. 42,Serang,082445946088,O,2022-01-22,BPJS
PAT01837,Fitri Pratama,437395******,2006-09-07,Female,Jl. Anggrek No. 12,Bekasi,084477261834,AB,2022-05-16,BPJS
PAT01838,Oki Nugroho,676542******,2013-09-05,Male,Jl. Kenanga No. 1,Bogor,081268211135,O,2023-03-27,Perusahaan
PAT01839,Lina Mahendra,271981******,1991-01-13,Female,Jl. Cendana No. 194,Jakarta,085009619919,B,2021-12-30,BPJS
PAT01840,Qadir Setiawan,625967******,2004-09-03,Male,Jl. Mangga No. 229,Depok,081875514632,O,2023-04-15,Perusahaan
PAT01841,Faisal Lesmana,452554******,2006-12-20,Male,Jl. Veteran No. 30,Bogor,088593345998,,2021-12-29,BPJS
PAT01842,Faris Anggara,209843******,1972-03-26,Male,Jl. Veteran No. 112,Jakarta,084337067131,,2021-01-02,BPJS
PAT01843,Rina Setiawan,262584******,2009-07-22,Female,Jl. Diponegoro No. 130,Bekasi,083614663568,A,2024-01-13,BPJS
PAT01844,Naufal Nugroho,466296******,1966-10-06,Male,Jl. Kebon Jeruk No. 119,Depok,089861808974,O,2022-10-29,Mandiri
PAT01845,Andi Gunawan,605705******,1994-03-25,Male,Jl. Gatot Subroto No. 99,Depok,083794488784,O,2023-01-29,Mandiri
PAT01846,Olivia Hidayat,106578******,2006-12-14,Female,Jl. Veteran No. 231,Jakarta,083244750381,AB,2022-05-22,Umum
PAT01847,Rina Wardana,233625******,1991-11-27,Female,Jl. Pinus No. 156,Bekasi,089403200099,A,2023-08-02,BPJS
PAT01848,Naufal Kusuma,469458******,2003-03-29,Male,Jl. Asia Afrika No. 108,Bandung,083762744182,AB,2022-12-18,Perusahaan
PAT01849,Yoga Wibowo,286851******,2015-11-21,Male,Jl. Merdeka No. 173,Jakarta,086973394281,,2023-01-25,BPJS
PAT01850,Faris Susanto,503148******,2018-07-08,Male,Jl. Kebon Jeruk No. 44,Sukabumi,089031063171,A,2021-10-11,Mandiri
PAT01851,Diah Anggara,314056******,1977-08-21,Female,Jl. Cempaka No. 158,Jakarta,085992932347,AB,2022-04-03,BPJS
PAT01852,Taufik Permana,803764******,1989-01-15,Male,Jl. Merdeka No. 161,Depok,088576306314,AB,2021-10-07,Umum
PAT01853,Olivia Wardana,123566******,1989-12-05,Female,Jl. Jati No. 69,Jakarta,087946433358,O,2024-04-23,Mandiri
PAT01854,Agus Saputra,901604******,1989-04-14,Male,Jl. Kebon Jeruk No. 147,Cirebon,086997308841,A,2024-02-26,Mandiri
PAT01855,Sari Susanto,919825******,2003-05-29,Female,Jl. Melati No. 118,Jakarta,087433992106,AB,2024-03-15,Mandiri
PAT01856,Wahyu Gunawan,389196******,1956-10-02,Male,Jl. Cempaka No. 245,Bogor,082298235387,O,2023-08-05,BPJS
PAT01857,Mega Santoso,979645******,1991-02-13,Female,Jl. Anggrek No. 133,Depok,086180838159,A,2023-02-19,BPJS
PAT01858,Wahyu Pranata,659629******,1952-07-05,Male,Jl. Melati No. 68,Bekasi,082357369016,B,2023-11-21,BPJS
PAT01859,Faris Pratama,442535******,1965-05-02,Male,Jl. Sudirman No. 31,Bandung,085999455318,,2021-10-13,BPJS
PAT01860,Jaya Wijaya,515978******,1985-11-27,Male,Jl. Veteran No. 75,Bogor,081262880146,B,2022-07-09,Perusahaan
PAT01861,Lina Permana,475987******,1996-08-29,Female,Jl. Hayam Wuruk No. 27,Jakarta,089592274341,B,2021-03-26,BPJS
PAT01862,Doni Wibowo,419942******,2009-10-26,Male,Jl. Veteran No. 209,Bekasi,083366807148,O,2022-06-21,Umum
PAT01863,Fitri Susanto,464519******,1987-04-28,Female,Jl. Hayam Wuruk No. 222,Bogor,081062572910,O,2023-01-29,BPJS
PAT01864,Budi Wijaya,100662******,1969-02-04,Male,Jl. Kenanga No. 12,Bandung,088388219280,O,2021-07-28,BPJS
PAT01865,Olivia Wardana,473178******,2007-11-14,Female,Jl. Merdeka No. 53,Bekasi,089376541581,O,2022-08-23,BPJS
PAT01866,Fitri Susanto,373740******,2018-11-01,Female,Jl. Ahmad Yani No. 145,Depok,088840325471,AB,2023-06-04,BPJS
PAT01867,Farah Pranata,154301******,1995-02-04,Female,Jl. Jati No. 195,Bogor,084918153484,A,2023-12-24,BPJS
PAT01868,Hesti Hidayat,534577******,2007-08-31,Female,Jl. Sudirman No. 206,Bekasi,081134131854,B,2023-05-26,BPJS
PAT01869,Amelia Kusuma,149917******,1970-09-19,Female,Jl. Melati No. 70,Karawang,089456485428,B,2024-05-16,BPJS
PAT01870,Pipit Wijaya,512504******,1993-06-02,Female,Jl. Anggrek No. 71,Tangerang,089395338827,O,2023-02-06,BPJS
PAT01871,Putri Santoso,140495******,1983-11-24,Female,Jl. Pahlawan No. 37,Jakarta,085796744687,AB,2024-05-08,Perusahaan
PAT01872,Hari Wibowo,243578******,1978-04-19,Male,Jl. Cendana No. 239,Depok,084299043428,B,2022-01-06,BPJS
PAT01873,Ratna Wardana,108298******,1979-10-07,Female,Jl. Ahmad Yani No. 61,Depok,086561532605,,2021-03-02,BPJS
PAT01874,Galih Wibowo,422230******,1993-02-05,Male,Jl. Mangga No. 231,Depok,088668523948,AB,2024-05-08,BPJS
PAT01875,Adi Wardana,558304******,1979-04-09,Male,Jl. Gatot Subroto No. 44,Cirebon,084512343329,B,2022-10-03,BPJS
PAT01876,Sari Wibowo,970775******,1957-05-05,Female,Jl. Pahlawan No. 249,Serang,086529640931,AB,2022-03-23,Mandiri
PAT01877,Yusuf Hidayat,835593******,2003-06-19,Male,Jl. Merdeka No. 15,Cirebon,084182666653,O,2021-09-19,BPJS
PAT01878,Yoga Hidayat,195844******,1956-02-06,Male,Jl. Jati No. 238,Depok,089460701413,O,2021-11-18,BPJS
PAT01879,Hari Permana,662111******,2007-08-24,Male,Jl. Hayam Wuruk No. 140,Jakarta,087947047344,AB,2022-10-20,Mandiri
PAT01880,Mira Suryadi,279274******,1966-03-27,Female,Jl. Melati No. 150,Cilegon,088910033335,,2021-10-14,Perusahaan
PAT01881,Bayu Kusuma,525805******,1960-05-17,Male,Jl. Anggrek No. 129,Tangerang,087396295242,A,2023-07-08,BPJS
PAT01882,Rizki Wijaya,452309******,1954-09-08,Male,Jl. Sudirman No. 136,Jakarta,086855212153,A,2022-06-14,BPJS
PAT01883,Indra Anggara,422181******,1974-02-26,Male,Jl. Hayam Wuruk No. 121,Bekasi,088579267656,,2022-03-16,BPJS
PAT01884,Aulia Hartono,412017******,1989-04-30,Female,Jl. Cempaka No. 224,Jakarta,082270436719,O,2021-09-01,Perusahaan
PAT01885,Rendra Pranata,414866******,2013-01-03,Male,Jl. Asia Afrika No. 207,Jakarta,082973375689,AB,2022-08-16,BPJS
PAT01886,Pipit Setiawan,138427******,1979-11-28,Female,Jl. Jati No. 60,Bekasi,081130073823,B,2021-09-13,BPJS
PAT01887,Kartika Setiawan,541749******,1957-06-17,Female,Jl. Thamrin No. 224,Bekasi,083956573197,,2022-05-06,Perusahaan
PAT01888,Wisnu Lesmana,730063******,1966-05-07,Male,Jl. Sudirman No. 110,Tangerang,087498198998,,2023-11-03,BPJS
PAT01889,Lina Hidayat,951532******,1999-12-15,Female,Jl. Kenanga No. 18,Jakarta,084411938731,O,2024-01-18,BPJS
PAT01890,Hesti Setiawan,110111******,1975-08-04,Female,Jl. Veteran No. 212,Jakarta,082867430033,AB,2021-05-09,BPJS
PAT01891,Bayu Hidayat,228164******,1989-12-09,Male,Jl. Melati No. 178,Bandung,087049863894,B,2022-11-02,Mandiri
PAT01892,Sinta Wibowo,951619******,2020-05-11,Female,Jl. Sudirman No. 132,Serang,085756160606,O,2023-09-07,BPJS
PAT01893,Dimas Santoso,392779******,1984-03-24,Male,Jl. Thamrin No. 128,Tangerang,088452716021,O,2023-02-15,BPJS
PAT01894,Putri Pranata,948373******,1985-08-29,Female,Jl. Thamrin No. 151,Depok,089533829140,B,2022-03-06,BPJS
PAT01895,Cindy Hartono,716206******,2004-03-29,Female,Jl. Mawar No. 148,Bogor,089111727831,O,2022-06-21,BPJS
PAT01896,Vina Wijaya,739202******,2002-09-17,Female,Jl. Asia Afrika No. 148,Bogor,084394298135,A,2021-08-18,BPJS
PAT01897,Hadi Susanto,724508******,1999-09-17,Male,Jl. Jati No. 88,Jakarta,089662785391,,2022-04-25,BPJS
PAT01898,Ulfa Suryadi,271678******,1958-07-17,Female,Jl. Thamrin No. 181,Tangerang,087537228950,AB,2021-12-15,Mandiri
PAT01899,Wisnu Santoso,508800******,1974-11-05,Male,Jl. Cempaka No. 189,Purwakarta,088405370349,AB,2023-06-17,Mandiri
PAT01900,Putri Susanto,488953******,2019-07-17,Female,Jl. Jati No. 228,Jakarta,083232950452,A,2024-04-28,Mandiri
PAT01901,Maya Hidayat,250427******,1956-05-30,Female,Jl. Asia Afrika No. 113,Depok,085886208179,B,2024-05-31,Perusahaan
PAT01902,Indra Saputra,584570******,1951-04-17,Male,Jl. Anggrek No. 238,Bogor,087567524269,,2022-06-22,Umum
PAT01903,Doni Kusuma,928278******,1973-11-08,Male,Jl. Ahmad Yani No. 204,Bogor,087122278538,B,2023-12-08,BPJS
PAT01904,Cindy Lesmana,209902******,1957-06-12,Female,Jl. Ahmad Yani No. 47,Jakarta,083741028043,B,2023-12-18,BPJS
PAT01905,Jihan Suryadi,888513******,1988-12-21,Female,Jl. Veteran No. 218,Depok,089941761270,B,2023-10-04,BPJS
PAT01906,Pandu Saputra,388465******,1980-03-12,Male,Jl. Merdeka No. 148,Depok,089687275388,,2024-03-19,BPJS
PAT01907,Vino Hidayat,973877******,1959-06-15,Male,Jl. Pinus No. 114,Bekasi,,A,2023-01-29,BPJS
PAT01908,Bayu Hartono,687489******,1988-02-24,Male,Jl. Cendana No. 237,Bekasi,083513419649,B,2023-02-05,BPJS
PAT01909,Faisal Suryadi,880679******,1995-04-09,Male,Jl. Merdeka No. 138,Bekasi,084216940195,AB,2022-02-04,BPJS
PAT01910,Bambang Gunawan,120945******,2016-12-09,Male,Jl. Gatot Subroto No. 191,Bogor,083510378462,A,2022-05-25,Perusahaan
PAT01911,Pandu Hartono,994258******,2001-06-14,Male,Jl. Melati No. 122,Tangerang,089015008408,AB,2021-09-06,BPJS
PAT01912,Iqbal Mahendra,144315******,2001-06-29,Male,Jl. Cempaka No. 16,Jakarta,081528353758,,2022-08-04,BPJS
PAT01913,Bayu Wijaya,242217******,1976-11-08,Male,Jl. Pinus No. 55,Bekasi,086182239160,A,2022-12-04,BPJS
PAT01914,Oki Wibowo,315630******,1984-01-05,Male,Jl. Mangga No. 194,Jakarta,082889230693,B,2022-12-16,BPJS
PAT01915,Naufal Wardana,520419******,2000-12-27,Male,Jl. Ahmad Yani No. 63,Bekasi,082517110678,A,2021-01-15,BPJS
PAT01916,Vino Suryadi,671004******,1978-11-13,Male,Jl. Cendana No. 250,Bekasi,085683007179,AB,2023-07-12,BPJS
PAT01917,Tiara Nugroho,190123******,2008-05-16,Female,Jl. Mangga No. 86,Depok,088818607239,B,2024-04-12,BPJS
PAT01918,Maulana Pranata,294969******,1982-01-13,Male,Jl. Gatot Subroto No. 89,Bekasi,,A,2023-02-17,BPJS
PAT01919,Eka Nugroho,511972******,2010-11-26,Female,Jl. Sudirman No. 158,Sukabumi,083834784237,B,2023-08-24,Mandiri
PAT01920,Intan Hidayat,579131******,1952-07-12,Female,Jl. Diponegoro No. 219,Jakarta,,O,2023-02-14,BPJS
PAT01921,Galuh Pratama,459782******,1972-05-16,Male,Jl. Diponegoro No. 76,Tangerang,083238708828,,2023-02-13,BPJS
PAT01922,Tika Permana,172024******,2013-03-25,Female,Jl. Cendana No. 175,Jakarta,081328751403,,2021-08-03,Mandiri
PAT01923,Umar Anggara,439035******,2006-12-07,Male,Jl. Ahmad Yani No. 229,Cirebon,086581795719,AB,2021-03-29,Umum
PAT01924,Arif Kusuma,139293******,1966-12-13,Male,Jl. Veteran No. 172,Bogor,083348758451,B,2023-10-02,Mandiri
PAT01925,Reza Pratama,376885******,1962-10-21,Male,Jl. Cendana No. 125,Jakarta,086190599495,B,2023-11-09,BPJS
PAT01926,Fitri Permana,764545******,1973-04-02,Female,Jl. Mawar No. 174,Bekasi,082946855597,B,2024-04-27,Mandiri
PAT01927,Diah Setiawan,122657******,2001-08-13,Female,Jl. Asia Afrika No. 106,Jakarta,084424324949,O,2023-10-12,BPJS
PAT01928,Faris Permana,828941******,2017-11-03,Male,Jl. Kebon Jeruk No. 221,Jakarta,089605369769,B,2021-12-21,BPJS
PAT01929,Jihan Susanto,900620******,1974-12-17,Female,Jl. Kebon Jeruk No. 241,Karawang,087481739217,AB,2022-10-18,BPJS
PAT01930,Aulia Kusuma,997244******,2013-06-03,Female,Jl. Anggrek No. 61,Jakarta,089129327926,B,2023-10-03,BPJS
PAT01931,Ahmad Anggara,378797******,1967-08-20,Male,Jl. Cendana No. 6,Tangerang,085231055228,A,2023-02-25,Umum
PAT01932,Iwan Wijaya,312960******,1977-05-15,Male,Jl. Ahmad Yani No. 243,Jakarta,084870392014,,2023-11-05,BPJS
PAT01933,Intan Setiawan,675014******,1992-02-27,Female,Jl. Kenanga No. 114,Jakarta,082005178800,O,2022-08-05,BPJS
PAT01934,Krisna Anggara,114600******,1972-07-11,Male,Jl. Hayam Wuruk No. 25,Bekasi,084081467801,A,2021-08-19,BPJS
PAT01935,Rendra Setiawan,637553******,2007-02-21,Male,Jl. Cendana No. 224,Karawang,085163217597,,2022-01-17,Perusahaan
PAT01936,Pandu Hartono,515129******,1961-12-15,Male,Jl. Mawar No. 90,Cilegon,084382391143,A,2022-06-21,Mandiri
PAT01937,Rina Hidayat,343944******,1957-08-17,Female,Jl. Sudirman No. 157,Tangerang,086824402929,O,2021-10-02,BPJS
PAT01938,Budi Permana,894780******,1975-01-28,Male,Jl. Merdeka No. 17,Tangerang,089833017283,O,2024-04-26,Mandiri
PAT01939,Iwan Kusuma,692472******,1969-04-19,Male,Jl. Mawar No. 41,Bekasi,084353437923,A,2021-05-02,Umum
PAT01940,Umar Wibowo,849298******,2005-04-11,Male,Jl. Gatot Subroto No. 80,Jakarta,084966818618,B,2022-07-22,BPJS
PAT01941,Pandu Anggara,129529******,2002-09-12,Male,Jl. Veteran No. 187,Jakarta,083038689728,,2023-03-10,BPJS
PAT01942,Tika Pranata,526638******,1968-05-13,Female,Jl. Diponegoro No. 47,Depok,082602857356,O,2022-09-04,Mandiri
PAT01943,Eko Hidayat,403680******,1951-04-04,Male,Jl. Ahmad Yani No. 68,Bandung,086035382469,A,2021-08-09,BPJS
PAT01944,Pandu Wardana,154125******,1953-03-07,Male,Jl. Melati No. 50,Jakarta,082853798776,O,2022-03-17,Perusahaan
PAT01945,Hadi Wibowo,112582******,1963-05-25,Male,Jl. Mangga No. 140,Bekasi,083803744849,A,2021-11-07,Mandiri
PAT01946,Surya Wijaya,723438******,1980-01-28,Male,Jl. Hayam Wuruk No. 200,Bandung,088742054983,B,2021-05-24,Mandiri
PAT01947,Nia Halim,306143******,1986-09-19,Female,Jl. Veteran No. 246,Bekasi,083505651251,A,2022-11-26,BPJS
PAT01948,Gita Wibowo,734299******,1978-01-30,Female,Jl. Sudirman No. 8,Jakarta,085706337930,B,2021-10-07,BPJS
PAT01949,Vina Pranata,112922******,1952-05-01,Female,Jl. Pinus No. 205,Jakarta,,B,2023-08-04,Perusahaan
PAT01950,Faisal Setiawan,889195******,2019-11-11,Male,Jl. Pinus No. 9,Depok,081737296320,A,2021-08-12,Umum
PAT01951,Yuli Susanto,952489******,1984-02-25,Female,Jl. Sudirman No. 145,Jakarta,089914507434,O,2023-10-13,BPJS
PAT01952,Eko Hidayat,225777******,1952-03-28,Male,Jl. Mawar No. 206,Jakarta,088617012756,O,2021-08-18,BPJS
PAT01953,Intan Kusuma,697142******,1964-12-31,Female,Jl. Thamrin No. 141,Tangerang,085321976913,AB,2022-09-20,Mandiri
PAT01954,Iqbal Mahendra,156406******,1962-12-25,Male,Jl. Hayam Wuruk No. 212,Bogor,088557322555,AB,2021-09-27,BPJS
PAT01955,Anggi Halim,251230******,1958-05-01,Female,Jl. Mangga No. 166,Bogor,081066128567,AB,2022-01-06,Umum
PAT01956,Yuli Pranata,382987******,2017-10-06,Female,Jl. Pahlawan No. 22,Bekasi,089663024857,AB,2022-09-17,Perusahaan
PAT01957,Farah Wibowo,289052******,1983-09-20,Female,Jl. Merdeka No. 158,Bandung,086079363850,AB,2022-10-09,BPJS
PAT01958,Fitri Nugroho,236891******,1992-03-12,Female,Jl. Thamrin No. 105,Bogor,088093334663,AB,2024-02-16,BPJS
PAT01959,Andi Hartono,383480******,1980-12-12,Male,Jl. Kenanga No. 212,Bogor,082506483713,O,2021-03-17,BPJS
PAT01960,Wulan Kusuma,211464******,2001-08-01,Female,Jl. Gatot Subroto No. 171,Tangerang,084614617257,B,2023-05-31,BPJS
PAT01961,Lina Gunawan,894241******,2013-01-29,Female,Jl. Kebon Jeruk No. 74,Depok,089095567323,AB,2023-09-08,Umum
PAT01962,Qadir Mahendra,929595******,1996-02-01,Male,Jl. Cendana No. 173,Tangerang,081545038707,O,2023-02-16,BPJS
PAT01963,Maya Pratama,624497******,1997-02-23,Female,Jl. Melati No. 69,Bandung,087254273444,A,2023-11-13,BPJS
PAT01964,Sinta Anggara,960738******,2008-12-22,Female,Jl. Thamrin No. 143,Bandung,085434678290,AB,2024-03-07,BPJS
PAT01965,Bambang Saputra,558419******,1976-12-25,Male,Jl. Sudirman No. 12,Indramayu,086160832745,B,2022-02-09,BPJS
PAT01966,Diah Nugroho,392135******,1998-06-23,Female,Jl. Cempaka No. 69,Depok,087172066739,,2023-07-09,BPJS
PAT01967,Surya Lesmana,265381******,1960-07-09,Male,Jl. Asia Afrika No. 58,Depok,087056842024,AB,2023-06-04,Perusahaan
PAT01968,Anggi Hartono,849119******,1950-11-15,Female,Jl. Thamrin No. 44,Jakarta,085285823626,,2022-02-13,Perusahaan
PAT01969,Intan Hartono,115251******,1982-03-26,Female,Jl. Anggrek No. 232,Depok,,A,2022-03-03,BPJS
PAT01970,Yuli Pratama,163920******,1951-11-07,Female,Jl. Veteran No. 5,Jakarta,087524043085,,2022-05-25,BPJS
PAT01971,Eka Gunawan,575463******,1971-06-20,Female,Jl. Gatot Subroto No. 152,Jakarta,083629320728,A,2023-11-24,BPJS
PAT01972,Oki Pranata,905430******,2019-10-24,Male,Jl. Thamrin No. 146,Sukabumi,085816024490,A,2023-04-12,BPJS
PAT01973,Budi Pratama,707801******,1958-04-14,Male,Jl. Asia Afrika No. 99,Tangerang,083696275651,B,2021-10-12,Mandiri
PAT01974,Zaki Wibowo,311331******,1990-12-23,Male,Jl. Asia Afrika No. 190,Cirebon,085487078719,A,2024-01-15,Mandiri
PAT01975,Vina Santoso,669719******,1957-05-17,Female,Jl. Veteran No. 242,Jakarta,087121433942,AB,2023-03-07,Mandiri
PAT01976,Mega Wijaya,153123******,1952-01-26,Female,Jl. Kebon Jeruk No. 236,Tangerang,087507090175,B,2022-05-26,BPJS
PAT01977,Hari Kusuma,201482******,2014-11-12,Male,Jl. Hayam Wuruk No. 214,Tangerang,089388467387,A,2021-07-16,Perusahaan
PAT01978,Kartika Saputra,433804******,1958-04-18,Female,Jl. Kebon Jeruk No. 170,Tangerang,086407956109,B,2024-03-20,Perusahaan
PAT01979,Yanti Hartono,119053******,1966-12-19,Female,Jl. Mawar No. 163,Jakarta,083854996647,A,2023-01-14,BPJS
PAT01980,Yuli Suryadi,899685******,1971-06-17,Female,Jl. Cendana No. 72,Jakarta,082765728981,O,2022-10-21,Perusahaan
PAT01981,Dedi Pranata,736705******,2003-08-01,Male,Jl. Melati No. 65,Karawang,088318854626,,2023-04-09,BPJS
PAT01982,Erika Anggara,255472******,2014-03-31,Female,Jl. Gatot Subroto No. 14,Bandung,089841448679,B,2022-07-01,BPJS
PAT01983,Salma Pratama,949465******,1962-06-30,Female,Jl. Veteran No. 181,Cilegon,084909493291,B,2021-10-10,BPJS
PAT01984,Salma Nugroho,638274******,1990-01-29,Female,Jl. Melati No. 153,Jakarta,085158155350,B,2023-03-12,BPJS
PAT01985,Nadia Wijaya,656666******,1981-02-06,Female,Jl. Thamrin No. 129,Indramayu,,O,2022-06-21,BPJS
PAT01986,Vera Suryadi,242546******,1991-12-13,Female,Jl. Kenanga No. 59,Jakarta,,B,2023-04-23,Perusahaan
PAT01987,Agus Hidayat,333066******,1980-11-25,Male,Jl. Merdeka No. 117,Karawang,085331136363,A,2021-11-23,BPJS
PAT01988,Umar Kusuma,909070******,2000-03-29,Male,Jl. Pahlawan No. 244,Bekasi,082425995983,A,2023-05-08,BPJS
PAT01989,Rina Hidayat,924497******,2006-08-29,Female,Jl. Anggrek No. 250,Bogor,085371842591,O,2021-08-23,Perusahaan
PAT01990,Indah Wijaya,587219******,2003-12-22,Female,Jl. Hayam Wuruk No. 45,Jakarta,085532828602,O,2023-04-17,BPJS
PAT01991,Dewi Wijaya,189394******,1961-06-19,Female,Jl. Hayam Wuruk No. 144,Jakarta,083243568900,O,2021-06-27,Umum
PAT01992,Andi Saputra,858546******,2016-11-23,Male,Jl. Diponegoro No. 233,Bekasi,,B,2021-09-18,BPJS
PAT01993,Nia Mahendra,171978******,1981-06-23,Female,Jl. Pahlawan No. 23,Karawang,089716056605,AB,2023-12-27,Mandiri
PAT01994,Winda Halim,112088******,1994-08-28,Female,Jl. Cendana No. 189,Cirebon,,O,2022-10-28,BPJS
PAT01995,Adi Permana,427215******,1984-04-03,Male,Jl. Sudirman No. 186,Bandung,087183919686,B,2022-09-07,BPJS
PAT01996,Bunga Pratama,212272******,2005-10-21,Female,Jl. Anggrek No. 23,Tangerang,,B,2021-01-15,BPJS
PAT01997,Amelia Wibowo,854113******,2016-09-14,Female,Jl. Ahmad Yani No. 205,Jakarta,,AB,2023-10-05,BPJS
PAT01998,Eko Permana,346287******,1981-05-17,Male,Jl. Cendana No. 143,Cilegon,085651768066,O,2024-01-01,Mandiri
PAT01999,Putri Hidayat,433290******,2017-11-25,Female,Jl. Pahlawan No. 26,Cirebon,088842825710,B,2023-03-19,BPJS
PAT02000,Indra Pratama,634131******,1985-03-02,Male,Jl. Cendana No. 217,Depok,085853407612,A,2023-06-25,Perusahaan
