item_id,order_id,product_id,quantity,unit_price_idr,subtotal_idr
ITM000001,ORD000001,PRD070,1,349000,349000
ITM000002,ORD000001,PRD001,2,599000,1198000
ITM000003,ORD000001,PRD148,1,449000,449000
ITM000004,ORD000002,PRD086,1,329000,329000
ITM000005,ORD000002,PRD258,1,129000,129000
ITM000006,ORD000002,PRD256,1,49000,49000
ITM000007,ORD000003,PRD076,1,199000,199000
ITM000008,ORD000004,PRD205,1,119000,119000
ITM000009,ORD000005,PRD239,2,179000,358000
ITM000010,ORD000006,PRD170,1,349000,349000
ITM000011,ORD000007,PRD013,1,149000,149000
ITM000012,ORD000007,PRD230,2,129000,258000
ITM000013,ORD000008,PRD281,1,149000,149000
ITM000014,ORD000008,PRD290,3,279000,837000
ITM000015,ORD000009,PRD202,1,249000,249000
ITM000016,ORD000010,PRD034,1,279000,279000
ITM000017,ORD000011,PRD191,3,49000,147000
ITM000018,ORD000011,PRD241,1,79000,79000
ITM000019,ORD000012,PRD126,1,279000,279000
ITM000020,ORD000013,PRD076,1,199000,199000
ITM000021,ORD000014,PRD170,1,349000,349000
ITM000022,ORD000015,PRD061,1,599000,599000
ITM000023,ORD000015,PRD158,3,599000,1797000
ITM000024,ORD000015,PRD121,2,89000,178000
ITM000025,ORD000016,PRD052,1,399000,399000
ITM000026,ORD000016,PRD043,1,149000,149000
ITM000027,ORD000016,PRD005,2,599000,1198000
ITM000028,ORD000017,PRD183,1,119000,119000
ITM000029,ORD000017,PRD293,1,249000,249000
ITM000030,ORD000018,PRD137,1,119000,119000
ITM000031,ORD000019,PRD050,1,89000,89000
ITM000032,ORD000019,PRD255,1,179000,179000
ITM000033,ORD000020,PRD159,1,89000,89000
ITM000034,ORD000020,PRD168,1,79000,79000
ITM000035,ORD000020,PRD108,1,229000,229000
ITM000036,ORD000021,PRD223,1,499000,499000
ITM000037,ORD000021,PRD210,1,249000,249000
ITM000038,ORD000022,PRD034,1,279000,279000
ITM000039,ORD000023,PRD217,3,129000,387000
ITM000040,ORD000023,PRD162,2,119000,238000
ITM000041,ORD000024,PRD123,3,89000,267000
ITM000042,ORD000024,PRD263,2,89000,178000
ITM000043,ORD000024,PRD254,1,299000,299000
ITM000044,ORD000025,PRD257,1,59000,59000
ITM000045,ORD000025,PRD104,1,229000,229000
ITM000046,ORD000026,PRD021,1,549000,549000
ITM000047,ORD000027,PRD214,2,549000,1098000
ITM000048,ORD000028,PRD297,1,349000,349000
ITM000049,ORD000028,PRD131,1,99000,99000
ITM000050,ORD000029,PRD157,1,69000,69000
ITM000051,ORD000029,PRD027,1,229000,229000
ITM000052,ORD000030,PRD220,1,329000,329000
ITM000053,ORD000031,PRD219,1,229000,229000
ITM000054,ORD000032,PRD139,1,599000,599000
ITM000055,ORD000032,PRD092,1,69000,69000
ITM000056,ORD000033,PRD129,1,79000,79000
ITM000057,ORD000034,PRD180,1,279000,279000
ITM000058,ORD000035,PRD035,2,399000,798000
ITM000059,ORD000035,PRD117,2,49000,98000
ITM000060,ORD000036,PRD009,1,499000,499000
ITM000061,ORD000036,PRD191,1,49000,49000
ITM000062,ORD000037,PRD283,1,249000,249000
ITM000063,ORD000038,PRD133,2,399000,798000
ITM000064,ORD000039,PRD146,1,329000,329000
ITM000065,ORD000040,PRD109,1,599000,599000
ITM000066,ORD000041,PRD153,1,179000,179000
ITM000067,ORD000041,PRD283,1,249000,249000
ITM000068,ORD000042,PRD003,1,349000,349000
ITM000069,ORD000042,PRD055,2,129000,258000
ITM000070,ORD000042,PRD245,1,129000,129000
ITM000071,ORD000043,PRD009,1,499000,499000
ITM000072,ORD000043,PRD241,1,79000,79000
ITM000073,ORD000044,PRD199,1,69000,69000
ITM000074,ORD000045,PRD255,1,179000,179000
ITM000075,ORD000046,PRD128,1,279000,279000
ITM000076,ORD000047,PRD055,1,129000,129000
ITM000077,ORD000048,PRD075,1,499000,499000
ITM000078,ORD000048,PRD106,1,99000,99000
ITM000079,ORD000049,PRD031,1,69000,69000
ITM000080,ORD000049,PRD235,1,59000,59000
ITM000081,ORD000050,PRD103,1,499000,499000
ITM000082,ORD000051,PRD261,1,279000,279000
ITM000083,ORD000051,PRD075,1,499000,499000
ITM000084,ORD000051,PRD057,1,299000,299000
ITM000085,ORD000052,PRD272,1,249000,249000
ITM000086,ORD000052,PRD094,3,89000,267000
ITM000087,ORD000053,PRD218,1,199000,199000
ITM000088,ORD000053,PRD129,1,79000,79000
ITM000089,ORD000054,PRD124,1,179000,179000
ITM000090,ORD000055,PRD212,1,499000,499000
ITM000091,ORD000056,PRD210,1,249000,249000
ITM000092,ORD000057,PRD124,1,179000,179000
ITM000093,ORD000057,PRD023,1,149000,149000
ITM000094,ORD000057,PRD244,1,49000,49000
ITM000095,ORD000058,PRD001,1,599000,599000
ITM000096,ORD000058,PRD219,2,229000,458000
ITM000097,ORD000059,PRD120,1,89000,89000
ITM000098,ORD000059,PRD024,1,149000,149000
ITM000099,ORD000060,PRD154,1,119000,119000
ITM000100,ORD000060,PRD222,1,179000,179000
ITM000101,ORD000061,PRD109,1,599000,599000
ITM000102,ORD000061,PRD038,1,299000,299000
ITM000103,ORD000062,PRD232,1,49000,49000
ITM000104,ORD000062,PRD081,1,229000,229000
ITM000105,ORD000062,PRD273,1,179000,179000
ITM000106,ORD000063,PRD239,2,179000,358000
ITM000107,ORD000063,PRD047,1,329000,329000
ITM000108,ORD000064,PRD070,1,349000,349000
ITM000109,ORD000064,PRD028,1,299000,299000
ITM000110,ORD000065,PRD171,1,129000,129000
ITM000111,ORD000066,PRD280,1,229000,229000
ITM000112,ORD000067,PRD016,1,89000,89000
ITM000113,ORD000067,PRD043,2,149000,298000
ITM000114,ORD000068,PRD014,1,449000,449000
ITM000115,ORD000069,PRD296,1,149000,149000
ITM000116,ORD000070,PRD023,1,149000,149000
ITM000117,ORD000071,PRD212,1,499000,499000
ITM000118,ORD000072,PRD209,1,249000,249000
ITM000119,ORD000073,PRD270,1,349000,349000
ITM000120,ORD000073,PRD095,1,89000,89000
ITM000121,ORD000073,PRD065,1,249000,249000
ITM000122,ORD000074,PRD281,1,149000,149000
ITM000123,ORD000074,PRD243,2,279000,558000
ITM000124,ORD000075,PRD152,1,59000,59000
ITM000125,ORD000075,PRD088,1,199000,199000
ITM000126,ORD000076,PRD221,1,119000,119000
ITM000127,ORD000076,PRD110,2,199000,398000
ITM000128,ORD000076,PRD054,1,549000,549000
ITM000129,ORD000077,PRD118,1,349000,349000
ITM000130,ORD000078,PRD272,2,249000,498000
ITM000131,ORD000078,PRD259,1,599000,599000
ITM000132,ORD000079,PRD032,1,99000,99000
ITM000133,ORD000079,PRD175,1,279000,279000
ITM000134,ORD000079,PRD020,3,59000,177000
ITM000135,ORD000080,PRD073,2,79000,158000
ITM000136,ORD000081,PRD069,1,229000,229000
ITM000137,ORD000082,PRD237,3,199000,597000
ITM000138,ORD000083,PRD172,1,59000,59000
ITM000139,ORD000083,PRD213,1,199000,199000
ITM000140,ORD000084,PRD213,2,199000,398000
ITM000141,ORD000085,PRD270,1,349000,349000
ITM000142,ORD000085,PRD295,1,229000,229000
ITM000143,ORD000086,PRD259,1,599000,599000
ITM000144,ORD000087,PRD011,1,149000,149000
ITM000145,ORD000087,PRD173,2,249000,498000
ITM000146,ORD000088,PRD029,1,499000,499000
ITM000147,ORD000088,PRD267,1,59000,59000
ITM000148,ORD000088,PRD105,1,199000,199000
ITM000149,ORD000089,PRD131,1,99000,99000
ITM000150,ORD000089,PRD175,2,279000,558000
ITM000151,ORD000090,PRD269,1,329000,329000
ITM000152,ORD000090,PRD136,3,119000,357000
ITM000153,ORD000091,PRD271,1,129000,129000
ITM000154,ORD000091,PRD070,1,349000,349000
ITM000155,ORD000092,PRD290,1,279000,279000
ITM000156,ORD000092,PRD298,2,279000,558000
ITM000157,ORD000093,PRD294,2,229000,458000
ITM000158,ORD000093,PRD193,1,179000,179000
ITM000159,ORD000094,PRD075,2,499000,998000
ITM000160,ORD000094,PRD275,1,329000,329000
ITM000161,ORD000095,PRD100,2,79000,158000
ITM000162,ORD000095,PRD090,1,49000,49000
ITM000163,ORD000096,PRD286,1,49000,49000
ITM000164,ORD000096,PRD243,1,279000,279000
ITM000165,ORD000097,PRD113,1,499000,499000
ITM000166,ORD000098,PRD177,2,449000,898000
ITM000167,ORD000098,PRD209,1,249000,249000
ITM000168,ORD000099,PRD282,1,149000,149000
ITM000169,ORD000100,PRD161,1,179000,179000
ITM000170,ORD000100,PRD293,2,249000,498000
ITM000171,ORD000101,PRD085,1,129000,129000
ITM000172,ORD000101,PRD245,1,129000,129000
ITM000173,ORD000101,PRD115,1,399000,399000
ITM000174,ORD000102,PRD014,2,449000,898000
ITM000175,ORD000102,PRD025,1,59000,59000
ITM000176,ORD000103,PRD299,1,399000,399000
ITM000177,ORD000103,PRD227,1,99000,99000
ITM000178,ORD000104,PRD072,1,129000,129000
ITM000179,ORD000104,PRD207,1,199000,199000
ITM000180,ORD000104,PRD211,1,329000,329000
ITM000181,ORD000105,PRD035,1,399000,399000
ITM000182,ORD000105,PRD135,2,149000,298000
ITM000183,ORD000106,PRD088,1,199000,199000
ITM000184,ORD000107,PRD041,1,199000,199000
ITM000185,ORD000107,PRD084,1,69000,69000
ITM000186,ORD000108,PRD230,1,129000,129000
ITM000187,ORD000109,PRD262,1,99000,99000
ITM000188,ORD000110,PRD073,2,79000,158000
ITM000189,ORD000111,PRD275,1,329000,329000
ITM000190,ORD000111,PRD094,1,89000,89000
ITM000191,ORD000111,PRD053,2,49000,98000
ITM000192,ORD000112,PRD119,2,279000,558000
ITM000193,ORD000112,PRD277,2,129000,258000
ITM000194,ORD000112,PRD125,1,279000,279000
ITM000195,ORD000113,PRD220,1,329000,329000
ITM000196,ORD000113,PRD207,3,199000,597000
ITM000197,ORD000114,PRD193,1,179000,179000
ITM000198,ORD000114,PRD277,1,129000,129000
ITM000199,ORD000115,PRD054,1,549000,549000
ITM000200,ORD000116,PRD234,2,199000,398000
ITM000201,ORD000117,PRD082,1,229000,229000
ITM000202,ORD000118,PRD129,3,79000,237000
ITM000203,ORD000118,PRD260,1,79000,79000
ITM000204,ORD000119,PRD019,1,119000,119000
ITM000205,ORD000119,PRD226,2,449000,898000
ITM000206,ORD000120,PRD033,1,199000,199000
ITM000207,ORD000121,PRD079,2,499000,998000
ITM000208,ORD000122,PRD189,1,399000,399000
ITM000209,ORD000122,PRD027,2,229000,458000
ITM000210,ORD000123,PRD144,2,59000,118000
ITM000211,ORD000124,PRD127,1,199000,199000
ITM000212,ORD000125,PRD168,1,79000,79000
ITM000213,ORD000125,PRD096,1,69000,69000
ITM000214,ORD000126,PRD176,1,599000,599000
ITM000215,ORD000126,PRD272,1,249000,249000
ITM000216,ORD000127,PRD165,2,129000,258000
ITM000217,ORD000128,PRD039,2,399000,798000
ITM000218,ORD000128,PRD058,1,299000,299000
ITM000219,ORD000129,PRD233,1,49000,49000
ITM000220,ORD000130,PRD122,1,119000,119000
ITM000221,ORD000130,PRD219,1,229000,229000
ITM000222,ORD000131,PRD063,1,89000,89000
ITM000223,ORD000131,PRD269,1,329000,329000
ITM000224,ORD000132,PRD084,2,69000,138000
ITM000225,ORD000133,PRD276,1,329000,329000
ITM000226,ORD000133,PRD227,2,99000,198000
ITM000227,ORD000134,PRD148,1,449000,449000
ITM000228,ORD000135,PRD118,1,349000,349000
ITM000229,ORD000136,PRD247,1,179000,179000
ITM000230,ORD000137,PRD252,3,49000,147000
ITM000231,ORD000137,PRD074,1,449000,449000
ITM000232,ORD000137,PRD256,2,49000,98000
ITM000233,ORD000138,PRD086,1,329000,329000
ITM000234,ORD000138,PRD189,2,399000,798000
ITM000235,ORD000139,PRD004,1,199000,199000
ITM000236,ORD000139,PRD157,1,69000,69000
ITM000237,ORD000139,PRD048,2,69000,138000
ITM000238,ORD000140,PRD045,1,49000,49000
ITM000239,ORD000141,PRD017,1,149000,149000
ITM000240,ORD000141,PRD167,1,149000,149000
ITM000241,ORD000142,PRD226,3,449000,1347000
ITM000242,ORD000143,PRD015,1,449000,449000
ITM000243,ORD000143,PRD167,1,149000,149000
ITM000244,ORD000143,PRD094,1,89000,89000
ITM000245,ORD000144,PRD121,1,89000,89000
ITM000246,ORD000144,PRD284,1,399000,399000
ITM000247,ORD000145,PRD253,1,399000,399000
ITM000248,ORD000146,PRD060,2,549000,1098000
ITM000249,ORD000146,PRD093,1,279000,279000
ITM000250,ORD000147,PRD270,1,349000,349000
ITM000251,ORD000147,PRD255,1,179000,179000
ITM000252,ORD000148,PRD187,1,49000,49000
ITM000253,ORD000149,PRD258,1,129000,129000
ITM000254,ORD000150,PRD032,1,99000,99000
ITM000255,ORD000150,PRD021,1,549000,549000
ITM000256,ORD000151,PRD293,2,249000,498000
ITM000257,ORD000151,PRD048,1,69000,69000
ITM000258,ORD000151,PRD012,1,599000,599000
ITM000259,ORD000152,PRD101,2,279000,558000
ITM000260,ORD000153,PRD078,1,99000,99000
ITM000261,ORD000154,PRD067,2,549000,1098000
ITM000262,ORD000155,PRD293,1,249000,249000
ITM000263,ORD000156,PRD047,1,329000,329000
ITM000264,ORD000157,PRD066,1,349000,349000
ITM000265,ORD000158,PRD292,2,129000,258000
ITM000266,ORD000158,PRD177,1,449000,449000
ITM000267,ORD000158,PRD066,2,349000,698000
ITM000268,ORD000159,PRD067,1,549000,549000
ITM000269,ORD000160,PRD031,1,69000,69000
ITM000270,ORD000161,PRD055,1,129000,129000
ITM000271,ORD000162,PRD289,1,79000,79000
ITM000272,ORD000162,PRD232,2,49000,98000
ITM000273,ORD000162,PRD189,1,399000,399000
ITM000274,ORD000163,PRD002,1,329000,329000
ITM000275,ORD000164,PRD231,1,179000,179000
ITM000276,ORD000165,PRD076,1,199000,199000
ITM000277,ORD000166,PRD118,1,349000,349000
ITM000278,ORD000167,PRD290,1,279000,279000
ITM000279,ORD000168,PRD103,1,499000,499000
ITM000280,ORD000168,PRD207,2,199000,398000
ITM000281,ORD000169,PRD244,1,49000,49000
ITM000282,ORD000169,PRD010,3,99000,297000
ITM000283,ORD000170,PRD240,1,69000,69000
ITM000284,ORD000171,PRD162,1,119000,119000
ITM000285,ORD000171,PRD128,1,279000,279000
ITM000286,ORD000172,PRD271,3,129000,387000
ITM000287,ORD000173,PRD211,2,329000,658000
ITM000288,ORD000174,PRD224,1,89000,89000
ITM000289,ORD000174,PRD094,1,89000,89000
ITM000290,ORD000175,PRD221,2,119000,238000
ITM000291,ORD000176,PRD082,1,229000,229000
ITM000292,ORD000177,PRD190,1,129000,129000
ITM000293,ORD000178,PRD012,1,599000,599000
ITM000294,ORD000179,PRD134,1,129000,129000
ITM000295,ORD000179,PRD156,2,99000,198000
ITM000296,ORD000179,PRD274,1,229000,229000
ITM000297,ORD000180,PRD032,1,99000,99000
ITM000298,ORD000180,PRD014,1,449000,449000
ITM000299,ORD000181,PRD044,1,279000,279000
ITM000300,ORD000181,PRD081,1,229000,229000
ITM000301,ORD000182,PRD245,1,129000,129000
ITM000302,ORD000182,PRD026,1,179000,179000
ITM000303,ORD000183,PRD284,1,399000,399000
ITM000304,ORD000184,PRD145,1,229000,229000
ITM000305,ORD000184,PRD193,1,179000,179000
ITM000306,ORD000184,PRD197,2,199000,398000
ITM000307,ORD000185,PRD183,1,119000,119000
ITM000308,ORD000186,PRD224,3,89000,267000
ITM000309,ORD000186,PRD071,1,99000,99000
ITM000310,ORD000187,PRD128,3,279000,837000
ITM000311,ORD000187,PRD184,2,199000,398000
ITM000312,ORD000187,PRD084,1,69000,69000
ITM000313,ORD000188,PRD171,2,129000,258000
ITM000314,ORD000189,PRD099,1,79000,79000
ITM000315,ORD000189,PRD149,2,549000,1098000
ITM000316,ORD000190,PRD022,1,299000,299000
ITM000317,ORD000190,PRD280,2,229000,458000
ITM000318,ORD000191,PRD095,2,89000,178000
ITM000319,ORD000191,PRD202,1,249000,249000
ITM000320,ORD000191,PRD193,1,179000,179000
ITM000321,ORD000192,PRD047,1,329000,329000
ITM000322,ORD000193,PRD245,1,129000,129000
ITM000323,ORD000193,PRD185,2,599000,1198000
ITM000324,ORD000194,PRD285,1,499000,499000
ITM000325,ORD000194,PRD203,1,59000,59000
ITM000326,ORD000195,PRD294,1,229000,229000
ITM000327,ORD000196,PRD255,1,179000,179000
ITM000328,ORD000197,PRD231,2,179000,358000
ITM000329,ORD000198,PRD067,1,549000,549000
ITM000330,ORD000198,PRD095,1,89000,89000
ITM000331,ORD000198,PRD215,1,89000,89000
ITM000332,ORD000199,PRD078,1,99000,99000
ITM000333,ORD000200,PRD054,1,549000,549000
ITM000334,ORD000201,PRD056,1,229000,229000
ITM000335,ORD000201,PRD243,3,279000,837000
ITM000336,ORD000202,PRD007,1,119000,119000
ITM000337,ORD000202,PRD140,3,179000,537000
ITM000338,ORD000203,PRD118,1,349000,349000
ITM000339,ORD000203,PRD246,1,399000,399000
ITM000340,ORD000204,PRD264,1,79000,79000
ITM000341,ORD000205,PRD189,1,399000,399000
ITM000342,ORD000206,PRD276,1,329000,329000
ITM000343,ORD000207,PRD151,1,249000,249000
ITM000344,ORD000208,PRD007,1,119000,119000
ITM000345,ORD000209,PRD167,2,149000,298000
ITM000346,ORD000209,PRD280,1,229000,229000
ITM000347,ORD000209,PRD258,2,129000,258000
ITM000348,ORD000210,PRD147,1,349000,349000
ITM000349,ORD000211,PRD274,2,229000,458000
ITM000350,ORD000212,PRD165,1,129000,129000
ITM000351,ORD000212,PRD124,1,179000,179000
ITM000352,ORD000212,PRD064,1,449000,449000
ITM000353,ORD000213,PRD032,3,99000,297000
ITM000354,ORD000213,PRD157,1,69000,69000
ITM000355,ORD000214,PRD277,1,129000,129000
ITM000356,ORD000214,PRD196,1,449000,449000
ITM000357,ORD000215,PRD282,1,149000,149000
ITM000358,ORD000215,PRD256,2,49000,98000
ITM000359,ORD000215,PRD016,2,89000,178000
ITM000360,ORD000216,PRD060,1,549000,549000
ITM000361,ORD000217,PRD286,1,49000,49000
ITM000362,ORD000217,PRD247,1,179000,179000
ITM000363,ORD000218,PRD125,2,279000,558000
ITM000364,ORD000218,PRD044,2,279000,558000
ITM000365,ORD000218,PRD262,1,99000,99000
ITM000366,ORD000219,PRD051,1,399000,399000
ITM000367,ORD000219,PRD018,1,299000,299000
ITM000368,ORD000220,PRD195,2,149000,298000
ITM000369,ORD000220,PRD225,1,399000,399000
ITM000370,ORD000221,PRD045,1,49000,49000
ITM000371,ORD000222,PRD241,1,79000,79000
ITM000372,ORD000222,PRD022,1,299000,299000
ITM000373,ORD000223,PRD082,1,229000,229000
ITM000374,ORD000223,PRD199,2,69000,138000
ITM000375,ORD000224,PRD038,1,299000,299000
ITM000376,ORD000225,PRD068,1,129000,129000
ITM000377,ORD000225,PRD221,3,119000,357000
ITM000378,ORD000225,PRD184,1,199000,199000
ITM000379,ORD000226,PRD038,1,299000,299000
ITM000380,ORD000226,PRD237,1,199000,199000
ITM000381,ORD000226,PRD185,3,599000,1797000
ITM000382,ORD000227,PRD283,1,249000,249000
ITM000383,ORD000228,PRD136,1,119000,119000
ITM000384,ORD000228,PRD188,1,69000,69000
ITM000385,ORD000229,PRD065,1,249000,249000
ITM000386,ORD000229,PRD188,1,69000,69000
ITM000387,ORD000230,PRD109,2,599000,1198000
ITM000388,ORD000231,PRD265,1,329000,329000
ITM000389,ORD000232,PRD004,1,199000,199000
ITM000390,ORD000232,PRD247,2,179000,358000
ITM000391,ORD000233,PRD056,1,229000,229000
ITM000392,ORD000233,PRD045,1,49000,49000
ITM000393,ORD000233,PRD162,2,119000,238000
ITM000394,ORD000234,PRD008,3,549000,1647000
ITM000395,ORD000234,PRD003,1,349000,349000
ITM000396,ORD000235,PRD291,1,499000,499000
ITM000397,ORD000235,PRD268,1,599000,599000
ITM000398,ORD000236,PRD264,1,79000,79000
ITM000399,ORD000236,PRD073,1,79000,79000
ITM000400,ORD000236,PRD243,1,279000,279000
ITM000401,ORD000237,PRD152,1,59000,59000
ITM000402,ORD000238,PRD140,3,179000,537000
ITM000403,ORD000239,PRD281,3,149000,447000
ITM000404,ORD000239,PRD156,1,99000,99000
ITM000405,ORD000240,PRD172,1,59000,59000
ITM000406,ORD000241,PRD253,1,399000,399000
ITM000407,ORD000242,PRD073,2,79000,158000
ITM000408,ORD000242,PRD169,1,179000,179000
ITM000409,ORD000243,PRD138,1,79000,79000
ITM000410,ORD000244,PRD026,1,179000,179000
ITM000411,ORD000245,PRD227,1,99000,99000
ITM000412,ORD000246,PRD034,1,279000,279000
ITM000413,ORD000247,PRD065,2,249000,498000
ITM000414,ORD000248,PRD114,3,199000,597000
ITM000415,ORD000249,PRD209,3,249000,747000
ITM000416,ORD000250,PRD023,2,149000,298000
ITM000417,ORD000251,PRD192,1,229000,229000
ITM000418,ORD000251,PRD116,1,299000,299000
ITM000419,ORD000252,PRD195,1,149000,149000
ITM000420,ORD000253,PRD113,1,499000,499000
ITM000421,ORD000253,PRD114,2,199000,398000
ITM000422,ORD000254,PRD212,1,499000,499000
ITM000423,ORD000254,PRD262,1,99000,99000
ITM000424,ORD000255,PRD234,1,199000,199000
ITM000425,ORD000256,PRD217,1,129000,129000
ITM000426,ORD000256,PRD160,1,79000,79000
ITM000427,ORD000257,PRD237,3,199000,597000
ITM000428,ORD000258,PRD004,1,199000,199000
ITM000429,ORD000258,PRD093,1,279000,279000
ITM000430,ORD000259,PRD058,1,299000,299000
ITM000431,ORD000260,PRD196,1,449000,449000
ITM000432,ORD000260,PRD285,1,499000,499000
ITM000433,ORD000261,PRD080,1,329000,329000
ITM000434,ORD000262,PRD245,1,129000,129000
ITM000435,ORD000263,PRD109,1,599000,599000
ITM000436,ORD000263,PRD068,1,129000,129000
ITM000437,ORD000263,PRD269,3,329000,987000
ITM000438,ORD000264,PRD026,2,179000,358000
ITM000439,ORD000264,PRD142,1,199000,199000
ITM000440,ORD000265,PRD258,1,129000,129000
ITM000441,ORD000265,PRD048,2,69000,138000
ITM000442,ORD000266,PRD183,1,119000,119000
ITM000443,ORD000267,PRD038,1,299000,299000
ITM000444,ORD000267,PRD241,2,79000,158000
ITM000445,ORD000268,PRD199,1,69000,69000
ITM000446,ORD000269,PRD202,1,249000,249000
ITM000447,ORD000269,PRD236,1,59000,59000
ITM000448,ORD000269,PRD021,2,549000,1098000
ITM000449,ORD000270,PRD101,1,279000,279000
ITM000450,ORD000271,PRD087,1,399000,399000
ITM000451,ORD000272,PRD285,1,499000,499000
ITM000452,ORD000272,PRD165,1,129000,129000
ITM000453,ORD000272,PRD137,1,119000,119000
ITM000454,ORD000273,PRD160,2,79000,158000
ITM000455,ORD000274,PRD145,3,229000,687000
ITM000456,ORD000274,PRD236,1,59000,59000
ITM000457,ORD000275,PRD271,1,129000,129000
ITM000458,ORD000275,PRD256,3,49000,147000
ITM000459,ORD000275,PRD208,1,329000,329000
ITM000460,ORD000276,PRD138,1,79000,79000
ITM000461,ORD000276,PRD172,1,59000,59000
ITM000462,ORD000276,PRD103,1,499000,499000
ITM000463,ORD000277,PRD041,1,199000,199000
ITM000464,ORD000278,PRD166,1,549000,549000
ITM000465,ORD000278,PRD191,1,49000,49000
ITM000466,ORD000279,PRD137,1,119000,119000
ITM000467,ORD000279,PRD093,2,279000,558000
ITM000468,ORD000279,PRD198,1,149000,149000
ITM000469,ORD000280,PRD159,1,89000,89000
ITM000470,ORD000281,PRD063,1,89000,89000
ITM000471,ORD000282,PRD163,1,119000,119000
ITM000472,ORD000282,PRD081,2,229000,458000
ITM000473,ORD000283,PRD058,1,299000,299000
ITM000474,ORD000284,PRD228,1,399000,399000
ITM000475,ORD000285,PRD183,2,119000,238000
ITM000476,ORD000285,PRD079,1,499000,499000
ITM000477,ORD000285,PRD225,2,399000,798000
ITM000478,ORD000286,PRD100,1,79000,79000
ITM000479,ORD000286,PRD062,1,129000,129000
ITM000480,ORD000286,PRD218,3,199000,597000
ITM000481,ORD000287,PRD194,1,119000,119000
ITM000482,ORD000288,PRD066,1,349000,349000
ITM000483,ORD000289,PRD117,2,49000,98000
ITM000484,ORD000289,PRD098,1,299000,299000
ITM000485,ORD000290,PRD241,2,79000,158000
ITM000486,ORD000290,PRD204,1,69000,69000
ITM000487,ORD000290,PRD047,1,329000,329000
ITM000488,ORD000291,PRD064,1,449000,449000
ITM000489,ORD000292,PRD135,2,149000,298000
ITM000490,ORD000292,PRD274,1,229000,229000
ITM000491,ORD000292,PRD133,1,399000,399000
ITM000492,ORD000293,PRD150,3,89000,267000
ITM000493,ORD000293,PRD130,1,229000,229000
ITM000494,ORD000294,PRD030,1,199000,199000
ITM000495,ORD000295,PRD246,1,399000,399000
ITM000496,ORD000295,PRD126,1,279000,279000
ITM000497,ORD000296,PRD157,1,69000,69000
ITM000498,ORD000296,PRD063,1,89000,89000
ITM000499,ORD000297,PRD188,1,69000,69000
ITM000500,ORD000298,PRD138,1,79000,79000
ITM000501,ORD000299,PRD165,1,129000,129000
ITM000502,ORD000300,PRD255,1,179000,179000
ITM000503,ORD000301,PRD233,1,49000,49000
ITM000504,ORD000301,PRD208,3,329000,987000
ITM000505,ORD000302,PRD200,1,499000,499000
ITM000506,ORD000303,PRD293,1,249000,249000
ITM000507,ORD000303,PRD159,1,89000,89000
ITM000508,ORD000304,PRD036,1,299000,299000
ITM000509,ORD000305,PRD216,3,199000,597000
ITM000510,ORD000306,PRD046,1,199000,199000
ITM000511,ORD000307,PRD020,1,59000,59000
ITM000512,ORD000308,PRD165,1,129000,129000
ITM000513,ORD000309,PRD154,1,119000,119000
ITM000514,ORD000310,PRD127,3,199000,597000
ITM000515,ORD000310,PRD153,2,179000,358000
ITM000516,ORD000311,PRD126,2,279000,558000
ITM000517,ORD000311,PRD125,2,279000,558000
ITM000518,ORD000312,PRD075,1,499000,499000
ITM000519,ORD000312,PRD115,1,399000,399000
ITM000520,ORD000313,PRD139,1,599000,599000
ITM000521,ORD000313,PRD052,1,399000,399000
ITM000522,ORD000314,PRD147,1,349000,349000
ITM000523,ORD000315,PRD156,1,99000,99000
ITM000524,ORD000316,PRD171,1,129000,129000
ITM000525,ORD000316,PRD202,1,249000,249000
ITM000526,ORD000316,PRD183,1,119000,119000
ITM000527,ORD000317,PRD036,1,299000,299000
ITM000528,ORD000318,PRD152,2,59000,118000
ITM000529,ORD000318,PRD094,1,89000,89000
ITM000530,ORD000318,PRD098,1,299000,299000
ITM000531,ORD000319,PRD213,1,199000,199000
ITM000532,ORD000319,PRD259,1,599000,599000
ITM000533,ORD000320,PRD196,1,449000,449000
ITM000534,ORD000320,PRD299,2,399000,798000
ITM000535,ORD000320,PRD026,1,179000,179000
ITM000536,ORD000321,PRD117,1,49000,49000
ITM000537,ORD000322,PRD082,1,229000,229000
ITM000538,ORD000323,PRD130,1,229000,229000
ITM000539,ORD000324,PRD245,1,129000,129000
ITM000540,ORD000325,PRD285,2,499000,998000
ITM000541,ORD000325,PRD133,1,399000,399000
ITM000542,ORD000326,PRD233,1,49000,49000
ITM000543,ORD000327,PRD280,1,229000,229000
ITM000544,ORD000328,PRD094,1,89000,89000
ITM000545,ORD000328,PRD136,1,119000,119000
ITM000546,ORD000329,PRD080,1,329000,329000
ITM000547,ORD000330,PRD097,1,49000,49000
ITM000548,ORD000331,PRD178,3,249000,747000
ITM000549,ORD000332,PRD116,1,299000,299000
ITM000550,ORD000332,PRD078,1,99000,99000
ITM000551,ORD000333,PRD199,1,69000,69000
ITM000552,ORD000333,PRD131,1,99000,99000
ITM000553,ORD000333,PRD128,1,279000,279000
ITM000554,ORD000334,PRD099,1,79000,79000
ITM000555,ORD000334,PRD100,2,79000,158000
ITM000556,ORD000334,PRD001,1,599000,599000
ITM000557,ORD000335,PRD006,1,119000,119000
ITM000558,ORD000335,PRD192,1,229000,229000
ITM000559,ORD000336,PRD108,1,229000,229000
ITM000560,ORD000337,PRD291,1,499000,499000
ITM000561,ORD000337,PRD079,2,499000,998000
ITM000562,ORD000337,PRD009,1,499000,499000
ITM000563,ORD000338,PRD211,1,329000,329000
ITM000564,ORD000338,PRD112,1,249000,249000
ITM000565,ORD000338,PRD022,2,299000,598000
ITM000566,ORD000339,PRD093,1,279000,279000
ITM000567,ORD000340,PRD021,1,549000,549000
ITM000568,ORD000340,PRD023,1,149000,149000
ITM000569,ORD000341,PRD191,1,49000,49000
ITM000570,ORD000341,PRD152,2,59000,118000
ITM000571,ORD000342,PRD168,1,79000,79000
ITM000572,ORD000343,PRD258,1,129000,129000
ITM000573,ORD000343,PRD255,1,179000,179000
ITM000574,ORD000344,PRD223,1,499000,499000
ITM000575,ORD000345,PRD084,1,69000,69000
ITM000576,ORD000346,PRD229,1,79000,79000
ITM000577,ORD000347,PRD282,1,149000,149000
ITM000578,ORD000348,PRD173,1,249000,249000
ITM000579,ORD000349,PRD182,1,119000,119000
ITM000580,ORD000350,PRD125,1,279000,279000
ITM000581,ORD000350,PRD117,1,49000,49000
ITM000582,ORD000351,PRD173,1,249000,249000
ITM000583,ORD000352,PRD039,1,399000,399000
ITM000584,ORD000353,PRD096,1,69000,69000
ITM000585,ORD000354,PRD217,2,129000,258000
ITM000586,ORD000354,PRD190,1,129000,129000
ITM000587,ORD000355,PRD060,1,549000,549000
ITM000588,ORD000355,PRD236,1,59000,59000
ITM000589,ORD000355,PRD258,1,129000,129000
ITM000590,ORD000356,PRD078,1,99000,99000
ITM000591,ORD000356,PRD201,1,119000,119000
ITM000592,ORD000357,PRD290,1,279000,279000
ITM000593,ORD000357,PRD084,1,69000,69000
ITM000594,ORD000358,PRD211,1,329000,329000
ITM000595,ORD000358,PRD217,3,129000,387000
ITM000596,ORD000359,PRD293,1,249000,249000
ITM000597,ORD000359,PRD146,1,329000,329000
ITM000598,ORD000360,PRD205,1,119000,119000
ITM000599,ORD000361,PRD264,2,79000,158000
ITM000600,ORD000361,PRD202,1,249000,249000
ITM000601,ORD000362,PRD139,2,599000,1198000
ITM000602,ORD000362,PRD274,1,229000,229000
ITM000603,ORD000363,PRD283,1,249000,249000
ITM000604,ORD000363,PRD122,1,119000,119000
ITM000605,ORD000364,PRD177,1,449000,449000
ITM000606,ORD000365,PRD134,2,129000,258000
ITM000607,ORD000366,PRD061,1,599000,599000
ITM000608,ORD000367,PRD130,1,229000,229000
ITM000609,ORD000368,PRD155,2,499000,998000
ITM000610,ORD000369,PRD064,1,449000,449000
ITM000611,ORD000369,PRD005,2,599000,1198000
ITM000612,ORD000369,PRD170,1,349000,349000
ITM000613,ORD000370,PRD088,1,199000,199000
ITM000614,ORD000371,PRD086,1,329000,329000
ITM000615,ORD000372,PRD242,1,449000,449000
ITM000616,ORD000372,PRD122,1,119000,119000
ITM000617,ORD000372,PRD074,1,449000,449000
ITM000618,ORD000373,PRD300,1,149000,149000
ITM000619,ORD000374,PRD173,2,249000,498000
ITM000620,ORD000375,PRD110,1,199000,199000
ITM000621,ORD000376,PRD236,1,59000,59000
ITM000622,ORD000376,PRD103,2,499000,998000
ITM000623,ORD000376,PRD134,1,129000,129000
ITM000624,ORD000377,PRD267,2,59000,118000
ITM000625,ORD000378,PRD279,1,449000,449000
ITM000626,ORD000379,PRD116,1,299000,299000
ITM000627,ORD000379,PRD248,1,299000,299000
ITM000628,ORD000379,PRD263,2,89000,178000
ITM000629,ORD000380,PRD034,1,279000,279000
ITM000630,ORD000380,PRD159,2,89000,178000
ITM000631,ORD000381,PRD025,1,59000,59000
ITM000632,ORD000382,PRD149,1,549000,549000
ITM000633,ORD000382,PRD148,1,449000,449000
ITM000634,ORD000383,PRD266,2,299000,598000
ITM000635,ORD000383,PRD057,1,299000,299000
ITM000636,ORD000384,PRD232,1,49000,49000
ITM000637,ORD000384,PRD042,1,449000,449000
ITM000638,ORD000384,PRD237,1,199000,199000
ITM000639,ORD000385,PRD094,1,89000,89000
ITM000640,ORD000386,PRD252,1,49000,49000
ITM000641,ORD000386,PRD276,2,329000,658000
ITM000642,ORD000386,PRD041,1,199000,199000
ITM000643,ORD000387,PRD190,1,129000,129000
ITM000644,ORD000387,PRD162,2,119000,238000
ITM000645,ORD000388,PRD238,2,499000,998000
ITM000646,ORD000388,PRD007,1,119000,119000
ITM000647,ORD000389,PRD294,3,229000,687000
ITM000648,ORD000390,PRD063,1,89000,89000
ITM000649,ORD000390,PRD022,2,299000,598000
ITM000650,ORD000390,PRD146,1,329000,329000
ITM000651,ORD000391,PRD041,1,199000,199000
ITM000652,ORD000391,PRD112,1,249000,249000
ITM000653,ORD000391,PRD179,1,399000,399000
ITM000654,ORD000392,PRD150,1,89000,89000
ITM000655,ORD000393,PRD022,1,299000,299000
ITM000656,ORD000394,PRD003,1,349000,349000
ITM000657,ORD000395,PRD237,1,199000,199000
ITM000658,ORD000395,PRD166,1,549000,549000
ITM000659,ORD000396,PRD070,3,349000,1047000
ITM000660,ORD000396,PRD252,1,49000,49000
ITM000661,ORD000397,PRD118,2,349000,698000
ITM000662,ORD000397,PRD163,2,119000,238000
ITM000663,ORD000398,PRD002,1,329000,329000
ITM000664,ORD000398,PRD292,1,129000,129000
ITM000665,ORD000399,PRD169,1,179000,179000
ITM000666,ORD000400,PRD062,2,129000,258000
ITM000667,ORD000400,PRD055,2,129000,258000
ITM000668,ORD000400,PRD197,2,199000,398000
ITM000669,ORD000401,PRD184,3,199000,597000
ITM000670,ORD000402,PRD058,1,299000,299000
ITM000671,ORD000402,PRD179,2,399000,798000
ITM000672,ORD000403,PRD088,2,199000,398000
ITM000673,ORD000404,PRD140,1,179000,179000
ITM000674,ORD000404,PRD052,1,399000,399000
ITM000675,ORD000405,PRD279,1,449000,449000
ITM000676,ORD000405,PRD239,1,179000,179000
ITM000677,ORD000406,PRD074,1,449000,449000
ITM000678,ORD000406,PRD095,2,89000,178000
ITM000679,ORD000406,PRD149,1,549000,549000
ITM000680,ORD000407,PRD111,1,449000,449000
ITM000681,ORD000407,PRD026,1,179000,179000
ITM000682,ORD000408,PRD293,1,249000,249000
ITM000683,ORD000409,PRD289,3,79000,237000
ITM000684,ORD000410,PRD195,1,149000,149000
ITM000685,ORD000410,PRD290,1,279000,279000
ITM000686,ORD000411,PRD209,3,249000,747000
ITM000687,ORD000411,PRD058,1,299000,299000
ITM000688,ORD000412,PRD068,1,129000,129000
ITM000689,ORD000412,PRD095,1,89000,89000
ITM000690,ORD000413,PRD140,1,179000,179000
ITM000691,ORD000414,PRD067,1,549000,549000
ITM000692,ORD000415,PRD019,1,119000,119000
ITM000693,ORD000416,PRD275,1,329000,329000
ITM000694,ORD000416,PRD212,1,499000,499000
ITM000695,ORD000417,PRD013,1,149000,149000
ITM000696,ORD000418,PRD271,2,129000,258000
ITM000697,ORD000419,PRD224,1,89000,89000
ITM000698,ORD000420,PRD005,1,599000,599000
ITM000699,ORD000420,PRD087,1,399000,399000
ITM000700,ORD000421,PRD010,1,99000,99000
ITM000701,ORD000422,PRD130,1,229000,229000
ITM000702,ORD000423,PRD234,1,199000,199000
ITM000703,ORD000424,PRD043,2,149000,298000
ITM000704,ORD000425,PRD142,1,199000,199000
ITM000705,ORD000425,PRD113,1,499000,499000
ITM000706,ORD000426,PRD294,1,229000,229000
ITM000707,ORD000426,PRD159,1,89000,89000
ITM000708,ORD000427,PRD295,1,229000,229000
ITM000709,ORD000428,PRD277,1,129000,129000
ITM000710,ORD000428,PRD047,1,329000,329000
ITM000711,ORD000429,PRD135,1,149000,149000
ITM000712,ORD000430,PRD005,1,599000,599000
ITM000713,ORD000431,PRD168,1,79000,79000
ITM000714,ORD000431,PRD178,1,249000,249000
ITM000715,ORD000432,PRD066,1,349000,349000
ITM000716,ORD000433,PRD219,1,229000,229000
ITM000717,ORD000433,PRD036,1,299000,299000
ITM000718,ORD000433,PRD180,2,279000,558000
ITM000719,ORD000434,PRD133,1,399000,399000
ITM000720,ORD000434,PRD160,1,79000,79000
ITM000721,ORD000435,PRD046,1,199000,199000
ITM000722,ORD000436,PRD084,2,69000,138000
ITM000723,ORD000436,PRD163,1,119000,119000
ITM000724,ORD000437,PRD205,2,119000,238000
ITM000725,ORD000437,PRD079,1,499000,499000
ITM000726,ORD000438,PRD107,1,399000,399000
ITM000727,ORD000439,PRD215,2,89000,178000
ITM000728,ORD000440,PRD084,1,69000,69000
ITM000729,ORD000440,PRD183,2,119000,238000
ITM000730,ORD000441,PRD272,1,249000,249000
ITM000731,ORD000441,PRD076,1,199000,199000
ITM000732,ORD000442,PRD271,1,129000,129000
ITM000733,ORD000442,PRD265,2,329000,658000
ITM000734,ORD000443,PRD143,1,329000,329000
ITM000735,ORD000444,PRD123,1,89000,89000
ITM000736,ORD000444,PRD255,1,179000,179000
ITM000737,ORD000445,PRD026,1,179000,179000
ITM000738,ORD000445,PRD042,1,449000,449000
ITM000739,ORD000446,PRD285,1,499000,499000
ITM000740,ORD000446,PRD213,1,199000,199000
ITM000741,ORD000447,PRD239,2,179000,358000
ITM000742,ORD000448,PRD286,1,49000,49000
ITM000743,ORD000448,PRD271,1,129000,129000
ITM000744,ORD000448,PRD228,1,399000,399000
ITM000745,ORD000449,PRD241,3,79000,237000
ITM000746,ORD000450,PRD230,2,129000,258000
ITM000747,ORD000451,PRD239,1,179000,179000
ITM000748,ORD000451,PRD257,1,59000,59000
ITM000749,ORD000452,PRD196,1,449000,449000
ITM000750,ORD000452,PRD283,1,249000,249000
ITM000751,ORD000453,PRD187,1,49000,49000
ITM000752,ORD000453,PRD073,1,79000,79000
ITM000753,ORD000453,PRD046,2,199000,398000
ITM000754,ORD000454,PRD133,1,399000,399000
ITM000755,ORD000454,PRD081,1,229000,229000
ITM000756,ORD000455,PRD055,1,129000,129000
ITM000757,ORD000456,PRD282,1,149000,149000
ITM000758,ORD000456,PRD199,1,69000,69000
ITM000759,ORD000457,PRD142,1,199000,199000
ITM000760,ORD000457,PRD256,2,49000,98000
ITM000761,ORD000458,PRD230,2,129000,258000
ITM000762,ORD000459,PRD237,1,199000,199000
ITM000763,ORD000459,PRD083,1,49000,49000
ITM000764,ORD000460,PRD014,1,449000,449000
ITM000765,ORD000461,PRD111,1,449000,449000
ITM000766,ORD000461,PRD051,1,399000,399000
ITM000767,ORD000462,PRD289,1,79000,79000
ITM000768,ORD000463,PRD006,1,119000,119000
ITM000769,ORD000464,PRD206,1,59000,59000
ITM000770,ORD000464,PRD244,1,49000,49000
ITM000771,ORD000465,PRD135,1,149000,149000
ITM000772,ORD000466,PRD014,1,449000,449000
ITM000773,ORD000467,PRD132,2,229000,458000
ITM000774,ORD000468,PRD040,1,449000,449000
ITM000775,ORD000469,PRD106,1,99000,99000
ITM000776,ORD000470,PRD062,3,129000,387000
ITM000777,ORD000471,PRD017,1,149000,149000
ITM000778,ORD000471,PRD192,1,229000,229000
ITM000779,ORD000472,PRD282,3,149000,447000
ITM000780,ORD000472,PRD008,2,549000,1098000
ITM000781,ORD000472,PRD049,1,99000,99000
ITM000782,ORD000473,PRD042,2,449000,898000
ITM000783,ORD000473,PRD205,1,119000,119000
ITM000784,ORD000474,PRD193,2,179000,358000
ITM000785,ORD000474,PRD296,2,149000,298000
ITM000786,ORD000474,PRD115,1,399000,399000
ITM000787,ORD000475,PRD167,1,149000,149000
ITM000788,ORD000475,PRD134,2,129000,258000
ITM000789,ORD000476,PRD253,1,399000,399000
ITM000790,ORD000476,PRD093,1,279000,279000
ITM000791,ORD000477,PRD221,1,119000,119000
ITM000792,ORD000478,PRD192,1,229000,229000
ITM000793,ORD000479,PRD023,1,149000,149000
ITM000794,ORD000480,PRD122,1,119000,119000
ITM000795,ORD000480,PRD017,1,149000,149000
ITM000796,ORD000480,PRD144,1,59000,59000
ITM000797,ORD000481,PRD170,2,349000,698000
ITM000798,ORD000481,PRD177,1,449000,449000
ITM000799,ORD000482,PRD284,1,399000,399000
ITM000800,ORD000482,PRD287,2,449000,898000
ITM000801,ORD000483,PRD276,1,329000,329000
ITM000802,ORD000484,PRD297,1,349000,349000
ITM000803,ORD000485,PRD206,1,59000,59000
ITM000804,ORD000485,PRD102,1,59000,59000
ITM000805,ORD000485,PRD039,1,399000,399000
ITM000806,ORD000486,PRD068,1,129000,129000
ITM000807,ORD000487,PRD078,1,99000,99000
ITM000808,ORD000488,PRD082,1,229000,229000
ITM000809,ORD000489,PRD182,1,119000,119000
ITM000810,ORD000489,PRD006,1,119000,119000
ITM000811,ORD000489,PRD163,2,119000,238000
ITM000812,ORD000490,PRD192,1,229000,229000
ITM000813,ORD000490,PRD129,1,79000,79000
ITM000814,ORD000490,PRD068,1,129000,129000
ITM000815,ORD000491,PRD155,1,499000,499000
ITM000816,ORD000491,PRD278,1,499000,499000
ITM000817,ORD000491,PRD248,1,299000,299000
ITM000818,ORD000492,PRD030,1,199000,199000
ITM000819,ORD000492,PRD085,1,129000,129000
ITM000820,ORD000492,PRD175,1,279000,279000
ITM000821,ORD000493,PRD088,1,199000,199000
ITM000822,ORD000493,PRD165,1,129000,129000
ITM000823,ORD000494,PRD111,2,449000,898000
ITM000824,ORD000495,PRD055,1,129000,129000
ITM000825,ORD000496,PRD047,2,329000,658000
ITM000826,ORD000496,PRD087,1,399000,399000
ITM000827,ORD000497,PRD069,1,229000,229000
ITM000828,ORD000498,PRD044,1,279000,279000
ITM000829,ORD000499,PRD215,2,89000,178000
ITM000830,ORD000499,PRD011,1,149000,149000
ITM000831,ORD000500,PRD067,1,549000,549000
ITM000832,ORD000500,PRD201,1,119000,119000
ITM000833,ORD000500,PRD145,2,229000,458000
ITM000834,ORD000501,PRD102,2,59000,118000
ITM000835,ORD000502,PRD060,1,549000,549000
ITM000836,ORD000502,PRD101,1,279000,279000
ITM000837,ORD000503,PRD150,1,89000,89000
ITM000838,ORD000504,PRD254,1,299000,299000
ITM000839,ORD000505,PRD255,1,179000,179000
ITM000840,ORD000506,PRD275,1,329000,329000
ITM000841,ORD000507,PRD002,1,329000,329000
ITM000842,ORD000507,PRD174,2,69000,138000
ITM000843,ORD000508,PRD017,1,149000,149000
ITM000844,ORD000509,PRD142,1,199000,199000
ITM000845,ORD000509,PRD109,1,599000,599000
ITM000846,ORD000510,PRD035,2,399000,798000
ITM000847,ORD000510,PRD189,1,399000,399000
ITM000848,ORD000510,PRD153,1,179000,179000
ITM000849,ORD000511,PRD172,1,59000,59000
ITM000850,ORD000511,PRD021,1,549000,549000
ITM000851,ORD000512,PRD228,2,399000,798000
ITM000852,ORD000512,PRD137,1,119000,119000
ITM000853,ORD000513,PRD070,1,349000,349000
ITM000854,ORD000513,PRD094,1,89000,89000
ITM000855,ORD000514,PRD112,1,249000,249000
ITM000856,ORD000515,PRD258,1,129000,129000
ITM000857,ORD000515,PRD247,2,179000,358000
ITM000858,ORD000515,PRD205,2,119000,238000
ITM000859,ORD000516,PRD288,2,99000,198000
ITM000860,ORD000516,PRD217,2,129000,258000
ITM000861,ORD000517,PRD296,1,149000,149000
ITM000862,ORD000517,PRD008,2,549000,1098000
ITM000863,ORD000518,PRD215,3,89000,267000
ITM000864,ORD000518,PRD166,2,549000,1098000
ITM000865,ORD000519,PRD150,1,89000,89000
ITM000866,ORD000520,PRD215,1,89000,89000
ITM000867,ORD000520,PRD231,1,179000,179000
ITM000868,ORD000521,PRD143,2,329000,658000
ITM000869,ORD000521,PRD126,1,279000,279000
ITM000870,ORD000522,PRD193,3,179000,537000
ITM000871,ORD000523,PRD073,1,79000,79000
ITM000872,ORD000523,PRD262,1,99000,99000
ITM000873,ORD000524,PRD263,1,89000,89000
ITM000874,ORD000525,PRD270,1,349000,349000
ITM000875,ORD000525,PRD168,1,79000,79000
ITM000876,ORD000525,PRD016,1,89000,89000
ITM000877,ORD000526,PRD058,1,299000,299000
ITM000878,ORD000527,PRD123,1,89000,89000
ITM000879,ORD000527,PRD062,2,129000,258000
ITM000880,ORD000527,PRD234,1,199000,199000
ITM000881,ORD000528,PRD172,1,59000,59000
ITM000882,ORD000528,PRD268,2,599000,1198000
ITM000883,ORD000529,PRD111,1,449000,449000
ITM000884,ORD000529,PRD209,2,249000,498000
ITM000885,ORD000529,PRD010,1,99000,99000
ITM000886,ORD000530,PRD068,2,129000,258000
ITM000887,ORD000531,PRD273,2,179000,358000
ITM000888,ORD000531,PRD226,2,449000,898000
ITM000889,ORD000532,PRD256,1,49000,49000
ITM000890,ORD000533,PRD209,1,249000,249000
ITM000891,ORD000533,PRD146,1,329000,329000
ITM000892,ORD000533,PRD300,1,149000,149000
ITM000893,ORD000534,PRD289,1,79000,79000
ITM000894,ORD000534,PRD066,1,349000,349000
ITM000895,ORD000534,PRD006,3,119000,357000
ITM000896,ORD000535,PRD080,1,329000,329000
ITM000897,ORD000535,PRD281,1,149000,149000
ITM000898,ORD000536,PRD155,1,499000,499000
ITM000899,ORD000537,PRD044,3,279000,837000
ITM000900,ORD000537,PRD080,1,329000,329000
ITM000901,ORD000538,PRD157,1,69000,69000
ITM000902,ORD000539,PRD165,2,129000,258000
ITM000903,ORD000539,PRD078,2,99000,198000
ITM000904,ORD000540,PRD070,1,349000,349000
ITM000905,ORD000540,PRD152,3,59000,177000
ITM000906,ORD000540,PRD006,1,119000,119000
ITM000907,ORD000541,PRD206,1,59000,59000
ITM000908,ORD000542,PRD126,1,279000,279000
ITM000909,ORD000542,PRD002,1,329000,329000
ITM000910,ORD000543,PRD127,2,199000,398000
ITM000911,ORD000544,PRD255,1,179000,179000
ITM000912,ORD000545,PRD171,2,129000,258000
ITM000913,ORD000546,PRD151,1,249000,249000
ITM000914,ORD000546,PRD159,1,89000,89000
ITM000915,ORD000547,PRD003,1,349000,349000
ITM000916,ORD000547,PRD241,2,79000,158000
ITM000917,ORD000547,PRD212,1,499000,499000
ITM000918,ORD000548,PRD178,1,249000,249000
ITM000919,ORD000548,PRD041,1,199000,199000
ITM000920,ORD000548,PRD138,1,79000,79000
ITM000921,ORD000549,PRD232,1,49000,49000
ITM000922,ORD000550,PRD026,1,179000,179000
ITM000923,ORD000551,PRD280,1,229000,229000
ITM000924,ORD000551,PRD077,2,329000,658000
ITM000925,ORD000552,PRD143,1,329000,329000
ITM000926,ORD000553,PRD196,1,449000,449000
ITM000927,ORD000553,PRD145,1,229000,229000
ITM000928,ORD000553,PRD224,1,89000,89000
ITM000929,ORD000554,PRD222,1,179000,179000
ITM000930,ORD000555,PRD145,1,229000,229000
ITM000931,ORD000555,PRD114,1,199000,199000
ITM000932,ORD000556,PRD205,1,119000,119000
ITM000933,ORD000557,PRD116,1,299000,299000
ITM000934,ORD000558,PRD071,1,99000,99000
ITM000935,ORD000558,PRD101,1,279000,279000
ITM000936,ORD000558,PRD041,1,199000,199000
ITM000937,ORD000559,PRD296,2,149000,298000
ITM000938,ORD000559,PRD193,1,179000,179000
ITM000939,ORD000560,PRD111,2,449000,898000
ITM000940,ORD000561,PRD272,2,249000,498000
ITM000941,ORD000562,PRD122,1,119000,119000
ITM000942,ORD000563,PRD058,1,299000,299000
ITM000943,ORD000564,PRD253,1,399000,399000
ITM000944,ORD000564,PRD152,1,59000,59000
ITM000945,ORD000565,PRD288,1,99000,99000
ITM000946,ORD000565,PRD062,1,129000,129000
ITM000947,ORD000566,PRD064,1,449000,449000
ITM000948,ORD000567,PRD016,1,89000,89000
ITM000949,ORD000567,PRD230,1,129000,129000
ITM000950,ORD000568,PRD192,3,229000,687000
ITM000951,ORD000569,PRD270,1,349000,349000
ITM000952,ORD000570,PRD188,1,69000,69000
ITM000953,ORD000570,PRD110,1,199000,199000
ITM000954,ORD000570,PRD050,2,89000,178000
ITM000955,ORD000571,PRD223,2,499000,998000
ITM000956,ORD000571,PRD154,1,119000,119000
ITM000957,ORD000572,PRD004,1,199000,199000
ITM000958,ORD000573,PRD052,1,399000,399000
ITM000959,ORD000573,PRD289,1,79000,79000
ITM000960,ORD000573,PRD096,1,69000,69000
ITM000961,ORD000574,PRD021,1,549000,549000
ITM000962,ORD000575,PRD225,1,399000,399000
ITM000963,ORD000576,PRD001,1,599000,599000
ITM000964,ORD000577,PRD269,2,329000,658000
ITM000965,ORD000577,PRD077,1,329000,329000
ITM000966,ORD000578,PRD292,1,129000,129000
ITM000967,ORD000579,PRD080,1,329000,329000
ITM000968,ORD000580,PRD260,1,79000,79000
ITM000969,ORD000581,PRD161,1,179000,179000
ITM000970,ORD000582,PRD254,1,299000,299000
ITM000971,ORD000583,PRD221,2,119000,238000
ITM000972,ORD000583,PRD082,1,229000,229000
ITM000973,ORD000583,PRD008,1,549000,549000
ITM000974,ORD000584,PRD249,1,449000,449000
ITM000975,ORD000585,PRD132,1,229000,229000
ITM000976,ORD000585,PRD260,1,79000,79000
ITM000977,ORD000586,PRD066,1,349000,349000
ITM000978,ORD000587,PRD054,1,549000,549000
ITM000979,ORD000587,PRD169,1,179000,179000
ITM000980,ORD000588,PRD156,1,99000,99000
ITM000981,ORD000588,PRD255,2,179000,358000
ITM000982,ORD000589,PRD066,1,349000,349000
ITM000983,ORD000590,PRD103,1,499000,499000
ITM000984,ORD000591,PRD220,1,329000,329000
ITM000985,ORD000592,PRD104,1,229000,229000
ITM000986,ORD000593,PRD260,1,79000,79000
ITM000987,ORD000594,PRD004,1,199000,199000
ITM000988,ORD000595,PRD131,1,99000,99000
ITM000989,ORD000596,PRD209,2,249000,498000
ITM000990,ORD000597,PRD210,2,249000,498000
ITM000991,ORD000597,PRD100,1,79000,79000
ITM000992,ORD000597,PRD024,2,149000,298000
ITM000993,ORD000598,PRD143,1,329000,329000
ITM000994,ORD000599,PRD250,2,149000,298000
ITM000995,ORD000599,PRD070,1,349000,349000
ITM000996,ORD000600,PRD194,1,119000,119000
ITM000997,ORD000600,PRD252,1,49000,49000
ITM000998,ORD000601,PRD281,1,149000,149000
ITM000999,ORD000601,PRD024,3,149000,447000
ITM001000,ORD000602,PRD267,1,59000,59000
ITM001001,ORD000603,PRD224,1,89000,89000
ITM001002,ORD000604,PRD067,2,549000,1098000
ITM001003,ORD000604,PRD164,1,49000,49000
ITM001004,ORD000605,PRD281,1,149000,149000
ITM001005,ORD000606,PRD197,1,199000,199000
ITM001006,ORD000606,PRD207,1,199000,199000
ITM001007,ORD000607,PRD257,1,59000,59000
ITM001008,ORD000608,PRD121,1,89000,89000
ITM001009,ORD000608,PRD069,1,229000,229000
ITM001010,ORD000608,PRD236,1,59000,59000
ITM001011,ORD000609,PRD220,2,329000,658000
ITM001012,ORD000609,PRD162,2,119000,238000
ITM001013,ORD000610,PRD228,1,399000,399000
ITM001014,ORD000611,PRD299,1,399000,399000
ITM001015,ORD000612,PRD108,1,229000,229000
ITM001016,ORD000612,PRD259,1,599000,599000
ITM001017,ORD000613,PRD093,2,279000,558000
ITM001018,ORD000613,PRD059,2,399000,798000
ITM001019,ORD000614,PRD268,2,599000,1198000
ITM001020,ORD000614,PRD199,2,69000,138000
ITM001021,ORD000615,PRD233,1,49000,49000
ITM001022,ORD000616,PRD156,1,99000,99000
ITM001023,ORD000617,PRD116,1,299000,299000
ITM001024,ORD000617,PRD098,1,299000,299000
ITM001025,ORD000618,PRD163,1,119000,119000
ITM001026,ORD000618,PRD226,1,449000,449000
ITM001027,ORD000618,PRD017,1,149000,149000
ITM001028,ORD000619,PRD054,1,549000,549000
ITM001029,ORD000619,PRD040,1,449000,449000
ITM001030,ORD000620,PRD206,1,59000,59000
ITM001031,ORD000621,PRD231,1,179000,179000
ITM001032,ORD000621,PRD229,2,79000,158000
ITM001033,ORD000621,PRD276,1,329000,329000
ITM001034,ORD000622,PRD119,2,279000,558000
ITM001035,ORD000623,PRD107,1,399000,399000
ITM001036,ORD000623,PRD061,2,599000,1198000
ITM001037,ORD000624,PRD070,2,349000,698000
ITM001038,ORD000624,PRD290,1,279000,279000
ITM001039,ORD000625,PRD127,1,199000,199000
ITM001040,ORD000626,PRD177,1,449000,449000
ITM001041,ORD000626,PRD294,1,229000,229000
ITM001042,ORD000627,PRD049,1,99000,99000
ITM001043,ORD000628,PRD030,1,199000,199000
ITM001044,ORD000629,PRD104,2,229000,458000
ITM001045,ORD000630,PRD097,1,49000,49000
ITM001046,ORD000630,PRD213,1,199000,199000
ITM001047,ORD000631,PRD017,1,149000,149000
ITM001048,ORD000632,PRD217,1,129000,129000
ITM001049,ORD000632,PRD284,1,399000,399000
ITM001050,ORD000633,PRD085,1,129000,129000
ITM001051,ORD000634,PRD027,1,229000,229000
ITM001052,ORD000635,PRD183,2,119000,238000
ITM001053,ORD000635,PRD299,1,399000,399000
ITM001054,ORD000636,PRD281,1,149000,149000
ITM001055,ORD000636,PRD166,1,549000,549000
ITM001056,ORD000637,PRD093,1,279000,279000
ITM001057,ORD000638,PRD043,1,149000,149000
ITM001058,ORD000638,PRD192,1,229000,229000
ITM001059,ORD000639,PRD033,1,199000,199000
ITM001060,ORD000640,PRD271,2,129000,258000
ITM001061,ORD000641,PRD034,1,279000,279000
ITM001062,ORD000642,PRD208,1,329000,329000
ITM001063,ORD000643,PRD102,2,59000,118000
ITM001064,ORD000643,PRD126,1,279000,279000
ITM001065,ORD000644,PRD172,2,59000,118000
ITM001066,ORD000644,PRD010,1,99000,99000
ITM001067,ORD000644,PRD168,1,79000,79000
ITM001068,ORD000645,PRD206,1,59000,59000
ITM001069,ORD000646,PRD025,1,59000,59000
ITM001070,ORD000646,PRD191,1,49000,49000
ITM001071,ORD000647,PRD265,1,329000,329000
ITM001072,ORD000648,PRD096,1,69000,69000
ITM001073,ORD000649,PRD299,3,399000,1197000
ITM001074,ORD000650,PRD183,1,119000,119000
ITM001075,ORD000650,PRD208,1,329000,329000
ITM001076,ORD000650,PRD048,1,69000,69000
ITM001077,ORD000651,PRD262,1,99000,99000
ITM001078,ORD000651,PRD032,1,99000,99000
ITM001079,ORD000652,PRD202,1,249000,249000
ITM001080,ORD000652,PRD223,1,499000,499000
ITM001081,ORD000652,PRD163,1,119000,119000
ITM001082,ORD000653,PRD104,2,229000,458000
ITM001083,ORD000654,PRD215,1,89000,89000
ITM001084,ORD000654,PRD101,1,279000,279000
ITM001085,ORD000655,PRD276,1,329000,329000
ITM001086,ORD000656,PRD257,1,59000,59000
ITM001087,ORD000656,PRD043,2,149000,298000
ITM001088,ORD000656,PRD052,1,399000,399000
ITM001089,ORD000657,PRD003,1,349000,349000
ITM001090,ORD000657,PRD049,1,99000,99000
ITM001091,ORD000657,PRD141,1,449000,449000
ITM001092,ORD000658,PRD101,1,279000,279000
ITM001093,ORD000659,PRD177,1,449000,449000
ITM001094,ORD000659,PRD208,2,329000,658000
ITM001095,ORD000660,PRD041,1,199000,199000
ITM001096,ORD000660,PRD057,1,299000,299000
ITM001097,ORD000660,PRD093,1,279000,279000
ITM001098,ORD000661,PRD200,1,499000,499000
ITM001099,ORD000662,PRD140,3,179000,537000
ITM001100,ORD000663,PRD046,3,199000,597000
ITM001101,ORD000663,PRD032,2,99000,198000
ITM001102,ORD000664,PRD043,1,149000,149000
ITM001103,ORD000664,PRD013,1,149000,149000
ITM001104,ORD000665,PRD017,2,149000,298000
ITM001105,ORD000665,PRD038,1,299000,299000
ITM001106,ORD000666,PRD164,1,49000,49000
ITM001107,ORD000667,PRD247,1,179000,179000
ITM001108,ORD000668,PRD156,1,99000,99000
ITM001109,ORD000668,PRD238,2,499000,998000
ITM001110,ORD000668,PRD003,1,349000,349000
ITM001111,ORD000669,PRD039,1,399000,399000
ITM001112,ORD000669,PRD110,1,199000,199000
ITM001113,ORD000669,PRD224,1,89000,89000
ITM001114,ORD000670,PRD063,1,89000,89000
ITM001115,ORD000670,PRD296,1,149000,149000
ITM001116,ORD000670,PRD147,1,349000,349000
ITM001117,ORD000671,PRD209,1,249000,249000
ITM001118,ORD000672,PRD145,1,229000,229000
ITM001119,ORD000672,PRD250,1,149000,149000
ITM001120,ORD000673,PRD292,3,129000,387000
ITM001121,ORD000674,PRD187,2,49000,98000
ITM001122,ORD000675,PRD196,2,449000,898000
ITM001123,ORD000676,PRD216,1,199000,199000
ITM001124,ORD000676,PRD093,2,279000,558000
ITM001125,ORD000677,PRD052,1,399000,399000
ITM001126,ORD000677,PRD249,1,449000,449000
ITM001127,ORD000677,PRD070,1,349000,349000
ITM001128,ORD000678,PRD275,1,329000,329000
ITM001129,ORD000679,PRD232,1,49000,49000
ITM001130,ORD000679,PRD060,2,549000,1098000
ITM001131,ORD000680,PRD004,1,199000,199000
ITM001132,ORD000680,PRD224,1,89000,89000
ITM001133,ORD000681,PRD013,1,149000,149000
ITM001134,ORD000681,PRD154,2,119000,238000
ITM001135,ORD000681,PRD053,1,49000,49000
ITM001136,ORD000682,PRD210,2,249000,498000
ITM001137,ORD000683,PRD287,1,449000,449000
ITM001138,ORD000684,PRD228,2,399000,798000
ITM001139,ORD000684,PRD129,2,79000,158000
ITM001140,ORD000685,PRD157,1,69000,69000
ITM001141,ORD000685,PRD011,1,149000,149000
ITM001142,ORD000686,PRD279,1,449000,449000
ITM001143,ORD000686,PRD220,1,329000,329000
ITM001144,ORD000687,PRD048,2,69000,138000
ITM001145,ORD000688,PRD205,1,119000,119000
ITM001146,ORD000689,PRD129,1,79000,79000
ITM001147,ORD000690,PRD168,1,79000,79000
ITM001148,ORD000690,PRD274,1,229000,229000
ITM001149,ORD000691,PRD110,1,199000,199000
ITM001150,ORD000692,PRD144,1,59000,59000
ITM001151,ORD000693,PRD072,1,129000,129000
ITM001152,ORD000693,PRD068,1,129000,129000
ITM001153,ORD000693,PRD014,1,449000,449000
ITM001154,ORD000694,PRD203,2,59000,118000
ITM001155,ORD000694,PRD114,2,199000,398000
ITM001156,ORD000694,PRD065,3,249000,747000
ITM001157,ORD000695,PRD025,1,59000,59000
ITM001158,ORD000695,PRD055,1,129000,129000
ITM001159,ORD000696,PRD193,1,179000,179000
ITM001160,ORD000697,PRD231,1,179000,179000
ITM001161,ORD000698,PRD198,1,149000,149000
ITM001162,ORD000699,PRD061,2,599000,1198000
ITM001163,ORD000699,PRD152,1,59000,59000
ITM001164,ORD000700,PRD091,1,69000,69000
ITM001165,ORD000701,PRD029,1,499000,499000
ITM001166,ORD000702,PRD245,1,129000,129000
ITM001167,ORD000702,PRD219,1,229000,229000
ITM001168,ORD000703,PRD255,1,179000,179000
ITM001169,ORD000704,PRD290,2,279000,558000
ITM001170,ORD000704,PRD077,1,329000,329000
ITM001171,ORD000705,PRD275,1,329000,329000
ITM001172,ORD000705,PRD133,1,399000,399000
ITM001173,ORD000706,PRD016,2,89000,178000
ITM001174,ORD000706,PRD199,1,69000,69000
ITM001175,ORD000707,PRD144,1,59000,59000
ITM001176,ORD000708,PRD219,1,229000,229000
ITM001177,ORD000708,PRD082,2,229000,458000
ITM001178,ORD000709,PRD291,1,499000,499000
ITM001179,ORD000710,PRD119,1,279000,279000
ITM001180,ORD000711,PRD191,2,49000,98000
ITM001181,ORD000712,PRD071,1,99000,99000
ITM001182,ORD000713,PRD074,2,449000,898000
ITM001183,ORD000714,PRD209,1,249000,249000
ITM001184,ORD000715,PRD026,1,179000,179000
ITM001185,ORD000715,PRD266,1,299000,299000
ITM001186,ORD000715,PRD150,1,89000,89000
ITM001187,ORD000716,PRD208,1,329000,329000
ITM001188,ORD000716,PRD256,1,49000,49000
ITM001189,ORD000717,PRD013,3,149000,447000
ITM001190,ORD000717,PRD288,2,99000,198000
ITM001191,ORD000718,PRD001,1,599000,599000
ITM001192,ORD000718,PRD040,1,449000,449000
ITM001193,ORD000719,PRD019,1,119000,119000
ITM001194,ORD000719,PRD147,1,349000,349000
ITM001195,ORD000720,PRD053,1,49000,49000
ITM001196,ORD000720,PRD141,1,449000,449000
ITM001197,ORD000721,PRD057,1,299000,299000
ITM001198,ORD000722,PRD287,1,449000,449000
ITM001199,ORD000722,PRD105,1,199000,199000
ITM001200,ORD000723,PRD267,1,59000,59000
ITM001201,ORD000724,PRD179,1,399000,399000
ITM001202,ORD000724,PRD217,1,129000,129000
ITM001203,ORD000725,PRD073,1,79000,79000
ITM001204,ORD000726,PRD107,2,399000,798000
ITM001205,ORD000726,PRD003,2,349000,698000
ITM001206,ORD000727,PRD036,1,299000,299000
ITM001207,ORD000728,PRD098,1,299000,299000
ITM001208,ORD000728,PRD004,1,199000,199000
ITM001209,ORD000729,PRD244,1,49000,49000
ITM001210,ORD000730,PRD001,2,599000,1198000
ITM001211,ORD000731,PRD027,1,229000,229000
ITM001212,ORD000731,PRD179,1,399000,399000
ITM001213,ORD000732,PRD297,1,349000,349000
ITM001214,ORD000733,PRD194,2,119000,238000
ITM001215,ORD000733,PRD269,1,329000,329000
ITM001216,ORD000734,PRD101,1,279000,279000
ITM001217,ORD000734,PRD235,3,59000,177000
ITM001218,ORD000735,PRD026,2,179000,358000
ITM001219,ORD000736,PRD017,1,149000,149000
ITM001220,ORD000737,PRD252,2,49000,98000
ITM001221,ORD000738,PRD212,2,499000,998000
ITM001222,ORD000738,PRD199,1,69000,69000
ITM001223,ORD000739,PRD202,1,249000,249000
ITM001224,ORD000740,PRD194,1,119000,119000
ITM001225,ORD000740,PRD009,1,499000,499000
ITM001226,ORD000741,PRD121,1,89000,89000
ITM001227,ORD000742,PRD020,1,59000,59000
ITM001228,ORD000743,PRD023,1,149000,149000
ITM001229,ORD000743,PRD089,3,149000,447000
ITM001230,ORD000744,PRD228,1,399000,399000
ITM001231,ORD000744,PRD214,1,549000,549000
ITM001232,ORD000745,PRD179,1,399000,399000
ITM001233,ORD000745,PRD293,1,249000,249000
ITM001234,ORD000746,PRD179,1,399000,399000
ITM001235,ORD000747,PRD072,1,129000,129000
ITM001236,ORD000748,PRD054,2,549000,1098000
ITM001237,ORD000748,PRD208,1,329000,329000
ITM001238,ORD000749,PRD222,2,179000,358000
ITM001239,ORD000749,PRD279,1,449000,449000
ITM001240,ORD000749,PRD270,1,349000,349000
ITM001241,ORD000750,PRD264,2,79000,158000
ITM001242,ORD000751,PRD276,3,329000,987000
ITM001243,ORD000752,PRD166,3,549000,1647000
ITM001244,ORD000753,PRD038,2,299000,598000
ITM001245,ORD000754,PRD072,1,129000,129000
ITM001246,ORD000754,PRD181,1,279000,279000
ITM001247,ORD000754,PRD203,1,59000,59000
ITM001248,ORD000755,PRD093,1,279000,279000
ITM001249,ORD000756,PRD077,1,329000,329000
ITM001250,ORD000757,PRD209,1,249000,249000
ITM001251,ORD000757,PRD108,1,229000,229000
ITM001252,ORD000757,PRD061,1,599000,599000
ITM001253,ORD000758,PRD232,1,49000,49000
ITM001254,ORD000758,PRD187,2,49000,98000
ITM001255,ORD000759,PRD209,1,249000,249000
ITM001256,ORD000760,PRD034,1,279000,279000
ITM001257,ORD000761,PRD288,1,99000,99000
ITM001258,ORD000761,PRD118,2,349000,698000
ITM001259,ORD000762,PRD016,2,89000,178000
ITM001260,ORD000763,PRD288,1,99000,99000
ITM001261,ORD000763,PRD112,1,249000,249000
ITM001262,ORD000764,PRD017,1,149000,149000
ITM001263,ORD000765,PRD101,1,279000,279000
ITM001264,ORD000765,PRD291,1,499000,499000
ITM001265,ORD000766,PRD180,1,279000,279000
ITM001266,ORD000767,PRD238,1,499000,499000
ITM001267,ORD000768,PRD052,1,399000,399000
ITM001268,ORD000769,PRD094,1,89000,89000
ITM001269,ORD000769,PRD177,1,449000,449000
ITM001270,ORD000770,PRD042,1,449000,449000
ITM001271,ORD000770,PRD300,1,149000,149000
ITM001272,ORD000770,PRD119,1,279000,279000
ITM001273,ORD000771,PRD096,1,69000,69000
ITM001274,ORD000772,PRD086,2,329000,658000
ITM001275,ORD000772,PRD218,1,199000,199000
ITM001276,ORD000772,PRD132,1,229000,229000
ITM001277,ORD000773,PRD221,1,119000,119000
ITM001278,ORD000774,PRD277,1,129000,129000
ITM001279,ORD000775,PRD118,2,349000,698000
ITM001280,ORD000776,PRD190,1,129000,129000
ITM001281,ORD000777,PRD190,1,129000,129000
ITM001282,ORD000778,PRD267,1,59000,59000
ITM001283,ORD000778,PRD104,2,229000,458000
ITM001284,ORD000778,PRD154,1,119000,119000
ITM001285,ORD000779,PRD076,1,199000,199000
ITM001286,ORD000780,PRD043,1,149000,149000
ITM001287,ORD000781,PRD227,1,99000,99000
ITM001288,ORD000781,PRD112,1,249000,249000
ITM001289,ORD000782,PRD042,1,449000,449000
ITM001290,ORD000782,PRD192,1,229000,229000
ITM001291,ORD000782,PRD101,1,279000,279000
ITM001292,ORD000783,PRD159,1,89000,89000
ITM001293,ORD000783,PRD178,1,249000,249000
ITM001294,ORD000783,PRD029,1,499000,499000
ITM001295,ORD000784,PRD179,1,399000,399000
ITM001296,ORD000784,PRD153,1,179000,179000
ITM001297,ORD000785,PRD037,1,149000,149000
ITM001298,ORD000786,PRD281,1,149000,149000
ITM001299,ORD000786,PRD087,1,399000,399000
ITM001300,ORD000787,PRD045,3,49000,147000
ITM001301,ORD000787,PRD246,1,399000,399000
ITM001302,ORD000788,PRD042,1,449000,449000
ITM001303,ORD000789,PRD273,1,179000,179000
ITM001304,ORD000789,PRD165,1,129000,129000
ITM001305,ORD000790,PRD242,1,449000,449000
ITM001306,ORD000791,PRD257,2,59000,118000
ITM001307,ORD000791,PRD213,2,199000,398000
ITM001308,ORD000792,PRD051,1,399000,399000
ITM001309,ORD000793,PRD148,3,449000,1347000
ITM001310,ORD000793,PRD195,1,149000,149000
ITM001311,ORD000794,PRD050,1,89000,89000
ITM001312,ORD000795,PRD014,2,449000,898000
ITM001313,ORD000796,PRD015,1,449000,449000
ITM001314,ORD000797,PRD059,2,399000,798000
ITM001315,ORD000797,PRD086,1,329000,329000
ITM001316,ORD000797,PRD248,1,299000,299000
ITM001317,ORD000798,PRD064,1,449000,449000
ITM001318,ORD000799,PRD267,2,59000,118000
ITM001319,ORD000799,PRD130,1,229000,229000
ITM001320,ORD000800,PRD183,1,119000,119000
ITM001321,ORD000800,PRD265,1,329000,329000
ITM001322,ORD000800,PRD049,1,99000,99000
ITM001323,ORD000801,PRD049,2,99000,198000
ITM001324,ORD000801,PRD209,1,249000,249000
ITM001325,ORD000801,PRD103,1,499000,499000
ITM001326,ORD000802,PRD288,1,99000,99000
ITM001327,ORD000803,PRD107,1,399000,399000
ITM001328,ORD000804,PRD124,1,179000,179000
ITM001329,ORD000804,PRD040,1,449000,449000
ITM001330,ORD000804,PRD241,1,79000,79000
ITM001331,ORD000805,PRD258,1,129000,129000
ITM001332,ORD000805,PRD116,1,299000,299000
ITM001333,ORD000806,PRD079,1,499000,499000
ITM001334,ORD000807,PRD131,2,99000,198000
ITM001335,ORD000807,PRD253,2,399000,798000
ITM001336,ORD000808,PRD134,1,129000,129000
ITM001337,ORD000808,PRD184,2,199000,398000
ITM001338,ORD000809,PRD241,1,79000,79000
ITM001339,ORD000809,PRD205,1,119000,119000
ITM001340,ORD000810,PRD143,2,329000,658000
ITM001341,ORD000811,PRD106,1,99000,99000
ITM001342,ORD000812,PRD093,1,279000,279000
ITM001343,ORD000812,PRD157,1,69000,69000
ITM001344,ORD000812,PRD068,1,129000,129000
ITM001345,ORD000813,PRD095,1,89000,89000
ITM001346,ORD000813,PRD121,2,89000,178000
ITM001347,ORD000813,PRD223,1,499000,499000
ITM001348,ORD000814,PRD081,1,229000,229000
ITM001349,ORD000814,PRD144,2,59000,118000
ITM001350,ORD000815,PRD005,1,599000,599000
ITM001351,ORD000815,PRD295,1,229000,229000
ITM001352,ORD000815,PRD146,1,329000,329000
ITM001353,ORD000816,PRD029,1,499000,499000
ITM001354,ORD000816,PRD261,1,279000,279000
ITM001355,ORD000816,PRD092,2,69000,138000
ITM001356,ORD000817,PRD090,1,49000,49000
ITM001357,ORD000818,PRD129,1,79000,79000
ITM001358,ORD000819,PRD002,1,329000,329000
ITM001359,ORD000820,PRD107,1,399000,399000
ITM001360,ORD000821,PRD091,2,69000,138000
ITM001361,ORD000821,PRD197,2,199000,398000
ITM001362,ORD000822,PRD287,2,449000,898000
ITM001363,ORD000822,PRD268,3,599000,1797000
ITM001364,ORD000823,PRD050,2,89000,178000
ITM001365,ORD000824,PRD070,1,349000,349000
ITM001366,ORD000825,PRD276,1,329000,329000
ITM001367,ORD000826,PRD134,1,129000,129000
ITM001368,ORD000827,PRD201,1,119000,119000
ITM001369,ORD000828,PRD134,2,129000,258000
ITM001370,ORD000828,PRD289,1,79000,79000
ITM001371,ORD000829,PRD009,2,499000,998000
ITM001372,ORD000829,PRD172,1,59000,59000
ITM001373,ORD000830,PRD275,1,329000,329000
ITM001374,ORD000831,PRD252,1,49000,49000
ITM001375,ORD000832,PRD209,2,249000,498000
ITM001376,ORD000832,PRD287,1,449000,449000
ITM001377,ORD000833,PRD107,1,399000,399000
ITM001378,ORD000834,PRD100,1,79000,79000
ITM001379,ORD000835,PRD037,1,149000,149000
ITM001380,ORD000836,PRD229,1,79000,79000
ITM001381,ORD000837,PRD022,1,299000,299000
ITM001382,ORD000838,PRD123,2,89000,178000
ITM001383,ORD000838,PRD147,1,349000,349000
ITM001384,ORD000839,PRD244,1,49000,49000
ITM001385,ORD000840,PRD107,1,399000,399000
ITM001386,ORD000840,PRD031,1,69000,69000
ITM001387,ORD000841,PRD269,3,329000,987000
ITM001388,ORD000842,PRD017,1,149000,149000
ITM001389,ORD000843,PRD158,3,599000,1797000
ITM001390,ORD000843,PRD300,1,149000,149000
ITM001391,ORD000844,PRD281,1,149000,149000
ITM001392,ORD000845,PRD048,1,69000,69000
ITM001393,ORD000846,PRD197,1,199000,199000
ITM001394,ORD000846,PRD281,1,149000,149000
ITM001395,ORD000846,PRD076,1,199000,199000
ITM001396,ORD000847,PRD093,1,279000,279000
ITM001397,ORD000848,PRD035,1,399000,399000
ITM001398,ORD000849,PRD174,1,69000,69000
ITM001399,ORD000849,PRD086,1,329000,329000
ITM001400,ORD000850,PRD259,1,599000,599000
ITM001401,ORD000851,PRD188,1,69000,69000
ITM001402,ORD000852,PRD270,2,349000,698000
ITM001403,ORD000853,PRD039,3,399000,1197000
ITM001404,ORD000853,PRD088,1,199000,199000
ITM001405,ORD000854,PRD273,2,179000,358000
ITM001406,ORD000855,PRD133,1,399000,399000
ITM001407,ORD000856,PRD027,1,229000,229000
ITM001408,ORD000856,PRD053,1,49000,49000
ITM001409,ORD000857,PRD028,3,299000,897000
ITM001410,ORD000858,PRD209,1,249000,249000
ITM001411,ORD000858,PRD185,1,599000,599000
ITM001412,ORD000859,PRD286,1,49000,49000
ITM001413,ORD000860,PRD053,1,49000,49000
ITM001414,ORD000860,PRD012,1,599000,599000
ITM001415,ORD000861,PRD270,1,349000,349000
ITM001416,ORD000861,PRD068,1,129000,129000
ITM001417,ORD000862,PRD206,2,59000,118000
ITM001418,ORD000862,PRD088,1,199000,199000
ITM001419,ORD000862,PRD196,1,449000,449000
ITM001420,ORD000863,PRD181,1,279000,279000
ITM001421,ORD000863,PRD253,1,399000,399000
ITM001422,ORD000864,PRD253,1,399000,399000
ITM001423,ORD000865,PRD263,2,89000,178000
ITM001424,ORD000866,PRD089,1,149000,149000
ITM001425,ORD000866,PRD094,1,89000,89000
ITM001426,ORD000867,PRD300,1,149000,149000
ITM001427,ORD000867,PRD259,1,599000,599000
ITM001428,ORD000868,PRD261,2,279000,558000
ITM001429,ORD000869,PRD066,2,349000,698000
ITM001430,ORD000870,PRD041,2,199000,398000
ITM001431,ORD000871,PRD166,1,549000,549000
ITM001432,ORD000871,PRD126,3,279000,837000
ITM001433,ORD000872,PRD226,1,449000,449000
ITM001434,ORD000873,PRD005,2,599000,1198000
ITM001435,ORD000874,PRD274,1,229000,229000
ITM001436,ORD000874,PRD096,1,69000,69000
ITM001437,ORD000874,PRD082,1,229000,229000
ITM001438,ORD000875,PRD217,2,129000,258000
ITM001439,ORD000875,PRD249,1,449000,449000
ITM001440,ORD000876,PRD244,1,49000,49000
ITM001441,ORD000876,PRD172,1,59000,59000
ITM001442,ORD000876,PRD076,1,199000,199000
ITM001443,ORD000877,PRD276,1,329000,329000
ITM001444,ORD000878,PRD166,2,549000,1098000
ITM001445,ORD000879,PRD037,2,149000,298000
ITM001446,ORD000879,PRD184,1,199000,199000
ITM001447,ORD000880,PRD259,2,599000,1198000
ITM001448,ORD000881,PRD065,1,249000,249000
ITM001449,ORD000882,PRD224,3,89000,267000
ITM001450,ORD000882,PRD026,2,179000,358000
ITM001451,ORD000883,PRD124,1,179000,179000
ITM001452,ORD000884,PRD300,1,149000,149000
ITM001453,ORD000885,PRD154,1,119000,119000
ITM001454,ORD000886,PRD183,3,119000,357000
ITM001455,ORD000887,PRD046,1,199000,199000
ITM001456,ORD000887,PRD082,1,229000,229000
ITM001457,ORD000888,PRD176,1,599000,599000
ITM001458,ORD000888,PRD043,2,149000,298000
ITM001459,ORD000888,PRD289,1,79000,79000
ITM001460,ORD000889,PRD052,1,399000,399000
ITM001461,ORD000890,PRD195,2,149000,298000
ITM001462,ORD000891,PRD222,1,179000,179000
ITM001463,ORD000892,PRD028,1,299000,299000
ITM001464,ORD000892,PRD250,2,149000,298000
ITM001465,ORD000893,PRD237,2,199000,398000
ITM001466,ORD000893,PRD233,2,49000,98000
ITM001467,ORD000894,PRD257,1,59000,59000
ITM001468,ORD000895,PRD161,1,179000,179000
ITM001469,ORD000896,PRD250,2,149000,298000
ITM001470,ORD000896,PRD186,1,129000,129000
ITM001471,ORD000897,PRD155,1,499000,499000
ITM001472,ORD000897,PRD228,1,399000,399000
ITM001473,ORD000898,PRD126,1,279000,279000
ITM001474,ORD000898,PRD149,1,549000,549000
ITM001475,ORD000899,PRD199,1,69000,69000
ITM001476,ORD000900,PRD279,1,449000,449000
ITM001477,ORD000901,PRD122,2,119000,238000
ITM001478,ORD000901,PRD282,2,149000,298000
ITM001479,ORD000902,PRD270,1,349000,349000
ITM001480,ORD000903,PRD100,1,79000,79000
ITM001481,ORD000904,PRD116,1,299000,299000
ITM001482,ORD000904,PRD161,2,179000,358000
ITM001483,ORD000905,PRD006,1,119000,119000
ITM001484,ORD000905,PRD027,1,229000,229000
ITM001485,ORD000905,PRD234,1,199000,199000
ITM001486,ORD000906,PRD122,2,119000,238000
ITM001487,ORD000906,PRD242,2,449000,898000
ITM001488,ORD000907,PRD066,3,349000,1047000
ITM001489,ORD000908,PRD280,1,229000,229000
ITM001490,ORD000909,PRD110,1,199000,199000
ITM001491,ORD000909,PRD093,1,279000,279000
ITM001492,ORD000909,PRD192,1,229000,229000
ITM001493,ORD000910,PRD074,1,449000,449000
ITM001494,ORD000910,PRD030,2,199000,398000
ITM001495,ORD000911,PRD255,2,179000,358000
ITM001496,ORD000912,PRD095,1,89000,89000
ITM001497,ORD000913,PRD294,1,229000,229000
ITM001498,ORD000914,PRD248,1,299000,299000
ITM001499,ORD000915,PRD200,2,499000,998000
ITM001500,ORD000916,PRD206,1,59000,59000
ITM001501,ORD000916,PRD019,2,119000,238000
ITM001502,ORD000917,PRD118,1,349000,349000
ITM001503,ORD000917,PRD153,2,179000,358000
ITM001504,ORD000918,PRD204,3,69000,207000
ITM001505,ORD000919,PRD175,3,279000,837000
ITM001506,ORD000920,PRD006,1,119000,119000
ITM001507,ORD000921,PRD003,1,349000,349000
ITM001508,ORD000921,PRD210,1,249000,249000
ITM001509,ORD000922,PRD084,1,69000,69000
ITM001510,ORD000923,PRD113,2,499000,998000
ITM001511,ORD000923,PRD174,2,69000,138000
ITM001512,ORD000924,PRD294,1,229000,229000
ITM001513,ORD000924,PRD156,2,99000,198000
ITM001514,ORD000924,PRD038,1,299000,299000
ITM001515,ORD000925,PRD060,1,549000,549000
ITM001516,ORD000925,PRD286,2,49000,98000
ITM001517,ORD000926,PRD233,2,49000,98000
ITM001518,ORD000926,PRD120,1,89000,89000
ITM001519,ORD000927,PRD256,2,49000,98000
ITM001520,ORD000928,PRD060,1,549000,549000
ITM001521,ORD000928,PRD278,1,499000,499000
ITM001522,ORD000929,PRD245,1,129000,129000
ITM001523,ORD000929,PRD212,1,499000,499000
ITM001524,ORD000929,PRD061,3,599000,1797000
ITM001525,ORD000930,PRD234,1,199000,199000
ITM001526,ORD000930,PRD078,1,99000,99000
ITM001527,ORD000931,PRD214,1,549000,549000
ITM001528,ORD000932,PRD018,2,299000,598000
ITM001529,ORD000932,PRD227,2,99000,198000
ITM001530,ORD000933,PRD228,1,399000,399000
ITM001531,ORD000934,PRD277,3,129000,387000
ITM001532,ORD000935,PRD118,1,349000,349000
ITM001533,ORD000935,PRD130,1,229000,229000
ITM001534,ORD000936,PRD067,1,549000,549000
ITM001535,ORD000937,PRD196,2,449000,898000
ITM001536,ORD000938,PRD086,1,329000,329000
ITM001537,ORD000939,PRD016,1,89000,89000
ITM001538,ORD000940,PRD087,2,399000,798000
ITM001539,ORD000940,PRD063,2,89000,178000
ITM001540,ORD000940,PRD128,1,279000,279000
ITM001541,ORD000941,PRD277,1,129000,129000
ITM001542,ORD000941,PRD242,2,449000,898000
ITM001543,ORD000942,PRD296,1,149000,149000
ITM001544,ORD000943,PRD270,1,349000,349000
ITM001545,ORD000944,PRD140,1,179000,179000
ITM001546,ORD000945,PRD051,1,399000,399000
ITM001547,ORD000945,PRD183,1,119000,119000
ITM001548,ORD000946,PRD097,1,49000,49000
ITM001549,ORD000946,PRD104,3,229000,687000
ITM001550,ORD000947,PRD133,1,399000,399000
ITM001551,ORD000947,PRD172,1,59000,59000
ITM001552,ORD000948,PRD055,1,129000,129000
ITM001553,ORD000949,PRD181,1,279000,279000
ITM001554,ORD000950,PRD053,1,49000,49000
ITM001555,ORD000950,PRD176,2,599000,1198000
ITM001556,ORD000951,PRD239,1,179000,179000
ITM001557,ORD000952,PRD198,1,149000,149000
ITM001558,ORD000953,PRD231,1,179000,179000
ITM001559,ORD000953,PRD121,1,89000,89000
ITM001560,ORD000953,PRD223,1,499000,499000
ITM001561,ORD000954,PRD193,1,179000,179000
ITM001562,ORD000955,PRD274,1,229000,229000
ITM001563,ORD000956,PRD034,1,279000,279000
ITM001564,ORD000957,PRD079,2,499000,998000
ITM001565,ORD000958,PRD059,2,399000,798000
ITM001566,ORD000959,PRD268,1,599000,599000
ITM001567,ORD000959,PRD137,1,119000,119000
ITM001568,ORD000960,PRD166,1,549000,549000
ITM001569,ORD000960,PRD214,2,549000,1098000
ITM001570,ORD000961,PRD155,1,499000,499000
ITM001571,ORD000961,PRD239,1,179000,179000
ITM001572,ORD000961,PRD121,1,89000,89000
ITM001573,ORD000962,PRD232,1,49000,49000
ITM001574,ORD000963,PRD032,1,99000,99000
ITM001575,ORD000964,PRD010,1,99000,99000
ITM001576,ORD000965,PRD102,1,59000,59000
ITM001577,ORD000966,PRD107,3,399000,1197000
ITM001578,ORD000966,PRD026,1,179000,179000
ITM001579,ORD000966,PRD093,1,279000,279000
ITM001580,ORD000967,PRD166,2,549000,1098000
ITM001581,ORD000968,PRD137,1,119000,119000
ITM001582,ORD000969,PRD081,2,229000,458000
ITM001583,ORD000969,PRD191,2,49000,98000
ITM001584,ORD000970,PRD179,1,399000,399000
ITM001585,ORD000970,PRD115,1,399000,399000
ITM001586,ORD000970,PRD159,2,89000,178000
ITM001587,ORD000971,PRD264,1,79000,79000
ITM001588,ORD000972,PRD187,1,49000,49000
ITM001589,ORD000972,PRD222,1,179000,179000
ITM001590,ORD000973,PRD184,1,199000,199000
ITM001591,ORD000973,PRD216,1,199000,199000
ITM001592,ORD000974,PRD214,2,549000,1098000
ITM001593,ORD000974,PRD050,1,89000,89000
ITM001594,ORD000975,PRD059,1,399000,399000
ITM001595,ORD000975,PRD198,1,149000,149000
ITM001596,ORD000975,PRD125,3,279000,837000
ITM001597,ORD000976,PRD196,1,449000,449000
ITM001598,ORD000977,PRD001,1,599000,599000
ITM001599,ORD000978,PRD115,1,399000,399000
ITM001600,ORD000979,PRD292,1,129000,129000
ITM001601,ORD000979,PRD191,1,49000,49000
ITM001602,ORD000980,PRD264,1,79000,79000
ITM001603,ORD000981,PRD188,2,69000,138000
ITM001604,ORD000982,PRD179,1,399000,399000
ITM001605,ORD000983,PRD254,1,299000,299000
ITM001606,ORD000984,PRD030,1,199000,199000
ITM001607,ORD000985,PRD282,1,149000,149000
ITM001608,ORD000985,PRD107,1,399000,399000
ITM001609,ORD000986,PRD128,1,279000,279000
ITM001610,ORD000986,PRD270,1,349000,349000
ITM001611,ORD000987,PRD225,3,399000,1197000
ITM001612,ORD000988,PRD194,1,119000,119000
ITM001613,ORD000989,PRD240,1,69000,69000
ITM001614,ORD000990,PRD085,2,129000,258000
ITM001615,ORD000990,PRD260,1,79000,79000
ITM001616,ORD000991,PRD018,1,299000,299000
ITM001617,ORD000992,PRD080,1,329000,329000
ITM001618,ORD000993,PRD188,1,69000,69000
ITM001619,ORD000994,PRD063,1,89000,89000
ITM001620,ORD000995,PRD065,2,249000,498000
ITM001621,ORD000995,PRD162,1,119000,119000
ITM001622,ORD000996,PRD113,1,499000,499000
ITM001623,ORD000996,PRD135,1,149000,149000
ITM001624,ORD000996,PRD041,1,199000,199000
ITM001625,ORD000997,PRD002,1,329000,329000
ITM001626,ORD000997,PRD159,1,89000,89000
ITM001627,ORD000998,PRD036,1,299000,299000
ITM001628,ORD000998,PRD012,1,599000,599000
ITM001629,ORD000999,PRD028,1,299000,299000
ITM001630,ORD001000,PRD118,1,349000,349000
ITM001631,ORD001000,PRD202,3,249000,747000
ITM001632,ORD001001,PRD285,1,499000,499000
ITM001633,ORD001002,PRD049,1,99000,99000
ITM001634,ORD001003,PRD299,2,399000,798000
ITM001635,ORD001004,PRD234,2,199000,398000
ITM001636,ORD001005,PRD019,1,119000,119000
ITM001637,ORD001005,PRD228,1,399000,399000
ITM001638,ORD001006,PRD138,1,79000,79000
ITM001639,ORD001006,PRD147,3,349000,1047000
ITM001640,ORD001006,PRD151,1,249000,249000
ITM001641,ORD001007,PRD176,1,599000,599000
ITM001642,ORD001007,PRD192,3,229000,687000
ITM001643,ORD001007,PRD083,1,49000,49000
ITM001644,ORD001008,PRD207,3,199000,597000
ITM001645,ORD001009,PRD219,1,229000,229000
ITM001646,ORD001010,PRD079,1,499000,499000
ITM001647,ORD001010,PRD246,1,399000,399000
ITM001648,ORD001010,PRD199,1,69000,69000
ITM001649,ORD001011,PRD287,1,449000,449000
ITM001650,ORD001012,PRD286,2,49000,98000
ITM001651,ORD001012,PRD097,1,49000,49000
ITM001652,ORD001013,PRD185,1,599000,599000
ITM001653,ORD001013,PRD249,2,449000,898000
ITM001654,ORD001014,PRD078,1,99000,99000
ITM001655,ORD001014,PRD186,1,129000,129000
ITM001656,ORD001015,PRD057,1,299000,299000
ITM001657,ORD001015,PRD029,1,499000,499000
ITM001658,ORD001016,PRD285,1,499000,499000
ITM001659,ORD001017,PRD288,1,99000,99000
ITM001660,ORD001017,PRD208,1,329000,329000
ITM001661,ORD001017,PRD245,1,129000,129000
ITM001662,ORD001018,PRD215,1,89000,89000
ITM001663,ORD001018,PRD036,1,299000,299000
ITM001664,ORD001018,PRD071,3,99000,297000
ITM001665,ORD001019,PRD115,2,399000,798000
ITM001666,ORD001020,PRD212,1,499000,499000
ITM001667,ORD001020,PRD237,1,199000,199000
ITM001668,ORD001021,PRD206,2,59000,118000
ITM001669,ORD001022,PRD096,2,69000,138000
ITM001670,ORD001022,PRD161,1,179000,179000
ITM001671,ORD001022,PRD095,1,89000,89000
ITM001672,ORD001023,PRD114,1,199000,199000
ITM001673,ORD001024,PRD029,2,499000,998000
ITM001674,ORD001025,PRD009,3,499000,1497000
ITM001675,ORD001025,PRD137,3,119000,357000
ITM001676,ORD001026,PRD275,2,329000,658000
ITM001677,ORD001027,PRD184,2,199000,398000
ITM001678,ORD001027,PRD251,1,129000,129000
ITM001679,ORD001028,PRD112,1,249000,249000
ITM001680,ORD001029,PRD106,2,99000,198000
ITM001681,ORD001029,PRD107,1,399000,399000
ITM001682,ORD001029,PRD016,1,89000,89000
ITM001683,ORD001030,PRD115,2,399000,798000
ITM001684,ORD001030,PRD088,1,199000,199000
ITM001685,ORD001031,PRD279,1,449000,449000
ITM001686,ORD001031,PRD179,1,399000,399000
ITM001687,ORD001031,PRD077,1,329000,329000
ITM001688,ORD001032,PRD221,2,119000,238000
ITM001689,ORD001033,PRD042,1,449000,449000
ITM001690,ORD001034,PRD232,1,49000,49000
ITM001691,ORD001035,PRD102,1,59000,59000
ITM001692,ORD001035,PRD234,1,199000,199000
ITM001693,ORD001036,PRD219,1,229000,229000
ITM001694,ORD001036,PRD198,1,149000,149000
ITM001695,ORD001036,PRD286,1,49000,49000
ITM001696,ORD001037,PRD280,1,229000,229000
ITM001697,ORD001038,PRD088,1,199000,199000
ITM001698,ORD001039,PRD213,1,199000,199000
ITM001699,ORD001039,PRD051,2,399000,798000
ITM001700,ORD001040,PRD234,1,199000,199000
ITM001701,ORD001041,PRD102,1,59000,59000
ITM001702,ORD001041,PRD187,1,49000,49000
ITM001703,ORD001042,PRD043,3,149000,447000
ITM001704,ORD001043,PRD035,2,399000,798000
ITM001705,ORD001043,PRD159,1,89000,89000
ITM001706,ORD001044,PRD181,1,279000,279000
ITM001707,ORD001045,PRD010,2,99000,198000
ITM001708,ORD001045,PRD157,1,69000,69000
ITM001709,ORD001046,PRD183,1,119000,119000
ITM001710,ORD001046,PRD272,2,249000,498000
ITM001711,ORD001046,PRD293,2,249000,498000
ITM001712,ORD001047,PRD140,1,179000,179000
ITM001713,ORD001047,PRD235,1,59000,59000
ITM001714,ORD001048,PRD246,2,399000,798000
ITM001715,ORD001048,PRD296,2,149000,298000
ITM001716,ORD001049,PRD181,1,279000,279000
ITM001717,ORD001049,PRD075,1,499000,499000
ITM001718,ORD001049,PRD263,2,89000,178000
ITM001719,ORD001050,PRD027,1,229000,229000
ITM001720,ORD001050,PRD292,1,129000,129000
ITM001721,ORD001051,PRD159,2,89000,178000
ITM001722,ORD001051,PRD142,1,199000,199000
ITM001723,ORD001051,PRD057,1,299000,299000
ITM001724,ORD001052,PRD291,1,499000,499000
ITM001725,ORD001052,PRD056,2,229000,458000
ITM001726,ORD001052,PRD201,1,119000,119000
ITM001727,ORD001053,PRD255,1,179000,179000
ITM001728,ORD001053,PRD169,3,179000,537000
ITM001729,ORD001054,PRD227,1,99000,99000
ITM001730,ORD001055,PRD299,1,399000,399000
ITM001731,ORD001056,PRD096,1,69000,69000
ITM001732,ORD001056,PRD115,3,399000,1197000
ITM001733,ORD001057,PRD028,1,299000,299000
ITM001734,ORD001058,PRD161,1,179000,179000
ITM001735,ORD001058,PRD189,1,399000,399000
ITM001736,ORD001059,PRD185,2,599000,1198000
ITM001737,ORD001059,PRD289,2,79000,158000
ITM001738,ORD001059,PRD141,1,449000,449000
ITM001739,ORD001060,PRD208,1,329000,329000
ITM001740,ORD001061,PRD003,2,349000,698000
ITM001741,ORD001062,PRD160,1,79000,79000
ITM001742,ORD001062,PRD111,1,449000,449000
ITM001743,ORD001063,PRD205,1,119000,119000
ITM001744,ORD001063,PRD290,1,279000,279000
ITM001745,ORD001064,PRD012,1,599000,599000
ITM001746,ORD001065,PRD029,1,499000,499000
ITM001747,ORD001066,PRD283,1,249000,249000
ITM001748,ORD001066,PRD100,2,79000,158000
ITM001749,ORD001067,PRD173,1,249000,249000
ITM001750,ORD001068,PRD144,1,59000,59000
ITM001751,ORD001069,PRD075,1,499000,499000
ITM001752,ORD001069,PRD032,1,99000,99000
ITM001753,ORD001070,PRD150,1,89000,89000
ITM001754,ORD001070,PRD133,1,399000,399000
ITM001755,ORD001071,PRD136,1,119000,119000
ITM001756,ORD001072,PRD275,1,329000,329000
ITM001757,ORD001073,PRD264,1,79000,79000
ITM001758,ORD001074,PRD037,1,149000,149000
ITM001759,ORD001074,PRD194,1,119000,119000
ITM001760,ORD001074,PRD132,1,229000,229000
ITM001761,ORD001075,PRD206,1,59000,59000
ITM001762,ORD001076,PRD135,1,149000,149000
ITM001763,ORD001076,PRD069,1,229000,229000
ITM001764,ORD001077,PRD134,1,129000,129000
ITM001765,ORD001077,PRD285,1,499000,499000
ITM001766,ORD001078,PRD240,1,69000,69000
ITM001767,ORD001079,PRD195,1,149000,149000
ITM001768,ORD001080,PRD055,1,129000,129000
ITM001769,ORD001081,PRD118,1,349000,349000
ITM001770,ORD001081,PRD090,1,49000,49000
ITM001771,ORD001082,PRD171,2,129000,258000
ITM001772,ORD001082,PRD118,1,349000,349000
ITM001773,ORD001083,PRD133,1,399000,399000
ITM001774,ORD001083,PRD085,1,129000,129000
ITM001775,ORD001084,PRD228,2,399000,798000
ITM001776,ORD001084,PRD217,1,129000,129000
ITM001777,ORD001085,PRD046,2,199000,398000
ITM001778,ORD001086,PRD018,1,299000,299000
ITM001779,ORD001086,PRD264,3,79000,237000
ITM001780,ORD001087,PRD286,1,49000,49000
ITM001781,ORD001087,PRD224,1,89000,89000
ITM001782,ORD001088,PRD266,3,299000,897000
ITM001783,ORD001088,PRD191,1,49000,49000
ITM001784,ORD001088,PRD037,1,149000,149000
ITM001785,ORD001089,PRD257,1,59000,59000
ITM001786,ORD001090,PRD254,1,299000,299000
ITM001787,ORD001091,PRD033,1,199000,199000
ITM001788,ORD001091,PRD145,1,229000,229000
ITM001789,ORD001092,PRD281,2,149000,298000
ITM001790,ORD001093,PRD093,1,279000,279000
ITM001791,ORD001093,PRD217,2,129000,258000
ITM001792,ORD001094,PRD263,1,89000,89000
ITM001793,ORD001095,PRD110,1,199000,199000
ITM001794,ORD001095,PRD213,3,199000,597000
ITM001795,ORD001095,PRD002,1,329000,329000
ITM001796,ORD001096,PRD143,2,329000,658000
ITM001797,ORD001097,PRD210,1,249000,249000
ITM001798,ORD001097,PRD284,1,399000,399000
ITM001799,ORD001097,PRD206,2,59000,118000
ITM001800,ORD001098,PRD053,1,49000,49000
ITM001801,ORD001098,PRD194,1,119000,119000
ITM001802,ORD001098,PRD018,1,299000,299000
ITM001803,ORD001099,PRD181,1,279000,279000
ITM001804,ORD001100,PRD025,2,59000,118000
ITM001805,ORD001101,PRD152,1,59000,59000
ITM001806,ORD001102,PRD277,1,129000,129000
ITM001807,ORD001102,PRD196,1,449000,449000
ITM001808,ORD001103,PRD273,3,179000,537000
ITM001809,ORD001104,PRD236,2,59000,118000
ITM001810,ORD001104,PRD047,2,329000,658000
ITM001811,ORD001105,PRD200,1,499000,499000
ITM001812,ORD001106,PRD004,1,199000,199000
ITM001813,ORD001107,PRD178,2,249000,498000
ITM001814,ORD001108,PRD232,1,49000,49000
ITM001815,ORD001108,PRD256,2,49000,98000
ITM001816,ORD001109,PRD065,1,249000,249000
ITM001817,ORD001109,PRD088,2,199000,398000
ITM001818,ORD001110,PRD211,1,329000,329000
ITM001819,ORD001111,PRD286,1,49000,49000
ITM001820,ORD001112,PRD176,1,599000,599000
ITM001821,ORD001113,PRD037,1,149000,149000
ITM001822,ORD001113,PRD084,1,69000,69000
ITM001823,ORD001114,PRD143,1,329000,329000
ITM001824,ORD001114,PRD082,1,229000,229000
ITM001825,ORD001115,PRD262,1,99000,99000
ITM001826,ORD001116,PRD039,1,399000,399000
ITM001827,ORD001116,PRD020,1,59000,59000
ITM001828,ORD001117,PRD236,3,59000,177000
ITM001829,ORD001117,PRD037,2,149000,298000
ITM001830,ORD001118,PRD014,2,449000,898000
ITM001831,ORD001118,PRD176,1,599000,599000
ITM001832,ORD001118,PRD166,1,549000,549000
ITM001833,ORD001119,PRD161,1,179000,179000
ITM001834,ORD001120,PRD039,1,399000,399000
ITM001835,ORD001120,PRD202,1,249000,249000
ITM001836,ORD001121,PRD070,1,349000,349000
ITM001837,ORD001121,PRD243,2,279000,558000
ITM001838,ORD001122,PRD124,1,179000,179000
ITM001839,ORD001123,PRD149,1,549000,549000
ITM001840,ORD001124,PRD085,1,129000,129000
ITM001841,ORD001124,PRD182,1,119000,119000
ITM001842,ORD001124,PRD245,1,129000,129000
ITM001843,ORD001125,PRD059,1,399000,399000
ITM001844,ORD001126,PRD219,1,229000,229000
ITM001845,ORD001126,PRD280,1,229000,229000
ITM001846,ORD001126,PRD213,1,199000,199000
ITM001847,ORD001127,PRD157,1,69000,69000
ITM001848,ORD001127,PRD287,1,449000,449000
ITM001849,ORD001128,PRD060,2,549000,1098000
ITM001850,ORD001129,PRD120,1,89000,89000
ITM001851,ORD001129,PRD221,3,119000,357000
ITM001852,ORD001129,PRD205,3,119000,357000
ITM001853,ORD001130,PRD260,2,79000,158000
ITM001854,ORD001131,PRD135,1,149000,149000
ITM001855,ORD001132,PRD079,1,499000,499000
ITM001856,ORD001132,PRD184,1,199000,199000
ITM001857,ORD001133,PRD029,1,499000,499000
ITM001858,ORD001134,PRD237,1,199000,199000
ITM001859,ORD001135,PRD237,1,199000,199000
ITM001860,ORD001136,PRD287,1,449000,449000
ITM001861,ORD001136,PRD216,1,199000,199000
ITM001862,ORD001137,PRD088,1,199000,199000
ITM001863,ORD001137,PRD125,1,279000,279000
ITM001864,ORD001137,PRD240,2,69000,138000
ITM001865,ORD001138,PRD162,3,119000,357000
ITM001866,ORD001139,PRD106,1,99000,99000
ITM001867,ORD001139,PRD281,1,149000,149000
ITM001868,ORD001140,PRD212,2,499000,998000
ITM001869,ORD001140,PRD216,1,199000,199000
ITM001870,ORD001141,PRD171,1,129000,129000
ITM001871,ORD001142,PRD041,1,199000,199000
ITM001872,ORD001143,PRD102,1,59000,59000
ITM001873,ORD001143,PRD193,1,179000,179000
ITM001874,ORD001143,PRD039,1,399000,399000
ITM001875,ORD001144,PRD195,2,149000,298000
ITM001876,ORD001144,PRD260,2,79000,158000
ITM001877,ORD001144,PRD131,3,99000,297000
ITM001878,ORD001145,PRD174,2,69000,138000
ITM001879,ORD001146,PRD077,3,329000,987000
ITM001880,ORD001147,PRD107,2,399000,798000
ITM001881,ORD001147,PRD200,1,499000,499000
ITM001882,ORD001148,PRD044,1,279000,279000
ITM001883,ORD001148,PRD209,2,249000,498000
ITM001884,ORD001149,PRD097,2,49000,98000
ITM001885,ORD001149,PRD243,1,279000,279000
ITM001886,ORD001150,PRD182,1,119000,119000
ITM001887,ORD001151,PRD182,1,119000,119000
ITM001888,ORD001151,PRD223,1,499000,499000
ITM001889,ORD001152,PRD164,1,49000,49000
ITM001890,ORD001152,PRD300,1,149000,149000
ITM001891,ORD001153,PRD024,1,149000,149000
ITM001892,ORD001153,PRD028,1,299000,299000
ITM001893,ORD001153,PRD047,3,329000,987000
ITM001894,ORD001154,PRD155,1,499000,499000
ITM001895,ORD001154,PRD287,2,449000,898000
ITM001896,ORD001154,PRD145,1,229000,229000
ITM001897,ORD001155,PRD110,1,199000,199000
ITM001898,ORD001156,PRD167,1,149000,149000
ITM001899,ORD001157,PRD240,1,69000,69000
ITM001900,ORD001157,PRD020,1,59000,59000
ITM001901,ORD001158,PRD132,1,229000,229000
ITM001902,ORD001158,PRD131,1,99000,99000
ITM001903,ORD001158,PRD196,1,449000,449000
ITM001904,ORD001159,PRD265,2,329000,658000
ITM001905,ORD001160,PRD235,1,59000,59000
ITM001906,ORD001160,PRD003,1,349000,349000
ITM001907,ORD001161,PRD016,3,89000,267000
ITM001908,ORD001161,PRD282,2,149000,298000
ITM001909,ORD001162,PRD105,1,199000,199000
ITM001910,ORD001163,PRD242,1,449000,449000
ITM001911,ORD001164,PRD214,2,549000,1098000
ITM001912,ORD001164,PRD223,2,499000,998000
ITM001913,ORD001165,PRD223,1,499000,499000
ITM001914,ORD001165,PRD252,1,49000,49000
ITM001915,ORD001166,PRD163,1,119000,119000
ITM001916,ORD001167,PRD245,1,129000,129000
ITM001917,ORD001168,PRD030,2,199000,398000
ITM001918,ORD001168,PRD111,1,449000,449000
ITM001919,ORD001168,PRD065,3,249000,747000
ITM001920,ORD001169,PRD196,1,449000,449000
ITM001921,ORD001170,PRD295,1,229000,229000
ITM001922,ORD001171,PRD273,2,179000,358000
ITM001923,ORD001172,PRD053,1,49000,49000
ITM001924,ORD001172,PRD019,1,119000,119000
ITM001925,ORD001173,PRD018,1,299000,299000
ITM001926,ORD001174,PRD274,1,229000,229000
ITM001927,ORD001174,PRD144,1,59000,59000
ITM001928,ORD001175,PRD191,1,49000,49000
ITM001929,ORD001175,PRD059,1,399000,399000
ITM001930,ORD001176,PRD074,1,449000,449000
ITM001931,ORD001176,PRD050,1,89000,89000
ITM001932,ORD001176,PRD189,2,399000,798000
ITM001933,ORD001177,PRD220,1,329000,329000
ITM001934,ORD001177,PRD268,1,599000,599000
ITM001935,ORD001177,PRD272,1,249000,249000
ITM001936,ORD001178,PRD191,1,49000,49000
ITM001937,ORD001179,PRD224,1,89000,89000
ITM001938,ORD001180,PRD048,2,69000,138000
ITM001939,ORD001181,PRD271,1,129000,129000
ITM001940,ORD001182,PRD213,1,199000,199000
ITM001941,ORD001182,PRD117,1,49000,49000
ITM001942,ORD001183,PRD039,1,399000,399000
ITM001943,ORD001184,PRD193,1,179000,179000
ITM001944,ORD001185,PRD146,1,329000,329000
ITM001945,ORD001185,PRD259,1,599000,599000
ITM001946,ORD001186,PRD203,1,59000,59000
ITM001947,ORD001186,PRD012,1,599000,599000
ITM001948,ORD001187,PRD183,1,119000,119000
ITM001949,ORD001188,PRD150,1,89000,89000
ITM001950,ORD001188,PRD188,1,69000,69000
ITM001951,ORD001188,PRD287,2,449000,898000
ITM001952,ORD001189,PRD120,2,89000,178000
ITM001953,ORD001189,PRD277,2,129000,258000
ITM001954,ORD001189,PRD226,1,449000,449000
ITM001955,ORD001190,PRD227,2,99000,198000
ITM001956,ORD001190,PRD278,1,499000,499000
ITM001957,ORD001191,PRD207,1,199000,199000
ITM001958,ORD001191,PRD261,1,279000,279000
ITM001959,ORD001192,PRD136,1,119000,119000
ITM001960,ORD001192,PRD114,2,199000,398000
ITM001961,ORD001193,PRD280,1,229000,229000
ITM001962,ORD001194,PRD299,1,399000,399000
ITM001963,ORD001195,PRD208,3,329000,987000
ITM001964,ORD001195,PRD161,1,179000,179000
ITM001965,ORD001196,PRD267,1,59000,59000
ITM001966,ORD001197,PRD014,1,449000,449000
ITM001967,ORD001198,PRD192,1,229000,229000
ITM001968,ORD001198,PRD287,1,449000,449000
ITM001969,ORD001199,PRD183,1,119000,119000
ITM001970,ORD001200,PRD040,1,449000,449000
ITM001971,ORD001200,PRD248,1,299000,299000
ITM001972,ORD001201,PRD052,1,399000,399000
ITM001973,ORD001201,PRD217,1,129000,129000
ITM001974,ORD001201,PRD043,1,149000,149000
ITM001975,ORD001202,PRD038,2,299000,598000
ITM001976,ORD001203,PRD093,2,279000,558000
ITM001977,ORD001204,PRD220,1,329000,329000
ITM001978,ORD001204,PRD163,1,119000,119000
ITM001979,ORD001204,PRD252,1,49000,49000
ITM001980,ORD001205,PRD114,1,199000,199000
ITM001981,ORD001205,PRD101,1,279000,279000
ITM001982,ORD001205,PRD031,2,69000,138000
ITM001983,ORD001206,PRD221,1,119000,119000
ITM001984,ORD001207,PRD281,1,149000,149000
ITM001985,ORD001208,PRD053,2,49000,98000
ITM001986,ORD001208,PRD286,1,49000,49000
ITM001987,ORD001209,PRD121,1,89000,89000
ITM001988,ORD001209,PRD140,1,179000,179000
ITM001989,ORD001210,PRD175,1,279000,279000
ITM001990,ORD001211,PRD041,1,199000,199000
ITM001991,ORD001211,PRD157,1,69000,69000
ITM001992,ORD001211,PRD074,1,449000,449000
ITM001993,ORD001212,PRD177,1,449000,449000
ITM001994,ORD001213,PRD008,3,549000,1647000
ITM001995,ORD001213,PRD069,3,229000,687000
ITM001996,ORD001214,PRD268,1,599000,599000
ITM001997,ORD001215,PRD081,2,229000,458000
ITM001998,ORD001216,PRD092,3,69000,207000
ITM001999,ORD001217,PRD029,1,499000,499000
ITM002000,ORD001218,PRD118,1,349000,349000
ITM002001,ORD001218,PRD148,1,449000,449000
ITM002002,ORD001219,PRD039,2,399000,798000
ITM002003,ORD001219,PRD144,2,59000,118000
ITM002004,ORD001220,PRD279,1,449000,449000
ITM002005,ORD001220,PRD078,1,99000,99000
ITM002006,ORD001221,PRD265,1,329000,329000
ITM002007,ORD001221,PRD042,1,449000,449000
ITM002008,ORD001222,PRD223,1,499000,499000
ITM002009,ORD001222,PRD112,1,249000,249000
ITM002010,ORD001223,PRD101,2,279000,558000
ITM002011,ORD001223,PRD253,1,399000,399000
ITM002012,ORD001224,PRD170,3,349000,1047000
ITM002013,ORD001224,PRD024,1,149000,149000
ITM002014,ORD001225,PRD280,3,229000,687000
ITM002015,ORD001226,PRD285,1,499000,499000
ITM002016,ORD001226,PRD185,2,599000,1198000
ITM002017,ORD001226,PRD098,1,299000,299000
ITM002018,ORD001227,PRD042,2,449000,898000
ITM002019,ORD001227,PRD143,1,329000,329000
ITM002020,ORD001228,PRD246,2,399000,798000
ITM002021,ORD001228,PRD050,1,89000,89000
ITM002022,ORD001229,PRD155,1,499000,499000
ITM002023,ORD001230,PRD263,2,89000,178000
ITM002024,ORD001230,PRD207,3,199000,597000
ITM002025,ORD001230,PRD028,2,299000,598000
ITM002026,ORD001231,PRD299,1,399000,399000
ITM002027,ORD001231,PRD024,1,149000,149000
ITM002028,ORD001231,PRD108,1,229000,229000
ITM002029,ORD001232,PRD269,2,329000,658000
ITM002030,ORD001232,PRD112,1,249000,249000
ITM002031,ORD001233,PRD231,1,179000,179000
ITM002032,ORD001234,PRD109,1,599000,599000
ITM002033,ORD001234,PRD258,3,129000,387000
ITM002034,ORD001235,PRD221,1,119000,119000
ITM002035,ORD001235,PRD292,2,129000,258000
ITM002036,ORD001236,PRD136,3,119000,357000
ITM002037,ORD001236,PRD106,1,99000,99000
ITM002038,ORD001237,PRD079,3,499000,1497000
ITM002039,ORD001238,PRD193,1,179000,179000
ITM002040,ORD001239,PRD191,2,49000,98000
ITM002041,ORD001239,PRD294,1,229000,229000
ITM002042,ORD001240,PRD251,1,129000,129000
ITM002043,ORD001241,PRD249,1,449000,449000
ITM002044,ORD001242,PRD103,1,499000,499000
ITM002045,ORD001243,PRD158,1,599000,599000
ITM002046,ORD001243,PRD145,1,229000,229000
ITM002047,ORD001243,PRD094,1,89000,89000
ITM002048,ORD001244,PRD197,2,199000,398000
ITM002049,ORD001244,PRD129,1,79000,79000
ITM002050,ORD001245,PRD232,1,49000,49000
ITM002051,ORD001246,PRD291,1,499000,499000
ITM002052,ORD001246,PRD290,1,279000,279000
ITM002053,ORD001247,PRD061,1,599000,599000
ITM002054,ORD001248,PRD261,1,279000,279000
ITM002055,ORD001249,PRD257,2,59000,118000
ITM002056,ORD001249,PRD194,2,119000,238000
ITM002057,ORD001249,PRD246,2,399000,798000
ITM002058,ORD001250,PRD180,1,279000,279000
ITM002059,ORD001251,PRD227,1,99000,99000
ITM002060,ORD001252,PRD087,1,399000,399000
ITM002061,ORD001253,PRD284,2,399000,798000
ITM002062,ORD001254,PRD062,1,129000,129000
ITM002063,ORD001254,PRD127,1,199000,199000
ITM002064,ORD001255,PRD045,1,49000,49000
ITM002065,ORD001255,PRD181,1,279000,279000
ITM002066,ORD001255,PRD001,1,599000,599000
ITM002067,ORD001256,PRD232,1,49000,49000
ITM002068,ORD001256,PRD298,2,279000,558000
ITM002069,ORD001256,PRD222,2,179000,358000
ITM002070,ORD001257,PRD249,1,449000,449000
ITM002071,ORD001257,PRD101,1,279000,279000
ITM002072,ORD001257,PRD293,1,249000,249000
ITM002073,ORD001258,PRD168,1,79000,79000
ITM002074,ORD001258,PRD059,3,399000,1197000
ITM002075,ORD001259,PRD165,1,129000,129000
ITM002076,ORD001260,PRD094,1,89000,89000
ITM002077,ORD001260,PRD210,2,249000,498000
ITM002078,ORD001261,PRD205,2,119000,238000
ITM002079,ORD001262,PRD053,1,49000,49000
ITM002080,ORD001262,PRD107,2,399000,798000
ITM002081,ORD001262,PRD128,1,279000,279000
ITM002082,ORD001263,PRD019,3,119000,357000
ITM002083,ORD001264,PRD265,2,329000,658000
ITM002084,ORD001265,PRD006,1,119000,119000
ITM002085,ORD001265,PRD097,1,49000,49000
ITM002086,ORD001266,PRD167,2,149000,298000
ITM002087,ORD001266,PRD258,2,129000,258000
ITM002088,ORD001267,PRD191,1,49000,49000
ITM002089,ORD001268,PRD067,1,549000,549000
ITM002090,ORD001268,PRD206,1,59000,59000
ITM002091,ORD001269,PRD061,1,599000,599000
ITM002092,ORD001269,PRD181,2,279000,558000
ITM002093,ORD001270,PRD003,1,349000,349000
ITM002094,ORD001270,PRD012,1,599000,599000
ITM002095,ORD001270,PRD150,2,89000,178000
ITM002096,ORD001271,PRD178,1,249000,249000
ITM002097,ORD001271,PRD153,1,179000,179000
ITM002098,ORD001271,PRD272,2,249000,498000
ITM002099,ORD001272,PRD270,2,349000,698000
ITM002100,ORD001273,PRD051,1,399000,399000
ITM002101,ORD001274,PRD125,2,279000,558000
ITM002102,ORD001274,PRD028,1,299000,299000
ITM002103,ORD001275,PRD151,1,249000,249000
ITM002104,ORD001276,PRD228,2,399000,798000
ITM002105,ORD001277,PRD032,2,99000,198000
ITM002106,ORD001277,PRD260,1,79000,79000
ITM002107,ORD001278,PRD061,1,599000,599000
ITM002108,ORD001279,PRD146,2,329000,658000
ITM002109,ORD001280,PRD224,1,89000,89000
ITM002110,ORD001280,PRD219,1,229000,229000
ITM002111,ORD001280,PRD068,2,129000,258000
ITM002112,ORD001281,PRD135,1,149000,149000
ITM002113,ORD001282,PRD033,2,199000,398000
ITM002114,ORD001283,PRD187,1,49000,49000
ITM002115,ORD001284,PRD110,2,199000,398000
ITM002116,ORD001284,PRD105,2,199000,398000
ITM002117,ORD001284,PRD191,1,49000,49000
ITM002118,ORD001285,PRD016,1,89000,89000
ITM002119,ORD001285,PRD258,1,129000,129000
ITM002120,ORD001286,PRD119,1,279000,279000
ITM002121,ORD001287,PRD260,1,79000,79000
ITM002122,ORD001287,PRD280,1,229000,229000
ITM002123,ORD001288,PRD146,1,329000,329000
ITM002124,ORD001289,PRD121,1,89000,89000
ITM002125,ORD001289,PRD279,1,449000,449000
ITM002126,ORD001289,PRD287,2,449000,898000
ITM002127,ORD001290,PRD232,1,49000,49000
ITM002128,ORD001290,PRD222,1,179000,179000
ITM002129,ORD001291,PRD077,1,329000,329000
ITM002130,ORD001292,PRD223,1,499000,499000
ITM002131,ORD001292,PRD209,1,249000,249000
ITM002132,ORD001293,PRD270,1,349000,349000
ITM002133,ORD001294,PRD074,1,449000,449000
ITM002134,ORD001295,PRD063,1,89000,89000
ITM002135,ORD001295,PRD276,1,329000,329000
ITM002136,ORD001296,PRD240,1,69000,69000
ITM002137,ORD001297,PRD267,1,59000,59000
ITM002138,ORD001297,PRD168,1,79000,79000
ITM002139,ORD001298,PRD191,1,49000,49000
ITM002140,ORD001298,PRD236,1,59000,59000
ITM002141,ORD001299,PRD136,2,119000,238000
ITM002142,ORD001299,PRD110,1,199000,199000
ITM002143,ORD001299,PRD213,1,199000,199000
ITM002144,ORD001300,PRD221,1,119000,119000
ITM002145,ORD001300,PRD227,1,99000,99000
ITM002146,ORD001301,PRD175,1,279000,279000
ITM002147,ORD001301,PRD210,1,249000,249000
ITM002148,ORD001302,PRD105,1,199000,199000
ITM002149,ORD001303,PRD259,1,599000,599000
ITM002150,ORD001303,PRD040,1,449000,449000
ITM002151,ORD001303,PRD252,1,49000,49000
ITM002152,ORD001304,PRD093,1,279000,279000
ITM002153,ORD001305,PRD248,1,299000,299000
ITM002154,ORD001306,PRD206,1,59000,59000
ITM002155,ORD001307,PRD126,1,279000,279000
ITM002156,ORD001308,PRD183,1,119000,119000
ITM002157,ORD001309,PRD030,1,199000,199000
ITM002158,ORD001309,PRD074,1,449000,449000
ITM002159,ORD001309,PRD233,1,49000,49000
ITM002160,ORD001310,PRD037,1,149000,149000
ITM002161,ORD001310,PRD092,1,69000,69000
ITM002162,ORD001310,PRD043,1,149000,149000
ITM002163,ORD001311,PRD009,1,499000,499000
ITM002164,ORD001311,PRD190,1,129000,129000
ITM002165,ORD001311,PRD140,1,179000,179000
ITM002166,ORD001312,PRD076,1,199000,199000
ITM002167,ORD001313,PRD034,1,279000,279000
ITM002168,ORD001314,PRD004,1,199000,199000
ITM002169,ORD001314,PRD162,2,119000,238000
ITM002170,ORD001315,PRD231,2,179000,358000
ITM002171,ORD001316,PRD283,2,249000,498000
ITM002172,ORD001316,PRD115,2,399000,798000
ITM002173,ORD001317,PRD192,1,229000,229000
ITM002174,ORD001317,PRD019,1,119000,119000
ITM002175,ORD001318,PRD043,1,149000,149000
ITM002176,ORD001318,PRD194,1,119000,119000
ITM002177,ORD001318,PRD281,1,149000,149000
ITM002178,ORD001319,PRD152,2,59000,118000
ITM002179,ORD001320,PRD196,1,449000,449000
ITM002180,ORD001320,PRD189,1,399000,399000
ITM002181,ORD001320,PRD004,2,199000,398000
ITM002182,ORD001321,PRD066,3,349000,1047000
ITM002183,ORD001322,PRD113,1,499000,499000
ITM002184,ORD001323,PRD208,1,329000,329000
ITM002185,ORD001324,PRD260,2,79000,158000
ITM002186,ORD001324,PRD067,1,549000,549000
ITM002187,ORD001325,PRD186,1,129000,129000
ITM002188,ORD001326,PRD189,2,399000,798000
ITM002189,ORD001326,PRD206,1,59000,59000
ITM002190,ORD001326,PRD123,1,89000,89000
ITM002191,ORD001327,PRD240,1,69000,69000
ITM002192,ORD001328,PRD135,1,149000,149000
ITM002193,ORD001328,PRD261,3,279000,837000
ITM002194,ORD001329,PRD191,1,49000,49000
ITM002195,ORD001329,PRD198,1,149000,149000
ITM002196,ORD001330,PRD064,1,449000,449000
ITM002197,ORD001330,PRD077,1,329000,329000
ITM002198,ORD001331,PRD285,1,499000,499000
ITM002199,ORD001332,PRD088,1,199000,199000
ITM002200,ORD001333,PRD101,1,279000,279000
ITM002201,ORD001333,PRD149,1,549000,549000
ITM002202,ORD001333,PRD189,3,399000,1197000
ITM002203,ORD001334,PRD142,1,199000,199000
ITM002204,ORD001335,PRD289,1,79000,79000
ITM002205,ORD001336,PRD254,1,299000,299000
ITM002206,ORD001336,PRD181,1,279000,279000
ITM002207,ORD001337,PRD214,2,549000,1098000
ITM002208,ORD001337,PRD096,1,69000,69000
ITM002209,ORD001338,PRD297,1,349000,349000
ITM002210,ORD001339,PRD059,1,399000,399000
ITM002211,ORD001339,PRD001,1,599000,599000
ITM002212,ORD001340,PRD052,1,399000,399000
ITM002213,ORD001340,PRD046,1,199000,199000
ITM002214,ORD001341,PRD096,1,69000,69000
ITM002215,ORD001342,PRD087,1,399000,399000
ITM002216,ORD001342,PRD074,1,449000,449000
ITM002217,ORD001343,PRD133,1,399000,399000
ITM002218,ORD001343,PRD242,1,449000,449000
ITM002219,ORD001343,PRD026,1,179000,179000
ITM002220,ORD001344,PRD044,1,279000,279000
ITM002221,ORD001345,PRD044,1,279000,279000
ITM002222,ORD001346,PRD035,2,399000,798000
ITM002223,ORD001346,PRD169,1,179000,179000
ITM002224,ORD001347,PRD091,1,69000,69000
ITM002225,ORD001347,PRD156,1,99000,99000
ITM002226,ORD001348,PRD146,1,329000,329000
ITM002227,ORD001349,PRD016,1,89000,89000
ITM002228,ORD001349,PRD056,2,229000,458000
ITM002229,ORD001350,PRD238,2,499000,998000
ITM002230,ORD001350,PRD096,1,69000,69000
ITM002231,ORD001351,PRD161,1,179000,179000
ITM002232,ORD001352,PRD274,2,229000,458000
ITM002233,ORD001353,PRD203,1,59000,59000
ITM002234,ORD001353,PRD090,1,49000,49000
ITM002235,ORD001353,PRD202,1,249000,249000
ITM002236,ORD001354,PRD243,1,279000,279000
ITM002237,ORD001354,PRD198,2,149000,298000
ITM002238,ORD001355,PRD203,1,59000,59000
ITM002239,ORD001355,PRD241,1,79000,79000
ITM002240,ORD001355,PRD155,2,499000,998000
ITM002241,ORD001356,PRD112,1,249000,249000
ITM002242,ORD001357,PRD146,1,329000,329000
ITM002243,ORD001357,PRD237,1,199000,199000
ITM002244,ORD001357,PRD071,1,99000,99000
ITM002245,ORD001358,PRD120,1,89000,89000
ITM002246,ORD001358,PRD298,1,279000,279000
ITM002247,ORD001359,PRD236,1,59000,59000
ITM002248,ORD001359,PRD282,1,149000,149000
ITM002249,ORD001360,PRD267,1,59000,59000
ITM002250,ORD001361,PRD030,1,199000,199000
ITM002251,ORD001361,PRD178,1,249000,249000
ITM002252,ORD001362,PRD296,1,149000,149000
ITM002253,ORD001363,PRD006,2,119000,238000
ITM002254,ORD001364,PRD173,1,249000,249000
ITM002255,ORD001364,PRD052,2,399000,798000
ITM002256,ORD001365,PRD051,1,399000,399000
ITM002257,ORD001365,PRD014,1,449000,449000
ITM002258,ORD001366,PRD073,1,79000,79000
ITM002259,ORD001367,PRD280,1,229000,229000
ITM002260,ORD001368,PRD227,1,99000,99000
ITM002261,ORD001369,PRD112,1,249000,249000
ITM002262,ORD001369,PRD037,2,149000,298000
ITM002263,ORD001369,PRD045,1,49000,49000
ITM002264,ORD001370,PRD298,1,279000,279000
ITM002265,ORD001370,PRD133,1,399000,399000
ITM002266,ORD001371,PRD257,1,59000,59000
ITM002267,ORD001372,PRD099,1,79000,79000
ITM002268,ORD001373,PRD067,1,549000,549000
ITM002269,ORD001374,PRD188,1,69000,69000
ITM002270,ORD001375,PRD217,1,129000,129000
ITM002271,ORD001375,PRD238,1,499000,499000
ITM002272,ORD001375,PRD067,2,549000,1098000
ITM002273,ORD001376,PRD066,1,349000,349000
ITM002274,ORD001376,PRD110,1,199000,199000
ITM002275,ORD001377,PRD130,1,229000,229000
ITM002276,ORD001378,PRD016,3,89000,267000
ITM002277,ORD001378,PRD256,1,49000,49000
ITM002278,ORD001379,PRD099,2,79000,158000
ITM002279,ORD001380,PRD230,1,129000,129000
ITM002280,ORD001380,PRD042,1,449000,449000
ITM002281,ORD001381,PRD182,1,119000,119000
ITM002282,ORD001382,PRD019,1,119000,119000
ITM002283,ORD001383,PRD085,3,129000,387000
ITM002284,ORD001383,PRD070,2,349000,698000
ITM002285,ORD001384,PRD254,3,299000,897000
ITM002286,ORD001384,PRD035,2,399000,798000
ITM002287,ORD001385,PRD283,1,249000,249000
ITM002288,ORD001385,PRD219,1,229000,229000
ITM002289,ORD001385,PRD210,1,249000,249000
ITM002290,ORD001386,PRD061,1,599000,599000
ITM002291,ORD001387,PRD238,1,499000,499000
ITM002292,ORD001387,PRD126,2,279000,558000
ITM002293,ORD001388,PRD030,1,199000,199000
ITM002294,ORD001389,PRD294,1,229000,229000
ITM002295,ORD001390,PRD127,1,199000,199000
ITM002296,ORD001391,PRD124,2,179000,358000
ITM002297,ORD001392,PRD108,1,229000,229000
ITM002298,ORD001392,PRD195,1,149000,149000
ITM002299,ORD001393,PRD071,1,99000,99000
ITM002300,ORD001393,PRD015,1,449000,449000
ITM002301,ORD001393,PRD195,1,149000,149000
ITM002302,ORD001394,PRD225,2,399000,798000
ITM002303,ORD001394,PRD126,1,279000,279000
ITM002304,ORD001394,PRD188,1,69000,69000
ITM002305,ORD001395,PRD044,1,279000,279000
ITM002306,ORD001396,PRD189,1,399000,399000
ITM002307,ORD001396,PRD031,1,69000,69000
ITM002308,ORD001397,PRD262,1,99000,99000
ITM002309,ORD001397,PRD029,2,499000,998000
ITM002310,ORD001398,PRD255,1,179000,179000
ITM002311,ORD001399,PRD184,1,199000,199000
ITM002312,ORD001399,PRD093,1,279000,279000
ITM002313,ORD001399,PRD144,1,59000,59000
ITM002314,ORD001400,PRD273,2,179000,358000
ITM002315,ORD001401,PRD288,2,99000,198000
ITM002316,ORD001401,PRD181,2,279000,558000
ITM002317,ORD001402,PRD182,1,119000,119000
ITM002318,ORD001403,PRD289,1,79000,79000
ITM002319,ORD001404,PRD031,1,69000,69000
ITM002320,ORD001405,PRD125,1,279000,279000
ITM002321,ORD001406,PRD182,1,119000,119000
ITM002322,ORD001406,PRD234,2,199000,398000
ITM002323,ORD001407,PRD075,2,499000,998000
ITM002324,ORD001408,PRD016,2,89000,178000
ITM002325,ORD001409,PRD009,2,499000,998000
ITM002326,ORD001409,PRD180,1,279000,279000
ITM002327,ORD001409,PRD004,2,199000,398000
ITM002328,ORD001410,PRD270,2,349000,698000
ITM002329,ORD001410,PRD070,2,349000,698000
ITM002330,ORD001410,PRD227,1,99000,99000
ITM002331,ORD001411,PRD100,1,79000,79000
ITM002332,ORD001411,PRD069,1,229000,229000
ITM002333,ORD001411,PRD226,1,449000,449000
ITM002334,ORD001412,PRD100,2,79000,158000
ITM002335,ORD001413,PRD183,1,119000,119000
ITM002336,ORD001414,PRD027,2,229000,458000
ITM002337,ORD001414,PRD244,1,49000,49000
ITM002338,ORD001414,PRD108,2,229000,458000
ITM002339,ORD001415,PRD082,1,229000,229000
ITM002340,ORD001415,PRD233,2,49000,98000
ITM002341,ORD001415,PRD192,1,229000,229000
ITM002342,ORD001416,PRD081,2,229000,458000
ITM002343,ORD001417,PRD265,2,329000,658000
ITM002344,ORD001417,PRD238,1,499000,499000
ITM002345,ORD001418,PRD239,1,179000,179000
ITM002346,ORD001418,PRD173,2,249000,498000
ITM002347,ORD001418,PRD007,1,119000,119000
ITM002348,ORD001419,PRD278,1,499000,499000
ITM002349,ORD001420,PRD212,1,499000,499000
ITM002350,ORD001421,PRD116,1,299000,299000
ITM002351,ORD001422,PRD104,2,229000,458000
ITM002352,ORD001423,PRD215,1,89000,89000
ITM002353,ORD001423,PRD289,2,79000,158000
ITM002354,ORD001424,PRD078,3,99000,297000
ITM002355,ORD001425,PRD295,1,229000,229000
ITM002356,ORD001426,PRD225,1,399000,399000
ITM002357,ORD001427,PRD092,2,69000,138000
ITM002358,ORD001427,PRD222,2,179000,358000
ITM002359,ORD001428,PRD038,1,299000,299000
ITM002360,ORD001428,PRD080,1,329000,329000
ITM002361,ORD001428,PRD128,1,279000,279000
ITM002362,ORD001429,PRD004,1,199000,199000
ITM002363,ORD001430,PRD016,1,89000,89000
ITM002364,ORD001430,PRD104,2,229000,458000
ITM002365,ORD001430,PRD138,1,79000,79000
ITM002366,ORD001431,PRD228,2,399000,798000
ITM002367,ORD001431,PRD226,1,449000,449000
ITM002368,ORD001432,PRD017,1,149000,149000
ITM002369,ORD001432,PRD027,1,229000,229000
ITM002370,ORD001432,PRD143,2,329000,658000
ITM002371,ORD001433,PRD123,1,89000,89000
ITM002372,ORD001433,PRD258,2,129000,258000
ITM002373,ORD001433,PRD235,2,59000,118000
ITM002374,ORD001434,PRD269,1,329000,329000
ITM002375,ORD001435,PRD258,1,129000,129000
ITM002376,ORD001436,PRD082,1,229000,229000
ITM002377,ORD001436,PRD063,2,89000,178000
ITM002378,ORD001437,PRD248,2,299000,598000
ITM002379,ORD001437,PRD037,1,149000,149000
ITM002380,ORD001437,PRD187,1,49000,49000
ITM002381,ORD001438,PRD206,1,59000,59000
ITM002382,ORD001438,PRD159,1,89000,89000
ITM002383,ORD001438,PRD190,2,129000,258000
ITM002384,ORD001439,PRD202,1,249000,249000
ITM002385,ORD001440,PRD252,1,49000,49000
ITM002386,ORD001441,PRD284,1,399000,399000
ITM002387,ORD001442,PRD072,1,129000,129000
ITM002388,ORD001442,PRD157,3,69000,207000
ITM002389,ORD001443,PRD123,2,89000,178000
ITM002390,ORD001443,PRD124,2,179000,358000
ITM002391,ORD001444,PRD149,1,549000,549000
ITM002392,ORD001445,PRD163,2,119000,238000
ITM002393,ORD001445,PRD038,3,299000,897000
ITM002394,ORD001446,PRD127,2,199000,398000
ITM002395,ORD001446,PRD105,1,199000,199000
ITM002396,ORD001447,PRD199,2,69000,138000
ITM002397,ORD001448,PRD241,1,79000,79000
ITM002398,ORD001449,PRD235,1,59000,59000
ITM002399,ORD001450,PRD030,2,199000,398000
ITM002400,ORD001450,PRD161,1,179000,179000
ITM002401,ORD001451,PRD022,1,299000,299000
ITM002402,ORD001452,PRD218,1,199000,199000
ITM002403,ORD001453,PRD276,1,329000,329000
ITM002404,ORD001454,PRD073,2,79000,158000
ITM002405,ORD001455,PRD127,1,199000,199000
ITM002406,ORD001455,PRD095,2,89000,178000
ITM002407,ORD001456,PRD007,1,119000,119000
ITM002408,ORD001457,PRD182,1,119000,119000
ITM002409,ORD001458,PRD050,1,89000,89000
ITM002410,ORD001459,PRD027,2,229000,458000
ITM002411,ORD001460,PRD081,1,229000,229000
ITM002412,ORD001461,PRD290,1,279000,279000
ITM002413,ORD001461,PRD036,1,299000,299000
ITM002414,ORD001461,PRD068,1,129000,129000
ITM002415,ORD001462,PRD045,2,49000,98000
ITM002416,ORD001463,PRD167,1,149000,149000
ITM002417,ORD001463,PRD046,1,199000,199000
ITM002418,ORD001464,PRD215,1,89000,89000
ITM002419,ORD001464,PRD048,1,69000,69000
ITM002420,ORD001465,PRD164,1,49000,49000
ITM002421,ORD001465,PRD081,1,229000,229000
ITM002422,ORD001466,PRD021,1,549000,549000
ITM002423,ORD001467,PRD170,1,349000,349000
ITM002424,ORD001467,PRD146,1,329000,329000
ITM002425,ORD001467,PRD207,1,199000,199000
ITM002426,ORD001468,PRD194,1,119000,119000
ITM002427,ORD001469,PRD161,1,179000,179000
ITM002428,ORD001470,PRD297,1,349000,349000
ITM002429,ORD001471,PRD203,1,59000,59000
ITM002430,ORD001472,PRD189,2,399000,798000
ITM002431,ORD001473,PRD242,1,449000,449000
ITM002432,ORD001473,PRD024,1,149000,149000
ITM002433,ORD001474,PRD098,1,299000,299000
ITM002434,ORD001474,PRD079,1,499000,499000
ITM002435,ORD001474,PRD086,1,329000,329000
ITM002436,ORD001475,PRD169,1,179000,179000
ITM002437,ORD001475,PRD102,2,59000,118000
ITM002438,ORD001476,PRD259,1,599000,599000
ITM002439,ORD001476,PRD080,1,329000,329000
ITM002440,ORD001476,PRD160,1,79000,79000
ITM002441,ORD001477,PRD259,2,599000,1198000
ITM002442,ORD001477,PRD082,1,229000,229000
ITM002443,ORD001478,PRD290,2,279000,558000
ITM002444,ORD001479,PRD085,3,129000,387000
ITM002445,ORD001479,PRD243,1,279000,279000
ITM002446,ORD001480,PRD153,1,179000,179000
ITM002447,ORD001480,PRD198,3,149000,447000
ITM002448,ORD001480,PRD045,2,49000,98000
ITM002449,ORD001481,PRD126,1,279000,279000
ITM002450,ORD001481,PRD185,1,599000,599000
ITM002451,ORD001481,PRD043,1,149000,149000
ITM002452,ORD001482,PRD279,1,449000,449000
ITM002453,ORD001482,PRD127,1,199000,199000
ITM002454,ORD001482,PRD015,1,449000,449000
ITM002455,ORD001483,PRD283,1,249000,249000
ITM002456,ORD001483,PRD002,1,329000,329000
ITM002457,ORD001484,PRD111,1,449000,449000
ITM002458,ORD001485,PRD219,1,229000,229000
ITM002459,ORD001485,PRD248,2,299000,598000
ITM002460,ORD001486,PRD008,1,549000,549000
ITM002461,ORD001486,PRD004,1,199000,199000
ITM002462,ORD001487,PRD151,2,249000,498000
ITM002463,ORD001488,PRD059,3,399000,1197000
ITM002464,ORD001488,PRD239,1,179000,179000
ITM002465,ORD001489,PRD122,1,119000,119000
ITM002466,ORD001490,PRD086,1,329000,329000
ITM002467,ORD001490,PRD058,1,299000,299000
ITM002468,ORD001490,PRD195,1,149000,149000
ITM002469,ORD001491,PRD197,1,199000,199000
ITM002470,ORD001491,PRD083,1,49000,49000
ITM002471,ORD001492,PRD198,1,149000,149000
ITM002472,ORD001493,PRD004,1,199000,199000
ITM002473,ORD001493,PRD092,1,69000,69000
ITM002474,ORD001494,PRD174,1,69000,69000
ITM002475,ORD001495,PRD015,1,449000,449000
ITM002476,ORD001495,PRD230,1,129000,129000
ITM002477,ORD001496,PRD232,1,49000,49000
ITM002478,ORD001497,PRD165,1,129000,129000
ITM002479,ORD001497,PRD168,1,79000,79000
ITM002480,ORD001498,PRD061,2,599000,1198000
ITM002481,ORD001498,PRD281,1,149000,149000
ITM002482,ORD001499,PRD021,1,549000,549000
ITM002483,ORD001499,PRD187,1,49000,49000
ITM002484,ORD001500,PRD026,1,179000,179000
ITM002485,ORD001501,PRD131,1,99000,99000
ITM002486,ORD001501,PRD029,1,499000,499000
ITM002487,ORD001502,PRD141,1,449000,449000
ITM002488,ORD001502,PRD172,1,59000,59000
ITM002489,ORD001503,PRD079,2,499000,998000
ITM002490,ORD001504,PRD180,3,279000,837000
ITM002491,ORD001505,PRD094,1,89000,89000
ITM002492,ORD001505,PRD273,1,179000,179000
ITM002493,ORD001506,PRD174,1,69000,69000
ITM002494,ORD001507,PRD271,1,129000,129000
ITM002495,ORD001508,PRD123,1,89000,89000
ITM002496,ORD001509,PRD121,2,89000,178000
ITM002497,ORD001510,PRD069,1,229000,229000
ITM002498,ORD001511,PRD112,1,249000,249000
ITM002499,ORD001512,PRD149,2,549000,1098000
ITM002500,ORD001513,PRD284,1,399000,399000
ITM002501,ORD001513,PRD273,1,179000,179000
ITM002502,ORD001514,PRD252,1,49000,49000
ITM002503,ORD001515,PRD271,2,129000,258000
ITM002504,ORD001516,PRD113,1,499000,499000
ITM002505,ORD001516,PRD143,1,329000,329000
ITM002506,ORD001517,PRD047,1,329000,329000
ITM002507,ORD001517,PRD072,3,129000,387000
ITM002508,ORD001518,PRD037,1,149000,149000
ITM002509,ORD001518,PRD138,1,79000,79000
ITM002510,ORD001518,PRD213,1,199000,199000
ITM002511,ORD001519,PRD033,1,199000,199000
ITM002512,ORD001519,PRD266,1,299000,299000
ITM002513,ORD001519,PRD252,1,49000,49000
ITM002514,ORD001520,PRD098,1,299000,299000
ITM002515,ORD001520,PRD042,1,449000,449000
ITM002516,ORD001521,PRD284,1,399000,399000
ITM002517,ORD001522,PRD134,1,129000,129000
ITM002518,ORD001523,PRD127,1,199000,199000
ITM002519,ORD001524,PRD140,3,179000,537000
ITM002520,ORD001524,PRD234,1,199000,199000
ITM002521,ORD001525,PRD295,1,229000,229000
ITM002522,ORD001526,PRD112,1,249000,249000
ITM002523,ORD001527,PRD014,1,449000,449000
ITM002524,ORD001527,PRD069,2,229000,458000
ITM002525,ORD001528,PRD202,1,249000,249000
ITM002526,ORD001528,PRD009,1,499000,499000
ITM002527,ORD001528,PRD249,1,449000,449000
ITM002528,ORD001529,PRD143,1,329000,329000
ITM002529,ORD001529,PRD177,1,449000,449000
ITM002530,ORD001530,PRD229,1,79000,79000
ITM002531,ORD001531,PRD080,1,329000,329000
ITM002532,ORD001531,PRD170,1,349000,349000
ITM002533,ORD001532,PRD090,1,49000,49000
ITM002534,ORD001532,PRD141,2,449000,898000
ITM002535,ORD001532,PRD289,1,79000,79000
ITM002536,ORD001533,PRD115,1,399000,399000
ITM002537,ORD001534,PRD164,1,49000,49000
ITM002538,ORD001535,PRD223,1,499000,499000
ITM002539,ORD001536,PRD254,1,299000,299000
ITM002540,ORD001537,PRD044,2,279000,558000
ITM002541,ORD001538,PRD271,1,129000,129000
ITM002542,ORD001539,PRD082,1,229000,229000
ITM002543,ORD001540,PRD234,1,199000,199000
ITM002544,ORD001541,PRD057,1,299000,299000
ITM002545,ORD001542,PRD043,1,149000,149000
ITM002546,ORD001543,PRD222,1,179000,179000
ITM002547,ORD001544,PRD245,1,129000,129000
ITM002548,ORD001544,PRD224,2,89000,178000
ITM002549,ORD001545,PRD090,1,49000,49000
ITM002550,ORD001546,PRD192,1,229000,229000
ITM002551,ORD001547,PRD043,1,149000,149000
ITM002552,ORD001548,PRD153,1,179000,179000
ITM002553,ORD001549,PRD270,1,349000,349000
ITM002554,ORD001549,PRD193,1,179000,179000
ITM002555,ORD001549,PRD254,1,299000,299000
ITM002556,ORD001550,PRD023,1,149000,149000
ITM002557,ORD001551,PRD030,1,199000,199000
ITM002558,ORD001551,PRD159,1,89000,89000
ITM002559,ORD001552,PRD153,1,179000,179000
ITM002560,ORD001553,PRD148,1,449000,449000
ITM002561,ORD001554,PRD047,3,329000,987000
ITM002562,ORD001555,PRD213,1,199000,199000
ITM002563,ORD001556,PRD175,2,279000,558000
ITM002564,ORD001556,PRD292,1,129000,129000
ITM002565,ORD001557,PRD039,1,399000,399000
ITM002566,ORD001557,PRD262,1,99000,99000
ITM002567,ORD001557,PRD077,1,329000,329000
ITM002568,ORD001558,PRD270,1,349000,349000
ITM002569,ORD001558,PRD247,2,179000,358000
ITM002570,ORD001559,PRD105,1,199000,199000
ITM002571,ORD001560,PRD248,1,299000,299000
ITM002572,ORD001561,PRD125,2,279000,558000
ITM002573,ORD001561,PRD239,1,179000,179000
ITM002574,ORD001561,PRD009,1,499000,499000
ITM002575,ORD001562,PRD252,1,49000,49000
ITM002576,ORD001562,PRD233,1,49000,49000
ITM002577,ORD001563,PRD066,1,349000,349000
ITM002578,ORD001564,PRD042,1,449000,449000
ITM002579,ORD001564,PRD060,2,549000,1098000
ITM002580,ORD001564,PRD286,1,49000,49000
ITM002581,ORD001565,PRD033,1,199000,199000
ITM002582,ORD001566,PRD201,1,119000,119000
ITM002583,ORD001567,PRD006,1,119000,119000
ITM002584,ORD001568,PRD112,1,249000,249000
ITM002585,ORD001569,PRD169,2,179000,358000
ITM002586,ORD001569,PRD213,1,199000,199000
ITM002587,ORD001569,PRD232,1,49000,49000
ITM002588,ORD001570,PRD204,1,69000,69000
ITM002589,ORD001570,PRD169,2,179000,358000
ITM002590,ORD001570,PRD078,1,99000,99000
ITM002591,ORD001571,PRD038,1,299000,299000
ITM002592,ORD001572,PRD071,3,99000,297000
ITM002593,ORD001572,PRD261,1,279000,279000
ITM002594,ORD001572,PRD086,2,329000,658000
ITM002595,ORD001573,PRD132,1,229000,229000
ITM002596,ORD001574,PRD018,1,299000,299000
ITM002597,ORD001574,PRD299,1,399000,399000
ITM002598,ORD001574,PRD047,1,329000,329000
ITM002599,ORD001575,PRD008,2,549000,1098000
ITM002600,ORD001576,PRD272,1,249000,249000
ITM002601,ORD001577,PRD081,1,229000,229000
ITM002602,ORD001577,PRD006,1,119000,119000
ITM002603,ORD001577,PRD296,1,149000,149000
ITM002604,ORD001578,PRD186,1,129000,129000
ITM002605,ORD001578,PRD216,1,199000,199000
ITM002606,ORD001578,PRD248,1,299000,299000
ITM002607,ORD001579,PRD231,1,179000,179000
ITM002608,ORD001580,PRD124,2,179000,358000
ITM002609,ORD001580,PRD026,1,179000,179000
ITM002610,ORD001581,PRD215,1,89000,89000
ITM002611,ORD001581,PRD066,1,349000,349000
ITM002612,ORD001581,PRD162,1,119000,119000
ITM002613,ORD001582,PRD007,1,119000,119000
ITM002614,ORD001582,PRD021,2,549000,1098000
ITM002615,ORD001583,PRD255,1,179000,179000
ITM002616,ORD001584,PRD295,1,229000,229000
ITM002617,ORD001585,PRD035,1,399000,399000
ITM002618,ORD001586,PRD145,2,229000,458000
ITM002619,ORD001586,PRD033,1,199000,199000
ITM002620,ORD001587,PRD215,1,89000,89000
ITM002621,ORD001587,PRD240,1,69000,69000
ITM002622,ORD001588,PRD159,1,89000,89000
ITM002623,ORD001588,PRD009,1,499000,499000
ITM002624,ORD001589,PRD292,1,129000,129000
ITM002625,ORD001590,PRD179,2,399000,798000
ITM002626,ORD001591,PRD230,1,129000,129000
ITM002627,ORD001592,PRD080,1,329000,329000
ITM002628,ORD001593,PRD108,1,229000,229000
ITM002629,ORD001593,PRD214,1,549000,549000
ITM002630,ORD001593,PRD007,1,119000,119000
ITM002631,ORD001594,PRD208,1,329000,329000
ITM002632,ORD001595,PRD154,3,119000,357000
ITM002633,ORD001596,PRD053,2,49000,98000
ITM002634,ORD001597,PRD189,2,399000,798000
ITM002635,ORD001597,PRD031,2,69000,138000
ITM002636,ORD001597,PRD212,1,499000,499000
ITM002637,ORD001598,PRD164,3,49000,147000
ITM002638,ORD001598,PRD261,1,279000,279000
ITM002639,ORD001599,PRD185,1,599000,599000
ITM002640,ORD001600,PRD275,1,329000,329000
ITM002641,ORD001601,PRD200,1,499000,499000
ITM002642,ORD001601,PRD083,1,49000,49000
ITM002643,ORD001602,PRD241,1,79000,79000
ITM002644,ORD001602,PRD013,1,149000,149000
ITM002645,ORD001602,PRD108,3,229000,687000
ITM002646,ORD001603,PRD080,1,329000,329000
ITM002647,ORD001603,PRD092,3,69000,207000
ITM002648,ORD001604,PRD257,1,59000,59000
ITM002649,ORD001604,PRD185,1,599000,599000
ITM002650,ORD001605,PRD082,1,229000,229000
ITM002651,ORD001606,PRD185,1,599000,599000
ITM002652,ORD001606,PRD227,2,99000,198000
ITM002653,ORD001606,PRD052,1,399000,399000
ITM002654,ORD001607,PRD275,1,329000,329000
ITM002655,ORD001608,PRD225,1,399000,399000
ITM002656,ORD001609,PRD151,1,249000,249000
ITM002657,ORD001609,PRD199,1,69000,69000
ITM002658,ORD001609,PRD022,1,299000,299000
ITM002659,ORD001610,PRD256,1,49000,49000
ITM002660,ORD001611,PRD199,1,69000,69000
ITM002661,ORD001611,PRD211,1,329000,329000
ITM002662,ORD001612,PRD194,2,119000,238000
ITM002663,ORD001612,PRD078,1,99000,99000
ITM002664,ORD001612,PRD084,2,69000,138000
ITM002665,ORD001613,PRD200,2,499000,998000
ITM002666,ORD001614,PRD069,2,229000,458000
ITM002667,ORD001615,PRD221,2,119000,238000
ITM002668,ORD001615,PRD179,2,399000,798000
ITM002669,ORD001615,PRD029,1,499000,499000
ITM002670,ORD001616,PRD008,1,549000,549000
ITM002671,ORD001617,PRD218,1,199000,199000
ITM002672,ORD001618,PRD034,1,279000,279000
ITM002673,ORD001618,PRD088,2,199000,398000
ITM002674,ORD001619,PRD093,1,279000,279000
ITM002675,ORD001620,PRD221,1,119000,119000
ITM002676,ORD001621,PRD152,1,59000,59000
ITM002677,ORD001622,PRD145,1,229000,229000
ITM002678,ORD001623,PRD288,1,99000,99000
ITM002679,ORD001623,PRD183,1,119000,119000
ITM002680,ORD001623,PRD269,1,329000,329000
ITM002681,ORD001624,PRD011,1,149000,149000
ITM002682,ORD001625,PRD054,1,549000,549000
ITM002683,ORD001626,PRD006,1,119000,119000
ITM002684,ORD001626,PRD016,1,89000,89000
ITM002685,ORD001626,PRD103,1,499000,499000
ITM002686,ORD001627,PRD208,2,329000,658000
ITM002687,ORD001627,PRD194,1,119000,119000
ITM002688,ORD001628,PRD108,1,229000,229000
ITM002689,ORD001628,PRD257,1,59000,59000
ITM002690,ORD001629,PRD071,1,99000,99000
ITM002691,ORD001630,PRD051,1,399000,399000
ITM002692,ORD001631,PRD138,1,79000,79000
ITM002693,ORD001632,PRD204,1,69000,69000
ITM002694,ORD001632,PRD022,3,299000,897000
ITM002695,ORD001632,PRD268,1,599000,599000
ITM002696,ORD001633,PRD156,1,99000,99000
ITM002697,ORD001634,PRD235,1,59000,59000
ITM002698,ORD001634,PRD274,1,229000,229000
ITM002699,ORD001634,PRD035,2,399000,798000
ITM002700,ORD001635,PRD011,1,149000,149000
ITM002701,ORD001635,PRD176,2,599000,1198000
ITM002702,ORD001636,PRD220,1,329000,329000
ITM002703,ORD001636,PRD143,2,329000,658000
ITM002704,ORD001636,PRD110,2,199000,398000
ITM002705,ORD001637,PRD199,1,69000,69000
ITM002706,ORD001637,PRD164,1,49000,49000
ITM002707,ORD001638,PRD057,2,299000,598000
ITM002708,ORD001639,PRD274,1,229000,229000
ITM002709,ORD001639,PRD261,1,279000,279000
ITM002710,ORD001640,PRD239,1,179000,179000
ITM002711,ORD001641,PRD223,1,499000,499000
ITM002712,ORD001641,PRD131,1,99000,99000
ITM002713,ORD001642,PRD123,2,89000,178000
ITM002714,ORD001643,PRD083,1,49000,49000
ITM002715,ORD001643,PRD091,1,69000,69000
ITM002716,ORD001644,PRD077,1,329000,329000
ITM002717,ORD001644,PRD192,2,229000,458000
ITM002718,ORD001645,PRD237,1,199000,199000
ITM002719,ORD001645,PRD287,2,449000,898000
ITM002720,ORD001646,PRD029,1,499000,499000
ITM002721,ORD001646,PRD221,1,119000,119000
ITM002722,ORD001647,PRD194,3,119000,357000
ITM002723,ORD001648,PRD057,3,299000,897000
ITM002724,ORD001649,PRD152,3,59000,177000
ITM002725,ORD001649,PRD092,1,69000,69000
ITM002726,ORD001650,PRD086,2,329000,658000
ITM002727,ORD001651,PRD248,1,299000,299000
ITM002728,ORD001652,PRD056,1,229000,229000
ITM002729,ORD001653,PRD070,1,349000,349000
ITM002730,ORD001654,PRD092,1,69000,69000
ITM002731,ORD001655,PRD038,1,299000,299000
ITM002732,ORD001655,PRD239,1,179000,179000
ITM002733,ORD001656,PRD286,2,49000,98000
ITM002734,ORD001657,PRD179,1,399000,399000
ITM002735,ORD001657,PRD188,3,69000,207000
ITM002736,ORD001657,PRD255,1,179000,179000
ITM002737,ORD001658,PRD299,1,399000,399000
ITM002738,ORD001658,PRD280,1,229000,229000
ITM002739,ORD001659,PRD178,1,249000,249000
ITM002740,ORD001660,PRD102,1,59000,59000
ITM002741,ORD001661,PRD046,1,199000,199000
ITM002742,ORD001662,PRD231,1,179000,179000
ITM002743,ORD001662,PRD021,1,549000,549000
ITM002744,ORD001663,PRD285,1,499000,499000
ITM002745,ORD001664,PRD206,1,59000,59000
ITM002746,ORD001665,PRD169,1,179000,179000
ITM002747,ORD001665,PRD261,1,279000,279000
ITM002748,ORD001665,PRD022,1,299000,299000
ITM002749,ORD001666,PRD266,1,299000,299000
ITM002750,ORD001667,PRD071,3,99000,297000
ITM002751,ORD001668,PRD098,2,299000,598000
ITM002752,ORD001668,PRD204,1,69000,69000
ITM002753,ORD001669,PRD297,1,349000,349000
ITM002754,ORD001670,PRD252,2,49000,98000
ITM002755,ORD001671,PRD203,1,59000,59000
ITM002756,ORD001671,PRD149,1,549000,549000
ITM002757,ORD001672,PRD139,1,599000,599000
ITM002758,ORD001672,PRD283,1,249000,249000
ITM002759,ORD001672,PRD251,1,129000,129000
ITM002760,ORD001673,PRD259,1,599000,599000
ITM002761,ORD001674,PRD262,1,99000,99000
ITM002762,ORD001674,PRD064,1,449000,449000
ITM002763,ORD001675,PRD072,1,129000,129000
ITM002764,ORD001675,PRD123,1,89000,89000
ITM002765,ORD001676,PRD241,2,79000,158000
ITM002766,ORD001676,PRD288,2,99000,198000
ITM002767,ORD001677,PRD010,1,99000,99000
ITM002768,ORD001677,PRD069,1,229000,229000
ITM002769,ORD001677,PRD198,1,149000,149000
ITM002770,ORD001678,PRD064,1,449000,449000
ITM002771,ORD001678,PRD271,1,129000,129000
ITM002772,ORD001679,PRD027,1,229000,229000
ITM002773,ORD001679,PRD050,2,89000,178000
ITM002774,ORD001680,PRD244,2,49000,98000
ITM002775,ORD001681,PRD136,1,119000,119000
ITM002776,ORD001682,PRD267,1,59000,59000
ITM002777,ORD001683,PRD274,1,229000,229000
ITM002778,ORD001683,PRD251,1,129000,129000
ITM002779,ORD001684,PRD160,2,79000,158000
ITM002780,ORD001684,PRD229,1,79000,79000
ITM002781,ORD001685,PRD215,1,89000,89000
ITM002782,ORD001686,PRD292,2,129000,258000
ITM002783,ORD001686,PRD265,1,329000,329000
ITM002784,ORD001687,PRD034,1,279000,279000
ITM002785,ORD001688,PRD293,1,249000,249000
ITM002786,ORD001689,PRD238,1,499000,499000
ITM002787,ORD001690,PRD050,1,89000,89000
ITM002788,ORD001690,PRD131,2,99000,198000
ITM002789,ORD001691,PRD022,1,299000,299000
ITM002790,ORD001691,PRD290,1,279000,279000
ITM002791,ORD001692,PRD094,1,89000,89000
ITM002792,ORD001692,PRD140,1,179000,179000
ITM002793,ORD001693,PRD265,1,329000,329000
ITM002794,ORD001694,PRD121,1,89000,89000
ITM002795,ORD001695,PRD172,1,59000,59000
ITM002796,ORD001696,PRD245,1,129000,129000
ITM002797,ORD001697,PRD136,3,119000,357000
ITM002798,ORD001698,PRD189,1,399000,399000
ITM002799,ORD001698,PRD200,1,499000,499000
ITM002800,ORD001699,PRD195,1,149000,149000
ITM002801,ORD001700,PRD198,2,149000,298000
ITM002802,ORD001700,PRD138,1,79000,79000
ITM002803,ORD001701,PRD122,2,119000,238000
ITM002804,ORD001701,PRD055,1,129000,129000
ITM002805,ORD001702,PRD173,2,249000,498000
ITM002806,ORD001702,PRD202,1,249000,249000
ITM002807,ORD001703,PRD029,1,499000,499000
ITM002808,ORD001704,PRD101,2,279000,558000
ITM002809,ORD001705,PRD163,1,119000,119000
ITM002810,ORD001705,PRD298,1,279000,279000
ITM002811,ORD001705,PRD279,1,449000,449000
ITM002812,ORD001706,PRD050,1,89000,89000
ITM002813,ORD001706,PRD167,1,149000,149000
ITM002814,ORD001707,PRD261,1,279000,279000
ITM002815,ORD001708,PRD070,1,349000,349000
ITM002816,ORD001709,PRD224,1,89000,89000
ITM002817,ORD001710,PRD014,1,449000,449000
ITM002818,ORD001710,PRD224,2,89000,178000
ITM002819,ORD001711,PRD054,1,549000,549000
ITM002820,ORD001711,PRD192,1,229000,229000
ITM002821,ORD001712,PRD185,1,599000,599000
ITM002822,ORD001713,PRD280,1,229000,229000
ITM002823,ORD001714,PRD272,1,249000,249000
ITM002824,ORD001715,PRD219,1,229000,229000
ITM002825,ORD001715,PRD193,1,179000,179000
ITM002826,ORD001716,PRD118,1,349000,349000
ITM002827,ORD001717,PRD249,1,449000,449000
ITM002828,ORD001718,PRD130,1,229000,229000
ITM002829,ORD001718,PRD243,1,279000,279000
ITM002830,ORD001719,PRD194,1,119000,119000
ITM002831,ORD001719,PRD009,1,499000,499000
ITM002832,ORD001719,PRD293,1,249000,249000
ITM002833,ORD001720,PRD231,2,179000,358000
ITM002834,ORD001721,PRD130,1,229000,229000
ITM002835,ORD001721,PRD135,2,149000,298000
ITM002836,ORD001722,PRD225,1,399000,399000
ITM002837,ORD001723,PRD289,1,79000,79000
ITM002838,ORD001723,PRD266,1,299000,299000
ITM002839,ORD001723,PRD241,2,79000,158000
ITM002840,ORD001724,PRD147,1,349000,349000
ITM002841,ORD001725,PRD210,1,249000,249000
ITM002842,ORD001726,PRD173,1,249000,249000
ITM002843,ORD001726,PRD122,2,119000,238000
ITM002844,ORD001727,PRD001,1,599000,599000
ITM002845,ORD001727,PRD269,1,329000,329000
ITM002846,ORD001728,PRD127,1,199000,199000
ITM002847,ORD001728,PRD025,1,59000,59000
ITM002848,ORD001728,PRD241,2,79000,158000
ITM002849,ORD001729,PRD006,1,119000,119000
ITM002850,ORD001729,PRD029,1,499000,499000
ITM002851,ORD001729,PRD150,1,89000,89000
ITM002852,ORD001730,PRD076,1,199000,199000
ITM002853,ORD001730,PRD208,1,329000,329000
ITM002854,ORD001731,PRD105,1,199000,199000
ITM002855,ORD001732,PRD284,1,399000,399000
ITM002856,ORD001732,PRD236,3,59000,177000
ITM002857,ORD001733,PRD174,1,69000,69000
ITM002858,ORD001733,PRD245,1,129000,129000
ITM002859,ORD001734,PRD213,1,199000,199000
ITM002860,ORD001735,PRD171,1,129000,129000
ITM002861,ORD001735,PRD115,2,399000,798000
ITM002862,ORD001736,PRD219,1,229000,229000
ITM002863,ORD001736,PRD099,3,79000,237000
ITM002864,ORD001736,PRD290,1,279000,279000
ITM002865,ORD001737,PRD218,1,199000,199000
ITM002866,ORD001737,PRD173,1,249000,249000
ITM002867,ORD001738,PRD227,2,99000,198000
ITM002868,ORD001738,PRD247,1,179000,179000
ITM002869,ORD001739,PRD164,1,49000,49000
ITM002870,ORD001739,PRD167,1,149000,149000
ITM002871,ORD001740,PRD240,1,69000,69000
ITM002872,ORD001741,PRD176,1,599000,599000
ITM002873,ORD001742,PRD160,1,79000,79000
ITM002874,ORD001743,PRD124,1,179000,179000
ITM002875,ORD001743,PRD171,1,129000,129000
ITM002876,ORD001744,PRD072,2,129000,258000
ITM002877,ORD001745,PRD095,1,89000,89000
ITM002878,ORD001745,PRD134,2,129000,258000
ITM002879,ORD001745,PRD140,1,179000,179000
ITM002880,ORD001746,PRD281,1,149000,149000
ITM002881,ORD001746,PRD010,3,99000,297000
ITM002882,ORD001747,PRD295,1,229000,229000
ITM002883,ORD001748,PRD204,3,69000,207000
ITM002884,ORD001749,PRD028,1,299000,299000
ITM002885,ORD001750,PRD257,1,59000,59000
ITM002886,ORD001751,PRD232,1,49000,49000
ITM002887,ORD001751,PRD062,1,129000,129000
ITM002888,ORD001752,PRD130,2,229000,458000
ITM002889,ORD001752,PRD230,1,129000,129000
ITM002890,ORD001752,PRD045,2,49000,98000
ITM002891,ORD001753,PRD147,1,349000,349000
ITM002892,ORD001753,PRD189,1,399000,399000
ITM002893,ORD001754,PRD097,2,49000,98000
ITM002894,ORD001755,PRD249,1,449000,449000
ITM002895,ORD001756,PRD181,1,279000,279000
ITM002896,ORD001757,PRD181,1,279000,279000
ITM002897,ORD001758,PRD089,1,149000,149000
ITM002898,ORD001758,PRD007,1,119000,119000
ITM002899,ORD001759,PRD209,1,249000,249000
ITM002900,ORD001760,PRD260,2,79000,158000
ITM002901,ORD001761,PRD295,1,229000,229000
ITM002902,ORD001761,PRD149,1,549000,549000
ITM002903,ORD001762,PRD003,2,349000,698000
ITM002904,ORD001763,PRD055,1,129000,129000
ITM002905,ORD001763,PRD248,1,299000,299000
ITM002906,ORD001764,PRD009,1,499000,499000
ITM002907,ORD001765,PRD188,1,69000,69000
ITM002908,ORD001765,PRD100,1,79000,79000
ITM002909,ORD001766,PRD297,1,349000,349000
ITM002910,ORD001766,PRD044,2,279000,558000
ITM002911,ORD001766,PRD012,1,599000,599000
ITM002912,ORD001767,PRD074,2,449000,898000
ITM002913,ORD001767,PRD160,1,79000,79000
ITM002914,ORD001768,PRD051,2,399000,798000
ITM002915,ORD001769,PRD298,1,279000,279000
ITM002916,ORD001769,PRD255,1,179000,179000
ITM002917,ORD001769,PRD010,2,99000,198000
ITM002918,ORD001770,PRD201,1,119000,119000
ITM002919,ORD001771,PRD102,1,59000,59000
ITM002920,ORD001771,PRD297,1,349000,349000
ITM002921,ORD001771,PRD010,2,99000,198000
ITM002922,ORD001772,PRD147,1,349000,349000
ITM002923,ORD001773,PRD090,1,49000,49000
ITM002924,ORD001774,PRD128,1,279000,279000
ITM002925,ORD001775,PRD233,1,49000,49000
ITM002926,ORD001775,PRD280,1,229000,229000
ITM002927,ORD001776,PRD180,1,279000,279000
ITM002928,ORD001777,PRD238,1,499000,499000
ITM002929,ORD001777,PRD017,1,149000,149000
ITM002930,ORD001778,PRD122,1,119000,119000
ITM002931,ORD001779,PRD103,1,499000,499000
ITM002932,ORD001779,PRD107,1,399000,399000
ITM002933,ORD001780,PRD205,1,119000,119000
ITM002934,ORD001780,PRD117,1,49000,49000
ITM002935,ORD001781,PRD129,2,79000,158000
ITM002936,ORD001781,PRD024,1,149000,149000
ITM002937,ORD001781,PRD172,1,59000,59000
ITM002938,ORD001782,PRD189,1,399000,399000
ITM002939,ORD001783,PRD193,3,179000,537000
ITM002940,ORD001783,PRD246,1,399000,399000
ITM002941,ORD001784,PRD155,1,499000,499000
ITM002942,ORD001785,PRD179,1,399000,399000
ITM002943,ORD001785,PRD084,1,69000,69000
ITM002944,ORD001786,PRD055,1,129000,129000
ITM002945,ORD001787,PRD157,3,69000,207000
ITM002946,ORD001788,PRD001,1,599000,599000
ITM002947,ORD001789,PRD063,1,89000,89000
ITM002948,ORD001790,PRD232,1,49000,49000
ITM002949,ORD001790,PRD110,2,199000,398000
ITM002950,ORD001791,PRD217,1,129000,129000
ITM002951,ORD001792,PRD216,2,199000,398000
ITM002952,ORD001793,PRD141,2,449000,898000
ITM002953,ORD001794,PRD134,1,129000,129000
ITM002954,ORD001794,PRD205,2,119000,238000
ITM002955,ORD001794,PRD029,2,499000,998000
ITM002956,ORD001795,PRD254,1,299000,299000
ITM002957,ORD001796,PRD050,1,89000,89000
ITM002958,ORD001797,PRD279,1,449000,449000
ITM002959,ORD001797,PRD024,1,149000,149000
ITM002960,ORD001797,PRD248,1,299000,299000
ITM002961,ORD001798,PRD146,1,329000,329000
ITM002962,ORD001799,PRD245,1,129000,129000
ITM002963,ORD001800,PRD025,2,59000,118000
ITM002964,ORD001800,PRD131,1,99000,99000
ITM002965,ORD001800,PRD003,1,349000,349000
ITM002966,ORD001801,PRD290,1,279000,279000
ITM002967,ORD001802,PRD200,1,499000,499000
ITM002968,ORD001802,PRD204,1,69000,69000
ITM002969,ORD001803,PRD196,1,449000,449000
ITM002970,ORD001803,PRD091,1,69000,69000
ITM002971,ORD001804,PRD061,1,599000,599000
ITM002972,ORD001805,PRD256,1,49000,49000
ITM002973,ORD001806,PRD143,2,329000,658000
ITM002974,ORD001807,PRD052,1,399000,399000
ITM002975,ORD001807,PRD159,1,89000,89000
ITM002976,ORD001807,PRD078,1,99000,99000
ITM002977,ORD001808,PRD169,3,179000,537000
ITM002978,ORD001809,PRD115,1,399000,399000
ITM002979,ORD001810,PRD037,1,149000,149000
ITM002980,ORD001810,PRD066,1,349000,349000
ITM002981,ORD001810,PRD299,1,399000,399000
ITM002982,ORD001811,PRD092,1,69000,69000
ITM002983,ORD001811,PRD134,1,129000,129000
ITM002984,ORD001812,PRD018,2,299000,598000
ITM002985,ORD001812,PRD286,1,49000,49000
ITM002986,ORD001812,PRD248,1,299000,299000
ITM002987,ORD001813,PRD181,3,279000,837000
ITM002988,ORD001813,PRD288,1,99000,99000
ITM002989,ORD001813,PRD226,1,449000,449000
ITM002990,ORD001814,PRD191,1,49000,49000
ITM002991,ORD001815,PRD225,1,399000,399000
ITM002992,ORD001815,PRD119,1,279000,279000
ITM002993,ORD001815,PRD279,1,449000,449000
ITM002994,ORD001816,PRD165,2,129000,258000
ITM002995,ORD001817,PRD262,1,99000,99000
ITM002996,ORD001818,PRD252,1,49000,49000
ITM002997,ORD001818,PRD247,1,179000,179000
ITM002998,ORD001819,PRD121,1,89000,89000
ITM002999,ORD001819,PRD111,1,449000,449000
ITM003000,ORD001819,PRD018,1,299000,299000
ITM003001,ORD001820,PRD048,3,69000,207000
ITM003002,ORD001820,PRD054,1,549000,549000
ITM003003,ORD001821,PRD239,2,179000,358000
ITM003004,ORD001821,PRD005,1,599000,599000
ITM003005,ORD001822,PRD265,1,329000,329000
ITM003006,ORD001822,PRD067,2,549000,1098000
ITM003007,ORD001822,PRD024,1,149000,149000
ITM003008,ORD001823,PRD165,2,129000,258000
ITM003009,ORD001823,PRD032,2,99000,198000
ITM003010,ORD001823,PRD218,1,199000,199000
ITM003011,ORD001824,PRD018,1,299000,299000
ITM003012,ORD001824,PRD177,1,449000,449000
ITM003013,ORD001824,PRD245,1,129000,129000
ITM003014,ORD001825,PRD213,1,199000,199000
ITM003015,ORD001825,PRD277,1,129000,129000
ITM003016,ORD001825,PRD135,3,149000,447000
ITM003017,ORD001826,PRD134,2,129000,258000
ITM003018,ORD001826,PRD029,3,499000,1497000
ITM003019,ORD001826,PRD186,2,129000,258000
ITM003020,ORD001827,PRD162,1,119000,119000
ITM003021,ORD001827,PRD125,3,279000,837000
ITM003022,ORD001828,PRD140,1,179000,179000
ITM003023,ORD001828,PRD222,1,179000,179000
ITM003024,ORD001828,PRD184,3,199000,597000
ITM003025,ORD001829,PRD275,1,329000,329000
ITM003026,ORD001829,PRD226,1,449000,449000
ITM003027,ORD001830,PRD041,3,199000,597000
ITM003028,ORD001830,PRD046,1,199000,199000
ITM003029,ORD001831,PRD012,1,599000,599000
ITM003030,ORD001832,PRD199,1,69000,69000
ITM003031,ORD001832,PRD097,1,49000,49000
ITM003032,ORD001832,PRD052,2,399000,798000
ITM003033,ORD001833,PRD262,1,99000,99000
ITM003034,ORD001834,PRD117,1,49000,49000
ITM003035,ORD001834,PRD095,2,89000,178000
ITM003036,ORD001835,PRD081,1,229000,229000
ITM003037,ORD001835,PRD297,1,349000,349000
ITM003038,ORD001836,PRD197,2,199000,398000
ITM003039,ORD001836,PRD174,2,69000,138000
ITM003040,ORD001837,PRD125,1,279000,279000
ITM003041,ORD001837,PRD245,1,129000,129000
ITM003042,ORD001837,PRD204,1,69000,69000
ITM003043,ORD001838,PRD276,1,329000,329000
ITM003044,ORD001838,PRD233,1,49000,49000
ITM003045,ORD001839,PRD062,2,129000,258000
ITM003046,ORD001839,PRD098,1,299000,299000
ITM003047,ORD001840,PRD008,1,549000,549000
ITM003048,ORD001840,PRD272,2,249000,498000
ITM003049,ORD001840,PRD182,1,119000,119000
ITM003050,ORD001841,PRD245,2,129000,258000
ITM003051,ORD001841,PRD247,3,179000,537000
ITM003052,ORD001842,PRD019,1,119000,119000
ITM003053,ORD001842,PRD276,2,329000,658000
ITM003054,ORD001843,PRD200,1,499000,499000
ITM003055,ORD001843,PRD210,2,249000,498000
ITM003056,ORD001844,PRD241,1,79000,79000
ITM003057,ORD001844,PRD067,1,549000,549000
ITM003058,ORD001844,PRD271,1,129000,129000
ITM003059,ORD001845,PRD219,1,229000,229000
ITM003060,ORD001845,PRD207,1,199000,199000
ITM003061,ORD001846,PRD147,1,349000,349000
ITM003062,ORD001846,PRD101,1,279000,279000
ITM003063,ORD001847,PRD143,1,329000,329000
ITM003064,ORD001848,PRD242,1,449000,449000
ITM003065,ORD001848,PRD089,1,149000,149000
ITM003066,ORD001848,PRD176,1,599000,599000
ITM003067,ORD001849,PRD033,1,199000,199000
ITM003068,ORD001850,PRD222,2,179000,358000
ITM003069,ORD001850,PRD294,1,229000,229000
ITM003070,ORD001850,PRD090,1,49000,49000
ITM003071,ORD001851,PRD135,1,149000,149000
ITM003072,ORD001852,PRD075,1,499000,499000
ITM003073,ORD001853,PRD149,1,549000,549000
ITM003074,ORD001853,PRD097,1,49000,49000
ITM003075,ORD001853,PRD286,1,49000,49000
ITM003076,ORD001854,PRD282,1,149000,149000
ITM003077,ORD001855,PRD184,1,199000,199000
ITM003078,ORD001856,PRD262,1,99000,99000
ITM003079,ORD001856,PRD126,1,279000,279000
ITM003080,ORD001857,PRD041,3,199000,597000
ITM003081,ORD001857,PRD088,1,199000,199000
ITM003082,ORD001857,PRD270,1,349000,349000
ITM003083,ORD001858,PRD085,1,129000,129000
ITM003084,ORD001858,PRD194,2,119000,238000
ITM003085,ORD001858,PRD196,1,449000,449000
ITM003086,ORD001859,PRD053,1,49000,49000
ITM003087,ORD001860,PRD184,1,199000,199000
ITM003088,ORD001861,PRD047,1,329000,329000
ITM003089,ORD001861,PRD113,1,499000,499000
ITM003090,ORD001861,PRD245,1,129000,129000
ITM003091,ORD001862,PRD228,1,399000,399000
ITM003092,ORD001862,PRD110,2,199000,398000
ITM003093,ORD001862,PRD233,1,49000,49000
ITM003094,ORD001863,PRD283,2,249000,498000
ITM003095,ORD001863,PRD081,1,229000,229000
ITM003096,ORD001864,PRD207,1,199000,199000
ITM003097,ORD001865,PRD286,1,49000,49000
ITM003098,ORD001866,PRD209,1,249000,249000
ITM003099,ORD001866,PRD030,1,199000,199000
ITM003100,ORD001866,PRD078,1,99000,99000
ITM003101,ORD001867,PRD171,1,129000,129000
ITM003102,ORD001867,PRD193,1,179000,179000
ITM003103,ORD001867,PRD077,2,329000,658000
ITM003104,ORD001868,PRD133,2,399000,798000
ITM003105,ORD001869,PRD285,1,499000,499000
ITM003106,ORD001870,PRD135,1,149000,149000
ITM003107,ORD001870,PRD139,1,599000,599000
ITM003108,ORD001870,PRD149,3,549000,1647000
ITM003109,ORD001871,PRD178,2,249000,498000
ITM003110,ORD001872,PRD151,1,249000,249000
ITM003111,ORD001873,PRD136,1,119000,119000
ITM003112,ORD001874,PRD043,1,149000,149000
ITM003113,ORD001875,PRD243,1,279000,279000
ITM003114,ORD001875,PRD284,1,399000,399000
ITM003115,ORD001875,PRD129,1,79000,79000
ITM003116,ORD001876,PRD082,1,229000,229000
ITM003117,ORD001876,PRD091,1,69000,69000
ITM003118,ORD001877,PRD249,1,449000,449000
ITM003119,ORD001877,PRD274,1,229000,229000
ITM003120,ORD001878,PRD138,1,79000,79000
ITM003121,ORD001878,PRD147,1,349000,349000
ITM003122,ORD001879,PRD067,1,549000,549000
ITM003123,ORD001880,PRD025,1,59000,59000
ITM003124,ORD001881,PRD194,2,119000,238000
ITM003125,ORD001882,PRD028,1,299000,299000
ITM003126,ORD001883,PRD011,1,149000,149000
ITM003127,ORD001883,PRD199,1,69000,69000
ITM003128,ORD001884,PRD061,1,599000,599000
ITM003129,ORD001884,PRD029,1,499000,499000
ITM003130,ORD001884,PRD027,1,229000,229000
ITM003131,ORD001885,PRD213,1,199000,199000
ITM003132,ORD001885,PRD001,2,599000,1198000
ITM003133,ORD001885,PRD274,1,229000,229000
ITM003134,ORD001886,PRD162,1,119000,119000
ITM003135,ORD001887,PRD059,3,399000,1197000
ITM003136,ORD001888,PRD278,1,499000,499000
ITM003137,ORD001889,PRD095,1,89000,89000
ITM003138,ORD001890,PRD225,1,399000,399000
ITM003139,ORD001891,PRD272,1,249000,249000
ITM003140,ORD001892,PRD141,1,449000,449000
ITM003141,ORD001892,PRD192,1,229000,229000
ITM003142,ORD001892,PRD035,2,399000,798000
ITM003143,ORD001893,PRD239,2,179000,358000
ITM003144,ORD001894,PRD077,1,329000,329000
ITM003145,ORD001895,PRD114,2,199000,398000
ITM003146,ORD001896,PRD144,1,59000,59000
ITM003147,ORD001897,PRD056,1,229000,229000
ITM003148,ORD001898,PRD124,1,179000,179000
ITM003149,ORD001898,PRD114,1,199000,199000
ITM003150,ORD001899,PRD133,1,399000,399000
ITM003151,ORD001900,PRD079,1,499000,499000
ITM003152,ORD001901,PRD249,1,449000,449000
ITM003153,ORD001902,PRD256,1,49000,49000
ITM003154,ORD001903,PRD212,1,499000,499000
ITM003155,ORD001903,PRD097,1,49000,49000
ITM003156,ORD001904,PRD259,2,599000,1198000
ITM003157,ORD001904,PRD269,1,329000,329000
ITM003158,ORD001904,PRD033,1,199000,199000
ITM003159,ORD001905,PRD081,1,229000,229000
ITM003160,ORD001905,PRD147,1,349000,349000
ITM003161,ORD001906,PRD178,1,249000,249000
ITM003162,ORD001906,PRD133,1,399000,399000
ITM003163,ORD001907,PRD235,2,59000,118000
ITM003164,ORD001908,PRD153,1,179000,179000
ITM003165,ORD001908,PRD029,1,499000,499000
ITM003166,ORD001909,PRD269,1,329000,329000
ITM003167,ORD001910,PRD042,1,449000,449000
ITM003168,ORD001911,PRD062,1,129000,129000
ITM003169,ORD001911,PRD245,1,129000,129000
ITM003170,ORD001911,PRD174,1,69000,69000
ITM003171,ORD001912,PRD245,1,129000,129000
ITM003172,ORD001913,PRD198,1,149000,149000
ITM003173,ORD001914,PRD172,1,59000,59000
ITM003174,ORD001915,PRD023,1,149000,149000
ITM003175,ORD001915,PRD222,1,179000,179000
ITM003176,ORD001916,PRD070,1,349000,349000
ITM003177,ORD001916,PRD104,1,229000,229000
ITM003178,ORD001916,PRD275,1,329000,329000
ITM003179,ORD001917,PRD138,1,79000,79000
ITM003180,ORD001918,PRD205,1,119000,119000
ITM003181,ORD001919,PRD019,1,119000,119000
ITM003182,ORD001920,PRD128,1,279000,279000
ITM003183,ORD001920,PRD020,2,59000,118000
ITM003184,ORD001920,PRD028,2,299000,598000
ITM003185,ORD001921,PRD067,1,549000,549000
ITM003186,ORD001922,PRD204,1,69000,69000
ITM003187,ORD001923,PRD061,1,599000,599000
ITM003188,ORD001923,PRD254,2,299000,598000
ITM003189,ORD001923,PRD048,1,69000,69000
ITM003190,ORD001924,PRD174,2,69000,138000
ITM003191,ORD001924,PRD072,1,129000,129000
ITM003192,ORD001925,PRD081,1,229000,229000
ITM003193,ORD001926,PRD289,1,79000,79000
ITM003194,ORD001926,PRD096,1,69000,69000
ITM003195,ORD001926,PRD031,1,69000,69000
ITM003196,ORD001927,PRD069,1,229000,229000
ITM003197,ORD001927,PRD254,1,299000,299000
ITM003198,ORD001927,PRD235,2,59000,118000
ITM003199,ORD001928,PRD242,2,449000,898000
ITM003200,ORD001929,PRD039,1,399000,399000
ITM003201,ORD001930,PRD063,1,89000,89000
ITM003202,ORD001931,PRD241,1,79000,79000
ITM003203,ORD001931,PRD289,1,79000,79000
ITM003204,ORD001932,PRD115,1,399000,399000
ITM003205,ORD001933,PRD169,1,179000,179000
ITM003206,ORD001933,PRD150,2,89000,178000
ITM003207,ORD001934,PRD084,1,69000,69000
ITM003208,ORD001935,PRD299,2,399000,798000
ITM003209,ORD001935,PRD112,1,249000,249000
ITM003210,ORD001936,PRD198,1,149000,149000
ITM003211,ORD001936,PRD112,1,249000,249000
ITM003212,ORD001936,PRD095,1,89000,89000
ITM003213,ORD001937,PRD131,1,99000,99000
ITM003214,ORD001937,PRD252,1,49000,49000
ITM003215,ORD001938,PRD098,1,299000,299000
ITM003216,ORD001938,PRD223,2,499000,998000
ITM003217,ORD001938,PRD100,2,79000,158000
ITM003218,ORD001939,PRD270,1,349000,349000
ITM003219,ORD001939,PRD085,1,129000,129000
ITM003220,ORD001940,PRD279,2,449000,898000
ITM003221,ORD001941,PRD037,1,149000,149000
ITM003222,ORD001941,PRD110,2,199000,398000
ITM003223,ORD001942,PRD023,1,149000,149000
ITM003224,ORD001942,PRD088,1,199000,199000
ITM003225,ORD001943,PRD117,2,49000,98000
ITM003226,ORD001943,PRD263,2,89000,178000
ITM003227,ORD001943,PRD028,1,299000,299000
ITM003228,ORD001944,PRD295,2,229000,458000
ITM003229,ORD001945,PRD244,1,49000,49000
ITM003230,ORD001945,PRD163,1,119000,119000
ITM003231,ORD001946,PRD159,1,89000,89000
ITM003232,ORD001946,PRD154,1,119000,119000
ITM003233,ORD001947,PRD197,1,199000,199000
ITM003234,ORD001947,PRD091,1,69000,69000
ITM003235,ORD001948,PRD212,1,499000,499000
ITM003236,ORD001949,PRD232,3,49000,147000
ITM003237,ORD001949,PRD067,1,549000,549000
ITM003238,ORD001950,PRD005,1,599000,599000
ITM003239,ORD001950,PRD048,1,69000,69000
ITM003240,ORD001951,PRD203,1,59000,59000
ITM003241,ORD001952,PRD167,1,149000,149000
ITM003242,ORD001953,PRD249,1,449000,449000
ITM003243,ORD001954,PRD152,1,59000,59000
ITM003244,ORD001954,PRD085,1,129000,129000
ITM003245,ORD001955,PRD029,1,499000,499000
ITM003246,ORD001956,PRD138,1,79000,79000
ITM003247,ORD001956,PRD061,1,599000,599000
ITM003248,ORD001957,PRD199,1,69000,69000
ITM003249,ORD001958,PRD251,1,129000,129000
ITM003250,ORD001958,PRD278,1,499000,499000
ITM003251,ORD001959,PRD276,3,329000,987000
ITM003252,ORD001959,PRD221,1,119000,119000
ITM003253,ORD001960,PRD182,1,119000,119000
ITM003254,ORD001960,PRD009,3,499000,1497000
ITM003255,ORD001961,PRD034,1,279000,279000
ITM003256,ORD001961,PRD142,1,199000,199000
ITM003257,ORD001962,PRD143,1,329000,329000
ITM003258,ORD001963,PRD033,1,199000,199000
ITM003259,ORD001963,PRD187,1,49000,49000
ITM003260,ORD001964,PRD135,1,149000,149000
ITM003261,ORD001965,PRD038,2,299000,598000
ITM003262,ORD001965,PRD083,1,49000,49000
ITM003263,ORD001965,PRD223,1,499000,499000
ITM003264,ORD001966,PRD220,1,329000,329000
ITM003265,ORD001966,PRD219,1,229000,229000
ITM003266,ORD001966,PRD200,1,499000,499000
ITM003267,ORD001967,PRD144,1,59000,59000
ITM003268,ORD001967,PRD006,1,119000,119000
ITM003269,ORD001968,PRD188,1,69000,69000
ITM003270,ORD001969,PRD240,1,69000,69000
ITM003271,ORD001970,PRD006,1,119000,119000
ITM003272,ORD001971,PRD243,1,279000,279000
ITM003273,ORD001971,PRD029,1,499000,499000
ITM003274,ORD001972,PRD094,1,89000,89000
ITM003275,ORD001973,PRD053,1,49000,49000
ITM003276,ORD001974,PRD061,1,599000,599000
ITM003277,ORD001975,PRD248,2,299000,598000
ITM003278,ORD001975,PRD295,1,229000,229000
ITM003279,ORD001976,PRD167,1,149000,149000
ITM003280,ORD001977,PRD268,1,599000,599000
ITM003281,ORD001977,PRD226,1,449000,449000
ITM003282,ORD001978,PRD195,1,149000,149000
ITM003283,ORD001978,PRD010,1,99000,99000
ITM003284,ORD001979,PRD011,1,149000,149000
ITM003285,ORD001980,PRD173,2,249000,498000
ITM003286,ORD001981,PRD242,1,449000,449000
ITM003287,ORD001981,PRD005,2,599000,1198000
ITM003288,ORD001982,PRD115,2,399000,798000
ITM003289,ORD001982,PRD200,1,499000,499000
ITM003290,ORD001983,PRD197,2,199000,398000
ITM003291,ORD001983,PRD080,1,329000,329000
ITM003292,ORD001984,PRD198,1,149000,149000
ITM003293,ORD001984,PRD063,1,89000,89000
ITM003294,ORD001985,PRD271,1,129000,129000
ITM003295,ORD001986,PRD254,2,299000,598000
ITM003296,ORD001986,PRD055,1,129000,129000
ITM003297,ORD001987,PRD298,1,279000,279000
ITM003298,ORD001988,PRD264,2,79000,158000
ITM003299,ORD001988,PRD266,2,299000,598000
ITM003300,ORD001989,PRD126,2,279000,558000
ITM003301,ORD001990,PRD069,1,229000,229000
ITM003302,ORD001990,PRD058,2,299000,598000
ITM003303,ORD001990,PRD102,1,59000,59000
ITM003304,ORD001991,PRD259,2,599000,1198000
ITM003305,ORD001991,PRD029,1,499000,499000
ITM003306,ORD001992,PRD091,1,69000,69000
ITM003307,ORD001992,PRD061,1,599000,599000
ITM003308,ORD001993,PRD063,1,89000,89000
ITM003309,ORD001994,PRD009,1,499000,499000
ITM003310,ORD001994,PRD158,1,599000,599000
ITM003311,ORD001995,PRD177,1,449000,449000
ITM003312,ORD001996,PRD036,2,299000,598000
ITM003313,ORD001996,PRD236,1,59000,59000
ITM003314,ORD001996,PRD093,1,279000,279000
ITM003315,ORD001997,PRD287,2,449000,898000
ITM003316,ORD001997,PRD047,1,329000,329000
ITM003317,ORD001998,PRD145,1,229000,229000
ITM003318,ORD001998,PRD187,1,49000,49000
ITM003319,ORD001999,PRD206,1,59000,59000
ITM003320,ORD002000,PRD186,1,129000,129000
ITM003321,ORD002000,PRD039,1,399000,399000
ITM003322,ORD002000,PRD174,1,69000,69000
ITM003323,ORD002001,PRD174,1,69000,69000
ITM003324,ORD002001,PRD291,1,499000,499000
ITM003325,ORD002001,PRD215,1,89000,89000
ITM003326,ORD002002,PRD006,1,119000,119000
ITM003327,ORD002003,PRD138,1,79000,79000
ITM003328,ORD002003,PRD201,3,119000,357000
ITM003329,ORD002004,PRD148,1,449000,449000
ITM003330,ORD002005,PRD009,2,499000,998000
ITM003331,ORD002006,PRD011,1,149000,149000
ITM003332,ORD002007,PRD276,2,329000,658000
ITM003333,ORD002008,PRD285,2,499000,998000
ITM003334,ORD002008,PRD249,2,449000,898000
ITM003335,ORD002008,PRD042,1,449000,449000
ITM003336,ORD002009,PRD241,2,79000,158000
ITM003337,ORD002009,PRD059,2,399000,798000
ITM003338,ORD002009,PRD299,1,399000,399000
ITM003339,ORD002010,PRD299,1,399000,399000
ITM003340,ORD002010,PRD180,3,279000,837000
ITM003341,ORD002010,PRD157,1,69000,69000
ITM003342,ORD002011,PRD290,2,279000,558000
ITM003343,ORD002011,PRD267,1,59000,59000
ITM003344,ORD002012,PRD220,1,329000,329000
ITM003345,ORD002013,PRD280,1,229000,229000
ITM003346,ORD002013,PRD015,2,449000,898000
ITM003347,ORD002013,PRD295,1,229000,229000
ITM003348,ORD002014,PRD105,1,199000,199000
ITM003349,ORD002015,PRD300,1,149000,149000
ITM003350,ORD002016,PRD193,1,179000,179000
ITM003351,ORD002016,PRD133,1,399000,399000
ITM003352,ORD002016,PRD238,1,499000,499000
ITM003353,ORD002017,PRD294,1,229000,229000
ITM003354,ORD002018,PRD129,1,79000,79000
ITM003355,ORD002018,PRD123,1,89000,89000
ITM003356,ORD002018,PRD271,1,129000,129000
ITM003357,ORD002019,PRD289,2,79000,158000
ITM003358,ORD002019,PRD271,1,129000,129000
ITM003359,ORD002019,PRD019,2,119000,238000
ITM003360,ORD002020,PRD278,2,499000,998000
ITM003361,ORD002020,PRD116,1,299000,299000
ITM003362,ORD002021,PRD298,1,279000,279000
ITM003363,ORD002021,PRD063,2,89000,178000
ITM003364,ORD002021,PRD009,2,499000,998000
ITM003365,ORD002022,PRD060,1,549000,549000
ITM003366,ORD002022,PRD159,1,89000,89000
ITM003367,ORD002023,PRD218,1,199000,199000
ITM003368,ORD002024,PRD117,1,49000,49000
ITM003369,ORD002024,PRD251,2,129000,258000
ITM003370,ORD002024,PRD022,1,299000,299000
ITM003371,ORD002025,PRD011,2,149000,298000
ITM003372,ORD002026,PRD045,1,49000,49000
ITM003373,ORD002027,PRD024,1,149000,149000
ITM003374,ORD002028,PRD288,1,99000,99000
ITM003375,ORD002029,PRD177,1,449000,449000
ITM003376,ORD002030,PRD091,1,69000,69000
ITM003377,ORD002031,PRD243,1,279000,279000
ITM003378,ORD002031,PRD260,2,79000,158000
ITM003379,ORD002032,PRD145,2,229000,458000
ITM003380,ORD002032,PRD146,2,329000,658000
ITM003381,ORD002033,PRD041,1,199000,199000
ITM003382,ORD002033,PRD135,1,149000,149000
ITM003383,ORD002033,PRD289,1,79000,79000
ITM003384,ORD002034,PRD269,1,329000,329000
ITM003385,ORD002034,PRD118,1,349000,349000
ITM003386,ORD002035,PRD120,2,89000,178000
ITM003387,ORD002036,PRD107,1,399000,399000
ITM003388,ORD002037,PRD243,1,279000,279000
ITM003389,ORD002037,PRD267,1,59000,59000
ITM003390,ORD002037,PRD233,1,49000,49000
ITM003391,ORD002038,PRD046,1,199000,199000
ITM003392,ORD002039,PRD115,2,399000,798000
ITM003393,ORD002039,PRD030,2,199000,398000
ITM003394,ORD002040,PRD216,1,199000,199000
ITM003395,ORD002040,PRD265,1,329000,329000
ITM003396,ORD002041,PRD082,1,229000,229000
ITM003397,ORD002042,PRD078,1,99000,99000
ITM003398,ORD002043,PRD258,1,129000,129000
ITM003399,ORD002044,PRD013,1,149000,149000
ITM003400,ORD002044,PRD213,1,199000,199000
ITM003401,ORD002044,PRD097,1,49000,49000
ITM003402,ORD002045,PRD113,1,499000,499000
ITM003403,ORD002045,PRD213,1,199000,199000
ITM003404,ORD002046,PRD254,2,299000,598000
ITM003405,ORD002047,PRD290,1,279000,279000
ITM003406,ORD002047,PRD086,1,329000,329000
ITM003407,ORD002048,PRD062,3,129000,387000
ITM003408,ORD002049,PRD225,2,399000,798000
ITM003409,ORD002049,PRD211,1,329000,329000
ITM003410,ORD002049,PRD107,1,399000,399000
ITM003411,ORD002050,PRD005,1,599000,599000
ITM003412,ORD002050,PRD263,1,89000,89000
ITM003413,ORD002051,PRD106,1,99000,99000
ITM003414,ORD002052,PRD187,1,49000,49000
ITM003415,ORD002053,PRD175,1,279000,279000
ITM003416,ORD002053,PRD202,2,249000,498000
ITM003417,ORD002054,PRD221,2,119000,238000
ITM003418,ORD002054,PRD195,1,149000,149000
ITM003419,ORD002055,PRD150,1,89000,89000
ITM003420,ORD002056,PRD169,2,179000,358000
ITM003421,ORD002056,PRD235,1,59000,59000
ITM003422,ORD002056,PRD171,1,129000,129000
ITM003423,ORD002057,PRD223,1,499000,499000
ITM003424,ORD002058,PRD149,1,549000,549000
ITM003425,ORD002059,PRD029,2,499000,998000
ITM003426,ORD002060,PRD166,1,549000,549000
ITM003427,ORD002060,PRD170,1,349000,349000
ITM003428,ORD002060,PRD226,2,449000,898000
ITM003429,ORD002061,PRD270,3,349000,1047000
ITM003430,ORD002062,PRD250,1,149000,149000
ITM003431,ORD002062,PRD185,1,599000,599000
ITM003432,ORD002062,PRD297,1,349000,349000
ITM003433,ORD002063,PRD299,2,399000,798000
ITM003434,ORD002063,PRD061,1,599000,599000
ITM003435,ORD002064,PRD271,1,129000,129000
ITM003436,ORD002065,PRD260,1,79000,79000
ITM003437,ORD002066,PRD277,1,129000,129000
ITM003438,ORD002067,PRD140,1,179000,179000
ITM003439,ORD002068,PRD126,1,279000,279000
ITM003440,ORD002068,PRD064,1,449000,449000
ITM003441,ORD002068,PRD130,1,229000,229000
ITM003442,ORD002069,PRD246,1,399000,399000
ITM003443,ORD002069,PRD236,1,59000,59000
ITM003444,ORD002070,PRD245,1,129000,129000
ITM003445,ORD002071,PRD271,1,129000,129000
ITM003446,ORD002071,PRD211,2,329000,658000
ITM003447,ORD002072,PRD156,1,99000,99000
ITM003448,ORD002073,PRD161,1,179000,179000
ITM003449,ORD002074,PRD040,1,449000,449000
ITM003450,ORD002075,PRD010,1,99000,99000
ITM003451,ORD002076,PRD087,2,399000,798000
ITM003452,ORD002077,PRD217,1,129000,129000
ITM003453,ORD002078,PRD116,2,299000,598000
ITM003454,ORD002078,PRD123,1,89000,89000
ITM003455,ORD002079,PRD090,2,49000,98000
ITM003456,ORD002080,PRD250,1,149000,149000
ITM003457,ORD002080,PRD126,1,279000,279000
ITM003458,ORD002081,PRD032,2,99000,198000
ITM003459,ORD002081,PRD113,1,499000,499000
ITM003460,ORD002082,PRD089,2,149000,298000
ITM003461,ORD002082,PRD262,1,99000,99000
ITM003462,ORD002083,PRD002,1,329000,329000
ITM003463,ORD002084,PRD132,2,229000,458000
ITM003464,ORD002085,PRD134,1,129000,129000
ITM003465,ORD002086,PRD179,2,399000,798000
ITM003466,ORD002087,PRD129,1,79000,79000
ITM003467,ORD002088,PRD108,1,229000,229000
ITM003468,ORD002088,PRD056,2,229000,458000
ITM003469,ORD002089,PRD108,1,229000,229000
ITM003470,ORD002089,PRD096,1,69000,69000
ITM003471,ORD002090,PRD255,1,179000,179000
ITM003472,ORD002091,PRD297,1,349000,349000
ITM003473,ORD002092,PRD261,1,279000,279000
ITM003474,ORD002092,PRD125,1,279000,279000
ITM003475,ORD002092,PRD229,2,79000,158000
ITM003476,ORD002093,PRD010,2,99000,198000
ITM003477,ORD002093,PRD231,1,179000,179000
ITM003478,ORD002094,PRD260,1,79000,79000
ITM003479,ORD002094,PRD229,2,79000,158000
ITM003480,ORD002094,PRD183,1,119000,119000
ITM003481,ORD002095,PRD025,1,59000,59000
ITM003482,ORD002095,PRD237,1,199000,199000
ITM003483,ORD002095,PRD148,1,449000,449000
ITM003484,ORD002096,PRD245,1,129000,129000
ITM003485,ORD002097,PRD093,1,279000,279000
ITM003486,ORD002098,PRD213,1,199000,199000
ITM003487,ORD002098,PRD216,3,199000,597000
ITM003488,ORD002098,PRD141,1,449000,449000
ITM003489,ORD002099,PRD099,1,79000,79000
ITM003490,ORD002099,PRD006,1,119000,119000
ITM003491,ORD002100,PRD138,1,79000,79000
ITM003492,ORD002101,PRD130,3,229000,687000
ITM003493,ORD002102,PRD085,1,129000,129000
ITM003494,ORD002102,PRD038,1,299000,299000
ITM003495,ORD002103,PRD177,2,449000,898000
ITM003496,ORD002104,PRD237,2,199000,398000
ITM003497,ORD002105,PRD248,1,299000,299000
ITM003498,ORD002105,PRD271,1,129000,129000
ITM003499,ORD002106,PRD279,1,449000,449000
ITM003500,ORD002107,PRD223,2,499000,998000
ITM003501,ORD002107,PRD149,1,549000,549000
ITM003502,ORD002108,PRD179,1,399000,399000
ITM003503,ORD002108,PRD260,2,79000,158000
ITM003504,ORD002108,PRD084,1,69000,69000
ITM003505,ORD002109,PRD275,1,329000,329000
ITM003506,ORD002109,PRD264,2,79000,158000
ITM003507,ORD002110,PRD065,1,249000,249000
ITM003508,ORD002110,PRD048,1,69000,69000
ITM003509,ORD002110,PRD052,1,399000,399000
ITM003510,ORD002111,PRD232,1,49000,49000
ITM003511,ORD002111,PRD059,1,399000,399000
ITM003512,ORD002112,PRD160,1,79000,79000
ITM003513,ORD002113,PRD252,1,49000,49000
ITM003514,ORD002113,PRD247,1,179000,179000
ITM003515,ORD002113,PRD114,1,199000,199000
ITM003516,ORD002114,PRD009,1,499000,499000
ITM003517,ORD002114,PRD181,3,279000,837000
ITM003518,ORD002115,PRD073,1,79000,79000
ITM003519,ORD002115,PRD115,1,399000,399000
ITM003520,ORD002116,PRD118,2,349000,698000
ITM003521,ORD002116,PRD259,1,599000,599000
ITM003522,ORD002117,PRD099,3,79000,237000
ITM003523,ORD002117,PRD014,1,449000,449000
ITM003524,ORD002118,PRD268,1,599000,599000
ITM003525,ORD002118,PRD256,2,49000,98000
ITM003526,ORD002118,PRD227,3,99000,297000
ITM003527,ORD002119,PRD124,1,179000,179000
ITM003528,ORD002119,PRD011,1,149000,149000
ITM003529,ORD002120,PRD054,1,549000,549000
ITM003530,ORD002120,PRD216,1,199000,199000
ITM003531,ORD002120,PRD087,1,399000,399000
ITM003532,ORD002121,PRD287,3,449000,1347000
ITM003533,ORD002121,PRD239,1,179000,179000
ITM003534,ORD002121,PRD202,1,249000,249000
ITM003535,ORD002122,PRD206,2,59000,118000
ITM003536,ORD002123,PRD074,1,449000,449000
ITM003537,ORD002124,PRD023,1,149000,149000
ITM003538,ORD002124,PRD249,1,449000,449000
ITM003539,ORD002125,PRD180,1,279000,279000
ITM003540,ORD002126,PRD199,1,69000,69000
ITM003541,ORD002126,PRD008,2,549000,1098000
ITM003542,ORD002127,PRD056,1,229000,229000
ITM003543,ORD002127,PRD017,1,149000,149000
ITM003544,ORD002128,PRD267,1,59000,59000
ITM003545,ORD002128,PRD129,3,79000,237000
ITM003546,ORD002129,PRD257,3,59000,177000
ITM003547,ORD002130,PRD276,1,329000,329000
ITM003548,ORD002131,PRD238,1,499000,499000
ITM003549,ORD002131,PRD216,1,199000,199000
ITM003550,ORD002132,PRD212,1,499000,499000
ITM003551,ORD002133,PRD001,1,599000,599000
ITM003552,ORD002134,PRD098,1,299000,299000
ITM003553,ORD002134,PRD006,3,119000,357000
ITM003554,ORD002134,PRD233,1,49000,49000
ITM003555,ORD002135,PRD138,1,79000,79000
ITM003556,ORD002136,PRD086,2,329000,658000
ITM003557,ORD002136,PRD158,2,599000,1198000
ITM003558,ORD002137,PRD277,1,129000,129000
ITM003559,ORD002137,PRD250,1,149000,149000
ITM003560,ORD002138,PRD264,1,79000,79000
ITM003561,ORD002138,PRD114,1,199000,199000
ITM003562,ORD002138,PRD135,1,149000,149000
ITM003563,ORD002139,PRD210,1,249000,249000
ITM003564,ORD002140,PRD022,1,299000,299000
ITM003565,ORD002140,PRD096,2,69000,138000
ITM003566,ORD002141,PRD062,1,129000,129000
ITM003567,ORD002141,PRD243,1,279000,279000
ITM003568,ORD002141,PRD083,1,49000,49000
ITM003569,ORD002142,PRD178,3,249000,747000
ITM003570,ORD002142,PRD277,1,129000,129000
ITM003571,ORD002142,PRD012,1,599000,599000
ITM003572,ORD002143,PRD165,1,129000,129000
ITM003573,ORD002143,PRD229,1,79000,79000
ITM003574,ORD002144,PRD007,1,119000,119000
ITM003575,ORD002145,PRD020,1,59000,59000
ITM003576,ORD002146,PRD026,2,179000,358000
ITM003577,ORD002146,PRD185,1,599000,599000
ITM003578,ORD002147,PRD273,1,179000,179000
ITM003579,ORD002147,PRD109,1,599000,599000
ITM003580,ORD002147,PRD171,1,129000,129000
ITM003581,ORD002148,PRD042,1,449000,449000
ITM003582,ORD002149,PRD128,1,279000,279000
ITM003583,ORD002150,PRD072,1,129000,129000
ITM003584,ORD002151,PRD086,1,329000,329000
ITM003585,ORD002152,PRD228,1,399000,399000
ITM003586,ORD002153,PRD247,1,179000,179000
ITM003587,ORD002153,PRD021,2,549000,1098000
ITM003588,ORD002154,PRD179,1,399000,399000
ITM003589,ORD002154,PRD167,1,149000,149000
ITM003590,ORD002155,PRD237,1,199000,199000
ITM003591,ORD002155,PRD045,2,49000,98000
ITM003592,ORD002155,PRD042,1,449000,449000
ITM003593,ORD002156,PRD133,1,399000,399000
ITM003594,ORD002157,PRD299,1,399000,399000
ITM003595,ORD002157,PRD109,1,599000,599000
ITM003596,ORD002158,PRD213,1,199000,199000
ITM003597,ORD002159,PRD164,1,49000,49000
ITM003598,ORD002160,PRD227,1,99000,99000
ITM003599,ORD002160,PRD217,1,129000,129000
ITM003600,ORD002160,PRD294,2,229000,458000
ITM003601,ORD002161,PRD124,1,179000,179000
ITM003602,ORD002161,PRD179,1,399000,399000
ITM003603,ORD002162,PRD164,2,49000,98000
ITM003604,ORD002163,PRD211,1,329000,329000
ITM003605,ORD002163,PRD103,1,499000,499000
ITM003606,ORD002164,PRD199,1,69000,69000
ITM003607,ORD002164,PRD119,1,279000,279000
ITM003608,ORD002164,PRD152,1,59000,59000
ITM003609,ORD002165,PRD020,1,59000,59000
ITM003610,ORD002165,PRD088,1,199000,199000
ITM003611,ORD002165,PRD170,1,349000,349000
ITM003612,ORD002166,PRD275,1,329000,329000
ITM003613,ORD002166,PRD187,1,49000,49000
ITM003614,ORD002167,PRD185,2,599000,1198000
ITM003615,ORD002168,PRD243,2,279000,558000
ITM003616,ORD002168,PRD187,1,49000,49000
ITM003617,ORD002169,PRD285,1,499000,499000
ITM003618,ORD002169,PRD033,1,199000,199000
ITM003619,ORD002170,PRD107,2,399000,798000
ITM003620,ORD002171,PRD190,1,129000,129000
ITM003621,ORD002172,PRD204,1,69000,69000
ITM003622,ORD002172,PRD166,1,549000,549000
ITM003623,ORD002173,PRD033,1,199000,199000
ITM003624,ORD002174,PRD047,3,329000,987000
ITM003625,ORD002174,PRD155,1,499000,499000
ITM003626,ORD002175,PRD068,1,129000,129000
ITM003627,ORD002176,PRD029,1,499000,499000
ITM003628,ORD002177,PRD251,1,129000,129000
ITM003629,ORD002177,PRD291,2,499000,998000
ITM003630,ORD002178,PRD250,2,149000,298000
ITM003631,ORD002179,PRD028,1,299000,299000
ITM003632,ORD002180,PRD036,1,299000,299000
ITM003633,ORD002181,PRD233,1,49000,49000
ITM003634,ORD002181,PRD101,1,279000,279000
ITM003635,ORD002182,PRD115,1,399000,399000
ITM003636,ORD002182,PRD101,1,279000,279000
ITM003637,ORD002182,PRD268,1,599000,599000
ITM003638,ORD002183,PRD150,2,89000,178000
ITM003639,ORD002183,PRD022,1,299000,299000
ITM003640,ORD002184,PRD014,1,449000,449000
ITM003641,ORD002185,PRD097,1,49000,49000
ITM003642,ORD002185,PRD101,1,279000,279000
ITM003643,ORD002186,PRD041,1,199000,199000
ITM003644,ORD002186,PRD012,2,599000,1198000
ITM003645,ORD002187,PRD245,1,129000,129000
ITM003646,ORD002187,PRD067,1,549000,549000
ITM003647,ORD002188,PRD153,1,179000,179000
ITM003648,ORD002188,PRD202,1,249000,249000
ITM003649,ORD002189,PRD022,1,299000,299000
ITM003650,ORD002189,PRD285,1,499000,499000
ITM003651,ORD002189,PRD196,1,449000,449000
ITM003652,ORD002190,PRD189,1,399000,399000
ITM003653,ORD002190,PRD182,1,119000,119000
ITM003654,ORD002191,PRD161,1,179000,179000
ITM003655,ORD002191,PRD292,1,129000,129000
ITM003656,ORD002191,PRD206,1,59000,59000
ITM003657,ORD002192,PRD116,3,299000,897000
ITM003658,ORD002192,PRD072,1,129000,129000
ITM003659,ORD002193,PRD034,1,279000,279000
ITM003660,ORD002194,PRD096,1,69000,69000
ITM003661,ORD002194,PRD084,2,69000,138000
ITM003662,ORD002194,PRD187,1,49000,49000
ITM003663,ORD002195,PRD120,3,89000,267000
ITM003664,ORD002195,PRD019,1,119000,119000
ITM003665,ORD002195,PRD239,1,179000,179000
ITM003666,ORD002196,PRD066,1,349000,349000
ITM003667,ORD002197,PRD032,1,99000,99000
ITM003668,ORD002197,PRD225,1,399000,399000
ITM003669,ORD002197,PRD087,1,399000,399000
ITM003670,ORD002198,PRD044,1,279000,279000
ITM003671,ORD002198,PRD067,1,549000,549000
ITM003672,ORD002198,PRD038,2,299000,598000
ITM003673,ORD002199,PRD020,1,59000,59000
ITM003674,ORD002199,PRD199,2,69000,138000
ITM003675,ORD002200,PRD062,1,129000,129000
ITM003676,ORD002200,PRD137,2,119000,238000
ITM003677,ORD002201,PRD223,1,499000,499000
ITM003678,ORD002202,PRD006,1,119000,119000
ITM003679,ORD002202,PRD131,1,99000,99000
ITM003680,ORD002202,PRD256,1,49000,49000
ITM003681,ORD002203,PRD157,2,69000,138000
ITM003682,ORD002203,PRD165,1,129000,129000
ITM003683,ORD002204,PRD209,1,249000,249000
ITM003684,ORD002204,PRD020,1,59000,59000
ITM003685,ORD002205,PRD031,1,69000,69000
ITM003686,ORD002206,PRD095,1,89000,89000
ITM003687,ORD002206,PRD265,2,329000,658000
ITM003688,ORD002207,PRD077,1,329000,329000
ITM003689,ORD002207,PRD208,1,329000,329000
ITM003690,ORD002208,PRD020,3,59000,177000
ITM003691,ORD002208,PRD172,1,59000,59000
ITM003692,ORD002208,PRD036,1,299000,299000
ITM003693,ORD002209,PRD035,1,399000,399000
ITM003694,ORD002210,PRD182,1,119000,119000
ITM003695,ORD002210,PRD233,1,49000,49000
ITM003696,ORD002211,PRD167,1,149000,149000
ITM003697,ORD002211,PRD060,1,549000,549000
ITM003698,ORD002212,PRD284,1,399000,399000
ITM003699,ORD002212,PRD139,1,599000,599000
ITM003700,ORD002212,PRD001,1,599000,599000
ITM003701,ORD002213,PRD178,1,249000,249000
ITM003702,ORD002213,PRD023,1,149000,149000
ITM003703,ORD002214,PRD028,1,299000,299000
ITM003704,ORD002214,PRD281,1,149000,149000
ITM003705,ORD002214,PRD112,1,249000,249000
ITM003706,ORD002215,PRD109,1,599000,599000
ITM003707,ORD002216,PRD057,1,299000,299000
ITM003708,ORD002216,PRD159,1,89000,89000
ITM003709,ORD002217,PRD061,1,599000,599000
ITM003710,ORD002217,PRD245,1,129000,129000
ITM003711,ORD002218,PRD091,1,69000,69000
ITM003712,ORD002218,PRD165,1,129000,129000
ITM003713,ORD002218,PRD027,1,229000,229000
ITM003714,ORD002219,PRD105,2,199000,398000
ITM003715,ORD002220,PRD235,1,59000,59000
ITM003716,ORD002221,PRD258,1,129000,129000
ITM003717,ORD002221,PRD078,1,99000,99000
ITM003718,ORD002221,PRD123,2,89000,178000
ITM003719,ORD002222,PRD256,1,49000,49000
ITM003720,ORD002222,PRD203,1,59000,59000
ITM003721,ORD002223,PRD073,3,79000,237000
ITM003722,ORD002223,PRD065,1,249000,249000
ITM003723,ORD002223,PRD087,2,399000,798000
ITM003724,ORD002224,PRD155,1,499000,499000
ITM003725,ORD002224,PRD212,1,499000,499000
ITM003726,ORD002225,PRD141,1,449000,449000
ITM003727,ORD002225,PRD181,1,279000,279000
ITM003728,ORD002226,PRD115,2,399000,798000
ITM003729,ORD002226,PRD226,1,449000,449000
ITM003730,ORD002227,PRD111,1,449000,449000
ITM003731,ORD002228,PRD176,2,599000,1198000
ITM003732,ORD002228,PRD081,1,229000,229000
ITM003733,ORD002229,PRD268,2,599000,1198000
ITM003734,ORD002230,PRD190,2,129000,258000
ITM003735,ORD002231,PRD120,2,89000,178000
ITM003736,ORD002232,PRD272,1,249000,249000
ITM003737,ORD002233,PRD054,1,549000,549000
ITM003738,ORD002234,PRD116,2,299000,598000
ITM003739,ORD002234,PRD123,1,89000,89000
ITM003740,ORD002235,PRD267,1,59000,59000
ITM003741,ORD002236,PRD103,1,499000,499000
ITM003742,ORD002237,PRD098,1,299000,299000
ITM003743,ORD002237,PRD164,2,49000,98000
ITM003744,ORD002238,PRD130,1,229000,229000
ITM003745,ORD002239,PRD081,1,229000,229000
ITM003746,ORD002239,PRD136,1,119000,119000
ITM003747,ORD002240,PRD134,2,129000,258000
ITM003748,ORD002241,PRD168,1,79000,79000
ITM003749,ORD002241,PRD212,2,499000,998000
ITM003750,ORD002242,PRD246,1,399000,399000
ITM003751,ORD002243,PRD066,1,349000,349000
ITM003752,ORD002243,PRD273,1,179000,179000
ITM003753,ORD002243,PRD084,2,69000,138000
ITM003754,ORD002244,PRD133,1,399000,399000
ITM003755,ORD002245,PRD153,1,179000,179000
ITM003756,ORD002246,PRD006,2,119000,238000
ITM003757,ORD002246,PRD035,1,399000,399000
ITM003758,ORD002247,PRD266,1,299000,299000
ITM003759,ORD002247,PRD231,2,179000,358000
ITM003760,ORD002248,PRD123,1,89000,89000
ITM003761,ORD002248,PRD282,1,149000,149000
ITM003762,ORD002249,PRD286,1,49000,49000
ITM003763,ORD002249,PRD024,1,149000,149000
ITM003764,ORD002250,PRD275,1,329000,329000
ITM003765,ORD002250,PRD044,1,279000,279000
ITM003766,ORD002251,PRD033,1,199000,199000
ITM003767,ORD002252,PRD204,1,69000,69000
ITM003768,ORD002252,PRD280,1,229000,229000
ITM003769,ORD002253,PRD093,1,279000,279000
ITM003770,ORD002253,PRD065,1,249000,249000
ITM003771,ORD002254,PRD184,1,199000,199000
ITM003772,ORD002254,PRD236,1,59000,59000
ITM003773,ORD002255,PRD036,1,299000,299000
ITM003774,ORD002256,PRD096,2,69000,138000
ITM003775,ORD002257,PRD234,1,199000,199000
ITM003776,ORD002258,PRD099,2,79000,158000
ITM003777,ORD002258,PRD205,1,119000,119000
ITM003778,ORD002259,PRD173,2,249000,498000
ITM003779,ORD002260,PRD230,1,129000,129000
ITM003780,ORD002260,PRD242,1,449000,449000
ITM003781,ORD002260,PRD022,1,299000,299000
ITM003782,ORD002261,PRD203,2,59000,118000
ITM003783,ORD002262,PRD159,1,89000,89000
ITM003784,ORD002262,PRD297,1,349000,349000
ITM003785,ORD002263,PRD012,1,599000,599000
ITM003786,ORD002263,PRD141,3,449000,1347000
ITM003787,ORD002264,PRD248,1,299000,299000
ITM003788,ORD002265,PRD021,1,549000,549000
ITM003789,ORD002265,PRD054,1,549000,549000
ITM003790,ORD002266,PRD032,1,99000,99000
ITM003791,ORD002266,PRD199,1,69000,69000
ITM003792,ORD002266,PRD263,1,89000,89000
ITM003793,ORD002267,PRD141,1,449000,449000
ITM003794,ORD002268,PRD067,1,549000,549000
ITM003795,ORD002269,PRD150,1,89000,89000
ITM003796,ORD002270,PRD292,3,129000,387000
ITM003797,ORD002271,PRD214,1,549000,549000
ITM003798,ORD002271,PRD010,1,99000,99000
ITM003799,ORD002271,PRD198,1,149000,149000
ITM003800,ORD002272,PRD101,1,279000,279000
ITM003801,ORD002273,PRD280,1,229000,229000
ITM003802,ORD002273,PRD288,2,99000,198000
ITM003803,ORD002273,PRD277,3,129000,387000
ITM003804,ORD002274,PRD108,1,229000,229000
ITM003805,ORD002274,PRD084,1,69000,69000
ITM003806,ORD002275,PRD297,1,349000,349000
ITM003807,ORD002275,PRD038,2,299000,598000
ITM003808,ORD002276,PRD259,2,599000,1198000
ITM003809,ORD002277,PRD074,2,449000,898000
ITM003810,ORD002277,PRD168,2,79000,158000
ITM003811,ORD002278,PRD043,1,149000,149000
ITM003812,ORD002279,PRD097,1,49000,49000
ITM003813,ORD002280,PRD018,1,299000,299000
ITM003814,ORD002281,PRD299,1,399000,399000
ITM003815,ORD002282,PRD289,1,79000,79000
ITM003816,ORD002283,PRD158,1,599000,599000
ITM003817,ORD002283,PRD264,2,79000,158000
ITM003818,ORD002283,PRD120,1,89000,89000
ITM003819,ORD002284,PRD289,1,79000,79000
ITM003820,ORD002285,PRD189,1,399000,399000
ITM003821,ORD002286,PRD202,2,249000,498000
ITM003822,ORD002287,PRD007,1,119000,119000
ITM003823,ORD002287,PRD176,1,599000,599000
ITM003824,ORD002288,PRD092,1,69000,69000
ITM003825,ORD002289,PRD294,1,229000,229000
ITM003826,ORD002289,PRD261,1,279000,279000
ITM003827,ORD002290,PRD071,1,99000,99000
ITM003828,ORD002291,PRD039,1,399000,399000
ITM003829,ORD002291,PRD235,2,59000,118000
ITM003830,ORD002291,PRD089,1,149000,149000
ITM003831,ORD002292,PRD195,1,149000,149000
ITM003832,ORD002293,PRD158,1,599000,599000
ITM003833,ORD002294,PRD243,1,279000,279000
ITM003834,ORD002294,PRD013,1,149000,149000
ITM003835,ORD002294,PRD065,1,249000,249000
ITM003836,ORD002295,PRD109,1,599000,599000
ITM003837,ORD002296,PRD211,1,329000,329000
ITM003838,ORD002297,PRD024,1,149000,149000
ITM003839,ORD002298,PRD283,1,249000,249000
ITM003840,ORD002299,PRD250,1,149000,149000
ITM003841,ORD002300,PRD189,2,399000,798000
ITM003842,ORD002301,PRD147,1,349000,349000
ITM003843,ORD002301,PRD193,2,179000,358000
ITM003844,ORD002302,PRD034,1,279000,279000
ITM003845,ORD002303,PRD131,1,99000,99000
ITM003846,ORD002303,PRD088,2,199000,398000
ITM003847,ORD002304,PRD062,1,129000,129000
ITM003848,ORD002305,PRD266,1,299000,299000
ITM003849,ORD002306,PRD213,1,199000,199000
ITM003850,ORD002307,PRD016,1,89000,89000
ITM003851,ORD002307,PRD236,1,59000,59000
ITM003852,ORD002308,PRD054,2,549000,1098000
ITM003853,ORD002309,PRD027,1,229000,229000
ITM003854,ORD002310,PRD139,1,599000,599000
ITM003855,ORD002310,PRD111,1,449000,449000
ITM003856,ORD002310,PRD225,1,399000,399000
ITM003857,ORD002311,PRD032,3,99000,297000
ITM003858,ORD002312,PRD294,1,229000,229000
ITM003859,ORD002313,PRD291,1,499000,499000
ITM003860,ORD002314,PRD136,1,119000,119000
ITM003861,ORD002315,PRD211,1,329000,329000
ITM003862,ORD002316,PRD296,1,149000,149000
ITM003863,ORD002317,PRD147,1,349000,349000
ITM003864,ORD002318,PRD260,1,79000,79000
ITM003865,ORD002318,PRD291,1,499000,499000
ITM003866,ORD002318,PRD099,1,79000,79000
ITM003867,ORD002319,PRD258,1,129000,129000
ITM003868,ORD002319,PRD265,1,329000,329000
ITM003869,ORD002319,PRD030,1,199000,199000
ITM003870,ORD002320,PRD172,1,59000,59000
ITM003871,ORD002321,PRD087,1,399000,399000
ITM003872,ORD002321,PRD215,1,89000,89000
ITM003873,ORD002321,PRD054,1,549000,549000
ITM003874,ORD002322,PRD198,1,149000,149000
ITM003875,ORD002323,PRD188,1,69000,69000
ITM003876,ORD002323,PRD135,1,149000,149000
ITM003877,ORD002324,PRD212,2,499000,998000
ITM003878,ORD002325,PRD151,1,249000,249000
ITM003879,ORD002326,PRD207,2,199000,398000
ITM003880,ORD002326,PRD249,1,449000,449000
ITM003881,ORD002326,PRD037,1,149000,149000
ITM003882,ORD002327,PRD067,2,549000,1098000
ITM003883,ORD002327,PRD073,1,79000,79000
ITM003884,ORD002328,PRD187,1,49000,49000
ITM003885,ORD002328,PRD267,1,59000,59000
ITM003886,ORD002328,PRD121,1,89000,89000
ITM003887,ORD002329,PRD200,1,499000,499000
ITM003888,ORD002329,PRD213,1,199000,199000
ITM003889,ORD002330,PRD187,1,49000,49000
ITM003890,ORD002331,PRD058,1,299000,299000
ITM003891,ORD002332,PRD258,2,129000,258000
ITM003892,ORD002332,PRD143,1,329000,329000
ITM003893,ORD002333,PRD159,1,89000,89000
ITM003894,ORD002334,PRD257,1,59000,59000
ITM003895,ORD002335,PRD076,3,199000,597000
ITM003896,ORD002336,PRD248,1,299000,299000
ITM003897,ORD002336,PRD092,1,69000,69000
ITM003898,ORD002337,PRD227,1,99000,99000
ITM003899,ORD002338,PRD055,1,129000,129000
ITM003900,ORD002338,PRD116,1,299000,299000
ITM003901,ORD002339,PRD246,1,399000,399000
ITM003902,ORD002339,PRD034,1,279000,279000
ITM003903,ORD002339,PRD048,2,69000,138000
ITM003904,ORD002340,PRD028,1,299000,299000
ITM003905,ORD002340,PRD211,1,329000,329000
ITM003906,ORD002340,PRD112,2,249000,498000
ITM003907,ORD002341,PRD300,1,149000,149000
ITM003908,ORD002341,PRD227,1,99000,99000
ITM003909,ORD002342,PRD138,1,79000,79000
ITM003910,ORD002343,PRD140,1,179000,179000
ITM003911,ORD002344,PRD296,2,149000,298000
ITM003912,ORD002344,PRD015,1,449000,449000
ITM003913,ORD002345,PRD087,1,399000,399000
ITM003914,ORD002346,PRD034,1,279000,279000
ITM003915,ORD002346,PRD226,3,449000,1347000
ITM003916,ORD002346,PRD040,3,449000,1347000
ITM003917,ORD002347,PRD109,2,599000,1198000
ITM003918,ORD002347,PRD125,1,279000,279000
ITM003919,ORD002347,PRD260,1,79000,79000
ITM003920,ORD002348,PRD131,2,99000,198000
ITM003921,ORD002348,PRD175,1,279000,279000
ITM003922,ORD002349,PRD044,1,279000,279000
ITM003923,ORD002349,PRD219,1,229000,229000
ITM003924,ORD002350,PRD213,1,199000,199000
ITM003925,ORD002350,PRD239,2,179000,358000
ITM003926,ORD002351,PRD241,1,79000,79000
ITM003927,ORD002352,PRD271,2,129000,258000
ITM003928,ORD002353,PRD140,1,179000,179000
ITM003929,ORD002353,PRD046,1,199000,199000
ITM003930,ORD002353,PRD284,1,399000,399000
ITM003931,ORD002354,PRD133,1,399000,399000
ITM003932,ORD002355,PRD134,2,129000,258000
ITM003933,ORD002355,PRD201,1,119000,119000
ITM003934,ORD002356,PRD215,2,89000,178000
ITM003935,ORD002357,PRD029,1,499000,499000
ITM003936,ORD002358,PRD159,2,89000,178000
ITM003937,ORD002358,PRD104,1,229000,229000
ITM003938,ORD002359,PRD295,1,229000,229000
ITM003939,ORD002359,PRD076,1,199000,199000
ITM003940,ORD002359,PRD073,3,79000,237000
ITM003941,ORD002360,PRD176,3,599000,1797000
ITM003942,ORD002360,PRD171,1,129000,129000
ITM003943,ORD002360,PRD178,2,249000,498000
ITM003944,ORD002361,PRD032,1,99000,99000
ITM003945,ORD002362,PRD154,1,119000,119000
ITM003946,ORD002362,PRD113,2,499000,998000
ITM003947,ORD002363,PRD200,1,499000,499000
ITM003948,ORD002364,PRD249,3,449000,1347000
ITM003949,ORD002364,PRD239,2,179000,358000
ITM003950,ORD002365,PRD299,1,399000,399000
ITM003951,ORD002365,PRD015,1,449000,449000
ITM003952,ORD002366,PRD140,1,179000,179000
ITM003953,ORD002366,PRD061,1,599000,599000
ITM003954,ORD002367,PRD033,2,199000,398000
ITM003955,ORD002368,PRD259,1,599000,599000
ITM003956,ORD002369,PRD196,1,449000,449000
ITM003957,ORD002370,PRD028,1,299000,299000
ITM003958,ORD002370,PRD287,1,449000,449000
ITM003959,ORD002371,PRD149,2,549000,1098000
ITM003960,ORD002372,PRD233,1,49000,49000
ITM003961,ORD002372,PRD057,2,299000,598000
ITM003962,ORD002373,PRD113,1,499000,499000
ITM003963,ORD002373,PRD035,1,399000,399000
ITM003964,ORD002374,PRD121,1,89000,89000
ITM003965,ORD002374,PRD278,1,499000,499000
ITM003966,ORD002374,PRD286,1,49000,49000
ITM003967,ORD002375,PRD139,1,599000,599000
ITM003968,ORD002376,PRD290,1,279000,279000
ITM003969,ORD002376,PRD201,2,119000,238000
ITM003970,ORD002377,PRD165,1,129000,129000
ITM003971,ORD002378,PRD046,2,199000,398000
ITM003972,ORD002378,PRD013,1,149000,149000
ITM003973,ORD002378,PRD197,1,199000,199000
ITM003974,ORD002379,PRD200,1,499000,499000
ITM003975,ORD002380,PRD058,1,299000,299000
ITM003976,ORD002380,PRD187,1,49000,49000
ITM003977,ORD002381,PRD008,1,549000,549000
ITM003978,ORD002381,PRD097,1,49000,49000
ITM003979,ORD002381,PRD069,1,229000,229000
ITM003980,ORD002382,PRD004,1,199000,199000
ITM003981,ORD002383,PRD230,3,129000,387000
ITM003982,ORD002383,PRD168,2,79000,158000
ITM003983,ORD002384,PRD012,2,599000,1198000
ITM003984,ORD002385,PRD107,1,399000,399000
ITM003985,ORD002386,PRD017,2,149000,298000
ITM003986,ORD002386,PRD299,1,399000,399000
ITM003987,ORD002387,PRD090,2,49000,98000
ITM003988,ORD002387,PRD179,2,399000,798000
ITM003989,ORD002387,PRD214,1,549000,549000
ITM003990,ORD002388,PRD209,2,249000,498000
ITM003991,ORD002389,PRD003,1,349000,349000
ITM003992,ORD002390,PRD280,1,229000,229000
ITM003993,ORD002391,PRD017,1,149000,149000
ITM003994,ORD002391,PRD152,1,59000,59000
ITM003995,ORD002392,PRD115,1,399000,399000
ITM003996,ORD002393,PRD238,1,499000,499000
ITM003997,ORD002394,PRD124,1,179000,179000
ITM003998,ORD002394,PRD280,2,229000,458000
ITM003999,ORD002395,PRD178,1,249000,249000
ITM004000,ORD002396,PRD046,1,199000,199000
ITM004001,ORD002397,PRD050,1,89000,89000
ITM004002,ORD002397,PRD028,1,299000,299000
ITM004003,ORD002398,PRD186,1,129000,129000
ITM004004,ORD002399,PRD151,2,249000,498000
ITM004005,ORD002399,PRD046,1,199000,199000
ITM004006,ORD002400,PRD172,3,59000,177000
ITM004007,ORD002401,PRD195,3,149000,447000
ITM004008,ORD002401,PRD016,1,89000,89000
ITM004009,ORD002402,PRD161,1,179000,179000
ITM004010,ORD002402,PRD185,1,599000,599000
ITM004011,ORD002402,PRD187,1,49000,49000
ITM004012,ORD002403,PRD129,1,79000,79000
ITM004013,ORD002403,PRD015,1,449000,449000
ITM004014,ORD002404,PRD133,1,399000,399000
ITM004015,ORD002405,PRD217,1,129000,129000
ITM004016,ORD002405,PRD103,1,499000,499000
ITM004017,ORD002406,PRD002,1,329000,329000
ITM004018,ORD002407,PRD082,1,229000,229000
ITM004019,ORD002407,PRD107,1,399000,399000
ITM004020,ORD002408,PRD021,1,549000,549000
ITM004021,ORD002408,PRD263,1,89000,89000
ITM004022,ORD002409,PRD163,1,119000,119000
ITM004023,ORD002409,PRD058,1,299000,299000
ITM004024,ORD002410,PRD175,3,279000,837000
ITM004025,ORD002411,PRD277,2,129000,258000
ITM004026,ORD002411,PRD115,2,399000,798000
ITM004027,ORD002412,PRD115,1,399000,399000
ITM004028,ORD002413,PRD250,1,149000,149000
ITM004029,ORD002414,PRD055,1,129000,129000
ITM004030,ORD002414,PRD068,1,129000,129000
ITM004031,ORD002415,PRD126,1,279000,279000
ITM004032,ORD002415,PRD171,2,129000,258000
ITM004033,ORD002416,PRD147,2,349000,698000
ITM004034,ORD002416,PRD261,2,279000,558000
ITM004035,ORD002417,PRD129,2,79000,158000
ITM004036,ORD002418,PRD146,1,329000,329000
ITM004037,ORD002419,PRD202,1,249000,249000
ITM004038,ORD002419,PRD153,2,179000,358000
ITM004039,ORD002420,PRD051,1,399000,399000
ITM004040,ORD002421,PRD226,1,449000,449000
ITM004041,ORD002421,PRD063,1,89000,89000
ITM004042,ORD002421,PRD186,1,129000,129000
ITM004043,ORD002422,PRD234,2,199000,398000
ITM004044,ORD002423,PRD286,2,49000,98000
ITM004045,ORD002423,PRD285,2,499000,998000
ITM004046,ORD002424,PRD092,1,69000,69000
ITM004047,ORD002424,PRD213,1,199000,199000
ITM004048,ORD002424,PRD116,1,299000,299000
ITM004049,ORD002425,PRD048,1,69000,69000
ITM004050,ORD002425,PRD271,1,129000,129000
ITM004051,ORD002426,PRD131,1,99000,99000
ITM004052,ORD002427,PRD228,1,399000,399000
ITM004053,ORD002427,PRD066,1,349000,349000
ITM004054,ORD002428,PRD017,1,149000,149000
ITM004055,ORD002428,PRD013,3,149000,447000
ITM004056,ORD002428,PRD042,1,449000,449000
ITM004057,ORD002429,PRD246,1,399000,399000
ITM004058,ORD002430,PRD040,1,449000,449000
ITM004059,ORD002430,PRD026,2,179000,358000
ITM004060,ORD002431,PRD020,1,59000,59000
ITM004061,ORD002432,PRD296,1,149000,149000
ITM004062,ORD002433,PRD074,1,449000,449000
ITM004063,ORD002434,PRD276,2,329000,658000
ITM004064,ORD002434,PRD179,1,399000,399000
ITM004065,ORD002434,PRD242,2,449000,898000
ITM004066,ORD002435,PRD188,1,69000,69000
ITM004067,ORD002436,PRD069,1,229000,229000
ITM004068,ORD002436,PRD170,1,349000,349000
ITM004069,ORD002436,PRD058,1,299000,299000
ITM004070,ORD002437,PRD090,1,49000,49000
ITM004071,ORD002437,PRD180,3,279000,837000
ITM004072,ORD002438,PRD190,1,129000,129000
ITM004073,ORD002439,PRD131,1,99000,99000
ITM004074,ORD002439,PRD224,1,89000,89000
ITM004075,ORD002439,PRD218,2,199000,398000
ITM004076,ORD002440,PRD074,1,449000,449000
ITM004077,ORD002441,PRD193,1,179000,179000
ITM004078,ORD002441,PRD140,1,179000,179000
ITM004079,ORD002442,PRD114,1,199000,199000
ITM004080,ORD002442,PRD036,1,299000,299000
ITM004081,ORD002442,PRD056,1,229000,229000
ITM004082,ORD002443,PRD012,1,599000,599000
ITM004083,ORD002444,PRD258,1,129000,129000
ITM004084,ORD002444,PRD115,1,399000,399000
ITM004085,ORD002444,PRD219,1,229000,229000
ITM004086,ORD002445,PRD030,1,199000,199000
ITM004087,ORD002445,PRD156,1,99000,99000
ITM004088,ORD002446,PRD221,2,119000,238000
ITM004089,ORD002446,PRD247,2,179000,358000
ITM004090,ORD002447,PRD114,1,199000,199000
ITM004091,ORD002448,PRD055,1,129000,129000
ITM004092,ORD002449,PRD093,1,279000,279000
ITM004093,ORD002450,PRD247,1,179000,179000
ITM004094,ORD002451,PRD114,1,199000,199000
ITM004095,ORD002451,PRD079,2,499000,998000
ITM004096,ORD002452,PRD236,1,59000,59000
ITM004097,ORD002453,PRD074,1,449000,449000
ITM004098,ORD002453,PRD230,1,129000,129000
ITM004099,ORD002454,PRD033,1,199000,199000
ITM004100,ORD002455,PRD004,1,199000,199000
ITM004101,ORD002456,PRD022,1,299000,299000
ITM004102,ORD002457,PRD058,1,299000,299000
ITM004103,ORD002458,PRD218,1,199000,199000
ITM004104,ORD002459,PRD075,1,499000,499000
ITM004105,ORD002460,PRD081,1,229000,229000
ITM004106,ORD002461,PRD170,2,349000,698000
ITM004107,ORD002461,PRD239,1,179000,179000
ITM004108,ORD002462,PRD092,1,69000,69000
ITM004109,ORD002462,PRD117,1,49000,49000
ITM004110,ORD002462,PRD060,1,549000,549000
ITM004111,ORD002463,PRD008,1,549000,549000
ITM004112,ORD002463,PRD121,1,89000,89000
ITM004113,ORD002464,PRD100,1,79000,79000
ITM004114,ORD002465,PRD017,2,149000,298000
ITM004115,ORD002465,PRD081,1,229000,229000
ITM004116,ORD002466,PRD168,2,79000,158000
ITM004117,ORD002467,PRD231,1,179000,179000
ITM004118,ORD002468,PRD240,1,69000,69000
ITM004119,ORD002468,PRD194,1,119000,119000
ITM004120,ORD002469,PRD141,1,449000,449000
ITM004121,ORD002470,PRD104,1,229000,229000
ITM004122,ORD002471,PRD083,2,49000,98000
ITM004123,ORD002471,PRD068,1,129000,129000
ITM004124,ORD002472,PRD114,2,199000,398000
ITM004125,ORD002473,PRD234,1,199000,199000
ITM004126,ORD002474,PRD140,1,179000,179000
ITM004127,ORD002475,PRD187,2,49000,98000
ITM004128,ORD002475,PRD012,2,599000,1198000
ITM004129,ORD002475,PRD189,1,399000,399000
ITM004130,ORD002476,PRD136,1,119000,119000
ITM004131,ORD002476,PRD151,1,249000,249000
ITM004132,ORD002477,PRD284,2,399000,798000
ITM004133,ORD002477,PRD005,1,599000,599000
ITM004134,ORD002478,PRD174,1,69000,69000
ITM004135,ORD002479,PRD193,1,179000,179000
ITM004136,ORD002480,PRD212,1,499000,499000
ITM004137,ORD002480,PRD255,1,179000,179000
ITM004138,ORD002481,PRD299,1,399000,399000
ITM004139,ORD002482,PRD279,1,449000,449000
ITM004140,ORD002482,PRD092,2,69000,138000
ITM004141,ORD002483,PRD243,1,279000,279000
ITM004142,ORD002484,PRD221,1,119000,119000
ITM004143,ORD002485,PRD178,1,249000,249000
ITM004144,ORD002485,PRD180,2,279000,558000
ITM004145,ORD002485,PRD101,1,279000,279000
ITM004146,ORD002486,PRD251,1,129000,129000
ITM004147,ORD002486,PRD017,3,149000,447000
ITM004148,ORD002487,PRD289,1,79000,79000
ITM004149,ORD002487,PRD091,1,69000,69000
ITM004150,ORD002487,PRD064,1,449000,449000
ITM004151,ORD002488,PRD043,2,149000,298000
ITM004152,ORD002488,PRD029,2,499000,998000
ITM004153,ORD002489,PRD043,2,149000,298000
ITM004154,ORD002490,PRD162,1,119000,119000
ITM004155,ORD002491,PRD066,1,349000,349000
ITM004156,ORD002491,PRD280,2,229000,458000
ITM004157,ORD002492,PRD278,1,499000,499000
ITM004158,ORD002493,PRD210,1,249000,249000
ITM004159,ORD002494,PRD032,1,99000,99000
ITM004160,ORD002494,PRD226,1,449000,449000
ITM004161,ORD002495,PRD003,1,349000,349000
ITM004162,ORD002496,PRD052,1,399000,399000
ITM004163,ORD002496,PRD257,1,59000,59000
ITM004164,ORD002497,PRD195,2,149000,298000
ITM004165,ORD002497,PRD207,1,199000,199000
ITM004166,ORD002498,PRD076,2,199000,398000
ITM004167,ORD002498,PRD219,1,229000,229000
ITM004168,ORD002498,PRD042,1,449000,449000
ITM004169,ORD002499,PRD134,1,129000,129000
ITM004170,ORD002500,PRD080,2,329000,658000
ITM004171,ORD002500,PRD004,1,199000,199000
ITM004172,ORD002501,PRD295,1,229000,229000
ITM004173,ORD002501,PRD113,2,499000,998000
ITM004174,ORD002502,PRD186,1,129000,129000
ITM004175,ORD002503,PRD045,1,49000,49000
ITM004176,ORD002504,PRD040,1,449000,449000
ITM004177,ORD002505,PRD219,2,229000,458000
ITM004178,ORD002506,PRD218,1,199000,199000
ITM004179,ORD002507,PRD100,1,79000,79000
ITM004180,ORD002507,PRD148,2,449000,898000
ITM004181,ORD002508,PRD162,1,119000,119000
ITM004182,ORD002509,PRD167,1,149000,149000
ITM004183,ORD002510,PRD195,1,149000,149000
ITM004184,ORD002511,PRD246,2,399000,798000
ITM004185,ORD002512,PRD070,1,349000,349000
ITM004186,ORD002512,PRD229,1,79000,79000
ITM004187,ORD002513,PRD193,1,179000,179000
ITM004188,ORD002514,PRD058,1,299000,299000
ITM004189,ORD002514,PRD267,1,59000,59000
ITM004190,ORD002515,PRD059,1,399000,399000
ITM004191,ORD002515,PRD249,1,449000,449000
ITM004192,ORD002516,PRD244,1,49000,49000
ITM004193,ORD002516,PRD261,1,279000,279000
ITM004194,ORD002516,PRD256,1,49000,49000
ITM004195,ORD002517,PRD044,1,279000,279000
ITM004196,ORD002517,PRD051,1,399000,399000
ITM004197,ORD002518,PRD116,1,299000,299000
ITM004198,ORD002518,PRD293,1,249000,249000
ITM004199,ORD002518,PRD182,1,119000,119000
ITM004200,ORD002519,PRD293,1,249000,249000
ITM004201,ORD002520,PRD087,1,399000,399000
ITM004202,ORD002521,PRD028,1,299000,299000
ITM004203,ORD002522,PRD245,1,129000,129000
ITM004204,ORD002523,PRD078,1,99000,99000
ITM004205,ORD002524,PRD102,2,59000,118000
ITM004206,ORD002525,PRD026,1,179000,179000
ITM004207,ORD002526,PRD208,1,329000,329000
ITM004208,ORD002527,PRD263,1,89000,89000
ITM004209,ORD002528,PRD151,3,249000,747000
ITM004210,ORD002528,PRD073,1,79000,79000
ITM004211,ORD002529,PRD011,1,149000,149000
ITM004212,ORD002529,PRD252,1,49000,49000
ITM004213,ORD002530,PRD164,1,49000,49000
ITM004214,ORD002530,PRD048,1,69000,69000
ITM004215,ORD002531,PRD110,1,199000,199000
ITM004216,ORD002532,PRD045,1,49000,49000
ITM004217,ORD002532,PRD253,1,399000,399000
ITM004218,ORD002533,PRD259,3,599000,1797000
ITM004219,ORD002534,PRD217,1,129000,129000
ITM004220,ORD002534,PRD175,1,279000,279000
ITM004221,ORD002534,PRD289,1,79000,79000
ITM004222,ORD002535,PRD092,1,69000,69000
ITM004223,ORD002536,PRD252,1,49000,49000
ITM004224,ORD002537,PRD106,1,99000,99000
ITM004225,ORD002538,PRD123,1,89000,89000
ITM004226,ORD002539,PRD217,2,129000,258000
ITM004227,ORD002539,PRD091,1,69000,69000
ITM004228,ORD002539,PRD075,1,499000,499000
ITM004229,ORD002540,PRD220,1,329000,329000
ITM004230,ORD002540,PRD140,1,179000,179000
ITM004231,ORD002541,PRD104,1,229000,229000
ITM004232,ORD002542,PRD263,1,89000,89000
ITM004233,ORD002543,PRD121,1,89000,89000
ITM004234,ORD002544,PRD207,2,199000,398000
ITM004235,ORD002544,PRD016,2,89000,178000
ITM004236,ORD002544,PRD101,1,279000,279000
ITM004237,ORD002545,PRD095,1,89000,89000
ITM004238,ORD002545,PRD274,1,229000,229000
ITM004239,ORD002546,PRD039,3,399000,1197000
ITM004240,ORD002546,PRD273,3,179000,537000
ITM004241,ORD002547,PRD218,1,199000,199000
ITM004242,ORD002548,PRD275,1,329000,329000
ITM004243,ORD002549,PRD242,1,449000,449000
ITM004244,ORD002549,PRD094,2,89000,178000
ITM004245,ORD002549,PRD136,1,119000,119000
ITM004246,ORD002550,PRD182,1,119000,119000
ITM004247,ORD002551,PRD138,1,79000,79000
ITM004248,ORD002551,PRD161,2,179000,358000
ITM004249,ORD002552,PRD165,1,129000,129000
ITM004250,ORD002553,PRD220,1,329000,329000
ITM004251,ORD002554,PRD031,2,69000,138000
ITM004252,ORD002554,PRD244,2,49000,98000
ITM004253,ORD002555,PRD184,1,199000,199000
ITM004254,ORD002556,PRD004,1,199000,199000
ITM004255,ORD002557,PRD081,1,229000,229000
ITM004256,ORD002557,PRD074,1,449000,449000
ITM004257,ORD002557,PRD133,1,399000,399000
ITM004258,ORD002558,PRD044,2,279000,558000
ITM004259,ORD002559,PRD179,1,399000,399000
ITM004260,ORD002560,PRD033,1,199000,199000
ITM004261,ORD002560,PRD072,1,129000,129000
ITM004262,ORD002561,PRD280,1,229000,229000
ITM004263,ORD002562,PRD096,1,69000,69000
ITM004264,ORD002562,PRD283,1,249000,249000
ITM004265,ORD002563,PRD280,1,229000,229000
ITM004266,ORD002563,PRD182,1,119000,119000
ITM004267,ORD002564,PRD220,3,329000,987000
ITM004268,ORD002564,PRD181,1,279000,279000
ITM004269,ORD002565,PRD079,1,499000,499000
ITM004270,ORD002566,PRD006,2,119000,238000
ITM004271,ORD002567,PRD011,2,149000,298000
ITM004272,ORD002568,PRD128,1,279000,279000
ITM004273,ORD002568,PRD299,1,399000,399000
ITM004274,ORD002569,PRD291,2,499000,998000
ITM004275,ORD002569,PRD199,1,69000,69000
ITM004276,ORD002570,PRD087,1,399000,399000
ITM004277,ORD002570,PRD042,2,449000,898000
ITM004278,ORD002571,PRD113,1,499000,499000
ITM004279,ORD002571,PRD128,2,279000,558000
ITM004280,ORD002572,PRD101,1,279000,279000
ITM004281,ORD002573,PRD171,1,129000,129000
ITM004282,ORD002573,PRD284,1,399000,399000
ITM004283,ORD002574,PRD171,1,129000,129000
ITM004284,ORD002574,PRD233,1,49000,49000
ITM004285,ORD002575,PRD178,3,249000,747000
ITM004286,ORD002575,PRD059,1,399000,399000
ITM004287,ORD002576,PRD073,2,79000,158000
ITM004288,ORD002577,PRD181,1,279000,279000
ITM004289,ORD002578,PRD262,1,99000,99000
ITM004290,ORD002578,PRD159,1,89000,89000
ITM004291,ORD002578,PRD056,1,229000,229000
ITM004292,ORD002579,PRD185,1,599000,599000
ITM004293,ORD002580,PRD296,2,149000,298000
ITM004294,ORD002581,PRD286,1,49000,49000
ITM004295,ORD002581,PRD083,1,49000,49000
ITM004296,ORD002581,PRD088,1,199000,199000
ITM004297,ORD002582,PRD158,1,599000,599000
ITM004298,ORD002582,PRD229,2,79000,158000
ITM004299,ORD002583,PRD198,2,149000,298000
ITM004300,ORD002583,PRD064,1,449000,449000
ITM004301,ORD002583,PRD260,1,79000,79000
ITM004302,ORD002584,PRD067,1,549000,549000
ITM004303,ORD002585,PRD061,1,599000,599000
ITM004304,ORD002586,PRD195,3,149000,447000
ITM004305,ORD002586,PRD153,1,179000,179000
ITM004306,ORD002587,PRD008,1,549000,549000
ITM004307,ORD002587,PRD003,1,349000,349000
ITM004308,ORD002588,PRD184,1,199000,199000
ITM004309,ORD002588,PRD168,1,79000,79000
ITM004310,ORD002589,PRD274,1,229000,229000
ITM004311,ORD002589,PRD132,1,229000,229000
ITM004312,ORD002590,PRD017,1,149000,149000
ITM004313,ORD002591,PRD025,1,59000,59000
ITM004314,ORD002591,PRD262,1,99000,99000
ITM004315,ORD002592,PRD114,1,199000,199000
ITM004316,ORD002592,PRD219,1,229000,229000
ITM004317,ORD002593,PRD215,2,89000,178000
ITM004318,ORD002594,PRD190,1,129000,129000
ITM004319,ORD002594,PRD050,1,89000,89000
ITM004320,ORD002595,PRD235,1,59000,59000
ITM004321,ORD002595,PRD081,2,229000,458000
ITM004322,ORD002596,PRD103,1,499000,499000
ITM004323,ORD002596,PRD223,1,499000,499000
ITM004324,ORD002596,PRD188,3,69000,207000
ITM004325,ORD002597,PRD094,1,89000,89000
ITM004326,ORD002597,PRD086,1,329000,329000
ITM004327,ORD002598,PRD167,1,149000,149000
ITM004328,ORD002599,PRD263,3,89000,267000
ITM004329,ORD002599,PRD171,1,129000,129000
ITM004330,ORD002600,PRD265,1,329000,329000
ITM004331,ORD002601,PRD170,2,349000,698000
ITM004332,ORD002602,PRD078,1,99000,99000
ITM004333,ORD002603,PRD011,2,149000,298000
ITM004334,ORD002604,PRD213,1,199000,199000
ITM004335,ORD002604,PRD054,1,549000,549000
ITM004336,ORD002605,PRD092,1,69000,69000
ITM004337,ORD002606,PRD210,1,249000,249000
ITM004338,ORD002606,PRD119,3,279000,837000
ITM004339,ORD002606,PRD069,1,229000,229000
ITM004340,ORD002607,PRD282,1,149000,149000
ITM004341,ORD002608,PRD202,1,249000,249000
ITM004342,ORD002608,PRD098,2,299000,598000
ITM004343,ORD002609,PRD228,1,399000,399000
ITM004344,ORD002609,PRD043,1,149000,149000
ITM004345,ORD002609,PRD291,1,499000,499000
ITM004346,ORD002610,PRD220,1,329000,329000
ITM004347,ORD002611,PRD007,1,119000,119000
ITM004348,ORD002611,PRD247,1,179000,179000
ITM004349,ORD002612,PRD291,1,499000,499000
ITM004350,ORD002613,PRD047,1,329000,329000
ITM004351,ORD002614,PRD259,2,599000,1198000
ITM004352,ORD002615,PRD046,1,199000,199000
ITM004353,ORD002616,PRD207,1,199000,199000
ITM004354,ORD002617,PRD074,1,449000,449000
ITM004355,ORD002617,PRD237,1,199000,199000
ITM004356,ORD002618,PRD154,2,119000,238000
ITM004357,ORD002618,PRD105,1,199000,199000
ITM004358,ORD002618,PRD131,1,99000,99000
ITM004359,ORD002619,PRD263,1,89000,89000
ITM004360,ORD002620,PRD150,1,89000,89000
ITM004361,ORD002620,PRD002,1,329000,329000
ITM004362,ORD002621,PRD037,2,149000,298000
ITM004363,ORD002622,PRD204,1,69000,69000
ITM004364,ORD002623,PRD205,1,119000,119000
ITM004365,ORD002623,PRD271,2,129000,258000
ITM004366,ORD002624,PRD063,2,89000,178000
ITM004367,ORD002625,PRD223,1,499000,499000
ITM004368,ORD002625,PRD127,2,199000,398000
ITM004369,ORD002626,PRD180,1,279000,279000
ITM004370,ORD002626,PRD105,1,199000,199000
ITM004371,ORD002627,PRD253,1,399000,399000
ITM004372,ORD002628,PRD228,2,399000,798000
ITM004373,ORD002629,PRD155,1,499000,499000
ITM004374,ORD002629,PRD081,1,229000,229000
ITM004375,ORD002629,PRD073,1,79000,79000
ITM004376,ORD002630,PRD176,1,599000,599000
ITM004377,ORD002631,PRD155,1,499000,499000
ITM004378,ORD002631,PRD167,1,149000,149000
ITM004379,ORD002632,PRD229,1,79000,79000
ITM004380,ORD002632,PRD291,1,499000,499000
ITM004381,ORD002633,PRD199,1,69000,69000
ITM004382,ORD002634,PRD134,3,129000,387000
ITM004383,ORD002635,PRD138,1,79000,79000
ITM004384,ORD002635,PRD293,2,249000,498000
ITM004385,ORD002635,PRD059,1,399000,399000
ITM004386,ORD002636,PRD146,1,329000,329000
ITM004387,ORD002636,PRD104,1,229000,229000
ITM004388,ORD002637,PRD210,1,249000,249000
ITM004389,ORD002637,PRD100,2,79000,158000
ITM004390,ORD002638,PRD088,1,199000,199000
ITM004391,ORD002639,PRD158,1,599000,599000
ITM004392,ORD002640,PRD095,2,89000,178000
ITM004393,ORD002641,PRD189,1,399000,399000
ITM004394,ORD002642,PRD292,1,129000,129000
ITM004395,ORD002643,PRD072,1,129000,129000
ITM004396,ORD002643,PRD120,3,89000,267000
ITM004397,ORD002643,PRD271,1,129000,129000
ITM004398,ORD002644,PRD101,1,279000,279000
ITM004399,ORD002645,PRD299,2,399000,798000
ITM004400,ORD002645,PRD255,1,179000,179000
ITM004401,ORD002646,PRD081,1,229000,229000
ITM004402,ORD002646,PRD126,1,279000,279000
ITM004403,ORD002647,PRD174,1,69000,69000
ITM004404,ORD002647,PRD236,1,59000,59000
ITM004405,ORD002648,PRD259,1,599000,599000
ITM004406,ORD002648,PRD225,1,399000,399000
ITM004407,ORD002649,PRD044,1,279000,279000
ITM004408,ORD002649,PRD297,3,349000,1047000
ITM004409,ORD002649,PRD282,1,149000,149000
ITM004410,ORD002650,PRD028,2,299000,598000
ITM004411,ORD002650,PRD145,1,229000,229000
ITM004412,ORD002650,PRD123,1,89000,89000
ITM004413,ORD002651,PRD210,1,249000,249000
ITM004414,ORD002651,PRD045,3,49000,147000
ITM004415,ORD002651,PRD194,3,119000,357000
ITM004416,ORD002652,PRD120,1,89000,89000
ITM004417,ORD002652,PRD068,1,129000,129000
ITM004418,ORD002653,PRD172,1,59000,59000
ITM004419,ORD002654,PRD211,2,329000,658000
ITM004420,ORD002654,PRD145,1,229000,229000
ITM004421,ORD002655,PRD092,2,69000,138000
ITM004422,ORD002655,PRD052,1,399000,399000
ITM004423,ORD002656,PRD147,1,349000,349000
ITM004424,ORD002657,PRD059,2,399000,798000
ITM004425,ORD002658,PRD093,1,279000,279000
ITM004426,ORD002658,PRD238,1,499000,499000
ITM004427,ORD002659,PRD118,1,349000,349000
ITM004428,ORD002659,PRD158,1,599000,599000
ITM004429,ORD002659,PRD256,1,49000,49000
ITM004430,ORD002660,PRD265,1,329000,329000
ITM004431,ORD002661,PRD141,2,449000,898000
ITM004432,ORD002662,PRD011,2,149000,298000
ITM004433,ORD002663,PRD045,1,49000,49000
ITM004434,ORD002664,PRD138,2,79000,158000
ITM004435,ORD002665,PRD294,1,229000,229000
ITM004436,ORD002665,PRD202,1,249000,249000
ITM004437,ORD002666,PRD101,1,279000,279000
ITM004438,ORD002667,PRD245,1,129000,129000
ITM004439,ORD002667,PRD081,1,229000,229000
ITM004440,ORD002667,PRD100,1,79000,79000
ITM004441,ORD002668,PRD178,2,249000,498000
ITM004442,ORD002668,PRD263,1,89000,89000
ITM004443,ORD002669,PRD082,1,229000,229000
ITM004444,ORD002669,PRD214,1,549000,549000
ITM004445,ORD002669,PRD163,2,119000,238000
ITM004446,ORD002670,PRD043,2,149000,298000
ITM004447,ORD002671,PRD252,2,49000,98000
ITM004448,ORD002671,PRD096,2,69000,138000
ITM004449,ORD002672,PRD263,1,89000,89000
ITM004450,ORD002673,PRD130,1,229000,229000
ITM004451,ORD002673,PRD105,1,199000,199000
ITM004452,ORD002674,PRD299,1,399000,399000
ITM004453,ORD002675,PRD291,1,499000,499000
ITM004454,ORD002676,PRD024,1,149000,149000
ITM004455,ORD002676,PRD167,1,149000,149000
ITM004456,ORD002677,PRD058,2,299000,598000
ITM004457,ORD002677,PRD265,2,329000,658000
ITM004458,ORD002678,PRD200,1,499000,499000
ITM004459,ORD002678,PRD228,1,399000,399000
ITM004460,ORD002679,PRD051,1,399000,399000
ITM004461,ORD002680,PRD242,1,449000,449000
ITM004462,ORD002681,PRD275,1,329000,329000
ITM004463,ORD002681,PRD273,2,179000,358000
ITM004464,ORD002682,PRD143,2,329000,658000
ITM004465,ORD002683,PRD280,2,229000,458000
ITM004466,ORD002683,PRD039,1,399000,399000
ITM004467,ORD002684,PRD084,1,69000,69000
ITM004468,ORD002685,PRD092,2,69000,138000
ITM004469,ORD002685,PRD033,1,199000,199000
ITM004470,ORD002685,PRD022,1,299000,299000
ITM004471,ORD002686,PRD039,1,399000,399000
ITM004472,ORD002686,PRD293,2,249000,498000
ITM004473,ORD002687,PRD021,1,549000,549000
ITM004474,ORD002688,PRD018,1,299000,299000
ITM004475,ORD002688,PRD073,1,79000,79000
ITM004476,ORD002689,PRD196,1,449000,449000
ITM004477,ORD002690,PRD288,1,99000,99000
ITM004478,ORD002691,PRD234,1,199000,199000
ITM004479,ORD002691,PRD095,1,89000,89000
ITM004480,ORD002691,PRD003,2,349000,698000
ITM004481,ORD002692,PRD280,1,229000,229000
ITM004482,ORD002693,PRD019,1,119000,119000
ITM004483,ORD002693,PRD250,1,149000,149000
ITM004484,ORD002694,PRD298,1,279000,279000
ITM004485,ORD002695,PRD267,1,59000,59000
ITM004486,ORD002696,PRD245,1,129000,129000
ITM004487,ORD002697,PRD275,1,329000,329000
ITM004488,ORD002698,PRD196,1,449000,449000
ITM004489,ORD002698,PRD225,2,399000,798000
ITM004490,ORD002699,PRD090,1,49000,49000
ITM004491,ORD002700,PRD037,1,149000,149000
ITM004492,ORD002701,PRD130,2,229000,458000
ITM004493,ORD002701,PRD224,2,89000,178000
ITM004494,ORD002702,PRD172,1,59000,59000
ITM004495,ORD002702,PRD190,1,129000,129000
ITM004496,ORD002703,PRD101,1,279000,279000
ITM004497,ORD002703,PRD163,1,119000,119000
ITM004498,ORD002704,PRD027,1,229000,229000
ITM004499,ORD002704,PRD017,3,149000,447000
ITM004500,ORD002705,PRD097,3,49000,147000
ITM004501,ORD002705,PRD066,1,349000,349000
ITM004502,ORD002706,PRD265,2,329000,658000
ITM004503,ORD002707,PRD098,1,299000,299000
ITM004504,ORD002707,PRD239,1,179000,179000
ITM004505,ORD002707,PRD028,1,299000,299000
ITM004506,ORD002708,PRD240,1,69000,69000
ITM004507,ORD002708,PRD269,1,329000,329000
ITM004508,ORD002709,PRD138,2,79000,158000
ITM004509,ORD002709,PRD154,3,119000,357000
ITM004510,ORD002709,PRD200,1,499000,499000
ITM004511,ORD002710,PRD265,1,329000,329000
ITM004512,ORD002710,PRD048,1,69000,69000
ITM004513,ORD002711,PRD056,1,229000,229000
ITM004514,ORD002712,PRD028,2,299000,598000
ITM004515,ORD002713,PRD273,1,179000,179000
ITM004516,ORD002714,PRD229,1,79000,79000
ITM004517,ORD002715,PRD175,1,279000,279000
ITM004518,ORD002716,PRD188,1,69000,69000
ITM004519,ORD002716,PRD257,1,59000,59000
ITM004520,ORD002716,PRD267,1,59000,59000
ITM004521,ORD002717,PRD096,1,69000,69000
ITM004522,ORD002717,PRD154,1,119000,119000
ITM004523,ORD002718,PRD250,1,149000,149000
ITM004524,ORD002718,PRD108,1,229000,229000
ITM004525,ORD002719,PRD051,2,399000,798000
ITM004526,ORD002720,PRD243,1,279000,279000
ITM004527,ORD002721,PRD084,3,69000,207000
ITM004528,ORD002721,PRD265,1,329000,329000
ITM004529,ORD002722,PRD060,2,549000,1098000
ITM004530,ORD002722,PRD289,1,79000,79000
ITM004531,ORD002723,PRD040,2,449000,898000
ITM004532,ORD002724,PRD068,1,129000,129000
ITM004533,ORD002725,PRD008,2,549000,1098000
ITM004534,ORD002726,PRD166,1,549000,549000
ITM004535,ORD002727,PRD218,1,199000,199000
ITM004536,ORD002728,PRD032,1,99000,99000
ITM004537,ORD002728,PRD179,2,399000,798000
ITM004538,ORD002729,PRD131,1,99000,99000
ITM004539,ORD002730,PRD109,1,599000,599000
ITM004540,ORD002730,PRD228,1,399000,399000
ITM004541,ORD002731,PRD115,1,399000,399000
ITM004542,ORD002731,PRD247,2,179000,358000
ITM004543,ORD002732,PRD216,1,199000,199000
ITM004544,ORD002732,PRD224,1,89000,89000
ITM004545,ORD002733,PRD106,1,99000,99000
ITM004546,ORD002733,PRD155,1,499000,499000
ITM004547,ORD002734,PRD270,1,349000,349000
ITM004548,ORD002735,PRD283,2,249000,498000
ITM004549,ORD002735,PRD070,1,349000,349000
ITM004550,ORD002736,PRD126,1,279000,279000
ITM004551,ORD002736,PRD260,3,79000,237000
ITM004552,ORD002737,PRD034,1,279000,279000
ITM004553,ORD002738,PRD290,1,279000,279000
ITM004554,ORD002739,PRD001,1,599000,599000
ITM004555,ORD002739,PRD223,1,499000,499000
ITM004556,ORD002740,PRD096,1,69000,69000
ITM004557,ORD002740,PRD282,1,149000,149000
ITM004558,ORD002740,PRD296,1,149000,149000
ITM004559,ORD002741,PRD194,1,119000,119000
ITM004560,ORD002742,PRD244,1,49000,49000
ITM004561,ORD002743,PRD291,2,499000,998000
ITM004562,ORD002744,PRD283,2,249000,498000
ITM004563,ORD002745,PRD280,2,229000,458000
ITM004564,ORD002745,PRD123,2,89000,178000
ITM004565,ORD002746,PRD097,2,49000,98000
ITM004566,ORD002746,PRD071,1,99000,99000
ITM004567,ORD002747,PRD028,3,299000,897000
ITM004568,ORD002748,PRD271,1,129000,129000
ITM004569,ORD002749,PRD281,1,149000,149000
ITM004570,ORD002750,PRD040,1,449000,449000
ITM004571,ORD002750,PRD298,2,279000,558000
ITM004572,ORD002751,PRD159,1,89000,89000
ITM004573,ORD002751,PRD219,2,229000,458000
ITM004574,ORD002752,PRD237,1,199000,199000
ITM004575,ORD002753,PRD193,1,179000,179000
ITM004576,ORD002754,PRD198,2,149000,298000
ITM004577,ORD002754,PRD294,2,229000,458000
ITM004578,ORD002755,PRD152,2,59000,118000
ITM004579,ORD002756,PRD260,1,79000,79000
ITM004580,ORD002757,PRD290,1,279000,279000
ITM004581,ORD002757,PRD123,1,89000,89000
ITM004582,ORD002757,PRD143,1,329000,329000
ITM004583,ORD002758,PRD189,2,399000,798000
ITM004584,ORD002758,PRD134,1,129000,129000
ITM004585,ORD002759,PRD287,1,449000,449000
ITM004586,ORD002759,PRD299,1,399000,399000
ITM004587,ORD002760,PRD112,1,249000,249000
ITM004588,ORD002761,PRD006,1,119000,119000
ITM004589,ORD002761,PRD214,1,549000,549000
ITM004590,ORD002762,PRD002,1,329000,329000
ITM004591,ORD002762,PRD280,1,229000,229000
ITM004592,ORD002762,PRD147,1,349000,349000
ITM004593,ORD002763,PRD025,3,59000,177000
ITM004594,ORD002764,PRD253,1,399000,399000
ITM004595,ORD002765,PRD239,1,179000,179000
ITM004596,ORD002766,PRD012,1,599000,599000
ITM004597,ORD002766,PRD077,1,329000,329000
ITM004598,ORD002767,PRD152,1,59000,59000
ITM004599,ORD002768,PRD127,2,199000,398000
ITM004600,ORD002769,PRD013,1,149000,149000
ITM004601,ORD002770,PRD163,2,119000,238000
ITM004602,ORD002771,PRD246,1,399000,399000
ITM004603,ORD002771,PRD249,1,449000,449000
ITM004604,ORD002772,PRD162,1,119000,119000
ITM004605,ORD002773,PRD079,1,499000,499000
ITM004606,ORD002774,PRD220,3,329000,987000
ITM004607,ORD002774,PRD144,1,59000,59000
ITM004608,ORD002774,PRD121,1,89000,89000
ITM004609,ORD002775,PRD125,1,279000,279000
ITM004610,ORD002775,PRD201,3,119000,357000
ITM004611,ORD002775,PRD066,1,349000,349000
ITM004612,ORD002776,PRD109,1,599000,599000
ITM004613,ORD002777,PRD231,1,179000,179000
ITM004614,ORD002778,PRD168,1,79000,79000
ITM004615,ORD002779,PRD160,3,79000,237000
ITM004616,ORD002780,PRD220,1,329000,329000
ITM004617,ORD002781,PRD100,1,79000,79000
ITM004618,ORD002782,PRD072,3,129000,387000
ITM004619,ORD002783,PRD267,1,59000,59000
ITM004620,ORD002783,PRD249,1,449000,449000
ITM004621,ORD002783,PRD278,1,499000,499000
ITM004622,ORD002784,PRD165,1,129000,129000
ITM004623,ORD002785,PRD189,2,399000,798000
ITM004624,ORD002785,PRD164,1,49000,49000
ITM004625,ORD002785,PRD003,1,349000,349000
ITM004626,ORD002786,PRD178,2,249000,498000
ITM004627,ORD002787,PRD145,1,229000,229000
ITM004628,ORD002788,PRD287,2,449000,898000
ITM004629,ORD002789,PRD067,1,549000,549000
ITM004630,ORD002789,PRD183,1,119000,119000
ITM004631,ORD002790,PRD251,1,129000,129000
ITM004632,ORD002790,PRD298,2,279000,558000
ITM004633,ORD002791,PRD185,2,599000,1198000
ITM004634,ORD002792,PRD221,2,119000,238000
ITM004635,ORD002793,PRD178,1,249000,249000
ITM004636,ORD002794,PRD278,1,499000,499000
ITM004637,ORD002794,PRD168,1,79000,79000
ITM004638,ORD002795,PRD149,2,549000,1098000
ITM004639,ORD002795,PRD296,1,149000,149000
ITM004640,ORD002795,PRD144,1,59000,59000
ITM004641,ORD002796,PRD011,1,149000,149000
ITM004642,ORD002796,PRD055,1,129000,129000
ITM004643,ORD002797,PRD219,1,229000,229000
ITM004644,ORD002797,PRD252,1,49000,49000
ITM004645,ORD002798,PRD166,1,549000,549000
ITM004646,ORD002798,PRD249,1,449000,449000
ITM004647,ORD002799,PRD188,1,69000,69000
ITM004648,ORD002800,PRD045,1,49000,49000
ITM004649,ORD002800,PRD191,3,49000,147000
ITM004650,ORD002801,PRD057,1,299000,299000
ITM004651,ORD002802,PRD198,1,149000,149000
ITM004652,ORD002802,PRD167,1,149000,149000
ITM004653,ORD002803,PRD012,1,599000,599000
ITM004654,ORD002803,PRD001,1,599000,599000
ITM004655,ORD002803,PRD048,1,69000,69000
ITM004656,ORD002804,PRD161,1,179000,179000
ITM004657,ORD002804,PRD042,1,449000,449000
ITM004658,ORD002805,PRD146,2,329000,658000
ITM004659,ORD002806,PRD105,1,199000,199000
ITM004660,ORD002806,PRD015,1,449000,449000
ITM004661,ORD002806,PRD146,1,329000,329000
ITM004662,ORD002807,PRD098,1,299000,299000
ITM004663,ORD002807,PRD044,3,279000,837000
ITM004664,ORD002807,PRD204,1,69000,69000
ITM004665,ORD002808,PRD221,1,119000,119000
ITM004666,ORD002808,PRD143,1,329000,329000
ITM004667,ORD002809,PRD014,1,449000,449000
ITM004668,ORD002809,PRD277,1,129000,129000
ITM004669,ORD002810,PRD223,1,499000,499000
ITM004670,ORD002810,PRD198,1,149000,149000
ITM004671,ORD002810,PRD171,1,129000,129000
ITM004672,ORD002811,PRD286,1,49000,49000
ITM004673,ORD002811,PRD193,1,179000,179000
ITM004674,ORD002811,PRD123,1,89000,89000
ITM004675,ORD002812,PRD172,2,59000,118000
ITM004676,ORD002813,PRD049,1,99000,99000
ITM004677,ORD002813,PRD280,1,229000,229000
ITM004678,ORD002813,PRD016,1,89000,89000
ITM004679,ORD002814,PRD211,1,329000,329000
ITM004680,ORD002815,PRD033,1,199000,199000
ITM004681,ORD002815,PRD131,2,99000,198000
ITM004682,ORD002816,PRD192,1,229000,229000
ITM004683,ORD002817,PRD025,2,59000,118000
ITM004684,ORD002817,PRD235,1,59000,59000
ITM004685,ORD002818,PRD247,1,179000,179000
ITM004686,ORD002818,PRD253,2,399000,798000
ITM004687,ORD002819,PRD216,1,199000,199000
ITM004688,ORD002819,PRD262,1,99000,99000
ITM004689,ORD002820,PRD001,3,599000,1797000
ITM004690,ORD002820,PRD044,3,279000,837000
ITM004691,ORD002820,PRD237,1,199000,199000
ITM004692,ORD002821,PRD232,1,49000,49000
ITM004693,ORD002821,PRD003,3,349000,1047000
ITM004694,ORD002821,PRD043,2,149000,298000
ITM004695,ORD002822,PRD242,1,449000,449000
ITM004696,ORD002822,PRD159,1,89000,89000
ITM004697,ORD002823,PRD213,1,199000,199000
ITM004698,ORD002824,PRD122,1,119000,119000
ITM004699,ORD002824,PRD194,1,119000,119000
ITM004700,ORD002824,PRD148,1,449000,449000
ITM004701,ORD002825,PRD107,1,399000,399000
ITM004702,ORD002825,PRD068,1,129000,129000
ITM004703,ORD002826,PRD172,1,59000,59000
ITM004704,ORD002826,PRD173,3,249000,747000
ITM004705,ORD002827,PRD040,1,449000,449000
ITM004706,ORD002828,PRD298,2,279000,558000
ITM004707,ORD002829,PRD246,1,399000,399000
ITM004708,ORD002829,PRD138,3,79000,237000
ITM004709,ORD002830,PRD119,3,279000,837000
ITM004710,ORD002831,PRD082,1,229000,229000
ITM004711,ORD002831,PRD034,1,279000,279000
ITM004712,ORD002832,PRD242,1,449000,449000
ITM004713,ORD002833,PRD059,1,399000,399000
ITM004714,ORD002834,PRD206,1,59000,59000
ITM004715,ORD002835,PRD094,1,89000,89000
ITM004716,ORD002835,PRD005,2,599000,1198000
ITM004717,ORD002836,PRD205,1,119000,119000
ITM004718,ORD002837,PRD133,1,399000,399000
ITM004719,ORD002837,PRD233,1,49000,49000
ITM004720,ORD002838,PRD081,1,229000,229000
ITM004721,ORD002839,PRD203,2,59000,118000
ITM004722,ORD002840,PRD048,1,69000,69000
ITM004723,ORD002840,PRD132,1,229000,229000
ITM004724,ORD002841,PRD068,1,129000,129000
ITM004725,ORD002842,PRD089,2,149000,298000
ITM004726,ORD002843,PRD110,1,199000,199000
ITM004727,ORD002843,PRD131,1,99000,99000
ITM004728,ORD002843,PRD205,1,119000,119000
ITM004729,ORD002844,PRD289,1,79000,79000
ITM004730,ORD002844,PRD043,1,149000,149000
ITM004731,ORD002845,PRD201,1,119000,119000
ITM004732,ORD002846,PRD202,1,249000,249000
ITM004733,ORD002846,PRD083,2,49000,98000
ITM004734,ORD002847,PRD176,1,599000,599000
ITM004735,ORD002847,PRD105,1,199000,199000
ITM004736,ORD002848,PRD267,1,59000,59000
ITM004737,ORD002848,PRD258,1,129000,129000
ITM004738,ORD002848,PRD153,1,179000,179000
ITM004739,ORD002849,PRD078,1,99000,99000
ITM004740,ORD002849,PRD021,2,549000,1098000
ITM004741,ORD002849,PRD085,2,129000,258000
ITM004742,ORD002850,PRD085,1,129000,129000
ITM004743,ORD002851,PRD210,1,249000,249000
ITM004744,ORD002852,PRD174,1,69000,69000
ITM004745,ORD002853,PRD153,1,179000,179000
ITM004746,ORD002853,PRD149,1,549000,549000
ITM004747,ORD002853,PRD012,1,599000,599000
ITM004748,ORD002854,PRD283,2,249000,498000
ITM004749,ORD002855,PRD201,1,119000,119000
ITM004750,ORD002855,PRD028,1,299000,299000
ITM004751,ORD002856,PRD209,1,249000,249000
ITM004752,ORD002856,PRD199,1,69000,69000
ITM004753,ORD002857,PRD109,1,599000,599000
ITM004754,ORD002858,PRD072,2,129000,258000
ITM004755,ORD002858,PRD015,1,449000,449000
ITM004756,ORD002858,PRD024,2,149000,298000
ITM004757,ORD002859,PRD227,1,99000,99000
ITM004758,ORD002859,PRD243,1,279000,279000
ITM004759,ORD002860,PRD229,1,79000,79000
ITM004760,ORD002861,PRD250,2,149000,298000
ITM004761,ORD002861,PRD296,2,149000,298000
ITM004762,ORD002862,PRD204,1,69000,69000
ITM004763,ORD002862,PRD284,1,399000,399000
ITM004764,ORD002863,PRD161,1,179000,179000
ITM004765,ORD002864,PRD124,2,179000,358000
ITM004766,ORD002865,PRD059,1,399000,399000
ITM004767,ORD002866,PRD281,1,149000,149000
ITM004768,ORD002867,PRD286,1,49000,49000
ITM004769,ORD002867,PRD268,1,599000,599000
ITM004770,ORD002868,PRD287,1,449000,449000
ITM004771,ORD002869,PRD165,2,129000,258000
ITM004772,ORD002870,PRD186,1,129000,129000
ITM004773,ORD002870,PRD230,1,129000,129000
ITM004774,ORD002871,PRD164,2,49000,98000
ITM004775,ORD002872,PRD121,1,89000,89000
ITM004776,ORD002873,PRD299,1,399000,399000
ITM004777,ORD002874,PRD024,1,149000,149000
ITM004778,ORD002874,PRD071,1,99000,99000
ITM004779,ORD002875,PRD152,1,59000,59000
ITM004780,ORD002875,PRD056,1,229000,229000
ITM004781,ORD002876,PRD010,2,99000,198000
ITM004782,ORD002876,PRD221,2,119000,238000
ITM004783,ORD002876,PRD011,2,149000,298000
ITM004784,ORD002877,PRD072,1,129000,129000
ITM004785,ORD002877,PRD138,1,79000,79000
ITM004786,ORD002878,PRD275,2,329000,658000
ITM004787,ORD002879,PRD201,1,119000,119000
ITM004788,ORD002879,PRD030,1,199000,199000
ITM004789,ORD002879,PRD265,1,329000,329000
ITM004790,ORD002880,PRD203,1,59000,59000
ITM004791,ORD002881,PRD117,1,49000,49000
ITM004792,ORD002882,PRD068,1,129000,129000
ITM004793,ORD002883,PRD232,1,49000,49000
ITM004794,ORD002883,PRD103,1,499000,499000
ITM004795,ORD002884,PRD027,1,229000,229000
ITM004796,ORD002885,PRD250,1,149000,149000
ITM004797,ORD002885,PRD048,2,69000,138000
ITM004798,ORD002886,PRD150,1,89000,89000
ITM004799,ORD002886,PRD029,1,499000,499000
ITM004800,ORD002887,PRD237,1,199000,199000
ITM004801,ORD002887,PRD206,1,59000,59000
ITM004802,ORD002887,PRD080,1,329000,329000
ITM004803,ORD002888,PRD229,1,79000,79000
ITM004804,ORD002888,PRD078,2,99000,198000
ITM004805,ORD002888,PRD028,1,299000,299000
ITM004806,ORD002889,PRD058,1,299000,299000
ITM004807,ORD002890,PRD252,1,49000,49000
ITM004808,ORD002890,PRD064,1,449000,449000
ITM004809,ORD002891,PRD001,3,599000,1797000
ITM004810,ORD002892,PRD101,2,279000,558000
ITM004811,ORD002892,PRD100,1,79000,79000
ITM004812,ORD002892,PRD029,2,499000,998000
ITM004813,ORD002893,PRD190,2,129000,258000
ITM004814,ORD002893,PRD015,1,449000,449000
ITM004815,ORD002894,PRD237,1,199000,199000
ITM004816,ORD002894,PRD117,1,49000,49000
ITM004817,ORD002894,PRD071,1,99000,99000
ITM004818,ORD002895,PRD049,1,99000,99000
ITM004819,ORD002895,PRD020,1,59000,59000
ITM004820,ORD002895,PRD215,1,89000,89000
ITM004821,ORD002896,PRD280,1,229000,229000
ITM004822,ORD002896,PRD202,1,249000,249000
ITM004823,ORD002897,PRD090,1,49000,49000
ITM004824,ORD002898,PRD009,1,499000,499000
ITM004825,ORD002898,PRD068,1,129000,129000
ITM004826,ORD002898,PRD083,3,49000,147000
ITM004827,ORD002899,PRD076,1,199000,199000
ITM004828,ORD002899,PRD124,1,179000,179000
ITM004829,ORD002900,PRD226,1,449000,449000
ITM004830,ORD002901,PRD226,1,449000,449000
ITM004831,ORD002902,PRD049,1,99000,99000
ITM004832,ORD002902,PRD219,2,229000,458000
ITM004833,ORD002903,PRD002,2,329000,658000
ITM004834,ORD002904,PRD266,2,299000,598000
ITM004835,ORD002905,PRD046,1,199000,199000
ITM004836,ORD002905,PRD102,1,59000,59000
ITM004837,ORD002906,PRD254,1,299000,299000
ITM004838,ORD002907,PRD201,1,119000,119000
ITM004839,ORD002908,PRD098,1,299000,299000
ITM004840,ORD002908,PRD232,1,49000,49000
ITM004841,ORD002908,PRD193,1,179000,179000
ITM004842,ORD002909,PRD043,2,149000,298000
ITM004843,ORD002910,PRD088,1,199000,199000
ITM004844,ORD002910,PRD167,1,149000,149000
ITM004845,ORD002910,PRD053,1,49000,49000
ITM004846,ORD002911,PRD015,2,449000,898000
ITM004847,ORD002911,PRD051,1,399000,399000
ITM004848,ORD002912,PRD247,2,179000,358000
ITM004849,ORD002913,PRD111,1,449000,449000
ITM004850,ORD002913,PRD244,1,49000,49000
ITM004851,ORD002914,PRD052,1,399000,399000
ITM004852,ORD002915,PRD173,2,249000,498000
ITM004853,ORD002915,PRD047,1,329000,329000
ITM004854,ORD002916,PRD237,1,199000,199000
ITM004855,ORD002917,PRD090,1,49000,49000
ITM004856,ORD002918,PRD007,1,119000,119000
ITM004857,ORD002919,PRD006,3,119000,357000
ITM004858,ORD002920,PRD020,1,59000,59000
ITM004859,ORD002920,PRD236,1,59000,59000
ITM004860,ORD002921,PRD094,1,89000,89000
ITM004861,ORD002922,PRD139,2,599000,1198000
ITM004862,ORD002922,PRD293,1,249000,249000
ITM004863,ORD002922,PRD092,2,69000,138000
ITM004864,ORD002923,PRD262,1,99000,99000
ITM004865,ORD002924,PRD173,1,249000,249000
ITM004866,ORD002925,PRD040,2,449000,898000
ITM004867,ORD002926,PRD164,2,49000,98000
ITM004868,ORD002926,PRD100,1,79000,79000
ITM004869,ORD002927,PRD282,3,149000,447000
ITM004870,ORD002928,PRD166,1,549000,549000
ITM004871,ORD002928,PRD151,2,249000,498000
ITM004872,ORD002928,PRD163,2,119000,238000
ITM004873,ORD002929,PRD192,1,229000,229000
ITM004874,ORD002929,PRD213,2,199000,398000
ITM004875,ORD002930,PRD177,1,449000,449000
ITM004876,ORD002930,PRD197,2,199000,398000
ITM004877,ORD002930,PRD083,1,49000,49000
ITM004878,ORD002931,PRD122,2,119000,238000
ITM004879,ORD002932,PRD083,1,49000,49000
ITM004880,ORD002932,PRD123,1,89000,89000
ITM004881,ORD002933,PRD147,1,349000,349000
ITM004882,ORD002934,PRD045,1,49000,49000
ITM004883,ORD002934,PRD018,1,299000,299000
ITM004884,ORD002935,PRD262,2,99000,198000
ITM004885,ORD002935,PRD208,1,329000,329000
ITM004886,ORD002936,PRD152,2,59000,118000
ITM004887,ORD002937,PRD081,3,229000,687000
ITM004888,ORD002937,PRD247,1,179000,179000
ITM004889,ORD002937,PRD038,1,299000,299000
ITM004890,ORD002938,PRD243,1,279000,279000
ITM004891,ORD002938,PRD023,1,149000,149000
ITM004892,ORD002939,PRD005,1,599000,599000
ITM004893,ORD002939,PRD234,2,199000,398000
ITM004894,ORD002940,PRD037,1,149000,149000
ITM004895,ORD002941,PRD296,1,149000,149000
ITM004896,ORD002942,PRD149,1,549000,549000
ITM004897,ORD002942,PRD212,1,499000,499000
ITM004898,ORD002943,PRD179,1,399000,399000
ITM004899,ORD002944,PRD149,3,549000,1647000
ITM004900,ORD002945,PRD232,1,49000,49000
ITM004901,ORD002946,PRD209,1,249000,249000
ITM004902,ORD002947,PRD170,2,349000,698000
ITM004903,ORD002947,PRD222,1,179000,179000
ITM004904,ORD002948,PRD178,3,249000,747000
ITM004905,ORD002949,PRD265,1,329000,329000
ITM004906,ORD002950,PRD072,1,129000,129000
ITM004907,ORD002950,PRD028,1,299000,299000
ITM004908,ORD002950,PRD156,1,99000,99000
ITM004909,ORD002951,PRD286,1,49000,49000
ITM004910,ORD002952,PRD121,2,89000,178000
ITM004911,ORD002953,PRD016,1,89000,89000
ITM004912,ORD002954,PRD011,1,149000,149000
ITM004913,ORD002955,PRD297,2,349000,698000
ITM004914,ORD002956,PRD080,1,329000,329000
ITM004915,ORD002956,PRD084,2,69000,138000
ITM004916,ORD002957,PRD254,1,299000,299000
ITM004917,ORD002957,PRD253,1,399000,399000
ITM004918,ORD002958,PRD030,1,199000,199000
ITM004919,ORD002959,PRD114,1,199000,199000
ITM004920,ORD002959,PRD163,1,119000,119000
ITM004921,ORD002960,PRD035,1,399000,399000
ITM004922,ORD002960,PRD252,1,49000,49000
ITM004923,ORD002961,PRD275,1,329000,329000
ITM004924,ORD002962,PRD251,1,129000,129000
ITM004925,ORD002962,PRD113,1,499000,499000
ITM004926,ORD002963,PRD065,1,249000,249000
ITM004927,ORD002963,PRD291,1,499000,499000
ITM004928,ORD002964,PRD181,1,279000,279000
ITM004929,ORD002965,PRD015,1,449000,449000
ITM004930,ORD002965,PRD033,1,199000,199000
ITM004931,ORD002966,PRD208,1,329000,329000
ITM004932,ORD002967,PRD006,1,119000,119000
ITM004933,ORD002968,PRD001,1,599000,599000
ITM004934,ORD002968,PRD068,1,129000,129000
ITM004935,ORD002969,PRD093,1,279000,279000
ITM004936,ORD002970,PRD227,1,99000,99000
ITM004937,ORD002970,PRD071,1,99000,99000
ITM004938,ORD002970,PRD041,1,199000,199000
ITM004939,ORD002971,PRD035,1,399000,399000
ITM004940,ORD002972,PRD049,1,99000,99000
ITM004941,ORD002973,PRD004,1,199000,199000
ITM004942,ORD002974,PRD210,1,249000,249000
ITM004943,ORD002975,PRD226,2,449000,898000
ITM004944,ORD002975,PRD273,1,179000,179000
ITM004945,ORD002976,PRD028,2,299000,598000
ITM004946,ORD002976,PRD217,2,129000,258000
ITM004947,ORD002977,PRD208,1,329000,329000
ITM004948,ORD002977,PRD226,1,449000,449000
ITM004949,ORD002978,PRD132,1,229000,229000
ITM004950,ORD002978,PRD086,2,329000,658000
ITM004951,ORD002979,PRD268,1,599000,599000
ITM004952,ORD002979,PRD215,1,89000,89000
ITM004953,ORD002979,PRD267,3,59000,177000
ITM004954,ORD002980,PRD134,1,129000,129000
ITM004955,ORD002980,PRD203,1,59000,59000
ITM004956,ORD002980,PRD297,1,349000,349000
ITM004957,ORD002981,PRD094,2,89000,178000
ITM004958,ORD002982,PRD069,1,229000,229000
ITM004959,ORD002982,PRD025,2,59000,118000
ITM004960,ORD002982,PRD097,1,49000,49000
ITM004961,ORD002983,PRD102,1,59000,59000
ITM004962,ORD002984,PRD246,1,399000,399000
ITM004963,ORD002984,PRD278,1,499000,499000
ITM004964,ORD002985,PRD162,1,119000,119000
ITM004965,ORD002986,PRD125,2,279000,558000
ITM004966,ORD002987,PRD183,1,119000,119000
ITM004967,ORD002988,PRD093,2,279000,558000
ITM004968,ORD002989,PRD103,1,499000,499000
ITM004969,ORD002990,PRD079,1,499000,499000
ITM004970,ORD002990,PRD080,2,329000,658000
ITM004971,ORD002991,PRD222,1,179000,179000
ITM004972,ORD002991,PRD043,1,149000,149000
ITM004973,ORD002992,PRD105,1,199000,199000
ITM004974,ORD002992,PRD261,1,279000,279000
ITM004975,ORD002993,PRD116,2,299000,598000
ITM004976,ORD002993,PRD044,1,279000,279000
ITM004977,ORD002994,PRD033,1,199000,199000
ITM004978,ORD002995,PRD043,1,149000,149000
ITM004979,ORD002995,PRD259,1,599000,599000
ITM004980,ORD002995,PRD240,1,69000,69000
ITM004981,ORD002996,PRD299,1,399000,399000
ITM004982,ORD002996,PRD154,1,119000,119000
ITM004983,ORD002997,PRD228,1,399000,399000
ITM004984,ORD002998,PRD060,1,549000,549000
ITM004985,ORD002999,PRD062,2,129000,258000
ITM004986,ORD003000,PRD117,1,49000,49000
